user_id,session_type,split,idx,tsne_x,tsne_y,umap_x,umap_y,hover_text
user1,1min,train,0,114.02795,62.798267,28.008816,18.232225,User: user1<br>Type: 1min<br>Split: train
user10,1min,train,1,39.837067,90.21582,5.733946,32.76763,User: user10<br>Type: 1min<br>Split: train
user11,1min,train,2,-91.59211,-80.20196,-23.5528,-5.251155,User: user11<br>Type: 1min<br>Split: train
user12,1min,train,3,111.76033,-166.63438,17.568506,-24.192343,User: user12<br>Type: 1min<br>Split: train
user13,1min,train,4,113.2238,-101.23396,32.9425,-10.663404,User: user13<br>Type: 1min<br>Split: train
user14,1min,train,5,32.650173,132.4309,33.799248,-3.2212641,User: user14<br>Type: 1min<br>Split: train
user15,1min,train,6,-38.307766,-74.38655,-15.894027,-19.34503,User: user15<br>Type: 1min<br>Split: train
user16,1min,train,7,89.53645,146.00551,12.74483,28.285769,User: user16<br>Type: 1min<br>Split: train
user17,1min,train,8,-178.5025,108.76491,-20.882515,24.45863,User: user17<br>Type: 1min<br>Split: train
user18,1min,train,9,99.390884,117.47287,-11.118617,31.505972,User: user18<br>Type: 1min<br>Split: train
user19,1min,train,10,-64.688286,-196.79924,-6.7039027,-23.564392,User: user19<br>Type: 1min<br>Split: train
user2,1min,train,11,173.32616,-110.10887,33.242332,14.176438,User: user2<br>Type: 1min<br>Split: train
user20,1min,train,12,6.393639,-23.593113,14.939066,-10.68652,User: user20<br>Type: 1min<br>Split: train
user21,1min,train,13,-127.43961,-165.35211,-10.906515,-14.729763,User: user21<br>Type: 1min<br>Split: train
user22,1min,train,14,88.33123,-118.36165,24.110178,-14.2090025,User: user22<br>Type: 1min<br>Split: train
user23,1min,train,15,-117.55268,-42.21818,-22.464453,6.450626,User: user23<br>Type: 1min<br>Split: train
user24,1min,train,16,115.02652,-13.665815,35.054226,5.9517956,User: user24<br>Type: 1min<br>Split: train
user25,1min,train,17,-22.242813,104.0879,-22.877108,27.35287,User: user25<br>Type: 1min<br>Split: train
user26,1min,train,18,130.12918,83.99052,18.479027,-6.1037016,User: user26<br>Type: 1min<br>Split: train
user27,1min,train,19,193.67253,-72.78571,31.724659,7.2295074,User: user27<br>Type: 1min<br>Split: train
user28,1min,train,20,32.73809,58.7959,5.5039167,36.63867,User: user28<br>Type: 1min<br>Split: train
user29,1min,train,21,-99.091324,107.28848,-4.475821,37.906425,User: user29<br>Type: 1min<br>Split: train
user3,1min,train,22,6.3432417,176.55115,-6.3195066,33.49812,User: user3<br>Type: 1min<br>Split: train
user30,1min,train,23,7.670691,-156.97093,3.8367467,-24.366543,User: user30<br>Type: 1min<br>Split: train
user31,1min,train,24,105.64757,-36.64431,27.999626,14.759184,User: user31<br>Type: 1min<br>Split: train
user32,1min,train,25,70.51692,173.2435,0.4194741,36.421394,User: user32<br>Type: 1min<br>Split: train
user33,1min,train,26,1.9683803,122.01718,0.45806232,31.379175,User: user33<br>Type: 1min<br>Split: train
user34,1min,train,27,-94.14436,-179.3397,-13.476037,-13.722929,User: user34<br>Type: 1min<br>Split: train
user35,1min,train,28,202.73471,-38.5927,28.053635,11.167525,User: user35<br>Type: 1min<br>Split: train
user35,1min,train,29,202.73471,-38.5927,28.413174,10.62029,User: user35<br>Type: 1min<br>Split: train
user35,1min,train,30,91.040794,9.333639,27.955624,2.9064078,User: user35<br>Type: 1min<br>Split: train
user35,1min,train,31,91.040794,9.333639,27.955605,2.9063804,User: user35<br>Type: 1min<br>Split: train
user36,1min,train,32,-159.88823,81.72353,-16.144667,28.020088,User: user36<br>Type: 1min<br>Split: train
user37,1min,train,33,37.44995,33.29242,19.3984,30.953049,User: user37<br>Type: 1min<br>Split: train
user38,1min,train,34,37.10903,164.98616,-6.0679193,22.663744,User: user38<br>Type: 1min<br>Split: train
user39,1min,train,35,66.524475,-101.8941,16.59779,-15.154012,User: user39<br>Type: 1min<br>Split: train
user4,1min,train,36,48.37789,110.34881,-0.22767998,-3.7072306,User: user4<br>Type: 1min<br>Split: train
user40,1min,train,37,-194.09854,72.63616,-19.640537,16.603497,User: user40<br>Type: 1min<br>Split: train
user41,1min,train,38,-42.684586,150.36568,-11.513879,11.939321,User: user41<br>Type: 1min<br>Split: train
user42,1min,train,39,152.8267,24.15739,23.613937,15.731609,User: user42<br>Type: 1min<br>Split: train
user43,1min,train,40,59.53925,145.67554,-1.7883463,18.34981,User: user43<br>Type: 1min<br>Split: train
user44,1min,train,41,-72.805145,19.469667,-23.406504,19.75801,User: user44<br>Type: 1min<br>Split: train
user45,1min,train,42,106.04101,40.180244,20.69381,20.337833,User: user45<br>Type: 1min<br>Split: train
user46,1min,train,43,-49.02953,30.212856,-8.918764,29.49886,User: user46<br>Type: 1min<br>Split: train
user47,1min,train,44,197.8336,40.993343,29.448095,24.581459,User: user47<br>Type: 1min<br>Split: train
user48,1min,train,45,175.52635,106.96174,14.998793,22.851519,User: user48<br>Type: 1min<br>Split: train
user49,1min,train,46,137.9941,50.808807,18.195105,16.829546,User: user49<br>Type: 1min<br>Split: train
user5,1min,train,47,74.49237,116.63218,16.292936,28.005432,User: user5<br>Type: 1min<br>Split: train
user50,1min,train,48,-190.58421,39.548077,-23.37152,14.951038,User: user50<br>Type: 1min<br>Split: train
user51,1min,train,49,-117.45844,1.4956604,-2.5380254,29.585281,User: user51<br>Type: 1min<br>Split: train
user52,1min,train,50,-205.99944,13.8202095,-28.754322,10.788486,User: user52<br>Type: 1min<br>Split: train
user53,1min,train,51,55.449383,-81.17141,23.733252,-19.136091,User: user53<br>Type: 1min<br>Split: train
user54,1min,train,52,145.2051,-145.3727,29.598593,-6.5012155,User: user54<br>Type: 1min<br>Split: train
user55,1min,train,53,172.52057,43.54273,26.167736,7.8471103,User: user55<br>Type: 1min<br>Split: train
user56,1min,train,54,113.61921,-132.74501,16.645285,-20.584576,User: user56<br>Type: 1min<br>Split: train
user57,1min,train,55,36.89254,200.02829,-15.399063,17.664715,User: user57<br>Type: 1min<br>Split: train
user58,1min,train,56,-167.52768,-59.633446,-25.675581,-8.246748,User: user58<br>Type: 1min<br>Split: train
user59,1min,train,57,150.87459,142.5436,12.543073,36.935894,User: user59<br>Type: 1min<br>Split: train
user6,1min,train,58,-25.36842,-154.0888,-7.2598643,-17.15434,User: user6<br>Type: 1min<br>Split: train
user60,1min,train,59,-29.64157,175.02689,-7.050089,28.45953,User: user60<br>Type: 1min<br>Split: train
user61,1min,train,60,35.8123,-120.58185,8.857934,-19.67533,User: user61<br>Type: 1min<br>Split: train
user62,1min,train,61,-81.71124,91.576035,-19.82099,11.986902,User: user62<br>Type: 1min<br>Split: train
user62,1min,train,62,-84.458015,81.85563,-19.788256,11.953493,User: user62<br>Type: 1min<br>Split: train
user62,1min,train,63,51.249367,60.493397,12.52863,-4.2801223,User: user62<br>Type: 1min<br>Split: train
user62,1min,train,64,54.492836,68.28116,12.540746,-4.2679996,User: user62<br>Type: 1min<br>Split: train
user63,1min,train,65,-1.9675404,-112.565315,-11.63489,-22.243626,User: user63<br>Type: 1min<br>Split: train
user64,1min,train,66,-27.729897,-200.65443,-4.9288564,-28.392298,User: user64<br>Type: 1min<br>Split: train
user65,1min,train,67,12.168938,-205.26733,5.8301306,-17.12878,User: user65<br>Type: 1min<br>Split: train
user66,1min,train,68,118.80554,-60.52403,25.32741,-8.106402,User: user66<br>Type: 1min<br>Split: train
user67,1min,train,69,79.22855,26.769577,30.654108,12.282085,User: user67<br>Type: 1min<br>Split: train
user68,1min,train,70,57.9333,-165.48994,19.11772,-12.912065,User: user68<br>Type: 1min<br>Split: train
user69,1min,train,71,-14.00857,-79.54234,-1.4878807,-16.700468,User: user69<br>Type: 1min<br>Split: train
user7,1min,train,72,48.825294,-199.64806,6.232056,-28.03198,User: user7<br>Type: 1min<br>Split: train
user70,1min,train,73,175.93806,-34.65023,26.244045,4.356141,User: user70<br>Type: 1min<br>Split: train
user71,1min,train,74,81.85508,-36.461452,13.805804,-8.296157,User: user71<br>Type: 1min<br>Split: train
user72,1min,train,75,36.853935,9.97278,21.752804,-1.3796997,User: user72<br>Type: 1min<br>Split: train
user73,1min,train,76,27.057673,-176.46997,-5.0962176,-15.529207,User: user73<br>Type: 1min<br>Split: train
user74,1min,train,77,-68.24361,142.32835,-14.673271,14.495637,User: user74<br>Type: 1min<br>Split: train
user75,1min,train,78,188.63023,70.8722,23.679173,29.13943,User: user75<br>Type: 1min<br>Split: train
user76,1min,train,79,199.77867,-3.079304,24.594637,2.117684,User: user76<br>Type: 1min<br>Split: train
user77,1min,train,80,-77.28262,-126.08055,12.228073,-0.65692395,User: user77<br>Type: 1min<br>Split: train
user78,1min,train,81,-49.729443,-138.2307,-13.170376,-7.6886296,User: user78<br>Type: 1min<br>Split: train
user79,1min,train,82,58.34866,18.843105,23.134775,12.066522,User: user79<br>Type: 1min<br>Split: train
user8,1min,train,83,35.66394,-147.99033,10.3552265,-17.999847,User: user8<br>Type: 1min<br>Split: train
user80,1min,train,84,28.754505,-56.281715,20.542645,-20.309412,User: user80<br>Type: 1min<br>Split: train
user81,1min,train,85,78.12707,90.86591,16.841846,-0.44022256,User: user81<br>Type: 1min<br>Split: train
user82,1min,train,86,90.48308,-88.33487,32.492477,-0.008005893,User: user82<br>Type: 1min<br>Split: train
user83,1min,train,87,32.28733,-32.657536,17.504025,-8.477788,User: user83<br>Type: 1min<br>Split: train
user84,1min,train,88,-58.753162,95.445625,12.215657,21.357075,User: user84<br>Type: 1min<br>Split: train
user85,1min,train,89,165.4532,-78.67132,18.809381,7.3863187,User: user85<br>Type: 1min<br>Split: train
user86,1min,train,90,81.66769,-186.85329,14.560461,-27.45797,User: user86<br>Type: 1min<br>Split: train
user87,1min,train,91,157.66782,77.72832,22.321077,23.907806,User: user87<br>Type: 1min<br>Split: train
user88,1min,train,92,0.9241818,-53.96285,11.258602,-22.764462,User: user88<br>Type: 1min<br>Split: train
user89,1min,train,93,135.43289,4.7855973,19.816057,10.238271,User: user89<br>Type: 1min<br>Split: train
user9,1min,train,94,119.405075,134.9676,8.128242,27.575243,User: user9<br>Type: 1min<br>Split: train
user1,1min,train,95,114.02795,62.798267,28.001251,18.239635,User: user1<br>Type: 1min<br>Split: train
user1,1min,train,96,114.02795,62.798267,28.000938,18.240076,User: user1<br>Type: 1min<br>Split: train
user1,1min,train,97,114.02795,62.798267,28.00009,18.24105,User: user1<br>Type: 1min<br>Split: train
user1,1min,train,98,114.02795,62.798267,28.002993,18.238035,User: user1<br>Type: 1min<br>Split: train
user1,1min,train,99,114.02795,62.798267,28.003588,18.237486,User: user1<br>Type: 1min<br>Split: train
user1,1min,train,100,114.02795,62.798267,28.012712,18.231218,User: user1<br>Type: 1min<br>Split: train
user1,1min,train,101,114.02795,62.798267,28.001091,18.240143,User: user1<br>Type: 1min<br>Split: train
user1,1min,train,102,114.02795,62.798267,28.009922,18.231133,User: user1<br>Type: 1min<br>Split: train
user1,1min,train,103,114.02795,62.798267,28.005371,18.235771,User: user1<br>Type: 1min<br>Split: train
user1,1min,train,104,114.02795,62.798267,28.0081,18.232893,User: user1<br>Type: 1min<br>Split: train
user1,1min,train,105,114.02795,62.798267,28.00079,18.240335,User: user1<br>Type: 1min<br>Split: train
user1,1min,train,106,114.02795,62.798267,28.003233,18.23721,User: user1<br>Type: 1min<br>Split: train
user1,1min,train,107,114.02795,62.798267,27.999908,18.2412,User: user1<br>Type: 1min<br>Split: train
user1,1min,train,108,114.02795,62.798267,28.002949,18.23804,User: user1<br>Type: 1min<br>Split: train
user1,1min,train,109,114.02795,62.798267,28.00747,18.23351,User: user1<br>Type: 1min<br>Split: train
user1,1min,train,110,114.02795,62.798267,27.996902,18.243923,User: user1<br>Type: 1min<br>Split: train
user1,1min,train,111,114.02795,62.798267,27.988607,18.252083,User: user1<br>Type: 1min<br>Split: train
user1,1min,train,112,114.02795,62.798267,28.003965,18.238844,User: user1<br>Type: 1min<br>Split: train
user1,1min,train,113,114.02795,62.798267,28.001429,18.2336,User: user1<br>Type: 1min<br>Split: train
user1,1min,train,114,114.02795,62.798267,27.993979,18.24676,User: user1<br>Type: 1min<br>Split: train
user1,1min,train,115,114.02795,62.798267,28.001541,18.239351,User: user1<br>Type: 1min<br>Split: train
user1,1min,train,116,114.02795,62.798267,28.007917,18.232939,User: user1<br>Type: 1min<br>Split: train
user1,1min,train,117,114.02795,62.798267,28.00472,18.235916,User: user1<br>Type: 1min<br>Split: train
user1,1min,train,118,114.02795,62.798267,28.001997,18.238653,User: user1<br>Type: 1min<br>Split: train
user1,1min,train,119,114.02795,62.798267,27.984907,18.255816,User: user1<br>Type: 1min<br>Split: train
user1,1min,train,120,114.02795,62.798267,28.010563,18.22604,User: user1<br>Type: 1min<br>Split: train
user1,1min,train,121,114.02795,62.798267,27.975824,18.26432,User: user1<br>Type: 1min<br>Split: train
user1,1min,train,122,114.02795,62.798267,27.97172,18.26883,User: user1<br>Type: 1min<br>Split: train
user1,1min,train,123,114.02795,62.798267,28.048391,18.192093,User: user1<br>Type: 1min<br>Split: train
user1,1min,train,124,114.02795,62.798267,27.996626,18.243927,User: user1<br>Type: 1min<br>Split: train
user1,1min,train,125,114.02795,62.798267,28.000792,18.239845,User: user1<br>Type: 1min<br>Split: train
user1,1min,train,126,114.02795,62.798267,27.982277,18.259941,User: user1<br>Type: 1min<br>Split: train
user1,1min,train,127,114.02795,62.798267,28.018858,18.222488,User: user1<br>Type: 1min<br>Split: train
user1,1min,train,128,114.02795,62.798267,28.01196,18.228685,User: user1<br>Type: 1min<br>Split: train
user1,1min,train,129,114.02795,62.798267,28.000662,18.23982,User: user1<br>Type: 1min<br>Split: train
user1,1min,train,130,114.02795,62.798267,27.988972,18.248518,User: user1<br>Type: 1min<br>Split: train
user1,1min,train,131,114.02795,62.798267,27.995335,18.260418,User: user1<br>Type: 1min<br>Split: train
user1,1min,train,132,114.02795,62.798267,28.018063,18.223497,User: user1<br>Type: 1min<br>Split: train
user1,1min,train,133,114.02795,62.798267,28.00164,18.23937,User: user1<br>Type: 1min<br>Split: train
user1,1min,train,134,114.02795,62.798267,28.034542,18.205372,User: user1<br>Type: 1min<br>Split: train
user1,1min,train,135,114.02795,62.798267,28.009352,18.230597,User: user1<br>Type: 1min<br>Split: train
user1,1min,train,136,114.02795,62.798267,27.999199,18.24179,User: user1<br>Type: 1min<br>Split: train
user1,1min,train,137,114.02795,62.798267,28.002657,18.238914,User: user1<br>Type: 1min<br>Split: train
user1,1min,train,138,114.02795,62.798267,28.014484,18.226494,User: user1<br>Type: 1min<br>Split: train
user1,1min,train,139,114.02795,62.798267,28.00313,18.237772,User: user1<br>Type: 1min<br>Split: train
user1,1min,train,140,114.02795,62.798267,28.003016,18.237844,User: user1<br>Type: 1min<br>Split: train
user1,1min,train,141,114.02795,62.798267,28.012882,18.228045,User: user1<br>Type: 1min<br>Split: train
user1,1min,train,142,114.02795,62.798267,28.017954,18.222881,User: user1<br>Type: 1min<br>Split: train
user10,1min,train,143,39.52709,84.56213,8.980391,22.870289,User: user10<br>Type: 1min<br>Split: train
user10,1min,train,144,39.52709,84.56213,8.980365,22.870228,User: user10<br>Type: 1min<br>Split: train
user10,1min,train,145,39.52709,84.56213,5.7374425,32.771233,User: user10<br>Type: 1min<br>Split: train
user10,1min,train,146,39.837067,90.21582,5.7365537,32.769726,User: user10<br>Type: 1min<br>Split: train
user10,1min,train,147,39.52709,84.56213,8.980588,22.869982,User: user10<br>Type: 1min<br>Split: train
user10,1min,train,148,39.52709,84.56213,8.976936,22.862951,User: user10<br>Type: 1min<br>Split: train
user10,1min,train,149,39.52709,84.56213,5.7383046,32.771973,User: user10<br>Type: 1min<br>Split: train
user10,1min,train,150,39.52709,84.56213,5.738284,32.771927,User: user10<br>Type: 1min<br>Split: train
user10,1min,train,151,39.52709,84.56213,5.7384424,32.77214,User: user10<br>Type: 1min<br>Split: train
user10,1min,train,152,39.52709,84.56213,8.980056,22.869959,User: user10<br>Type: 1min<br>Split: train
user10,1min,train,153,39.52709,84.56213,5.7381988,32.771854,User: user10<br>Type: 1min<br>Split: train
user10,1min,train,154,39.52709,84.56213,5.7381663,32.771812,User: user10<br>Type: 1min<br>Split: train
user10,1min,train,155,39.52709,84.56213,5.748077,32.781765,User: user10<br>Type: 1min<br>Split: train
user10,1min,train,156,39.52709,84.56213,5.7384224,32.77212,User: user10<br>Type: 1min<br>Split: train
user10,1min,train,157,39.52709,84.56213,8.997545,22.886961,User: user10<br>Type: 1min<br>Split: train
user10,1min,train,158,47.982964,87.75705,8.980572,22.87036,User: user10<br>Type: 1min<br>Split: train
user10,1min,train,159,47.982964,87.75705,5.7384634,32.772144,User: user10<br>Type: 1min<br>Split: train
user10,1min,train,160,39.52709,84.56213,8.980635,22.870354,User: user10<br>Type: 1min<br>Split: train
user10,1min,train,161,39.52709,84.56213,5.7385178,32.77209,User: user10<br>Type: 1min<br>Split: train
user10,1min,train,162,39.52709,84.56213,8.980671,22.870438,User: user10<br>Type: 1min<br>Split: train
user10,1min,train,163,39.52709,84.56213,8.980441,22.870497,User: user10<br>Type: 1min<br>Split: train
user10,1min,train,164,39.837067,90.21582,5.7268906,32.7607,User: user10<br>Type: 1min<br>Split: train
user10,1min,train,165,39.52709,84.56213,8.98069,22.870464,User: user10<br>Type: 1min<br>Split: train
user10,1min,train,166,39.52709,84.56213,8.980578,22.870394,User: user10<br>Type: 1min<br>Split: train
user10,1min,train,167,39.837067,90.21582,5.7381225,32.77178,User: user10<br>Type: 1min<br>Split: train
user10,1min,train,168,39.52709,84.56213,5.738066,32.771725,User: user10<br>Type: 1min<br>Split: train
user10,1min,train,169,39.52709,84.56213,8.981414,22.871176,User: user10<br>Type: 1min<br>Split: train
user10,1min,train,170,39.52709,84.56213,5.737873,32.771557,User: user10<br>Type: 1min<br>Split: train
user10,1min,train,171,39.52709,84.56213,5.7378135,32.77149,User: user10<br>Type: 1min<br>Split: train
user10,1min,train,172,39.52709,84.56213,8.980682,22.870438,User: user10<br>Type: 1min<br>Split: train
user10,1min,train,173,39.52709,84.56213,8.98067,22.870676,User: user10<br>Type: 1min<br>Split: train
user10,1min,train,174,39.52709,84.56213,8.980607,22.870884,User: user10<br>Type: 1min<br>Split: train
user10,1min,train,175,39.52709,84.56213,8.98332,22.868633,User: user10<br>Type: 1min<br>Split: train
user10,1min,train,176,39.837067,90.21582,5.7404513,32.774414,User: user10<br>Type: 1min<br>Split: train
user10,1min,train,177,39.52709,84.56213,5.735981,32.768772,User: user10<br>Type: 1min<br>Split: train
user10,1min,train,178,39.52709,84.56213,5.7382774,32.771957,User: user10<br>Type: 1min<br>Split: train
user10,1min,train,179,39.837067,90.21582,8.981264,22.871357,User: user10<br>Type: 1min<br>Split: train
user10,1min,train,180,39.52709,84.56213,8.981194,22.870985,User: user10<br>Type: 1min<br>Split: train
user10,1min,train,181,39.52709,84.56213,5.736346,32.769928,User: user10<br>Type: 1min<br>Split: train
user10,1min,train,182,39.837067,90.21582,8.979077,22.870626,User: user10<br>Type: 1min<br>Split: train
user10,1min,train,183,39.837067,90.21582,5.7482653,32.78336,User: user10<br>Type: 1min<br>Split: train
user10,1min,train,184,39.837067,90.21582,5.738034,32.771725,User: user10<br>Type: 1min<br>Split: train
user10,1min,train,185,39.52709,84.56213,5.73738,32.77087,User: user10<br>Type: 1min<br>Split: train
user10,1min,train,186,39.52709,84.56213,8.97918,22.868982,User: user10<br>Type: 1min<br>Split: train
user10,1min,train,187,39.52709,84.56213,8.981056,22.870905,User: user10<br>Type: 1min<br>Split: train
user11,1min,train,188,-91.76647,-74.681595,-23.557056,-5.2446756,User: user11<br>Type: 1min<br>Split: train
user11,1min,train,189,-91.76647,-74.681595,-20.596422,-11.152726,User: user11<br>Type: 1min<br>Split: train
user11,1min,train,190,-82.34115,-76.34984,-23.558107,-5.245825,User: user11<br>Type: 1min<br>Split: train
user11,1min,train,191,-82.34115,-76.34984,-23.559223,-5.2446747,User: user11<br>Type: 1min<br>Split: train
user11,1min,train,192,-91.76647,-74.681595,-20.596428,-11.152717,User: user11<br>Type: 1min<br>Split: train
user11,1min,train,193,-91.76647,-74.681595,-23.55788,-5.245647,User: user11<br>Type: 1min<br>Split: train
user11,1min,train,194,-91.76647,-74.681595,-23.557985,-5.2457795,User: user11<br>Type: 1min<br>Split: train
user11,1min,train,195,-91.76647,-74.681595,-23.558044,-5.2457504,User: user11<br>Type: 1min<br>Split: train
user11,1min,train,196,-91.76647,-74.681595,-23.55802,-5.245932,User: user11<br>Type: 1min<br>Split: train
user11,1min,train,197,-91.76647,-74.681595,-23.558226,-5.246799,User: user11<br>Type: 1min<br>Split: train
user11,1min,train,198,-91.76647,-74.681595,-23.555634,-5.2564373,User: user11<br>Type: 1min<br>Split: train
user11,1min,train,199,-91.76647,-74.681595,-20.596405,-11.152709,User: user11<br>Type: 1min<br>Split: train
user11,1min,train,200,-91.76647,-74.681595,-23.558,-5.2461576,User: user11<br>Type: 1min<br>Split: train
user11,1min,train,201,-91.76647,-74.681595,-23.558369,-5.246655,User: user11<br>Type: 1min<br>Split: train
user11,1min,train,202,-91.76647,-74.681595,-20.596418,-11.152728,User: user11<br>Type: 1min<br>Split: train
user11,1min,train,203,-91.76647,-74.681595,-20.596401,-11.15269,User: user11<br>Type: 1min<br>Split: train
user11,1min,train,204,-91.76647,-74.681595,-23.558239,-5.2468476,User: user11<br>Type: 1min<br>Split: train
user11,1min,train,205,-91.76647,-74.681595,-23.558603,-5.2466145,User: user11<br>Type: 1min<br>Split: train
user11,1min,train,206,-91.76647,-74.681595,-20.596376,-11.152715,User: user11<br>Type: 1min<br>Split: train
user11,1min,train,207,-91.76647,-74.681595,-20.596394,-11.1527195,User: user11<br>Type: 1min<br>Split: train
user11,1min,train,208,-91.76647,-74.681595,-20.596382,-11.152687,User: user11<br>Type: 1min<br>Split: train
user11,1min,train,209,-91.76647,-74.681595,-20.5964,-11.152687,User: user11<br>Type: 1min<br>Split: train
user11,1min,train,210,-91.76647,-74.681595,-20.596424,-11.152682,User: user11<br>Type: 1min<br>Split: train
user11,1min,train,211,-91.76647,-74.681595,-23.552074,-5.2595115,User: user11<br>Type: 1min<br>Split: train
user11,1min,train,212,-91.76647,-74.681595,-23.563738,-5.2515187,User: user11<br>Type: 1min<br>Split: train
user11,1min,train,213,-91.76647,-74.681595,-23.55729,-5.2488594,User: user11<br>Type: 1min<br>Split: train
user11,1min,train,214,-91.76647,-74.681595,-20.596422,-11.152694,User: user11<br>Type: 1min<br>Split: train
user11,1min,train,215,-91.76647,-74.681595,-20.596376,-11.152673,User: user11<br>Type: 1min<br>Split: train
user11,1min,train,216,-91.76647,-74.681595,-20.596975,-11.153425,User: user11<br>Type: 1min<br>Split: train
user11,1min,train,217,-91.76647,-74.681595,-23.557867,-5.2466455,User: user11<br>Type: 1min<br>Split: train
user11,1min,train,218,-91.76647,-74.681595,-23.5731,-5.2310753,User: user11<br>Type: 1min<br>Split: train
user11,1min,train,219,-91.76647,-74.681595,-23.554579,-5.2429266,User: user11<br>Type: 1min<br>Split: train
user11,1min,train,220,-91.76647,-74.681595,-20.596512,-11.1527195,User: user11<br>Type: 1min<br>Split: train
user11,1min,train,221,-91.76647,-74.681595,-20.592724,-11.148957,User: user11<br>Type: 1min<br>Split: train
user11,1min,train,222,-82.34115,-76.34984,-23.553589,-5.251218,User: user11<br>Type: 1min<br>Split: train
user11,1min,train,223,-82.34115,-76.34984,-23.557858,-5.2461967,User: user11<br>Type: 1min<br>Split: train
user11,1min,train,224,-91.76647,-74.681595,-20.596401,-11.152644,User: user11<br>Type: 1min<br>Split: train
user11,1min,train,225,-91.76647,-74.681595,-20.596403,-11.15268,User: user11<br>Type: 1min<br>Split: train
user11,1min,train,226,-91.76647,-74.681595,-20.596413,-11.152745,User: user11<br>Type: 1min<br>Split: train
user11,1min,train,227,-91.76647,-74.681595,-23.557882,-5.246084,User: user11<br>Type: 1min<br>Split: train
user11,1min,train,228,-91.76647,-74.681595,-20.596395,-11.152686,User: user11<br>Type: 1min<br>Split: train
user11,1min,train,229,-91.76647,-74.681595,-23.577467,-5.267394,User: user11<br>Type: 1min<br>Split: train
user11,1min,train,230,-91.76647,-74.681595,-23.553726,-5.250682,User: user11<br>Type: 1min<br>Split: train
user11,1min,train,231,-91.76647,-74.681595,-20.595316,-11.151469,User: user11<br>Type: 1min<br>Split: train
user11,1min,train,232,-91.76647,-74.681595,-20.596348,-11.152679,User: user11<br>Type: 1min<br>Split: train
user12,1min,train,233,111.76033,-166.63438,17.568516,-24.192312,User: user12<br>Type: 1min<br>Split: train
user12,1min,train,234,111.76033,-166.63438,20.695644,-14.976465,User: user12<br>Type: 1min<br>Split: train
user12,1min,train,235,111.76033,-166.63438,17.568531,-24.192299,User: user12<br>Type: 1min<br>Split: train
user12,1min,train,236,111.76033,-166.63438,17.568642,-24.19218,User: user12<br>Type: 1min<br>Split: train
user12,1min,train,237,111.76033,-166.63438,17.56855,-24.192282,User: user12<br>Type: 1min<br>Split: train
user12,1min,train,238,111.76033,-166.63438,20.687784,-14.981432,User: user12<br>Type: 1min<br>Split: train
user12,1min,train,239,111.76033,-166.63438,20.689705,-14.982092,User: user12<br>Type: 1min<br>Split: train
user12,1min,train,240,111.76033,-166.63438,20.69031,-14.981672,User: user12<br>Type: 1min<br>Split: train
user12,1min,train,241,111.76033,-166.63438,20.689938,-14.981946,User: user12<br>Type: 1min<br>Split: train
user12,1min,train,242,111.76033,-166.63438,20.689922,-14.981899,User: user12<br>Type: 1min<br>Split: train
user12,1min,train,243,111.76033,-166.63438,20.68934,-14.982525,User: user12<br>Type: 1min<br>Split: train
user12,1min,train,244,111.76033,-166.63438,20.690187,-14.98165,User: user12<br>Type: 1min<br>Split: train
user12,1min,train,245,111.76033,-166.63438,17.568552,-24.192282,User: user12<br>Type: 1min<br>Split: train
user12,1min,train,246,111.76033,-166.63438,17.568565,-24.192274,User: user12<br>Type: 1min<br>Split: train
user12,1min,train,247,111.76033,-166.63438,20.690727,-14.9805355,User: user12<br>Type: 1min<br>Split: train
user12,1min,train,248,111.76033,-166.63438,17.567097,-24.193329,User: user12<br>Type: 1min<br>Split: train
user12,1min,train,249,111.76033,-166.63438,20.689661,-14.982348,User: user12<br>Type: 1min<br>Split: train
user12,1min,train,250,111.76033,-166.63438,20.689886,-14.981835,User: user12<br>Type: 1min<br>Split: train
user12,1min,train,251,111.76033,-166.63438,17.568527,-24.19254,User: user12<br>Type: 1min<br>Split: train
user12,1min,train,252,111.76033,-166.63438,17.56853,-24.192429,User: user12<br>Type: 1min<br>Split: train
user12,1min,train,253,111.76033,-166.63438,20.689934,-14.981816,User: user12<br>Type: 1min<br>Split: train
user12,1min,train,254,111.76033,-166.63438,17.568747,-24.192617,User: user12<br>Type: 1min<br>Split: train
user12,1min,train,255,111.76033,-166.63438,17.568693,-24.193089,User: user12<br>Type: 1min<br>Split: train
user12,1min,train,256,111.76033,-166.63438,20.68994,-14.981819,User: user12<br>Type: 1min<br>Split: train
user12,1min,train,257,111.76033,-166.63438,20.689943,-14.981831,User: user12<br>Type: 1min<br>Split: train
user12,1min,train,258,111.76033,-166.63438,20.68994,-14.981825,User: user12<br>Type: 1min<br>Split: train
user12,1min,train,259,111.76033,-166.63438,17.568748,-24.192152,User: user12<br>Type: 1min<br>Split: train
user12,1min,train,260,111.76033,-166.63438,20.689608,-14.982165,User: user12<br>Type: 1min<br>Split: train
user12,1min,train,261,111.76033,-166.63438,17.568739,-24.192612,User: user12<br>Type: 1min<br>Split: train
user12,1min,train,262,111.76033,-166.63438,20.668373,-14.997846,User: user12<br>Type: 1min<br>Split: train
user12,1min,train,263,111.76033,-166.63438,20.686987,-14.983823,User: user12<br>Type: 1min<br>Split: train
user12,1min,train,264,111.76033,-166.63438,20.697273,-14.974584,User: user12<br>Type: 1min<br>Split: train
user12,1min,train,265,111.76033,-166.63438,17.568802,-24.193096,User: user12<br>Type: 1min<br>Split: train
user12,1min,train,266,111.76033,-166.63438,17.568506,-24.192352,User: user12<br>Type: 1min<br>Split: train
user12,1min,train,267,111.76033,-166.63438,17.56849,-24.19235,User: user12<br>Type: 1min<br>Split: train
user12,1min,train,268,111.76033,-166.63438,17.568375,-24.191061,User: user12<br>Type: 1min<br>Split: train
user12,1min,train,269,111.76033,-166.63438,17.568455,-24.192476,User: user12<br>Type: 1min<br>Split: train
user12,1min,train,270,111.76033,-166.63438,20.689528,-14.982993,User: user12<br>Type: 1min<br>Split: train
user12,1min,train,271,111.76033,-166.63438,20.713518,-14.958337,User: user12<br>Type: 1min<br>Split: train
user12,1min,train,272,111.76033,-166.63438,20.689863,-14.983082,User: user12<br>Type: 1min<br>Split: train
user12,1min,train,273,111.76033,-166.63438,17.568544,-24.192158,User: user12<br>Type: 1min<br>Split: train
user12,1min,train,274,111.76033,-166.63438,20.690208,-14.979718,User: user12<br>Type: 1min<br>Split: train
user12,1min,train,275,111.76033,-166.63438,17.568481,-24.192383,User: user12<br>Type: 1min<br>Split: train
user12,1min,train,276,111.76033,-166.63438,20.689922,-14.982045,User: user12<br>Type: 1min<br>Split: train
user12,1min,train,277,111.76033,-166.63438,20.691631,-14.979993,User: user12<br>Type: 1min<br>Split: train
user12,1min,train,278,111.76033,-166.63438,17.568453,-24.192379,User: user12<br>Type: 1min<br>Split: train
user12,1min,train,279,111.76033,-166.63438,17.568487,-24.192373,User: user12<br>Type: 1min<br>Split: train
user12,1min,train,280,111.76033,-166.63438,17.568508,-24.192446,User: user12<br>Type: 1min<br>Split: train
user12,1min,train,281,111.76033,-166.63438,17.57816,-24.202812,User: user12<br>Type: 1min<br>Split: train
user12,1min,train,282,111.76033,-166.63438,17.568584,-24.192448,User: user12<br>Type: 1min<br>Split: train
user12,1min,train,283,111.76033,-166.63438,20.688908,-14.983224,User: user12<br>Type: 1min<br>Split: train
user12,1min,train,284,111.76033,-166.63438,17.568537,-24.192612,User: user12<br>Type: 1min<br>Split: train
user12,1min,train,285,111.76033,-166.63438,20.689848,-14.981913,User: user12<br>Type: 1min<br>Split: train
user12,1min,train,286,111.76033,-166.63438,20.68962,-14.98198,User: user12<br>Type: 1min<br>Split: train
user13,1min,train,287,113.2238,-101.23396,32.93764,-10.668206,User: user13<br>Type: 1min<br>Split: train
user13,1min,train,288,113.2238,-101.23396,32.93242,-10.662298,User: user13<br>Type: 1min<br>Split: train
user13,1min,train,289,113.2238,-101.23396,32.93754,-10.667339,User: user13<br>Type: 1min<br>Split: train
user13,1min,train,290,113.2238,-101.23396,32.934975,-10.670973,User: user13<br>Type: 1min<br>Split: train
user13,1min,train,291,113.2238,-101.23396,32.937588,-10.668164,User: user13<br>Type: 1min<br>Split: train
user13,1min,train,292,113.2238,-101.23396,32.937893,-10.667393,User: user13<br>Type: 1min<br>Split: train
user13,1min,train,293,113.2238,-101.23396,32.93692,-10.667724,User: user13<br>Type: 1min<br>Split: train
user13,1min,train,294,113.2238,-101.23396,32.942184,-10.663413,User: user13<br>Type: 1min<br>Split: train
user13,1min,train,295,113.2238,-101.23396,32.925186,-10.680276,User: user13<br>Type: 1min<br>Split: train
user13,1min,train,296,113.2238,-101.23396,32.934803,-10.672814,User: user13<br>Type: 1min<br>Split: train
user13,1min,train,297,113.2238,-101.23396,32.93748,-10.667736,User: user13<br>Type: 1min<br>Split: train
user13,1min,train,298,113.2238,-101.23396,32.93717,-10.66617,User: user13<br>Type: 1min<br>Split: train
user13,1min,train,299,113.2238,-101.23396,32.93202,-10.662455,User: user13<br>Type: 1min<br>Split: train
user13,1min,train,300,113.2238,-101.23396,32.931656,-10.67453,User: user13<br>Type: 1min<br>Split: train
user13,1min,train,301,113.2238,-101.23396,32.942028,-10.663126,User: user13<br>Type: 1min<br>Split: train
user13,1min,train,302,113.2238,-101.23396,32.930954,-10.648225,User: user13<br>Type: 1min<br>Split: train
user13,1min,train,303,113.2238,-101.23396,32.93661,-10.665999,User: user13<br>Type: 1min<br>Split: train
user13,1min,train,304,113.2238,-101.23396,32.94877,-10.6775,User: user13<br>Type: 1min<br>Split: train
user13,1min,train,305,113.2238,-101.23396,32.94902,-10.677766,User: user13<br>Type: 1min<br>Split: train
user13,1min,train,306,113.2238,-101.23396,32.937157,-10.666052,User: user13<br>Type: 1min<br>Split: train
user13,1min,train,307,113.2238,-101.23396,32.939194,-10.667853,User: user13<br>Type: 1min<br>Split: train
user13,1min,train,308,113.2238,-101.23396,32.9374,-10.666486,User: user13<br>Type: 1min<br>Split: train
user13,1min,train,309,113.2238,-101.23396,32.918304,-10.69015,User: user13<br>Type: 1min<br>Split: train
user13,1min,train,310,113.2238,-101.23396,32.93194,-10.6638155,User: user13<br>Type: 1min<br>Split: train
user13,1min,train,311,113.2238,-101.23396,32.934628,-10.669116,User: user13<br>Type: 1min<br>Split: train
user13,1min,train,312,113.2238,-101.23396,32.93614,-10.661886,User: user13<br>Type: 1min<br>Split: train
user13,1min,train,313,113.2238,-101.23396,32.93025,-10.675788,User: user13<br>Type: 1min<br>Split: train
user13,1min,train,314,113.2238,-101.23396,32.941685,-10.670769,User: user13<br>Type: 1min<br>Split: train
user13,1min,train,315,113.2238,-101.23396,32.936443,-10.667536,User: user13<br>Type: 1min<br>Split: train
user13,1min,train,316,113.2238,-101.23396,32.938583,-10.666517,User: user13<br>Type: 1min<br>Split: train
user13,1min,train,317,113.2238,-101.23396,32.93491,-10.669381,User: user13<br>Type: 1min<br>Split: train
user13,1min,train,318,113.2238,-101.23396,32.932487,-10.667001,User: user13<br>Type: 1min<br>Split: train
user13,1min,train,319,113.2238,-101.23396,32.91702,-10.686302,User: user13<br>Type: 1min<br>Split: train
user13,1min,train,320,113.2238,-101.23396,32.913143,-10.691082,User: user13<br>Type: 1min<br>Split: train
user13,1min,train,321,113.2238,-101.23396,32.935535,-10.66843,User: user13<br>Type: 1min<br>Split: train
user13,1min,train,322,113.2238,-101.23396,32.93433,-10.670156,User: user13<br>Type: 1min<br>Split: train
user13,1min,train,323,113.2238,-101.23396,32.932365,-10.668951,User: user13<br>Type: 1min<br>Split: train
user13,1min,train,324,113.2238,-101.23396,32.941444,-10.66308,User: user13<br>Type: 1min<br>Split: train
user13,1min,train,325,113.2238,-101.23396,32.936607,-10.6675415,User: user13<br>Type: 1min<br>Split: train
user13,1min,train,326,113.2238,-101.23396,32.94867,-10.649121,User: user13<br>Type: 1min<br>Split: train
user13,1min,train,327,113.2238,-101.23396,32.992428,-10.654968,User: user13<br>Type: 1min<br>Split: train
user13,1min,train,328,113.2238,-101.23396,32.95053,-10.654455,User: user13<br>Type: 1min<br>Split: train
user13,1min,train,329,113.2238,-101.23396,32.934162,-10.6618,User: user13<br>Type: 1min<br>Split: train
user13,1min,train,330,113.2238,-101.23396,32.93717,-10.667116,User: user13<br>Type: 1min<br>Split: train
user13,1min,train,331,113.2238,-101.23396,32.937225,-10.667248,User: user13<br>Type: 1min<br>Split: train
user13,1min,train,332,113.2238,-101.23396,32.937366,-10.667077,User: user13<br>Type: 1min<br>Split: train
user14,1min,train,333,32.650173,132.4309,33.80292,-3.2176313,User: user14<br>Type: 1min<br>Split: train
user14,1min,train,334,32.650173,132.4309,33.802734,-3.2177968,User: user14<br>Type: 1min<br>Split: train
user14,1min,train,335,32.650173,132.4309,33.801888,-3.2186575,User: user14<br>Type: 1min<br>Split: train
user14,1min,train,336,32.650173,132.4309,33.802776,-3.217733,User: user14<br>Type: 1min<br>Split: train
user14,1min,train,337,32.650173,132.4309,33.81075,-3.2097752,User: user14<br>Type: 1min<br>Split: train
user14,1min,train,338,32.650173,132.4309,33.796093,-3.2244945,User: user14<br>Type: 1min<br>Split: train
user14,1min,train,339,32.650173,132.4309,33.804176,-3.216031,User: user14<br>Type: 1min<br>Split: train
user14,1min,train,340,32.650173,132.4309,33.803623,-3.2163935,User: user14<br>Type: 1min<br>Split: train
user14,1min,train,341,32.650173,132.4309,33.810955,-3.2090456,User: user14<br>Type: 1min<br>Split: train
user14,1min,train,342,32.650173,132.4309,33.809338,-3.2234044,User: user14<br>Type: 1min<br>Split: train
user14,1min,train,343,32.650173,132.4309,33.793934,-3.2267485,User: user14<br>Type: 1min<br>Split: train
user14,1min,train,344,32.650173,132.4309,33.803272,-3.2173598,User: user14<br>Type: 1min<br>Split: train
user14,1min,train,345,32.650173,132.4309,33.80642,-3.2141984,User: user14<br>Type: 1min<br>Split: train
user14,1min,train,346,32.650173,132.4309,33.812157,-3.2087445,User: user14<br>Type: 1min<br>Split: train
user14,1min,train,347,32.650173,132.4309,33.8021,-3.2189445,User: user14<br>Type: 1min<br>Split: train
user14,1min,train,348,32.650173,132.4309,33.806343,-3.2146611,User: user14<br>Type: 1min<br>Split: train
user14,1min,train,349,32.650173,132.4309,33.79809,-3.2229042,User: user14<br>Type: 1min<br>Split: train
user14,1min,train,350,32.650173,132.4309,33.87085,-3.149919,User: user14<br>Type: 1min<br>Split: train
user14,1min,train,351,32.650173,132.4309,33.821404,-3.1997783,User: user14<br>Type: 1min<br>Split: train
user14,1min,train,352,32.650173,132.4309,33.803455,-3.2175593,User: user14<br>Type: 1min<br>Split: train
user14,1min,train,353,32.650173,132.4309,33.80331,-3.217703,User: user14<br>Type: 1min<br>Split: train
user14,1min,train,354,32.650173,132.4309,33.80325,-3.2178252,User: user14<br>Type: 1min<br>Split: train
user14,1min,train,355,32.650173,132.4309,33.812626,-3.2084506,User: user14<br>Type: 1min<br>Split: train
user14,1min,train,356,32.650173,132.4309,33.809944,-3.2110205,User: user14<br>Type: 1min<br>Split: train
user14,1min,train,357,32.650173,132.4309,33.80436,-3.216594,User: user14<br>Type: 1min<br>Split: train
user14,1min,train,358,32.650173,132.4309,33.790997,-3.2041638,User: user14<br>Type: 1min<br>Split: train
user14,1min,train,359,32.650173,132.4309,33.80589,-3.2155066,User: user14<br>Type: 1min<br>Split: train
user14,1min,train,360,32.650173,132.4309,33.782814,-3.2379751,User: user14<br>Type: 1min<br>Split: train
user14,1min,train,361,32.650173,132.4309,33.80367,-3.2174225,User: user14<br>Type: 1min<br>Split: train
user14,1min,train,362,32.650173,132.4309,33.79731,-3.226578,User: user14<br>Type: 1min<br>Split: train
user14,1min,train,363,32.650173,132.4309,33.800617,-3.2205095,User: user14<br>Type: 1min<br>Split: train
user14,1min,train,364,32.650173,132.4309,33.82329,-3.1977763,User: user14<br>Type: 1min<br>Split: train
user14,1min,train,365,32.650173,132.4309,33.78803,-3.2331328,User: user14<br>Type: 1min<br>Split: train
user14,1min,train,366,32.650173,132.4309,33.802956,-3.2182634,User: user14<br>Type: 1min<br>Split: train
user14,1min,train,367,32.650173,132.4309,33.789597,-3.233555,User: user14<br>Type: 1min<br>Split: train
user14,1min,train,368,32.650173,132.4309,33.81077,-3.2104597,User: user14<br>Type: 1min<br>Split: train
user14,1min,train,369,32.650173,132.4309,33.791363,-3.2298613,User: user14<br>Type: 1min<br>Split: train
user14,1min,train,370,32.650173,132.4309,33.812504,-3.2078416,User: user14<br>Type: 1min<br>Split: train
user14,1min,train,371,32.650173,132.4309,33.82504,-3.1963365,User: user14<br>Type: 1min<br>Split: train
user14,1min,train,372,32.650173,132.4309,33.802467,-3.2191079,User: user14<br>Type: 1min<br>Split: train
user14,1min,train,373,32.650173,132.4309,33.803413,-3.2179337,User: user14<br>Type: 1min<br>Split: train
user14,1min,train,374,32.650173,132.4309,33.781776,-3.2396932,User: user14<br>Type: 1min<br>Split: train
user14,1min,train,375,32.650173,132.4309,33.81119,-3.2021248,User: user14<br>Type: 1min<br>Split: train
user14,1min,train,376,32.650173,132.4309,33.80366,-3.21751,User: user14<br>Type: 1min<br>Split: train
user14,1min,train,377,32.650173,132.4309,33.7997,-3.2215276,User: user14<br>Type: 1min<br>Split: train
user14,1min,train,378,32.650173,132.4309,33.802746,-3.2185137,User: user14<br>Type: 1min<br>Split: train
user14,1min,train,379,32.650173,132.4309,33.803288,-3.2178094,User: user14<br>Type: 1min<br>Split: train
user14,1min,train,380,32.650173,132.4309,33.79949,-3.2221856,User: user14<br>Type: 1min<br>Split: train
user14,1min,train,381,32.650173,132.4309,33.80253,-3.2185714,User: user14<br>Type: 1min<br>Split: train
user14,1min,train,382,32.650173,132.4309,33.8115,-3.2095761,User: user14<br>Type: 1min<br>Split: train
user15,1min,train,383,-47.449463,-72.53144,-15.895374,-19.349571,User: user15<br>Type: 1min<br>Split: train
user15,1min,train,384,-38.307766,-74.38655,-15.900092,-19.344414,User: user15<br>Type: 1min<br>Split: train
user15,1min,train,385,-38.307766,-74.38655,-15.896632,-19.347504,User: user15<br>Type: 1min<br>Split: train
user15,1min,train,386,-38.307766,-74.38655,-15.892421,-19.349522,User: user15<br>Type: 1min<br>Split: train
user15,1min,train,387,-38.307766,-74.38655,-15.897805,-19.347473,User: user15<br>Type: 1min<br>Split: train
user15,1min,train,388,-38.307766,-74.38655,-15.895729,-19.346151,User: user15<br>Type: 1min<br>Split: train
user15,1min,train,389,-38.307766,-74.38655,-15.892153,-19.349794,User: user15<br>Type: 1min<br>Split: train
user15,1min,train,390,-38.307766,-74.38655,-15.895881,-19.347672,User: user15<br>Type: 1min<br>Split: train
user15,1min,train,391,-38.307766,-74.38655,-15.919056,-19.370173,User: user15<br>Type: 1min<br>Split: train
user15,1min,train,392,-38.307766,-74.38655,-15.898125,-19.346619,User: user15<br>Type: 1min<br>Split: train
user15,1min,train,393,-38.307766,-74.38655,-15.896755,-19.348068,User: user15<br>Type: 1min<br>Split: train
user15,1min,train,394,-38.307766,-74.38655,-15.896809,-19.34794,User: user15<br>Type: 1min<br>Split: train
user15,1min,train,395,-38.307766,-74.38655,-15.90033,-19.351545,User: user15<br>Type: 1min<br>Split: train
user15,1min,train,396,-38.307766,-74.38655,-15.896951,-19.347244,User: user15<br>Type: 1min<br>Split: train
user15,1min,train,397,-38.307766,-74.38655,-15.889698,-19.354212,User: user15<br>Type: 1min<br>Split: train
user15,1min,train,398,-38.307766,-74.38655,-15.889111,-19.348497,User: user15<br>Type: 1min<br>Split: train
user15,1min,train,399,-38.307766,-74.38655,-15.874437,-19.37131,User: user15<br>Type: 1min<br>Split: train
user15,1min,train,400,-38.307766,-74.38655,-15.913805,-19.330477,User: user15<br>Type: 1min<br>Split: train
user15,1min,train,401,-38.307766,-74.38655,-15.896111,-19.348198,User: user15<br>Type: 1min<br>Split: train
user15,1min,train,402,-38.307766,-74.38655,-15.911011,-19.331295,User: user15<br>Type: 1min<br>Split: train
user15,1min,train,403,-38.307766,-74.38655,-15.905089,-19.33853,User: user15<br>Type: 1min<br>Split: train
user15,1min,train,404,-38.307766,-74.38655,-15.896733,-19.347342,User: user15<br>Type: 1min<br>Split: train
user15,1min,train,405,-38.307766,-74.38655,-15.911006,-19.332909,User: user15<br>Type: 1min<br>Split: train
user15,1min,train,406,-38.307766,-74.38655,-15.896772,-19.347132,User: user15<br>Type: 1min<br>Split: train
user15,1min,train,407,-38.307766,-74.38655,-15.909978,-19.360575,User: user15<br>Type: 1min<br>Split: train
user15,1min,train,408,-38.307766,-74.38655,-15.902096,-19.342888,User: user15<br>Type: 1min<br>Split: train
user15,1min,train,409,-38.307766,-74.38655,-15.926061,-19.319195,User: user15<br>Type: 1min<br>Split: train
user15,1min,train,410,-38.307766,-74.38655,-15.920914,-19.333908,User: user15<br>Type: 1min<br>Split: train
user15,1min,train,411,-38.307766,-74.38655,-15.887875,-19.328886,User: user15<br>Type: 1min<br>Split: train
user15,1min,train,412,-38.307766,-74.38655,-15.897532,-19.346981,User: user15<br>Type: 1min<br>Split: train
user15,1min,train,413,-38.307766,-74.38655,-15.897571,-19.346966,User: user15<br>Type: 1min<br>Split: train
user15,1min,train,414,-47.449463,-72.53144,-15.897328,-19.348032,User: user15<br>Type: 1min<br>Split: train
user15,1min,train,415,-47.449463,-72.53144,-15.898148,-19.349361,User: user15<br>Type: 1min<br>Split: train
user15,1min,train,416,-38.307766,-74.38655,-15.897307,-19.34204,User: user15<br>Type: 1min<br>Split: train
user15,1min,train,417,-38.307766,-74.38655,-15.895578,-19.349134,User: user15<br>Type: 1min<br>Split: train
user15,1min,train,418,-38.307766,-74.38655,-15.897648,-19.347185,User: user15<br>Type: 1min<br>Split: train
user15,1min,train,419,-38.307766,-74.38655,-15.8949,-19.353432,User: user15<br>Type: 1min<br>Split: train
user15,1min,train,420,-38.307766,-74.38655,-15.895849,-19.355932,User: user15<br>Type: 1min<br>Split: train
user15,1min,train,421,-38.307766,-74.38655,-15.891603,-19.34931,User: user15<br>Type: 1min<br>Split: train
user15,1min,train,422,-38.307766,-74.38655,-15.888673,-19.351185,User: user15<br>Type: 1min<br>Split: train
user15,1min,train,423,-38.307766,-74.38655,-15.905669,-19.337976,User: user15<br>Type: 1min<br>Split: train
user15,1min,train,424,-38.307766,-74.38655,-15.87505,-19.369864,User: user15<br>Type: 1min<br>Split: train
user15,1min,train,425,-38.307766,-74.38655,-15.913757,-19.365316,User: user15<br>Type: 1min<br>Split: train
user15,1min,train,426,-38.307766,-74.38655,-15.912559,-19.336119,User: user15<br>Type: 1min<br>Split: train
user15,1min,train,427,-38.307766,-74.38655,-15.897392,-19.34863,User: user15<br>Type: 1min<br>Split: train
user15,1min,train,428,-38.307766,-74.38655,-15.883097,-19.36375,User: user15<br>Type: 1min<br>Split: train
user15,1min,train,429,-38.307766,-74.38655,-15.883312,-19.342989,User: user15<br>Type: 1min<br>Split: train
user16,1min,train,430,89.53645,146.00551,12.7384,28.29256,User: user16<br>Type: 1min<br>Split: train
user16,1min,train,431,89.53645,146.00551,9.746543,30.906445,User: user16<br>Type: 1min<br>Split: train
user16,1min,train,432,89.53645,146.00551,12.738419,28.292562,User: user16<br>Type: 1min<br>Split: train
user16,1min,train,433,89.53645,146.00551,12.73858,28.292427,User: user16<br>Type: 1min<br>Split: train
user16,1min,train,434,89.53645,146.00551,9.740932,30.904486,User: user16<br>Type: 1min<br>Split: train
user16,1min,train,435,89.53645,146.00551,12.73854,28.292433,User: user16<br>Type: 1min<br>Split: train
user16,1min,train,436,89.53645,146.00551,12.73857,28.29247,User: user16<br>Type: 1min<br>Split: train
user16,1min,train,437,89.53645,146.00551,12.738514,28.292505,User: user16<br>Type: 1min<br>Split: train
user16,1min,train,438,89.53645,146.00551,9.740939,30.904491,User: user16<br>Type: 1min<br>Split: train
user16,1min,train,439,89.53645,146.00551,9.740929,30.904512,User: user16<br>Type: 1min<br>Split: train
user16,1min,train,440,89.53645,146.00551,9.740854,30.904272,User: user16<br>Type: 1min<br>Split: train
user16,1min,train,441,89.53645,146.00551,9.735179,30.898857,User: user16<br>Type: 1min<br>Split: train
user16,1min,train,442,89.53645,146.00551,12.738513,28.292524,User: user16<br>Type: 1min<br>Split: train
user16,1min,train,443,89.53645,146.00551,9.7406845,30.904259,User: user16<br>Type: 1min<br>Split: train
user16,1min,train,444,89.53645,146.00551,9.740684,30.904247,User: user16<br>Type: 1min<br>Split: train
user16,1min,train,445,89.53645,146.00551,12.738565,28.292498,User: user16<br>Type: 1min<br>Split: train
user16,1min,train,446,89.53645,146.00551,9.740677,30.90423,User: user16<br>Type: 1min<br>Split: train
user16,1min,train,447,89.53645,146.00551,12.738206,28.29275,User: user16<br>Type: 1min<br>Split: train
user16,1min,train,448,89.53645,146.00551,9.74071,30.904234,User: user16<br>Type: 1min<br>Split: train
user16,1min,train,449,89.53645,146.00551,9.740738,30.904251,User: user16<br>Type: 1min<br>Split: train
user16,1min,train,450,89.53645,146.00551,12.738298,28.292786,User: user16<br>Type: 1min<br>Split: train
user16,1min,train,451,89.53645,146.00551,9.740121,30.90318,User: user16<br>Type: 1min<br>Split: train
user16,1min,train,452,89.53645,146.00551,12.738265,28.292734,User: user16<br>Type: 1min<br>Split: train
user16,1min,train,453,89.53645,146.00551,12.740776,28.289972,User: user16<br>Type: 1min<br>Split: train
user16,1min,train,454,89.53645,146.00551,9.740666,30.904213,User: user16<br>Type: 1min<br>Split: train
user16,1min,train,455,89.53645,146.00551,9.740744,30.904211,User: user16<br>Type: 1min<br>Split: train
user16,1min,train,456,89.53645,146.00551,12.739133,28.292374,User: user16<br>Type: 1min<br>Split: train
user16,1min,train,457,89.53645,146.00551,9.740586,30.903996,User: user16<br>Type: 1min<br>Split: train
user16,1min,train,458,89.53645,146.00551,9.741597,30.903801,User: user16<br>Type: 1min<br>Split: train
user16,1min,train,459,89.53645,146.00551,9.740685,30.90414,User: user16<br>Type: 1min<br>Split: train
user16,1min,train,460,89.53645,146.00551,9.740656,30.904217,User: user16<br>Type: 1min<br>Split: train
user16,1min,train,461,89.53645,146.00551,12.738498,28.29249,User: user16<br>Type: 1min<br>Split: train
user16,1min,train,462,89.53645,146.00551,12.740072,28.290955,User: user16<br>Type: 1min<br>Split: train
user16,1min,train,463,89.53645,146.00551,9.73423,30.906,User: user16<br>Type: 1min<br>Split: train
user16,1min,train,464,89.53645,146.00551,12.727873,28.299492,User: user16<br>Type: 1min<br>Split: train
user16,1min,train,465,89.53645,146.00551,12.738087,28.292904,User: user16<br>Type: 1min<br>Split: train
user16,1min,train,466,89.53645,146.00551,9.740667,30.904232,User: user16<br>Type: 1min<br>Split: train
user16,1min,train,467,89.53645,146.00551,12.737931,28.292925,User: user16<br>Type: 1min<br>Split: train
user16,1min,train,468,89.53645,146.00551,9.740645,30.90416,User: user16<br>Type: 1min<br>Split: train
user16,1min,train,469,89.53645,146.00551,12.7369585,28.294563,User: user16<br>Type: 1min<br>Split: train
user16,1min,train,470,89.53645,146.00551,12.737,28.293865,User: user16<br>Type: 1min<br>Split: train
user16,1min,train,471,89.53645,146.00551,12.737892,28.293161,User: user16<br>Type: 1min<br>Split: train
user16,1min,train,472,89.53645,146.00551,12.741049,28.29096,User: user16<br>Type: 1min<br>Split: train
user16,1min,train,473,89.53645,146.00551,9.741264,30.903982,User: user16<br>Type: 1min<br>Split: train
user16,1min,train,474,89.53645,146.00551,12.728677,28.302574,User: user16<br>Type: 1min<br>Split: train
user16,1min,train,475,89.53645,146.00551,12.753881,28.276712,User: user16<br>Type: 1min<br>Split: train
user16,1min,train,476,89.53645,146.00551,12.738597,28.292421,User: user16<br>Type: 1min<br>Split: train
user16,1min,train,477,89.53645,146.00551,12.73848,28.292568,User: user16<br>Type: 1min<br>Split: train
user16,1min,train,478,89.53645,146.00551,9.74064,30.904278,User: user16<br>Type: 1min<br>Split: train
user16,1min,train,479,89.53645,146.00551,9.740697,30.904104,User: user16<br>Type: 1min<br>Split: train
user17,1min,train,480,-178.5025,108.76491,-20.892097,24.468233,User: user17<br>Type: 1min<br>Split: train
user17,1min,train,481,-178.5025,108.76491,-20.894806,24.470942,User: user17<br>Type: 1min<br>Split: train
user17,1min,train,482,-178.5025,108.76491,-20.891005,24.46714,User: user17<br>Type: 1min<br>Split: train
user17,1min,train,483,-178.5025,108.76491,-20.892052,24.46819,User: user17<br>Type: 1min<br>Split: train
user17,1min,train,484,-178.5025,108.76491,-20.901686,24.477797,User: user17<br>Type: 1min<br>Split: train
user17,1min,train,485,-178.5025,108.76491,-20.89132,24.467588,User: user17<br>Type: 1min<br>Split: train
user17,1min,train,486,-178.5025,108.76491,-20.892601,24.468725,User: user17<br>Type: 1min<br>Split: train
user17,1min,train,487,-178.5025,108.76491,-20.892517,24.468637,User: user17<br>Type: 1min<br>Split: train
user17,1min,train,488,-178.5025,108.76491,-20.892632,24.46874,User: user17<br>Type: 1min<br>Split: train
user17,1min,train,489,-178.5025,108.76491,-20.902493,24.478617,User: user17<br>Type: 1min<br>Split: train
user17,1min,train,490,-178.5025,108.76491,-20.889376,24.465534,User: user17<br>Type: 1min<br>Split: train
user17,1min,train,491,-178.5025,108.76491,-20.889936,24.466063,User: user17<br>Type: 1min<br>Split: train
user17,1min,train,492,-178.5025,108.76491,-20.896439,24.472565,User: user17<br>Type: 1min<br>Split: train
user17,1min,train,493,-178.5025,108.76491,-20.893148,24.469313,User: user17<br>Type: 1min<br>Split: train
user17,1min,train,494,-178.5025,108.76491,-20.874775,24.453402,User: user17<br>Type: 1min<br>Split: train
user17,1min,train,495,-178.5025,108.76491,-20.897638,24.473804,User: user17<br>Type: 1min<br>Split: train
user17,1min,train,496,-178.5025,108.76491,-20.89342,24.4696,User: user17<br>Type: 1min<br>Split: train
user17,1min,train,497,-178.5025,108.76491,-20.89916,24.47534,User: user17<br>Type: 1min<br>Split: train
user17,1min,train,498,-178.5025,108.76491,-20.877575,24.453733,User: user17<br>Type: 1min<br>Split: train
user17,1min,train,499,-178.5025,108.76491,-20.893068,24.469257,User: user17<br>Type: 1min<br>Split: train
user17,1min,train,500,-178.5025,108.76491,-20.886108,24.462748,User: user17<br>Type: 1min<br>Split: train
user17,1min,train,501,-178.5025,108.76491,-20.897383,24.47362,User: user17<br>Type: 1min<br>Split: train
user17,1min,train,502,-178.5025,108.76491,-20.898914,24.475344,User: user17<br>Type: 1min<br>Split: train
user17,1min,train,503,-178.5025,108.76491,-20.889091,24.465302,User: user17<br>Type: 1min<br>Split: train
user17,1min,train,504,-178.5025,108.76491,-20.871769,24.447866,User: user17<br>Type: 1min<br>Split: train
user17,1min,train,505,-178.5025,108.76491,-20.870457,24.446987,User: user17<br>Type: 1min<br>Split: train
user17,1min,train,506,-178.5025,108.76491,-20.89305,24.469194,User: user17<br>Type: 1min<br>Split: train
user17,1min,train,507,-178.5025,108.76491,-20.88307,24.459242,User: user17<br>Type: 1min<br>Split: train
user17,1min,train,508,-178.5025,108.76491,-20.891958,24.468155,User: user17<br>Type: 1min<br>Split: train
user17,1min,train,509,-178.5025,108.76491,-20.900906,24.477024,User: user17<br>Type: 1min<br>Split: train
user17,1min,train,510,-178.5025,108.76491,-20.89658,24.47267,User: user17<br>Type: 1min<br>Split: train
user17,1min,train,511,-178.5025,108.76491,-20.908617,24.484642,User: user17<br>Type: 1min<br>Split: train
user17,1min,train,512,-178.5025,108.76491,-20.874914,24.450895,User: user17<br>Type: 1min<br>Split: train
user17,1min,train,513,-178.5025,108.76491,-20.891304,24.467402,User: user17<br>Type: 1min<br>Split: train
user17,1min,train,514,-178.5025,108.76491,-20.882124,24.458382,User: user17<br>Type: 1min<br>Split: train
user17,1min,train,515,-178.5025,108.76491,-20.893349,24.469503,User: user17<br>Type: 1min<br>Split: train
user17,1min,train,516,-178.5025,108.76491,-20.893795,24.469952,User: user17<br>Type: 1min<br>Split: train
user17,1min,train,517,-178.5025,108.76491,-20.898504,24.474045,User: user17<br>Type: 1min<br>Split: train
user17,1min,train,518,-178.5025,108.76491,-20.893494,24.469557,User: user17<br>Type: 1min<br>Split: train
user17,1min,train,519,-178.5025,108.76491,-20.879204,24.455503,User: user17<br>Type: 1min<br>Split: train
user17,1min,train,520,-178.5025,108.76491,-20.893827,24.469948,User: user17<br>Type: 1min<br>Split: train
user17,1min,train,521,-178.5025,108.76491,-20.894411,24.470482,User: user17<br>Type: 1min<br>Split: train
user17,1min,train,522,-178.5025,108.76491,-20.91228,24.48813,User: user17<br>Type: 1min<br>Split: train
user17,1min,train,523,-178.5025,108.76491,-20.91288,24.487976,User: user17<br>Type: 1min<br>Split: train
user18,1min,train,524,99.390884,117.47287,-11.130354,31.494072,User: user18<br>Type: 1min<br>Split: train
user18,1min,train,525,99.390884,117.47287,-11.130282,31.49459,User: user18<br>Type: 1min<br>Split: train
user18,1min,train,526,99.390884,117.47287,-11.122847,31.501793,User: user18<br>Type: 1min<br>Split: train
user18,1min,train,527,99.390884,117.47287,-11.12343,31.501272,User: user18<br>Type: 1min<br>Split: train
user18,1min,train,528,99.390884,117.47287,-11.125435,31.498983,User: user18<br>Type: 1min<br>Split: train
user18,1min,train,529,99.390884,117.47287,-11.125054,31.499437,User: user18<br>Type: 1min<br>Split: train
user18,1min,train,530,99.390884,117.47287,-11.126612,31.49786,User: user18<br>Type: 1min<br>Split: train
user18,1min,train,531,99.390884,117.47287,-11.124805,31.499615,User: user18<br>Type: 1min<br>Split: train
user18,1min,train,532,99.390884,117.47287,-11.124893,31.499529,User: user18<br>Type: 1min<br>Split: train
user18,1min,train,533,99.390884,117.47287,-11.129802,31.494648,User: user18<br>Type: 1min<br>Split: train
user18,1min,train,534,99.390884,117.47287,-11.125159,31.499323,User: user18<br>Type: 1min<br>Split: train
user18,1min,train,535,99.390884,117.47287,-11.12515,31.499338,User: user18<br>Type: 1min<br>Split: train
user18,1min,train,536,99.390884,117.47287,-11.117314,31.507284,User: user18<br>Type: 1min<br>Split: train
user18,1min,train,537,99.390884,117.47287,-11.124637,31.49985,User: user18<br>Type: 1min<br>Split: train
user18,1min,train,538,119.39027,108.73603,-11.101255,31.523129,User: user18<br>Type: 1min<br>Split: train
user18,1min,train,539,119.39027,108.73603,-11.12187,31.502796,User: user18<br>Type: 1min<br>Split: train
user18,1min,train,540,99.390884,117.47287,-11.158874,31.465698,User: user18<br>Type: 1min<br>Split: train
user18,1min,train,541,99.390884,117.47287,-11.1147785,31.512342,User: user18<br>Type: 1min<br>Split: train
user18,1min,train,542,108.37763,112.66751,-11.127486,31.497475,User: user18<br>Type: 1min<br>Split: train
user18,1min,train,543,108.37763,112.66751,-11.102085,31.521404,User: user18<br>Type: 1min<br>Split: train
user18,1min,train,544,119.39027,108.73603,-11.111144,31.50503,User: user18<br>Type: 1min<br>Split: train
user18,1min,train,545,119.39027,108.73603,-11.124972,31.499577,User: user18<br>Type: 1min<br>Split: train
user18,1min,train,546,119.39027,108.73603,-11.126541,31.497826,User: user18<br>Type: 1min<br>Split: train
user18,1min,train,547,119.39027,108.73603,-11.1250515,31.49949,User: user18<br>Type: 1min<br>Split: train
user18,1min,train,548,119.39027,108.73603,-11.123836,31.500618,User: user18<br>Type: 1min<br>Split: train
user18,1min,train,549,119.39027,108.73603,-11.112149,31.512388,User: user18<br>Type: 1min<br>Split: train
user18,1min,train,550,89.808784,103.37539,-11.144841,31.484426,User: user18<br>Type: 1min<br>Split: train
user18,1min,train,551,89.808784,103.37539,-11.125825,31.49894,User: user18<br>Type: 1min<br>Split: train
user18,1min,train,552,89.808784,103.37539,-11.126526,31.498463,User: user18<br>Type: 1min<br>Split: train
user18,1min,train,553,119.39027,108.73603,-11.134059,31.490873,User: user18<br>Type: 1min<br>Split: train
user18,1min,train,554,119.39027,108.73603,-11.126406,31.49843,User: user18<br>Type: 1min<br>Split: train
user18,1min,train,555,99.390884,117.47287,-11.130414,31.49453,User: user18<br>Type: 1min<br>Split: train
user18,1min,train,556,99.390884,117.47287,-11.123135,31.482244,User: user18<br>Type: 1min<br>Split: train
user18,1min,train,557,99.390884,117.47287,-11.127022,31.497375,User: user18<br>Type: 1min<br>Split: train
user18,1min,train,558,75.61068,134.30711,-11.139021,31.488089,User: user18<br>Type: 1min<br>Split: train
user18,1min,train,559,99.390884,117.47287,-11.130345,31.49249,User: user18<br>Type: 1min<br>Split: train
user18,1min,train,560,119.39027,108.73603,-11.126102,31.49839,User: user18<br>Type: 1min<br>Split: train
user18,1min,train,561,99.390884,117.47287,-11.135833,31.48901,User: user18<br>Type: 1min<br>Split: train
user18,1min,train,562,99.390884,117.47287,-11.125217,31.499788,User: user18<br>Type: 1min<br>Split: train
user18,1min,train,563,99.390884,117.47287,-11.121951,31.504408,User: user18<br>Type: 1min<br>Split: train
user18,1min,train,564,99.390884,117.47287,-11.1265745,31.497917,User: user18<br>Type: 1min<br>Split: train
user18,1min,train,565,99.390884,117.47287,-11.125324,31.500507,User: user18<br>Type: 1min<br>Split: train
user18,1min,train,566,99.390884,117.47287,-11.126742,31.497807,User: user18<br>Type: 1min<br>Split: train
user18,1min,train,567,99.390884,117.47287,-11.127357,31.497248,User: user18<br>Type: 1min<br>Split: train
user18,1min,train,568,99.390884,117.47287,-11.109059,31.515804,User: user18<br>Type: 1min<br>Split: train
user18,1min,train,569,99.390884,117.47287,-11.126525,31.498001,User: user18<br>Type: 1min<br>Split: train
user18,1min,train,570,99.390884,117.47287,-11.10936,31.5169,User: user18<br>Type: 1min<br>Split: train
user18,1min,train,571,99.390884,117.47287,-11.088228,31.536558,User: user18<br>Type: 1min<br>Split: train
user18,1min,train,572,99.390884,117.47287,-11.12591,31.49899,User: user18<br>Type: 1min<br>Split: train
user18,1min,train,573,99.390884,117.47287,-11.129272,31.495913,User: user18<br>Type: 1min<br>Split: train
user19,1min,train,574,-64.688286,-196.79924,-8.615346,-20.723392,User: user19<br>Type: 1min<br>Split: train
user19,1min,train,575,-64.688286,-196.79924,-6.7038975,-23.56438,User: user19<br>Type: 1min<br>Split: train
user19,1min,train,576,-64.688286,-196.79924,-6.7039127,-23.564384,User: user19<br>Type: 1min<br>Split: train
user19,1min,train,577,-64.688286,-196.79924,-6.7039165,-23.564402,User: user19<br>Type: 1min<br>Split: train
user19,1min,train,578,-64.688286,-196.79924,-6.7039022,-23.564396,User: user19<br>Type: 1min<br>Split: train
user19,1min,train,579,-64.688286,-196.79924,-8.615298,-20.72339,User: user19<br>Type: 1min<br>Split: train
user19,1min,train,580,-64.688286,-196.79924,-8.615304,-20.723404,User: user19<br>Type: 1min<br>Split: train
user19,1min,train,581,-64.688286,-196.79924,-6.7039156,-23.564396,User: user19<br>Type: 1min<br>Split: train
user19,1min,train,582,-64.688286,-196.79924,-8.615311,-20.72339,User: user19<br>Type: 1min<br>Split: train
user19,1min,train,583,-64.688286,-196.79924,-8.615309,-20.723402,User: user19<br>Type: 1min<br>Split: train
user19,1min,train,584,-64.688286,-196.79924,-6.7039137,-23.56441,User: user19<br>Type: 1min<br>Split: train
user19,1min,train,585,-64.688286,-196.79924,-6.7039485,-23.564308,User: user19<br>Type: 1min<br>Split: train
user19,1min,train,586,-64.688286,-196.79924,-8.615307,-20.723408,User: user19<br>Type: 1min<br>Split: train
user19,1min,train,587,-64.688286,-196.79924,-8.615288,-20.723398,User: user19<br>Type: 1min<br>Split: train
user19,1min,train,588,-64.688286,-196.79924,-8.615321,-20.723404,User: user19<br>Type: 1min<br>Split: train
user19,1min,train,589,-64.688286,-196.79924,-8.6153755,-20.72342,User: user19<br>Type: 1min<br>Split: train
user19,1min,train,590,-64.688286,-196.79924,-8.615303,-20.723392,User: user19<br>Type: 1min<br>Split: train
user19,1min,train,591,-64.688286,-196.79924,-6.7039266,-23.56441,User: user19<br>Type: 1min<br>Split: train
user19,1min,train,592,-64.688286,-196.79924,-6.7039227,-23.564407,User: user19<br>Type: 1min<br>Split: train
user19,1min,train,593,-64.688286,-196.79924,-8.615349,-20.723381,User: user19<br>Type: 1min<br>Split: train
user19,1min,train,594,-64.688286,-196.79924,-6.703994,-23.564472,User: user19<br>Type: 1min<br>Split: train
user19,1min,train,595,-64.688286,-196.79924,-8.615242,-20.723282,User: user19<br>Type: 1min<br>Split: train
user19,1min,train,596,-64.688286,-196.79924,-8.615291,-20.723318,User: user19<br>Type: 1min<br>Split: train
user19,1min,train,597,-64.688286,-196.79924,-8.615301,-20.72334,User: user19<br>Type: 1min<br>Split: train
user19,1min,train,598,-64.688286,-196.79924,-6.703985,-23.56451,User: user19<br>Type: 1min<br>Split: train
user19,1min,train,599,-64.688286,-196.79924,-6.7039275,-23.564487,User: user19<br>Type: 1min<br>Split: train
user19,1min,train,600,-64.688286,-196.79924,-8.615311,-20.723331,User: user19<br>Type: 1min<br>Split: train
user19,1min,train,601,-64.688286,-196.79924,-8.615349,-20.723728,User: user19<br>Type: 1min<br>Split: train
user19,1min,train,602,-64.688286,-196.79924,-8.615352,-20.7234,User: user19<br>Type: 1min<br>Split: train
user19,1min,train,603,-64.688286,-196.79924,-6.703985,-23.564491,User: user19<br>Type: 1min<br>Split: train
user19,1min,train,604,-64.688286,-196.79924,-6.703918,-23.56458,User: user19<br>Type: 1min<br>Split: train
user19,1min,train,605,-64.688286,-196.79924,-8.615331,-20.723406,User: user19<br>Type: 1min<br>Split: train
user19,1min,train,606,-64.688286,-196.79924,-8.615396,-20.723324,User: user19<br>Type: 1min<br>Split: train
user19,1min,train,607,-64.688286,-196.79924,-6.703918,-23.56447,User: user19<br>Type: 1min<br>Split: train
user19,1min,train,608,-64.688286,-196.79924,-8.615377,-20.72352,User: user19<br>Type: 1min<br>Split: train
user19,1min,train,609,-64.688286,-196.79924,-6.7040396,-23.56454,User: user19<br>Type: 1min<br>Split: train
user19,1min,train,610,-64.688286,-196.79924,-6.7039766,-23.56445,User: user19<br>Type: 1min<br>Split: train
user19,1min,train,611,-64.688286,-196.79924,-8.614748,-20.721308,User: user19<br>Type: 1min<br>Split: train
user2,1min,train,612,173.32616,-110.10887,33.25975,14.193901,User: user2<br>Type: 1min<br>Split: train
user2,1min,train,613,173.32616,-110.10887,33.25969,14.193833,User: user2<br>Type: 1min<br>Split: train
user2,1min,train,614,173.32616,-110.10887,33.259556,14.193677,User: user2<br>Type: 1min<br>Split: train
user2,1min,train,615,173.32616,-110.10887,33.258457,14.192526,User: user2<br>Type: 1min<br>Split: train
user2,1min,train,616,173.32616,-110.10887,33.2595,14.19359,User: user2<br>Type: 1min<br>Split: train
user2,1min,train,617,173.32616,-110.10887,33.25961,14.192302,User: user2<br>Type: 1min<br>Split: train
user2,1min,train,618,173.32616,-110.10887,33.259518,14.193771,User: user2<br>Type: 1min<br>Split: train
user2,1min,train,619,173.32616,-110.10887,33.258648,14.193997,User: user2<br>Type: 1min<br>Split: train
user2,1min,train,620,173.32616,-110.10887,33.266552,14.200766,User: user2<br>Type: 1min<br>Split: train
user2,1min,train,621,173.32616,-110.10887,33.25205,14.187145,User: user2<br>Type: 1min<br>Split: train
user2,1min,train,622,173.32616,-110.10887,33.260574,14.194842,User: user2<br>Type: 1min<br>Split: train
user2,1min,train,623,173.32616,-110.10887,33.261868,14.19612,User: user2<br>Type: 1min<br>Split: train
user2,1min,train,624,173.32616,-110.10887,33.261997,14.196332,User: user2<br>Type: 1min<br>Split: train
user2,1min,train,625,173.32616,-110.10887,33.25889,14.193069,User: user2<br>Type: 1min<br>Split: train
user2,1min,train,626,173.32616,-110.10887,33.277573,14.21179,User: user2<br>Type: 1min<br>Split: train
user2,1min,train,627,173.32616,-110.10887,33.259865,14.194223,User: user2<br>Type: 1min<br>Split: train
user2,1min,train,628,173.32616,-110.10887,33.264194,14.19577,User: user2<br>Type: 1min<br>Split: train
user2,1min,train,629,173.32616,-110.10887,33.249813,14.186376,User: user2<br>Type: 1min<br>Split: train
user2,1min,train,630,173.32616,-110.10887,33.259605,14.194099,User: user2<br>Type: 1min<br>Split: train
user2,1min,train,631,173.32616,-110.10887,33.265957,14.200214,User: user2<br>Type: 1min<br>Split: train
user2,1min,train,632,173.32616,-110.10887,33.269524,14.203789,User: user2<br>Type: 1min<br>Split: train
user2,1min,train,633,173.32616,-110.10887,33.26036,14.194763,User: user2<br>Type: 1min<br>Split: train
user2,1min,train,634,173.32616,-110.10887,33.23927,14.172377,User: user2<br>Type: 1min<br>Split: train
user2,1min,train,635,173.32616,-110.10887,33.26957,14.203571,User: user2<br>Type: 1min<br>Split: train
user2,1min,train,636,173.32616,-110.10887,33.261833,14.196427,User: user2<br>Type: 1min<br>Split: train
user2,1min,train,637,173.32616,-110.10887,33.26214,14.196348,User: user2<br>Type: 1min<br>Split: train
user2,1min,train,638,173.32616,-110.10887,33.259094,14.194131,User: user2<br>Type: 1min<br>Split: train
user2,1min,train,639,173.32616,-110.10887,33.258526,14.191981,User: user2<br>Type: 1min<br>Split: train
user2,1min,train,640,173.32616,-110.10887,33.26011,14.194396,User: user2<br>Type: 1min<br>Split: train
user2,1min,train,641,173.32616,-110.10887,33.265896,14.1998625,User: user2<br>Type: 1min<br>Split: train
user2,1min,train,642,173.32616,-110.10887,33.271656,14.205527,User: user2<br>Type: 1min<br>Split: train
user2,1min,train,643,173.32616,-110.10887,33.252598,14.186674,User: user2<br>Type: 1min<br>Split: train
user2,1min,train,644,173.32616,-110.10887,33.260185,14.194329,User: user2<br>Type: 1min<br>Split: train
user2,1min,train,645,173.32616,-110.10887,33.26014,14.194325,User: user2<br>Type: 1min<br>Split: train
user2,1min,train,646,173.32616,-110.10887,33.256603,14.190525,User: user2<br>Type: 1min<br>Split: train
user2,1min,train,647,173.32616,-110.10887,33.259274,14.19458,User: user2<br>Type: 1min<br>Split: train
user2,1min,train,648,173.32616,-110.10887,33.244915,14.179946,User: user2<br>Type: 1min<br>Split: train
user2,1min,train,649,173.32616,-110.10887,33.259144,14.193484,User: user2<br>Type: 1min<br>Split: train
user2,1min,train,650,173.32616,-110.10887,33.257465,14.190552,User: user2<br>Type: 1min<br>Split: train
user2,1min,train,651,173.32616,-110.10887,33.285244,14.21926,User: user2<br>Type: 1min<br>Split: train
user2,1min,train,652,173.32616,-110.10887,33.259197,14.193494,User: user2<br>Type: 1min<br>Split: train
user2,1min,train,653,173.32616,-110.10887,33.273075,14.20723,User: user2<br>Type: 1min<br>Split: train
user2,1min,train,654,173.32616,-110.10887,33.258114,14.192911,User: user2<br>Type: 1min<br>Split: train
user20,1min,train,655,6.393639,-23.593113,14.936283,-10.689049,User: user20<br>Type: 1min<br>Split: train
user20,1min,train,656,6.393639,-23.593113,-5.2777963,-11.119908,User: user20<br>Type: 1min<br>Split: train
user20,1min,train,657,6.393639,-23.593113,14.938998,-10.686704,User: user20<br>Type: 1min<br>Split: train
user20,1min,train,658,6.393639,-23.593113,14.938946,-10.686638,User: user20<br>Type: 1min<br>Split: train
user20,1min,train,659,6.393639,-23.593113,-5.2777915,-11.119922,User: user20<br>Type: 1min<br>Split: train
user20,1min,train,660,6.393639,-23.593113,14.938792,-10.687291,User: user20<br>Type: 1min<br>Split: train
user20,1min,train,661,6.393639,-23.593113,-5.277782,-11.119886,User: user20<br>Type: 1min<br>Split: train
user20,1min,train,662,6.393639,-23.593113,14.938791,-10.686739,User: user20<br>Type: 1min<br>Split: train
user20,1min,train,663,6.393639,-23.593113,14.938955,-10.686754,User: user20<br>Type: 1min<br>Split: train
user20,1min,train,664,6.393639,-23.593113,-5.27777,-11.11989,User: user20<br>Type: 1min<br>Split: train
user20,1min,train,665,6.393639,-23.593113,14.93888,-10.686681,User: user20<br>Type: 1min<br>Split: train
user20,1min,train,666,6.393639,-23.593113,-5.277562,-11.1201725,User: user20<br>Type: 1min<br>Split: train
user20,1min,train,667,6.393639,-23.593113,14.93896,-10.686701,User: user20<br>Type: 1min<br>Split: train
user20,1min,train,668,11.496983,-25.024792,-5.2777314,-11.1199465,User: user20<br>Type: 1min<br>Split: train
user20,1min,train,669,11.496983,-25.024792,-5.277726,-11.119986,User: user20<br>Type: 1min<br>Split: train
user20,1min,train,670,7.0843263,-31.90667,14.938965,-10.686715,User: user20<br>Type: 1min<br>Split: train
user20,1min,train,671,7.0843263,-31.90667,-5.277731,-11.119971,User: user20<br>Type: 1min<br>Split: train
user20,1min,train,672,11.496983,-25.024792,14.93897,-10.686716,User: user20<br>Type: 1min<br>Split: train
user20,1min,train,673,11.496983,-25.024792,-5.277538,-11.120333,User: user20<br>Type: 1min<br>Split: train
user20,1min,train,674,11.496983,-25.024792,14.938955,-10.686694,User: user20<br>Type: 1min<br>Split: train
user20,1min,train,675,6.393639,-23.593113,-5.2777257,-11.119912,User: user20<br>Type: 1min<br>Split: train
user20,1min,train,676,6.393639,-23.593113,14.938952,-10.686729,User: user20<br>Type: 1min<br>Split: train
user20,1min,train,677,11.496983,-25.024792,-5.277787,-11.119998,User: user20<br>Type: 1min<br>Split: train
user20,1min,train,678,11.496983,-25.024792,-5.277636,-11.120328,User: user20<br>Type: 1min<br>Split: train
user20,1min,train,679,11.496983,-25.024792,-5.277761,-11.1198015,User: user20<br>Type: 1min<br>Split: train
user20,1min,train,680,11.496983,-25.024792,14.938973,-10.686836,User: user20<br>Type: 1min<br>Split: train
user20,1min,train,681,11.496983,-25.024792,14.939063,-10.687136,User: user20<br>Type: 1min<br>Split: train
user20,1min,train,682,11.496983,-25.024792,14.938307,-10.697715,User: user20<br>Type: 1min<br>Split: train
user20,1min,train,683,11.496983,-25.024792,14.938924,-10.686844,User: user20<br>Type: 1min<br>Split: train
user20,1min,train,684,11.496983,-25.024792,-5.27821,-11.118654,User: user20<br>Type: 1min<br>Split: train
user20,1min,train,685,11.496983,-25.024792,-5.281937,-11.111254,User: user20<br>Type: 1min<br>Split: train
user20,1min,train,686,11.496983,-25.024792,-5.277773,-11.119658,User: user20<br>Type: 1min<br>Split: train
user20,1min,train,687,11.496983,-25.024792,-5.2780256,-11.119771,User: user20<br>Type: 1min<br>Split: train
user20,1min,train,688,11.496983,-25.024792,14.93894,-10.686723,User: user20<br>Type: 1min<br>Split: train
user20,1min,train,689,11.496983,-25.024792,14.938932,-10.68684,User: user20<br>Type: 1min<br>Split: train
user20,1min,train,690,11.496983,-25.024792,-5.277839,-11.11953,User: user20<br>Type: 1min<br>Split: train
user20,1min,train,691,11.496983,-25.024792,-5.2779694,-11.119596,User: user20<br>Type: 1min<br>Split: train
user20,1min,train,692,11.496983,-25.024792,14.938989,-10.686682,User: user20<br>Type: 1min<br>Split: train
user20,1min,train,693,11.496983,-25.024792,-5.278128,-11.119477,User: user20<br>Type: 1min<br>Split: train
user20,1min,train,694,11.496983,-25.024792,-5.277827,-11.119665,User: user20<br>Type: 1min<br>Split: train
user21,1min,train,695,-127.43961,-165.35211,-10.898899,-14.722525,User: user21<br>Type: 1min<br>Split: train
user21,1min,train,696,-127.43961,-165.35211,-10.890398,-14.713813,User: user21<br>Type: 1min<br>Split: train
user21,1min,train,697,-127.43961,-165.35211,-10.866272,-14.690603,User: user21<br>Type: 1min<br>Split: train
user21,1min,train,698,-127.43961,-165.35211,-10.907915,-14.731192,User: user21<br>Type: 1min<br>Split: train
user21,1min,train,699,-127.43961,-165.35211,-10.905918,-14.729346,User: user21<br>Type: 1min<br>Split: train
user21,1min,train,700,-127.43961,-165.35211,-10.861421,-14.685457,User: user21<br>Type: 1min<br>Split: train
user21,1min,train,701,-127.43961,-165.35211,-10.906573,-14.72985,User: user21<br>Type: 1min<br>Split: train
user21,1min,train,702,-127.43961,-165.35211,-10.888059,-14.711625,User: user21<br>Type: 1min<br>Split: train
user21,1min,train,703,-127.43961,-165.35211,-10.893466,-14.717032,User: user21<br>Type: 1min<br>Split: train
user21,1min,train,704,-127.43961,-165.35211,-10.900547,-14.724268,User: user21<br>Type: 1min<br>Split: train
user21,1min,train,705,-127.43961,-165.35211,-10.912396,-14.735544,User: user21<br>Type: 1min<br>Split: train
user21,1min,train,706,-127.43961,-165.35211,-10.903767,-14.726978,User: user21<br>Type: 1min<br>Split: train
user21,1min,train,707,-127.43961,-165.35211,-10.911133,-14.732788,User: user21<br>Type: 1min<br>Split: train
user21,1min,train,708,-127.43961,-165.35211,-10.870178,-14.694292,User: user21<br>Type: 1min<br>Split: train
user21,1min,train,709,-127.43961,-165.35211,-10.859522,-14.683608,User: user21<br>Type: 1min<br>Split: train
user21,1min,train,710,-127.43961,-165.35211,-10.871303,-14.695297,User: user21<br>Type: 1min<br>Split: train
user21,1min,train,711,-127.43961,-165.35211,-10.866448,-14.690608,User: user21<br>Type: 1min<br>Split: train
user21,1min,train,712,-127.43961,-165.35211,-10.894619,-14.71811,User: user21<br>Type: 1min<br>Split: train
user21,1min,train,713,-127.43961,-165.35211,-10.870152,-14.69421,User: user21<br>Type: 1min<br>Split: train
user21,1min,train,714,-127.43961,-165.35211,-10.906752,-14.730055,User: user21<br>Type: 1min<br>Split: train
user21,1min,train,715,-127.43961,-165.35211,-10.866268,-14.690379,User: user21<br>Type: 1min<br>Split: train
user21,1min,train,716,-127.43961,-165.35211,-10.889635,-14.713091,User: user21<br>Type: 1min<br>Split: train
user21,1min,train,717,-127.43961,-165.35211,-10.846869,-14.671381,User: user21<br>Type: 1min<br>Split: train
user21,1min,train,718,-127.43961,-165.35211,-10.9030905,-14.726371,User: user21<br>Type: 1min<br>Split: train
user21,1min,train,719,-127.43961,-165.35211,-10.928247,-14.751335,User: user21<br>Type: 1min<br>Split: train
user21,1min,train,720,-127.43961,-165.35211,-10.904484,-14.7278,User: user21<br>Type: 1min<br>Split: train
user21,1min,train,721,-127.43961,-165.35211,-10.905339,-14.728778,User: user21<br>Type: 1min<br>Split: train
user21,1min,train,722,-127.43961,-165.35211,-10.905283,-14.727769,User: user21<br>Type: 1min<br>Split: train
user21,1min,train,723,-127.43961,-165.35211,-10.901597,-14.725103,User: user21<br>Type: 1min<br>Split: train
user21,1min,train,724,-127.43961,-165.35211,-10.8656645,-14.689774,User: user21<br>Type: 1min<br>Split: train
user21,1min,train,725,-127.43961,-165.35211,-10.923741,-14.744479,User: user21<br>Type: 1min<br>Split: train
user21,1min,train,726,-127.43961,-165.35211,-10.903495,-14.726898,User: user21<br>Type: 1min<br>Split: train
user21,1min,train,727,-127.43961,-165.35211,-10.916515,-14.739712,User: user21<br>Type: 1min<br>Split: train
user21,1min,train,728,-127.43961,-165.35211,-10.930507,-14.75352,User: user21<br>Type: 1min<br>Split: train
user21,1min,train,729,-127.43961,-165.35211,-10.86715,-14.691129,User: user21<br>Type: 1min<br>Split: train
user21,1min,train,730,-127.43961,-165.35211,-10.860271,-14.684205,User: user21<br>Type: 1min<br>Split: train
user21,1min,train,731,-127.43961,-165.35211,-10.880322,-14.706116,User: user21<br>Type: 1min<br>Split: train
user21,1min,train,732,-127.43961,-165.35211,-10.903982,-14.727378,User: user21<br>Type: 1min<br>Split: train
user21,1min,train,733,-127.43961,-165.35211,-10.917441,-14.7405815,User: user21<br>Type: 1min<br>Split: train
user21,1min,train,734,-127.43961,-165.35211,-10.89832,-14.722152,User: user21<br>Type: 1min<br>Split: train
user21,1min,train,735,-127.43961,-165.35211,-10.882966,-14.706499,User: user21<br>Type: 1min<br>Split: train
user21,1min,train,736,-127.43961,-165.35211,-10.901556,-14.726013,User: user21<br>Type: 1min<br>Split: train
user21,1min,train,737,-127.43961,-165.35211,-10.8702,-14.694284,User: user21<br>Type: 1min<br>Split: train
user22,1min,train,738,88.33123,-118.36165,24.113865,-14.205322,User: user22<br>Type: 1min<br>Split: train
user22,1min,train,739,88.33123,-118.36165,24.110348,-14.208857,User: user22<br>Type: 1min<br>Split: train
user22,1min,train,740,88.33123,-118.36165,24.115705,-14.203513,User: user22<br>Type: 1min<br>Split: train
user22,1min,train,741,88.33123,-118.36165,24.11003,-14.209193,User: user22<br>Type: 1min<br>Split: train
user22,1min,train,742,88.33123,-118.36165,24.118433,-14.200782,User: user22<br>Type: 1min<br>Split: train
user22,1min,train,743,88.33123,-118.36165,24.101206,-14.218011,User: user22<br>Type: 1min<br>Split: train
user22,1min,train,744,88.33123,-118.36165,24.109648,-14.209575,User: user22<br>Type: 1min<br>Split: train
user22,1min,train,745,88.33123,-118.36165,24.111504,-14.207722,User: user22<br>Type: 1min<br>Split: train
user22,1min,train,746,88.33123,-118.36165,24.098455,-14.220786,User: user22<br>Type: 1min<br>Split: train
user22,1min,train,747,88.33123,-118.36165,24.109121,-14.210124,User: user22<br>Type: 1min<br>Split: train
user22,1min,train,748,88.33123,-118.36165,24.10253,-14.21669,User: user22<br>Type: 1min<br>Split: train
user22,1min,train,749,88.33123,-118.36165,24.104671,-14.214587,User: user22<br>Type: 1min<br>Split: train
user22,1min,train,750,88.33123,-118.36165,24.107595,-14.211761,User: user22<br>Type: 1min<br>Split: train
user22,1min,train,751,88.33123,-118.36165,24.099169,-14.220145,User: user22<br>Type: 1min<br>Split: train
user22,1min,train,752,88.33123,-118.36165,24.137167,-14.182103,User: user22<br>Type: 1min<br>Split: train
user22,1min,train,753,88.33123,-118.36165,24.140707,-14.178564,User: user22<br>Type: 1min<br>Split: train
user22,1min,train,754,88.33123,-118.36165,24.110815,-14.208544,User: user22<br>Type: 1min<br>Split: train
user22,1min,train,755,88.33123,-118.36165,24.110054,-14.209145,User: user22<br>Type: 1min<br>Split: train
user22,1min,train,756,88.33123,-118.36165,24.119165,-14.200037,User: user22<br>Type: 1min<br>Split: train
user22,1min,train,757,88.33123,-118.36165,24.122019,-14.19712,User: user22<br>Type: 1min<br>Split: train
user22,1min,train,758,88.33123,-118.36165,24.10297,-14.21636,User: user22<br>Type: 1min<br>Split: train
user22,1min,train,759,88.33123,-118.36165,24.086624,-14.232609,User: user22<br>Type: 1min<br>Split: train
user22,1min,train,760,88.33123,-118.36165,24.096704,-14.222457,User: user22<br>Type: 1min<br>Split: train
user22,1min,train,761,88.33123,-118.36165,24.109365,-14.209887,User: user22<br>Type: 1min<br>Split: train
user22,1min,train,762,88.33123,-118.36165,24.109383,-14.2099085,User: user22<br>Type: 1min<br>Split: train
user22,1min,train,763,88.33123,-118.36165,24.087923,-14.231292,User: user22<br>Type: 1min<br>Split: train
user22,1min,train,764,88.33123,-118.36165,24.091536,-14.227613,User: user22<br>Type: 1min<br>Split: train
user22,1min,train,765,88.33123,-118.36165,24.108242,-14.210966,User: user22<br>Type: 1min<br>Split: train
user22,1min,train,766,88.33123,-118.36165,24.080147,-14.239059,User: user22<br>Type: 1min<br>Split: train
user22,1min,train,767,88.33123,-118.36165,24.115763,-14.20337,User: user22<br>Type: 1min<br>Split: train
user22,1min,train,768,88.33123,-118.36165,24.1053,-14.214707,User: user22<br>Type: 1min<br>Split: train
user22,1min,train,769,88.33123,-118.36165,24.107925,-14.211358,User: user22<br>Type: 1min<br>Split: train
user22,1min,train,770,88.33123,-118.36165,24.104767,-14.214528,User: user22<br>Type: 1min<br>Split: train
user22,1min,train,771,88.33123,-118.36165,24.11257,-14.206657,User: user22<br>Type: 1min<br>Split: train
user22,1min,train,772,88.33123,-118.36165,24.108917,-14.210275,User: user22<br>Type: 1min<br>Split: train
user22,1min,train,773,88.33123,-118.36165,24.121815,-14.197916,User: user22<br>Type: 1min<br>Split: train
user22,1min,train,774,88.33123,-118.36165,24.096838,-14.222409,User: user22<br>Type: 1min<br>Split: train
user22,1min,train,775,88.33123,-118.36165,24.108696,-14.210611,User: user22<br>Type: 1min<br>Split: train
user22,1min,train,776,88.33123,-118.36165,24.093227,-14.22603,User: user22<br>Type: 1min<br>Split: train
user22,1min,train,777,88.33123,-118.36165,24.0914,-14.227847,User: user22<br>Type: 1min<br>Split: train
user22,1min,train,778,88.33123,-118.36165,24.120726,-14.198492,User: user22<br>Type: 1min<br>Split: train
user22,1min,train,779,88.33123,-118.36165,24.10846,-14.210835,User: user22<br>Type: 1min<br>Split: train
user22,1min,train,780,88.33123,-118.36165,24.089298,-14.229872,User: user22<br>Type: 1min<br>Split: train
user22,1min,train,781,88.33123,-118.36165,24.107592,-14.2115965,User: user22<br>Type: 1min<br>Split: train
user22,1min,train,782,88.33123,-118.36165,24.107727,-14.211564,User: user22<br>Type: 1min<br>Split: train
user22,1min,train,783,88.33123,-118.36165,24.1074,-14.211748,User: user22<br>Type: 1min<br>Split: train
user22,1min,train,784,88.33123,-118.36165,24.12976,-14.189502,User: user22<br>Type: 1min<br>Split: train
user22,1min,train,785,88.33123,-118.36165,24.11403,-14.205303,User: user22<br>Type: 1min<br>Split: train
user22,1min,train,786,88.33123,-118.36165,24.10925,-14.210075,User: user22<br>Type: 1min<br>Split: train
user22,1min,train,787,88.33123,-118.36165,24.120388,-14.198704,User: user22<br>Type: 1min<br>Split: train
user22,1min,train,788,88.33123,-118.36165,24.12977,-14.189481,User: user22<br>Type: 1min<br>Split: train
user22,1min,train,789,88.33123,-118.36165,24.092083,-14.227183,User: user22<br>Type: 1min<br>Split: train
user23,1min,train,790,-117.55268,-42.21818,-22.474493,6.4605055,User: user23<br>Type: 1min<br>Split: train
user23,1min,train,791,-117.55268,-42.21818,-22.462059,6.448044,User: user23<br>Type: 1min<br>Split: train
user23,1min,train,792,-117.55268,-42.21818,-22.440676,6.4260774,User: user23<br>Type: 1min<br>Split: train
user23,1min,train,793,-117.55268,-42.21818,-22.46473,6.4508815,User: user23<br>Type: 1min<br>Split: train
user23,1min,train,794,-117.55268,-42.21818,-22.43913,6.424979,User: user23<br>Type: 1min<br>Split: train
user23,1min,train,795,-117.55268,-42.21818,-22.473108,6.4593143,User: user23<br>Type: 1min<br>Split: train
user23,1min,train,796,-117.55268,-42.21818,-22.472593,6.4585595,User: user23<br>Type: 1min<br>Split: train
user23,1min,train,797,-117.55268,-42.21818,-22.456821,6.442748,User: user23<br>Type: 1min<br>Split: train
user23,1min,train,798,-109.56798,-37.943615,-22.436768,6.422672,User: user23<br>Type: 1min<br>Split: train
user23,1min,train,799,-109.56798,-37.943615,-22.451738,6.437633,User: user23<br>Type: 1min<br>Split: train
user23,1min,train,800,-117.55268,-42.21818,-22.467081,6.453083,User: user23<br>Type: 1min<br>Split: train
user23,1min,train,801,-117.55268,-42.21818,-22.432013,6.4180217,User: user23<br>Type: 1min<br>Split: train
user23,1min,train,802,-117.55268,-42.21818,-22.465658,6.4516454,User: user23<br>Type: 1min<br>Split: train
user23,1min,train,803,-117.55268,-42.21818,-22.437498,6.4234624,User: user23<br>Type: 1min<br>Split: train
user23,1min,train,804,-117.55268,-42.21818,-22.467218,6.453464,User: user23<br>Type: 1min<br>Split: train
user23,1min,train,805,-117.55268,-42.21818,-22.46769,6.453541,User: user23<br>Type: 1min<br>Split: train
user23,1min,train,806,-117.55268,-42.21818,-22.472095,6.458178,User: user23<br>Type: 1min<br>Split: train
user23,1min,train,807,-117.55268,-42.21818,-22.461138,6.4470973,User: user23<br>Type: 1min<br>Split: train
user23,1min,train,808,-117.55268,-42.21818,-22.439127,6.425098,User: user23<br>Type: 1min<br>Split: train
user23,1min,train,809,-117.55268,-42.21818,-22.45982,6.4457297,User: user23<br>Type: 1min<br>Split: train
user23,1min,train,810,-117.55268,-42.21818,-22.463928,6.4498844,User: user23<br>Type: 1min<br>Split: train
user23,1min,train,811,-117.55268,-42.21818,-22.437946,6.4237676,User: user23<br>Type: 1min<br>Split: train
user23,1min,train,812,-117.55268,-42.21818,-22.439346,6.425567,User: user23<br>Type: 1min<br>Split: train
user23,1min,train,813,-117.55268,-42.21818,-22.465609,6.451566,User: user23<br>Type: 1min<br>Split: train
user23,1min,train,814,-117.55268,-42.21818,-22.44319,6.428916,User: user23<br>Type: 1min<br>Split: train
user23,1min,train,815,-117.55268,-42.21818,-22.44008,6.425866,User: user23<br>Type: 1min<br>Split: train
user23,1min,train,816,-117.55268,-42.21818,-22.464151,6.4502244,User: user23<br>Type: 1min<br>Split: train
user23,1min,train,817,-117.55268,-42.21818,-22.438694,6.424513,User: user23<br>Type: 1min<br>Split: train
user23,1min,train,818,-117.55268,-42.21818,-22.439825,6.4256926,User: user23<br>Type: 1min<br>Split: train
user23,1min,train,819,-117.55268,-42.21818,-22.488544,6.474501,User: user23<br>Type: 1min<br>Split: train
user23,1min,train,820,-117.55268,-42.21818,-22.468008,6.453946,User: user23<br>Type: 1min<br>Split: train
user23,1min,train,821,-117.55268,-42.21818,-22.47703,6.463514,User: user23<br>Type: 1min<br>Split: train
user23,1min,train,822,-117.55268,-42.21818,-22.473537,6.4595265,User: user23<br>Type: 1min<br>Split: train
user23,1min,train,823,-117.55268,-42.21818,-22.437202,6.4231224,User: user23<br>Type: 1min<br>Split: train
user23,1min,train,824,-117.55268,-42.21818,-22.426353,6.412204,User: user23<br>Type: 1min<br>Split: train
user23,1min,train,825,-117.55268,-42.21818,-22.411402,6.397046,User: user23<br>Type: 1min<br>Split: train
user23,1min,train,826,-117.55268,-42.21818,-22.441704,6.427481,User: user23<br>Type: 1min<br>Split: train
user23,1min,train,827,-117.55268,-42.21818,-22.427505,6.4133363,User: user23<br>Type: 1min<br>Split: train
user23,1min,train,828,-117.55268,-42.21818,-22.477367,6.4634056,User: user23<br>Type: 1min<br>Split: train
user23,1min,train,829,-117.55268,-42.21818,-22.440847,6.4271603,User: user23<br>Type: 1min<br>Split: train
user23,1min,train,830,-109.56798,-37.943615,-22.453634,6.4395094,User: user23<br>Type: 1min<br>Split: train
user23,1min,train,831,-109.56798,-37.943615,-22.467937,6.4542494,User: user23<br>Type: 1min<br>Split: train
user24,1min,train,832,115.02652,-13.665815,35.05411,5.951062,User: user24<br>Type: 1min<br>Split: train
user24,1min,train,833,115.02652,-13.665815,35.053555,5.9503074,User: user24<br>Type: 1min<br>Split: train
user24,1min,train,834,115.02652,-13.665815,35.054268,5.9511585,User: user24<br>Type: 1min<br>Split: train
user24,1min,train,835,115.02652,-13.665815,35.04979,5.9518495,User: user24<br>Type: 1min<br>Split: train
user24,1min,train,836,115.02652,-13.665815,35.043945,5.9410133,User: user24<br>Type: 1min<br>Split: train
user24,1min,train,837,115.02652,-13.665815,35.055786,5.9529243,User: user24<br>Type: 1min<br>Split: train
user24,1min,train,838,115.02652,-13.665815,35.057697,5.954833,User: user24<br>Type: 1min<br>Split: train
user24,1min,train,839,115.02652,-13.665815,35.052635,5.949866,User: user24<br>Type: 1min<br>Split: train
user24,1min,train,840,115.02652,-13.665815,35.053425,5.9505925,User: user24<br>Type: 1min<br>Split: train
user24,1min,train,841,115.02652,-13.665815,35.053234,5.950419,User: user24<br>Type: 1min<br>Split: train
user24,1min,train,842,115.02652,-13.665815,35.06735,5.9645076,User: user24<br>Type: 1min<br>Split: train
user24,1min,train,843,115.02652,-13.665815,35.057102,5.9542484,User: user24<br>Type: 1min<br>Split: train
user24,1min,train,844,115.02652,-13.665815,35.054543,5.951722,User: user24<br>Type: 1min<br>Split: train
user24,1min,train,845,115.02652,-13.665815,35.06299,5.960045,User: user24<br>Type: 1min<br>Split: train
user24,1min,train,846,115.02652,-13.665815,35.05274,5.95067,User: user24<br>Type: 1min<br>Split: train
user24,1min,train,847,115.02652,-13.665815,35.067497,5.9651856,User: user24<br>Type: 1min<br>Split: train
user24,1min,train,848,115.02652,-13.665815,35.055138,5.9529114,User: user24<br>Type: 1min<br>Split: train
user24,1min,train,849,115.02652,-13.665815,35.048462,5.946459,User: user24<br>Type: 1min<br>Split: train
user24,1min,train,850,115.02652,-13.665815,35.04066,5.938502,User: user24<br>Type: 1min<br>Split: train
user24,1min,train,851,115.02652,-13.665815,35.06421,5.962046,User: user24<br>Type: 1min<br>Split: train
user24,1min,train,852,115.02652,-13.665815,35.03712,5.9339237,User: user24<br>Type: 1min<br>Split: train
user24,1min,train,853,115.02652,-13.665815,35.04675,5.9445276,User: user24<br>Type: 1min<br>Split: train
user24,1min,train,854,115.02652,-13.665815,35.054886,5.9526677,User: user24<br>Type: 1min<br>Split: train
user24,1min,train,855,115.02652,-13.665815,35.05232,5.950201,User: user24<br>Type: 1min<br>Split: train
user24,1min,train,856,115.02652,-13.665815,35.056442,5.954239,User: user24<br>Type: 1min<br>Split: train
user24,1min,train,857,115.02652,-13.665815,35.05706,5.954778,User: user24<br>Type: 1min<br>Split: train
user24,1min,train,858,115.02652,-13.665815,35.011425,5.9092045,User: user24<br>Type: 1min<br>Split: train
user24,1min,train,859,115.02652,-13.665815,35.06971,5.9676995,User: user24<br>Type: 1min<br>Split: train
user24,1min,train,860,115.02652,-13.665815,35.054276,5.9519672,User: user24<br>Type: 1min<br>Split: train
user24,1min,train,861,115.02652,-13.665815,35.042595,5.940395,User: user24<br>Type: 1min<br>Split: train
user24,1min,train,862,115.02652,-13.665815,35.053886,5.951692,User: user24<br>Type: 1min<br>Split: train
user24,1min,train,863,115.02652,-13.665815,35.054398,5.9522243,User: user24<br>Type: 1min<br>Split: train
user24,1min,train,864,115.02652,-13.665815,35.027454,5.9254317,User: user24<br>Type: 1min<br>Split: train
user24,1min,train,865,115.02652,-13.665815,35.052498,5.9502635,User: user24<br>Type: 1min<br>Split: train
user24,1min,train,866,115.02652,-13.665815,35.05636,5.954114,User: user24<br>Type: 1min<br>Split: train
user24,1min,train,867,115.02652,-13.665815,35.052647,5.9505997,User: user24<br>Type: 1min<br>Split: train
user24,1min,train,868,115.02652,-13.665815,35.012047,5.910344,User: user24<br>Type: 1min<br>Split: train
user24,1min,train,869,115.02652,-13.665815,35.065556,5.938322,User: user24<br>Type: 1min<br>Split: train
user24,1min,train,870,115.02652,-13.665815,35.06519,5.9628973,User: user24<br>Type: 1min<br>Split: train
user24,1min,train,871,115.02652,-13.665815,35.076916,5.974599,User: user24<br>Type: 1min<br>Split: train
user24,1min,train,872,115.02652,-13.665815,35.05338,5.950859,User: user24<br>Type: 1min<br>Split: train
user24,1min,train,873,115.02652,-13.665815,35.054295,5.9518795,User: user24<br>Type: 1min<br>Split: train
user24,1min,train,874,115.02652,-13.665815,35.064922,5.9625506,User: user24<br>Type: 1min<br>Split: train
user24,1min,train,875,115.02652,-13.665815,35.05487,5.952475,User: user24<br>Type: 1min<br>Split: train
user25,1min,train,876,-22.242813,104.0879,-22.871128,27.346888,User: user25<br>Type: 1min<br>Split: train
user25,1min,train,877,-22.242813,104.0879,-22.87667,27.352444,User: user25<br>Type: 1min<br>Split: train
user25,1min,train,878,-22.242813,104.0879,-22.876966,27.352745,User: user25<br>Type: 1min<br>Split: train
user25,1min,train,879,-22.242813,104.0879,-22.875572,27.3513,User: user25<br>Type: 1min<br>Split: train
user25,1min,train,880,-22.242813,104.0879,-22.881891,27.35764,User: user25<br>Type: 1min<br>Split: train
user25,1min,train,881,-22.242813,104.0879,-22.880947,27.356707,User: user25<br>Type: 1min<br>Split: train
user25,1min,train,882,-22.242813,104.0879,-22.873821,27.349573,User: user25<br>Type: 1min<br>Split: train
user25,1min,train,883,-22.242813,104.0879,-22.879057,27.35474,User: user25<br>Type: 1min<br>Split: train
user25,1min,train,884,-22.242813,104.0879,-22.877235,27.35298,User: user25<br>Type: 1min<br>Split: train
user25,1min,train,885,-22.242813,104.0879,-22.87704,27.352776,User: user25<br>Type: 1min<br>Split: train
user25,1min,train,886,-22.242813,104.0879,-22.876997,27.352737,User: user25<br>Type: 1min<br>Split: train
user25,1min,train,887,-22.242813,104.0879,-22.879145,27.354897,User: user25<br>Type: 1min<br>Split: train
user25,1min,train,888,-22.242813,104.0879,-22.860306,27.336063,User: user25<br>Type: 1min<br>Split: train
user25,1min,train,889,-22.242813,104.0879,-22.87477,27.350521,User: user25<br>Type: 1min<br>Split: train
user25,1min,train,890,-22.242813,104.0879,-22.875101,27.350756,User: user25<br>Type: 1min<br>Split: train
user25,1min,train,891,-22.242813,104.0879,-22.877043,27.352795,User: user25<br>Type: 1min<br>Split: train
user25,1min,train,892,-22.242813,104.0879,-22.891487,27.36723,User: user25<br>Type: 1min<br>Split: train
user25,1min,train,893,-22.242813,104.0879,-22.886631,27.362078,User: user25<br>Type: 1min<br>Split: train
user25,1min,train,894,-22.242813,104.0879,-22.857086,27.33288,User: user25<br>Type: 1min<br>Split: train
user25,1min,train,895,-22.242813,104.0879,-22.878057,27.353819,User: user25<br>Type: 1min<br>Split: train
user25,1min,train,896,-22.242813,104.0879,-22.871817,27.347504,User: user25<br>Type: 1min<br>Split: train
user25,1min,train,897,-22.242813,104.0879,-22.879362,27.35514,User: user25<br>Type: 1min<br>Split: train
user25,1min,train,898,-22.242813,104.0879,-22.862188,27.337936,User: user25<br>Type: 1min<br>Split: train
user25,1min,train,899,-22.242813,104.0879,-22.863445,27.339235,User: user25<br>Type: 1min<br>Split: train
user25,1min,train,900,-22.242813,104.0879,-22.878588,27.35439,User: user25<br>Type: 1min<br>Split: train
user25,1min,train,901,-22.242813,104.0879,-22.872704,27.348446,User: user25<br>Type: 1min<br>Split: train
user25,1min,train,902,-22.242813,104.0879,-22.878119,27.353895,User: user25<br>Type: 1min<br>Split: train
user25,1min,train,903,-22.242813,104.0879,-22.869272,27.345036,User: user25<br>Type: 1min<br>Split: train
user25,1min,train,904,-22.242813,104.0879,-22.907629,27.38403,User: user25<br>Type: 1min<br>Split: train
user25,1min,train,905,-22.242813,104.0879,-22.833721,27.309532,User: user25<br>Type: 1min<br>Split: train
user25,1min,train,906,-22.242813,104.0879,-22.876785,27.352541,User: user25<br>Type: 1min<br>Split: train
user25,1min,train,907,-22.242813,104.0879,-22.876884,27.352655,User: user25<br>Type: 1min<br>Split: train
user25,1min,train,908,-22.242813,104.0879,-22.832396,27.308153,User: user25<br>Type: 1min<br>Split: train
user25,1min,train,909,-22.242813,104.0879,-22.878838,27.354605,User: user25<br>Type: 1min<br>Split: train
user25,1min,train,910,-22.242813,104.0879,-22.881124,27.357025,User: user25<br>Type: 1min<br>Split: train
user25,1min,train,911,-22.242813,104.0879,-22.874588,27.350252,User: user25<br>Type: 1min<br>Split: train
user25,1min,train,912,-22.242813,104.0879,-22.877907,27.353706,User: user25<br>Type: 1min<br>Split: train
user25,1min,train,913,-22.242813,104.0879,-22.884743,27.359636,User: user25<br>Type: 1min<br>Split: train
user25,1min,train,914,-22.242813,104.0879,-22.8731,27.348839,User: user25<br>Type: 1min<br>Split: train
user26,1min,train,915,130.12918,83.99052,18.473652,-6.1074877,User: user26<br>Type: 1min<br>Split: train
user26,1min,train,916,130.12918,83.99052,18.478296,-6.1044707,User: user26<br>Type: 1min<br>Split: train
user26,1min,train,917,130.12918,83.99052,18.466002,-6.1142316,User: user26<br>Type: 1min<br>Split: train
user26,1min,train,918,130.12918,83.99052,18.472956,-6.109209,User: user26<br>Type: 1min<br>Split: train
user26,1min,train,919,130.12918,83.99052,18.477163,-6.104119,User: user26<br>Type: 1min<br>Split: train
user26,1min,train,920,130.12918,83.99052,18.458792,-6.121529,User: user26<br>Type: 1min<br>Split: train
user26,1min,train,921,130.12918,83.99052,18.47745,-6.1049066,User: user26<br>Type: 1min<br>Split: train
user26,1min,train,922,130.12918,83.99052,18.460098,-6.1201763,User: user26<br>Type: 1min<br>Split: train
user26,1min,train,923,130.12918,83.99052,18.485634,-6.096928,User: user26<br>Type: 1min<br>Split: train
user26,1min,train,924,130.12918,83.99052,18.454554,-6.126052,User: user26<br>Type: 1min<br>Split: train
user26,1min,train,925,130.12918,83.99052,18.484097,-6.0983787,User: user26<br>Type: 1min<br>Split: train
user26,1min,train,926,130.12918,83.99052,18.457989,-6.123387,User: user26<br>Type: 1min<br>Split: train
user26,1min,train,927,130.12918,83.99052,18.467087,-6.114631,User: user26<br>Type: 1min<br>Split: train
user26,1min,train,928,130.12918,83.99052,18.475006,-6.106086,User: user26<br>Type: 1min<br>Split: train
user26,1min,train,929,130.12918,83.99052,18.492697,-6.088338,User: user26<br>Type: 1min<br>Split: train
user26,1min,train,930,130.12918,83.99052,18.485836,-6.0966735,User: user26<br>Type: 1min<br>Split: train
user26,1min,train,931,130.12918,83.99052,18.480042,-6.102775,User: user26<br>Type: 1min<br>Split: train
user26,1min,train,932,130.12918,83.99052,18.480545,-6.102255,User: user26<br>Type: 1min<br>Split: train
user26,1min,train,933,130.12918,83.99052,18.479881,-6.103228,User: user26<br>Type: 1min<br>Split: train
user26,1min,train,934,130.12918,83.99052,18.487411,-6.0998397,User: user26<br>Type: 1min<br>Split: train
user26,1min,train,935,130.12918,83.99052,18.478258,-6.1048045,User: user26<br>Type: 1min<br>Split: train
user26,1min,train,936,130.12918,83.99052,18.471848,-6.1085873,User: user26<br>Type: 1min<br>Split: train
user26,1min,train,937,130.12918,83.99052,18.48478,-6.09847,User: user26<br>Type: 1min<br>Split: train
user26,1min,train,938,130.12918,83.99052,18.478188,-6.105148,User: user26<br>Type: 1min<br>Split: train
user26,1min,train,939,130.12918,83.99052,18.458244,-6.1227856,User: user26<br>Type: 1min<br>Split: train
user26,1min,train,940,130.12918,83.99052,18.477213,-6.1061454,User: user26<br>Type: 1min<br>Split: train
user26,1min,train,941,130.12918,83.99052,18.447783,-6.1323986,User: user26<br>Type: 1min<br>Split: train
user26,1min,train,942,130.12918,83.99052,18.460678,-6.1197724,User: user26<br>Type: 1min<br>Split: train
user26,1min,train,943,130.12918,83.99052,18.479832,-6.103623,User: user26<br>Type: 1min<br>Split: train
user26,1min,train,944,130.12918,83.99052,18.47695,-6.105945,User: user26<br>Type: 1min<br>Split: train
user26,1min,train,945,130.12918,83.99052,18.467575,-6.11346,User: user26<br>Type: 1min<br>Split: train
user26,1min,train,946,130.12918,83.99052,18.513845,-6.0693035,User: user26<br>Type: 1min<br>Split: train
user26,1min,train,947,130.12918,83.99052,18.467297,-6.1134753,User: user26<br>Type: 1min<br>Split: train
user26,1min,train,948,130.12918,83.99052,18.458954,-6.1215,User: user26<br>Type: 1min<br>Split: train
user26,1min,train,949,130.12918,83.99052,18.459995,-6.12095,User: user26<br>Type: 1min<br>Split: train
user26,1min,train,950,130.12918,83.99052,18.46991,-6.110854,User: user26<br>Type: 1min<br>Split: train
user26,1min,train,951,130.12918,83.99052,18.468506,-6.1119957,User: user26<br>Type: 1min<br>Split: train
user26,1min,train,952,130.12918,83.99052,18.519154,-6.064084,User: user26<br>Type: 1min<br>Split: train
user26,1min,train,953,130.12918,83.99052,18.473375,-6.107938,User: user26<br>Type: 1min<br>Split: train
user26,1min,train,954,130.12918,83.99052,18.476162,-6.106833,User: user26<br>Type: 1min<br>Split: train
user26,1min,train,955,130.12918,83.99052,18.477072,-6.106295,User: user26<br>Type: 1min<br>Split: train
user26,1min,train,956,130.12918,83.99052,18.46002,-6.120704,User: user26<br>Type: 1min<br>Split: train
user26,1min,train,957,130.12918,83.99052,18.461224,-6.119341,User: user26<br>Type: 1min<br>Split: train
user26,1min,train,958,130.12918,83.99052,18.454397,-6.127534,User: user26<br>Type: 1min<br>Split: train
user27,1min,train,959,193.67253,-72.78571,29.8026,4.234728,User: user27<br>Type: 1min<br>Split: train
user27,1min,train,960,193.67253,-72.78571,29.80235,4.2345476,User: user27<br>Type: 1min<br>Split: train
user27,1min,train,961,193.67253,-72.78571,29.801916,4.2343884,User: user27<br>Type: 1min<br>Split: train
user27,1min,train,962,193.67253,-72.78571,29.802305,4.2345495,User: user27<br>Type: 1min<br>Split: train
user27,1min,train,963,193.67253,-72.78571,29.802347,4.234557,User: user27<br>Type: 1min<br>Split: train
user27,1min,train,964,193.67253,-72.78571,31.724628,7.229553,User: user27<br>Type: 1min<br>Split: train
user27,1min,train,965,193.67253,-72.78571,29.802275,4.234658,User: user27<br>Type: 1min<br>Split: train
user27,1min,train,966,193.67253,-72.78571,31.724665,7.2294993,User: user27<br>Type: 1min<br>Split: train
user27,1min,train,967,193.67253,-72.78571,31.724348,7.2297964,User: user27<br>Type: 1min<br>Split: train
user27,1min,train,968,193.67253,-72.78571,29.802372,4.2345695,User: user27<br>Type: 1min<br>Split: train
user27,1min,train,969,193.67253,-72.78571,31.724854,7.229261,User: user27<br>Type: 1min<br>Split: train
user27,1min,train,970,193.67253,-72.78571,31.724627,7.2295256,User: user27<br>Type: 1min<br>Split: train
user27,1min,train,971,193.67253,-72.78571,31.724712,7.2296257,User: user27<br>Type: 1min<br>Split: train
user27,1min,train,972,193.67253,-72.78571,29.802439,4.2346077,User: user27<br>Type: 1min<br>Split: train
user27,1min,train,973,193.67253,-72.78571,31.724642,7.2295213,User: user27<br>Type: 1min<br>Split: train
user27,1min,train,974,193.67253,-72.78571,31.72463,7.2295423,User: user27<br>Type: 1min<br>Split: train
user27,1min,train,975,193.67253,-72.78571,29.802654,4.234727,User: user27<br>Type: 1min<br>Split: train
user27,1min,train,976,193.67253,-72.78571,29.802488,4.23465,User: user27<br>Type: 1min<br>Split: train
user27,1min,train,977,193.67253,-72.78571,29.801996,4.234522,User: user27<br>Type: 1min<br>Split: train
user27,1min,train,978,193.67253,-72.78571,29.802347,4.234594,User: user27<br>Type: 1min<br>Split: train
user27,1min,train,979,193.67253,-72.78571,31.724623,7.229559,User: user27<br>Type: 1min<br>Split: train
user27,1min,train,980,193.67253,-72.78571,31.724672,7.2295294,User: user27<br>Type: 1min<br>Split: train
user27,1min,train,981,193.67253,-72.78571,31.724665,7.2295346,User: user27<br>Type: 1min<br>Split: train
user27,1min,train,982,193.67253,-72.78571,31.724535,7.229661,User: user27<br>Type: 1min<br>Split: train
user27,1min,train,983,193.67253,-72.78571,31.724152,7.2299533,User: user27<br>Type: 1min<br>Split: train
user27,1min,train,984,193.67253,-72.78571,29.80239,4.2345853,User: user27<br>Type: 1min<br>Split: train
user27,1min,train,985,193.67253,-72.78571,31.724585,7.229638,User: user27<br>Type: 1min<br>Split: train
user27,1min,train,986,193.67253,-72.78571,31.724577,7.2296185,User: user27<br>Type: 1min<br>Split: train
user27,1min,train,987,193.67253,-72.78571,29.801977,4.234437,User: user27<br>Type: 1min<br>Split: train
user27,1min,train,988,193.67253,-72.78571,29.802355,4.2345834,User: user27<br>Type: 1min<br>Split: train
user27,1min,train,989,193.67253,-72.78571,29.80236,4.234576,User: user27<br>Type: 1min<br>Split: train
user27,1min,train,990,193.67253,-72.78571,31.724648,7.2295346,User: user27<br>Type: 1min<br>Split: train
user27,1min,train,991,193.67253,-72.78571,29.802399,4.234642,User: user27<br>Type: 1min<br>Split: train
user27,1min,train,992,193.67253,-72.78571,29.80178,4.2346487,User: user27<br>Type: 1min<br>Split: train
user27,1min,train,993,193.67253,-72.78571,31.724594,7.229477,User: user27<br>Type: 1min<br>Split: train
user27,1min,train,994,193.67253,-72.78571,31.725016,7.229385,User: user27<br>Type: 1min<br>Split: train
user27,1min,train,995,193.67253,-72.78571,29.80236,4.2345595,User: user27<br>Type: 1min<br>Split: train
user27,1min,train,996,193.67253,-72.78571,29.802416,4.234586,User: user27<br>Type: 1min<br>Split: train
user27,1min,train,997,193.67253,-72.78571,31.722591,7.232524,User: user27<br>Type: 1min<br>Split: train
user27,1min,train,998,193.67253,-72.78571,29.802492,4.2346096,User: user27<br>Type: 1min<br>Split: train
user27,1min,train,999,193.67253,-72.78571,31.724527,7.22963,User: user27<br>Type: 1min<br>Split: train
user27,1min,train,1000,193.67253,-72.78571,31.72463,7.2295594,User: user27<br>Type: 1min<br>Split: train
user28,1min,train,1001,32.73809,58.7959,8.786809,34.05815,User: user28<br>Type: 1min<br>Split: train
user28,1min,train,1002,32.73809,58.7959,8.78681,34.058144,User: user28<br>Type: 1min<br>Split: train
user28,1min,train,1003,32.73809,58.7959,5.5038915,36.638737,User: user28<br>Type: 1min<br>Split: train
user28,1min,train,1004,32.73809,58.7959,8.786829,34.058132,User: user28<br>Type: 1min<br>Split: train
user28,1min,train,1005,32.73809,58.7959,8.786851,34.05814,User: user28<br>Type: 1min<br>Split: train
user28,1min,train,1006,32.73809,58.7959,8.786834,34.058136,User: user28<br>Type: 1min<br>Split: train
user28,1min,train,1007,32.73809,58.7959,8.786696,34.05878,User: user28<br>Type: 1min<br>Split: train
user28,1min,train,1008,32.73809,58.7959,5.5039325,36.63859,User: user28<br>Type: 1min<br>Split: train
user28,1min,train,1009,32.73809,58.7959,5.5040035,36.63858,User: user28<br>Type: 1min<br>Split: train
user28,1min,train,1010,33.080883,64.24179,8.786865,34.058243,User: user28<br>Type: 1min<br>Split: train
user28,1min,train,1011,33.080883,64.24179,8.786823,34.05821,User: user28<br>Type: 1min<br>Split: train
user28,1min,train,1012,33.080883,64.24179,5.5039225,36.638683,User: user28<br>Type: 1min<br>Split: train
user28,1min,train,1013,33.080883,64.24179,5.5038943,36.63874,User: user28<br>Type: 1min<br>Split: train
user28,1min,train,1014,33.080883,64.24179,5.5038843,36.638737,User: user28<br>Type: 1min<br>Split: train
user28,1min,train,1015,33.080883,64.24179,8.787331,34.058735,User: user28<br>Type: 1min<br>Split: train
user28,1min,train,1016,33.080883,64.24179,5.5038867,36.638737,User: user28<br>Type: 1min<br>Split: train
user28,1min,train,1017,33.080883,64.24179,5.503894,36.638733,User: user28<br>Type: 1min<br>Split: train
user28,1min,train,1018,33.080883,64.24179,5.503916,36.63875,User: user28<br>Type: 1min<br>Split: train
user28,1min,train,1019,33.080883,64.24179,8.786811,34.058273,User: user28<br>Type: 1min<br>Split: train
user28,1min,train,1020,33.080883,64.24179,8.787129,34.05803,User: user28<br>Type: 1min<br>Split: train
user28,1min,train,1021,33.080883,64.24179,5.5039163,36.638744,User: user28<br>Type: 1min<br>Split: train
user28,1min,train,1022,24.959963,61.624477,5.503907,36.63875,User: user28<br>Type: 1min<br>Split: train
user28,1min,train,1023,24.959963,61.624477,8.786962,34.058346,User: user28<br>Type: 1min<br>Split: train
user28,1min,train,1024,33.080883,64.24179,5.5038958,36.63878,User: user28<br>Type: 1min<br>Split: train
user28,1min,train,1025,33.080883,64.24179,8.786974,34.058285,User: user28<br>Type: 1min<br>Split: train
user28,1min,train,1026,33.080883,64.24179,8.786927,34.058277,User: user28<br>Type: 1min<br>Split: train
user28,1min,train,1027,32.73809,58.7959,5.5038934,36.638786,User: user28<br>Type: 1min<br>Split: train
user28,1min,train,1028,33.080883,64.24179,5.5039234,36.63877,User: user28<br>Type: 1min<br>Split: train
user28,1min,train,1029,32.73809,58.7959,8.786973,34.058292,User: user28<br>Type: 1min<br>Split: train
user28,1min,train,1030,32.73809,58.7959,8.786875,34.05825,User: user28<br>Type: 1min<br>Split: train
user28,1min,train,1031,32.73809,58.7959,5.5034394,36.63971,User: user28<br>Type: 1min<br>Split: train
user28,1min,train,1032,32.73809,58.7959,8.786888,34.05824,User: user28<br>Type: 1min<br>Split: train
user28,1min,train,1033,32.73809,58.7959,8.7871275,34.058174,User: user28<br>Type: 1min<br>Split: train
user28,1min,train,1034,32.73809,58.7959,5.504021,36.63878,User: user28<br>Type: 1min<br>Split: train
user28,1min,train,1035,32.73809,58.7959,5.5039105,36.638805,User: user28<br>Type: 1min<br>Split: train
user28,1min,train,1036,32.73809,58.7959,8.786885,34.058308,User: user28<br>Type: 1min<br>Split: train
user28,1min,train,1037,32.73809,58.7959,8.786861,34.058285,User: user28<br>Type: 1min<br>Split: train
user28,1min,train,1038,32.73809,58.7959,5.5038705,36.638798,User: user28<br>Type: 1min<br>Split: train
user28,1min,train,1039,32.73809,58.7959,8.786894,34.058292,User: user28<br>Type: 1min<br>Split: train
user28,1min,train,1040,32.73809,58.7959,8.788018,34.058994,User: user28<br>Type: 1min<br>Split: train
user28,1min,train,1041,32.73809,58.7959,8.786896,34.05826,User: user28<br>Type: 1min<br>Split: train
user28,1min,train,1042,32.73809,58.7959,5.5038705,36.63877,User: user28<br>Type: 1min<br>Split: train
user29,1min,train,1043,-99.091324,107.28848,-4.4707255,37.901386,User: user29<br>Type: 1min<br>Split: train
user29,1min,train,1044,-99.091324,107.28848,-4.466897,37.897514,User: user29<br>Type: 1min<br>Split: train
user29,1min,train,1045,-99.091324,107.28848,-4.462284,37.892986,User: user29<br>Type: 1min<br>Split: train
user29,1min,train,1046,-99.091324,107.28848,-4.4737253,37.904377,User: user29<br>Type: 1min<br>Split: train
user29,1min,train,1047,-99.091324,107.28848,-4.4693704,37.90009,User: user29<br>Type: 1min<br>Split: train
user29,1min,train,1048,-99.091324,107.28848,-4.484289,37.91511,User: user29<br>Type: 1min<br>Split: train
user29,1min,train,1049,-99.091324,107.28848,-4.4672704,37.89799,User: user29<br>Type: 1min<br>Split: train
user29,1min,train,1050,-99.091324,107.28848,-4.468669,37.899384,User: user29<br>Type: 1min<br>Split: train
user29,1min,train,1051,-99.091324,107.28848,-4.4807243,37.911385,User: user29<br>Type: 1min<br>Split: train
user29,1min,train,1052,-99.091324,107.28848,-4.4688935,37.89961,User: user29<br>Type: 1min<br>Split: train
user29,1min,train,1053,-99.091324,107.28848,-4.468921,37.899487,User: user29<br>Type: 1min<br>Split: train
user29,1min,train,1054,-99.091324,107.28848,-4.475518,37.906513,User: user29<br>Type: 1min<br>Split: train
user29,1min,train,1055,-99.091324,107.28848,-4.4745646,37.905216,User: user29<br>Type: 1min<br>Split: train
user29,1min,train,1056,-99.091324,107.28848,-4.4948525,37.925617,User: user29<br>Type: 1min<br>Split: train
user29,1min,train,1057,-99.091324,107.28848,-4.4703755,37.901123,User: user29<br>Type: 1min<br>Split: train
user29,1min,train,1058,-99.091324,107.28848,-4.4685388,37.89936,User: user29<br>Type: 1min<br>Split: train
user29,1min,train,1059,-99.091324,107.28848,-4.457061,37.887978,User: user29<br>Type: 1min<br>Split: train
user29,1min,train,1060,-99.091324,107.28848,-4.4823055,37.913074,User: user29<br>Type: 1min<br>Split: train
user29,1min,train,1061,-99.091324,107.28848,-4.469458,37.90052,User: user29<br>Type: 1min<br>Split: train
user29,1min,train,1062,-99.091324,107.28848,-4.4788136,37.90993,User: user29<br>Type: 1min<br>Split: train
user29,1min,train,1063,-99.091324,107.28848,-4.4759564,37.907066,User: user29<br>Type: 1min<br>Split: train
user29,1min,train,1064,-99.091324,107.28848,-4.470269,37.90113,User: user29<br>Type: 1min<br>Split: train
user29,1min,train,1065,-99.091324,107.28848,-4.469695,37.90014,User: user29<br>Type: 1min<br>Split: train
user29,1min,train,1066,-99.091324,107.28848,-4.469714,37.900524,User: user29<br>Type: 1min<br>Split: train
user29,1min,train,1067,-99.091324,107.28848,-4.4573417,37.890022,User: user29<br>Type: 1min<br>Split: train
user29,1min,train,1068,-99.091324,107.28848,-4.4696093,37.900543,User: user29<br>Type: 1min<br>Split: train
user29,1min,train,1069,-99.091324,107.28848,-4.4617677,37.892773,User: user29<br>Type: 1min<br>Split: train
user29,1min,train,1070,-99.091324,107.28848,-4.4608397,37.891735,User: user29<br>Type: 1min<br>Split: train
user29,1min,train,1071,-99.091324,107.28848,-4.4688888,37.899742,User: user29<br>Type: 1min<br>Split: train
user29,1min,train,1072,-99.091324,107.28848,-4.4689536,37.89986,User: user29<br>Type: 1min<br>Split: train
user29,1min,train,1073,-99.091324,107.28848,-4.4797525,37.910736,User: user29<br>Type: 1min<br>Split: train
user29,1min,train,1074,-99.091324,107.28848,-4.462492,37.893482,User: user29<br>Type: 1min<br>Split: train
user29,1min,train,1075,-99.091324,107.28848,-4.458892,37.889656,User: user29<br>Type: 1min<br>Split: train
user29,1min,train,1076,-99.091324,107.28848,-4.4700584,37.90095,User: user29<br>Type: 1min<br>Split: train
user29,1min,train,1077,-99.091324,107.28848,-4.493207,37.924004,User: user29<br>Type: 1min<br>Split: train
user29,1min,train,1078,-99.091324,107.28848,-4.477575,37.90512,User: user29<br>Type: 1min<br>Split: train
user29,1min,train,1079,-99.091324,107.28848,-4.4431133,37.873806,User: user29<br>Type: 1min<br>Split: train
user29,1min,train,1080,-99.091324,107.28848,-4.4822598,37.91304,User: user29<br>Type: 1min<br>Split: train
user29,1min,train,1081,-99.091324,107.28848,-4.4784155,37.90911,User: user29<br>Type: 1min<br>Split: train
user29,1min,train,1082,-99.091324,107.28848,-4.469114,37.89989,User: user29<br>Type: 1min<br>Split: train
user29,1min,train,1083,-99.091324,107.28848,-4.469257,37.89999,User: user29<br>Type: 1min<br>Split: train
user29,1min,train,1084,-99.091324,107.28848,-4.4693904,37.900135,User: user29<br>Type: 1min<br>Split: train
user29,1min,train,1085,-99.091324,107.28848,-4.462619,37.893307,User: user29<br>Type: 1min<br>Split: train
user29,1min,train,1086,-99.091324,107.28848,-4.439819,37.870422,User: user29<br>Type: 1min<br>Split: train
user29,1min,train,1087,-99.091324,107.28848,-4.4677596,37.89851,User: user29<br>Type: 1min<br>Split: train
user3,1min,train,1088,6.3432417,176.55115,-6.327318,33.490345,User: user3<br>Type: 1min<br>Split: train
user3,1min,train,1089,6.3432417,176.55115,-6.3269844,33.490673,User: user3<br>Type: 1min<br>Split: train
user3,1min,train,1090,6.3432417,176.55115,-6.2996464,33.518032,User: user3<br>Type: 1min<br>Split: train
user3,1min,train,1091,6.3432417,176.55115,-6.322073,33.495617,User: user3<br>Type: 1min<br>Split: train
user3,1min,train,1092,6.3432417,176.55115,-6.4385505,33.379158,User: user3<br>Type: 1min<br>Split: train
user3,1min,train,1093,6.3432417,176.55115,-6.3234673,33.49424,User: user3<br>Type: 1min<br>Split: train
user3,1min,train,1094,6.3432417,176.55115,-6.447375,33.37036,User: user3<br>Type: 1min<br>Split: train
user3,1min,train,1095,6.3432417,176.55115,-6.438889,33.378826,User: user3<br>Type: 1min<br>Split: train
user3,1min,train,1096,6.3432417,176.55115,-6.3287954,33.488808,User: user3<br>Type: 1min<br>Split: train
user3,1min,train,1097,6.3432417,176.55115,-6.329297,33.48839,User: user3<br>Type: 1min<br>Split: train
user3,1min,train,1098,6.3432417,176.55115,-6.3262014,33.49145,User: user3<br>Type: 1min<br>Split: train
user3,1min,train,1099,6.3432417,176.55115,-6.3277926,33.489918,User: user3<br>Type: 1min<br>Split: train
user3,1min,train,1100,6.3432417,176.55115,-6.3188224,33.498905,User: user3<br>Type: 1min<br>Split: train
user3,1min,train,1101,6.3432417,176.55115,-6.325998,33.491714,User: user3<br>Type: 1min<br>Split: train
user3,1min,train,1102,6.3432417,176.55115,-6.4387116,33.37903,User: user3<br>Type: 1min<br>Split: train
user3,1min,train,1103,6.3432417,176.55115,-6.3255854,33.49215,User: user3<br>Type: 1min<br>Split: train
user3,1min,train,1104,6.3432417,176.55115,-6.3320556,33.485374,User: user3<br>Type: 1min<br>Split: train
user3,1min,train,1105,6.3432417,176.55115,-6.284496,33.533108,User: user3<br>Type: 1min<br>Split: train
user3,1min,train,1106,6.3432417,176.55115,-6.313012,33.50473,User: user3<br>Type: 1min<br>Split: train
user3,1min,train,1107,6.3432417,176.55115,-6.4454465,33.372364,User: user3<br>Type: 1min<br>Split: train
user3,1min,train,1108,6.3432417,176.55115,-6.4417763,33.376072,User: user3<br>Type: 1min<br>Split: train
user3,1min,train,1109,6.3432417,176.55115,-6.443529,33.37427,User: user3<br>Type: 1min<br>Split: train
user3,1min,train,1110,6.3432417,176.55115,-6.4451327,33.372673,User: user3<br>Type: 1min<br>Split: train
user3,1min,train,1111,6.3432417,176.55115,-6.331141,33.48655,User: user3<br>Type: 1min<br>Split: train
user3,1min,train,1112,6.3432417,176.55115,-6.3151937,33.502785,User: user3<br>Type: 1min<br>Split: train
user3,1min,train,1113,6.3432417,176.55115,-6.329648,33.488117,User: user3<br>Type: 1min<br>Split: train
user3,1min,train,1114,6.3432417,176.55115,-6.3159103,33.50181,User: user3<br>Type: 1min<br>Split: train
user3,1min,train,1115,6.3432417,176.55115,-6.3300695,33.487564,User: user3<br>Type: 1min<br>Split: train
user3,1min,train,1116,6.3432417,176.55115,-6.442359,33.375454,User: user3<br>Type: 1min<br>Split: train
user3,1min,train,1117,6.3432417,176.55115,-6.3426003,33.47502,User: user3<br>Type: 1min<br>Split: train
user3,1min,train,1118,15.470301,175.50325,-6.380131,33.437634,User: user3<br>Type: 1min<br>Split: train
user3,1min,train,1119,15.470301,175.50325,-6.385045,33.43285,User: user3<br>Type: 1min<br>Split: train
user3,1min,train,1120,6.3432417,176.55115,-6.4593244,33.35865,User: user3<br>Type: 1min<br>Split: train
user3,1min,train,1121,6.3432417,176.55115,-6.433383,33.38445,User: user3<br>Type: 1min<br>Split: train
user3,1min,train,1122,6.3432417,176.55115,-6.3315754,33.48623,User: user3<br>Type: 1min<br>Split: train
user3,1min,train,1123,6.3432417,176.55115,-6.4466724,33.372,User: user3<br>Type: 1min<br>Split: train
user3,1min,train,1124,6.3432417,176.55115,-6.438926,33.378956,User: user3<br>Type: 1min<br>Split: train
user3,1min,train,1125,6.3432417,176.55115,-6.4257503,33.392082,User: user3<br>Type: 1min<br>Split: train
user3,1min,train,1126,6.3432417,176.55115,-6.4457603,33.372166,User: user3<br>Type: 1min<br>Split: train
user3,1min,train,1127,6.3432417,176.55115,-6.4426355,33.375263,User: user3<br>Type: 1min<br>Split: train
user3,1min,train,1128,6.3432417,176.55115,-6.438782,33.379158,User: user3<br>Type: 1min<br>Split: train
user3,1min,train,1129,6.3432417,176.55115,-6.4388056,33.37902,User: user3<br>Type: 1min<br>Split: train
user3,1min,train,1130,6.3432417,176.55115,-6.3250184,33.49272,User: user3<br>Type: 1min<br>Split: train
user3,1min,train,1131,6.3432417,176.55115,-6.3125687,33.505234,User: user3<br>Type: 1min<br>Split: train
user3,1min,train,1132,6.3432417,176.55115,-6.448655,33.36922,User: user3<br>Type: 1min<br>Split: train
user30,1min,train,1133,-7.734976,-140.22911,3.8368285,-24.366549,User: user30<br>Type: 1min<br>Split: train
user30,1min,train,1134,7.670691,-156.97093,-5.4744377,-20.947807,User: user30<br>Type: 1min<br>Split: train
user30,1min,train,1135,7.670691,-156.97093,-5.4743304,-20.94781,User: user30<br>Type: 1min<br>Split: train
user30,1min,train,1136,7.670691,-156.97093,-5.474301,-20.947784,User: user30<br>Type: 1min<br>Split: train
user30,1min,train,1137,7.670691,-156.97093,3.8365672,-24.366512,User: user30<br>Type: 1min<br>Split: train
user30,1min,train,1138,7.670691,-156.97093,-5.4742937,-20.947754,User: user30<br>Type: 1min<br>Split: train
user30,1min,train,1139,7.670691,-156.97093,-5.474278,-20.94774,User: user30<br>Type: 1min<br>Split: train
user30,1min,train,1140,7.670691,-156.97093,3.8364964,-24.36649,User: user30<br>Type: 1min<br>Split: train
user30,1min,train,1141,7.670691,-156.97093,-5.474255,-20.947756,User: user30<br>Type: 1min<br>Split: train
user30,1min,train,1142,7.670691,-156.97093,3.8367147,-24.366774,User: user30<br>Type: 1min<br>Split: train
user30,1min,train,1143,7.670691,-156.97093,3.8300862,-24.360212,User: user30<br>Type: 1min<br>Split: train
user30,1min,train,1144,7.670691,-156.97093,-5.4741545,-20.947754,User: user30<br>Type: 1min<br>Split: train
user30,1min,train,1145,7.670691,-156.97093,3.836484,-24.36646,User: user30<br>Type: 1min<br>Split: train
user30,1min,train,1146,7.670691,-156.97093,-5.474161,-20.947638,User: user30<br>Type: 1min<br>Split: train
user30,1min,train,1147,7.670691,-156.97093,3.8368526,-24.36691,User: user30<br>Type: 1min<br>Split: train
user30,1min,train,1148,7.670691,-156.97093,3.8363607,-24.366425,User: user30<br>Type: 1min<br>Split: train
user30,1min,train,1149,7.670691,-156.97093,3.837637,-24.36763,User: user30<br>Type: 1min<br>Split: train
user30,1min,train,1150,-0.77786994,-149.71747,-5.473995,-20.947474,User: user30<br>Type: 1min<br>Split: train
user30,1min,train,1151,-0.77786994,-149.71747,-5.474082,-20.947536,User: user30<br>Type: 1min<br>Split: train
user30,1min,train,1152,7.670691,-156.97093,3.8363008,-24.366323,User: user30<br>Type: 1min<br>Split: train
user30,1min,train,1153,7.670691,-156.97093,-5.4738846,-20.947428,User: user30<br>Type: 1min<br>Split: train
user30,1min,train,1154,7.670691,-156.97093,3.835668,-24.365692,User: user30<br>Type: 1min<br>Split: train
user30,1min,train,1155,-7.734976,-140.22911,-5.4739165,-20.947456,User: user30<br>Type: 1min<br>Split: train
user30,1min,train,1156,-7.734976,-140.22911,3.8361402,-24.366085,User: user30<br>Type: 1min<br>Split: train
user30,1min,train,1157,-7.734976,-140.22911,-5.473994,-20.947489,User: user30<br>Type: 1min<br>Split: train
user30,1min,train,1158,-7.734976,-140.22911,3.8371115,-24.367247,User: user30<br>Type: 1min<br>Split: train
user30,1min,train,1159,-7.734976,-140.22911,-5.4738684,-20.947454,User: user30<br>Type: 1min<br>Split: train
user30,1min,train,1160,-7.734976,-140.22911,3.8309493,-24.360815,User: user30<br>Type: 1min<br>Split: train
user30,1min,train,1161,-7.734976,-140.22911,-5.471905,-20.94555,User: user30<br>Type: 1min<br>Split: train
user30,1min,train,1162,-7.734976,-140.22911,-5.474797,-20.948114,User: user30<br>Type: 1min<br>Split: train
user30,1min,train,1163,-7.734976,-140.22911,3.8365948,-24.36181,User: user30<br>Type: 1min<br>Split: train
user30,1min,train,1164,-7.734976,-140.22911,3.836156,-24.36593,User: user30<br>Type: 1min<br>Split: train
user30,1min,train,1165,-7.734976,-140.22911,3.8361065,-24.365953,User: user30<br>Type: 1min<br>Split: train
user30,1min,train,1166,-7.734976,-140.22911,3.8392875,-24.369112,User: user30<br>Type: 1min<br>Split: train
user30,1min,train,1167,-7.734976,-140.22911,3.8125691,-24.3442,User: user30<br>Type: 1min<br>Split: train
user30,1min,train,1168,-7.734976,-140.22911,3.836042,-24.36584,User: user30<br>Type: 1min<br>Split: train
user30,1min,train,1169,-7.734976,-140.22911,3.8247309,-24.361326,User: user30<br>Type: 1min<br>Split: train
user30,1min,train,1170,7.670691,-156.97093,-5.474802,-20.94803,User: user30<br>Type: 1min<br>Split: train
user30,1min,train,1171,7.670691,-156.97093,3.83585,-24.365776,User: user30<br>Type: 1min<br>Split: train
user30,1min,train,1172,7.670691,-156.97093,-5.4455714,-20.920345,User: user30<br>Type: 1min<br>Split: train
user30,1min,train,1173,7.670691,-156.97093,3.8358495,-24.365908,User: user30<br>Type: 1min<br>Split: train
user30,1min,train,1174,7.670691,-156.97093,3.83696,-24.366482,User: user30<br>Type: 1min<br>Split: train
user30,1min,train,1175,7.670691,-156.97093,-5.474231,-20.947603,User: user30<br>Type: 1min<br>Split: train
user30,1min,train,1176,-7.734976,-140.22911,3.8359466,-24.365849,User: user30<br>Type: 1min<br>Split: train
user30,1min,train,1177,-7.734976,-140.22911,-5.4740624,-20.947664,User: user30<br>Type: 1min<br>Split: train
user30,1min,train,1178,7.670691,-156.97093,-5.4739413,-20.949156,User: user30<br>Type: 1min<br>Split: train
user30,1min,train,1179,7.670691,-156.97093,-5.4743204,-20.947872,User: user30<br>Type: 1min<br>Split: train
user30,1min,train,1180,7.670691,-156.97093,3.8358748,-24.365889,User: user30<br>Type: 1min<br>Split: train
user30,1min,train,1181,7.670691,-156.97093,3.8375256,-24.367807,User: user30<br>Type: 1min<br>Split: train
user30,1min,train,1182,-0.77786994,-149.71747,3.8405743,-24.373295,User: user30<br>Type: 1min<br>Split: train
user31,1min,train,1183,97.350235,-39.026566,25.703209,-0.80576783,User: user31<br>Type: 1min<br>Split: train
user31,1min,train,1184,105.64757,-36.64431,27.99966,14.759225,User: user31<br>Type: 1min<br>Split: train
user31,1min,train,1185,105.64757,-36.64431,25.703234,-0.80578756,User: user31<br>Type: 1min<br>Split: train
user31,1min,train,1186,105.64757,-36.64431,25.703203,-0.8058166,User: user31<br>Type: 1min<br>Split: train
user31,1min,train,1187,105.64757,-36.64431,27.999653,14.759195,User: user31<br>Type: 1min<br>Split: train
user31,1min,train,1188,105.64757,-36.64431,27.999655,14.759185,User: user31<br>Type: 1min<br>Split: train
user31,1min,train,1189,105.64757,-36.64431,27.999657,14.75916,User: user31<br>Type: 1min<br>Split: train
user31,1min,train,1190,105.64757,-36.64431,27.99962,14.759109,User: user31<br>Type: 1min<br>Split: train
user31,1min,train,1191,105.64757,-36.64431,25.70291,-0.805436,User: user31<br>Type: 1min<br>Split: train
user31,1min,train,1192,105.64757,-36.64431,25.703272,-0.8058146,User: user31<br>Type: 1min<br>Split: train
user31,1min,train,1193,105.64757,-36.64431,25.703321,-0.8058916,User: user31<br>Type: 1min<br>Split: train
user31,1min,train,1194,105.64757,-36.64431,25.703306,-0.8059683,User: user31<br>Type: 1min<br>Split: train
user31,1min,train,1195,105.64757,-36.64431,25.703423,-0.80590093,User: user31<br>Type: 1min<br>Split: train
user31,1min,train,1196,105.64757,-36.64431,27.99967,14.759175,User: user31<br>Type: 1min<br>Split: train
user31,1min,train,1197,105.64757,-36.64431,27.999706,14.759068,User: user31<br>Type: 1min<br>Split: train
user31,1min,train,1198,105.64757,-36.64431,25.703342,-0.8059067,User: user31<br>Type: 1min<br>Split: train
user31,1min,train,1199,105.64757,-36.64431,27.999647,14.759225,User: user31<br>Type: 1min<br>Split: train
user31,1min,train,1200,105.64757,-36.64431,25.703373,-0.8058949,User: user31<br>Type: 1min<br>Split: train
user31,1min,train,1201,105.64757,-36.64431,27.999664,14.759225,User: user31<br>Type: 1min<br>Split: train
user31,1min,train,1202,105.64757,-36.64431,27.999454,14.759304,User: user31<br>Type: 1min<br>Split: train
user31,1min,train,1203,105.64757,-36.64431,25.703426,-0.8059362,User: user31<br>Type: 1min<br>Split: train
user31,1min,train,1204,105.64757,-36.64431,25.703396,-0.8059491,User: user31<br>Type: 1min<br>Split: train
user31,1min,train,1205,105.64757,-36.64431,27.999647,14.759135,User: user31<br>Type: 1min<br>Split: train
user31,1min,train,1206,105.64757,-36.64431,25.702387,-0.805601,User: user31<br>Type: 1min<br>Split: train
user31,1min,train,1207,105.64757,-36.64431,27.99964,14.7592325,User: user31<br>Type: 1min<br>Split: train
user31,1min,train,1208,105.64757,-36.64431,25.703413,-0.8059365,User: user31<br>Type: 1min<br>Split: train
user31,1min,train,1209,105.64757,-36.64431,25.703463,-0.8060242,User: user31<br>Type: 1min<br>Split: train
user31,1min,train,1210,105.64757,-36.64431,25.702883,-0.805588,User: user31<br>Type: 1min<br>Split: train
user31,1min,train,1211,105.64757,-36.64431,27.999502,14.759291,User: user31<br>Type: 1min<br>Split: train
user31,1min,train,1212,105.64757,-36.64431,27.999315,14.759311,User: user31<br>Type: 1min<br>Split: train
user31,1min,train,1213,105.64757,-36.64431,27.999575,14.759267,User: user31<br>Type: 1min<br>Split: train
user31,1min,train,1214,97.350235,-39.026566,25.70295,-0.80563045,User: user31<br>Type: 1min<br>Split: train
user31,1min,train,1215,97.350235,-39.026566,25.702885,-0.8055745,User: user31<br>Type: 1min<br>Split: train
user31,1min,train,1216,105.64757,-36.64431,27.999575,14.759124,User: user31<br>Type: 1min<br>Split: train
user31,1min,train,1217,105.64757,-36.64431,25.702854,-0.8055663,User: user31<br>Type: 1min<br>Split: train
user31,1min,train,1218,105.64757,-36.64431,27.999615,14.759216,User: user31<br>Type: 1min<br>Split: train
user31,1min,train,1219,105.64757,-36.64431,25.702896,-0.8056322,User: user31<br>Type: 1min<br>Split: train
user31,1min,train,1220,105.64757,-36.64431,27.999624,14.759131,User: user31<br>Type: 1min<br>Split: train
user31,1min,train,1221,105.64757,-36.64431,25.710072,-0.8125746,User: user31<br>Type: 1min<br>Split: train
user31,1min,train,1222,105.64757,-36.64431,25.703543,-0.8055757,User: user31<br>Type: 1min<br>Split: train
user31,1min,train,1223,105.64757,-36.64431,27.999619,14.759196,User: user31<br>Type: 1min<br>Split: train
user32,1min,train,1224,70.51692,173.2435,0.42591357,36.427586,User: user32<br>Type: 1min<br>Split: train
user32,1min,train,1225,70.51692,173.2435,0.41213623,36.41374,User: user32<br>Type: 1min<br>Split: train
user32,1min,train,1226,70.51692,173.2435,0.42105925,36.422737,User: user32<br>Type: 1min<br>Split: train
user32,1min,train,1227,70.51692,173.2435,0.4266885,36.42835,User: user32<br>Type: 1min<br>Split: train
user32,1min,train,1228,70.51692,173.2435,0.4219378,36.423576,User: user32<br>Type: 1min<br>Split: train
user32,1min,train,1229,70.51692,173.2435,0.41220745,36.413868,User: user32<br>Type: 1min<br>Split: train
user32,1min,train,1230,70.51692,173.2435,0.41655356,36.41829,User: user32<br>Type: 1min<br>Split: train
user32,1min,train,1231,70.51692,173.2435,0.42190793,36.423588,User: user32<br>Type: 1min<br>Split: train
user32,1min,train,1232,70.51692,173.2435,0.42189765,36.42358,User: user32<br>Type: 1min<br>Split: train
user32,1min,train,1233,70.51692,173.2435,0.42438084,36.426075,User: user32<br>Type: 1min<br>Split: train
user32,1min,train,1234,70.51692,173.2435,0.41670713,36.418427,User: user32<br>Type: 1min<br>Split: train
user32,1min,train,1235,70.51692,173.2435,0.422464,36.424194,User: user32<br>Type: 1min<br>Split: train
user32,1min,train,1236,70.51692,173.2435,0.4252304,36.426918,User: user32<br>Type: 1min<br>Split: train
user32,1min,train,1237,70.51692,173.2435,0.42158324,36.423294,User: user32<br>Type: 1min<br>Split: train
user32,1min,train,1238,70.51692,173.2435,0.43219104,36.433914,User: user32<br>Type: 1min<br>Split: train
user32,1min,train,1239,70.51692,173.2435,0.41090128,36.41577,User: user32<br>Type: 1min<br>Split: train
user32,1min,train,1240,70.51692,173.2435,0.44403112,36.44571,User: user32<br>Type: 1min<br>Split: train
user32,1min,train,1241,70.51692,173.2435,0.4210957,36.42275,User: user32<br>Type: 1min<br>Split: train
user32,1min,train,1242,70.51692,173.2435,0.42106724,36.422707,User: user32<br>Type: 1min<br>Split: train
user32,1min,train,1243,70.51692,173.2435,0.42110848,36.422802,User: user32<br>Type: 1min<br>Split: train
user32,1min,train,1244,70.51692,173.2435,0.42513976,36.42807,User: user32<br>Type: 1min<br>Split: train
user32,1min,train,1245,70.51692,173.2435,0.42120212,36.422947,User: user32<br>Type: 1min<br>Split: train
user32,1min,train,1246,61.27542,176.41281,0.4314736,36.433125,User: user32<br>Type: 1min<br>Split: train
user32,1min,train,1247,61.27542,176.41281,0.4219635,36.42359,User: user32<br>Type: 1min<br>Split: train
user32,1min,train,1248,70.51692,173.2435,0.4218498,36.423466,User: user32<br>Type: 1min<br>Split: train
user32,1min,train,1249,70.51692,173.2435,0.41186374,36.41413,User: user32<br>Type: 1min<br>Split: train
user32,1min,train,1250,70.51692,173.2435,0.43227232,36.433933,User: user32<br>Type: 1min<br>Split: train
user32,1min,train,1251,70.51692,173.2435,0.42174494,36.423443,User: user32<br>Type: 1min<br>Split: train
user32,1min,train,1252,70.51692,173.2435,0.41401708,36.41623,User: user32<br>Type: 1min<br>Split: train
user32,1min,train,1253,70.51692,173.2435,0.4008471,36.402992,User: user32<br>Type: 1min<br>Split: train
user32,1min,train,1254,70.51692,173.2435,0.39483073,36.396477,User: user32<br>Type: 1min<br>Split: train
user32,1min,train,1255,70.51692,173.2435,0.39657217,36.398308,User: user32<br>Type: 1min<br>Split: train
user32,1min,train,1256,70.51692,173.2435,0.42024118,36.422,User: user32<br>Type: 1min<br>Split: train
user32,1min,train,1257,70.51692,173.2435,0.42046535,36.42211,User: user32<br>Type: 1min<br>Split: train
user32,1min,train,1258,70.51692,173.2435,0.4261835,36.42886,User: user32<br>Type: 1min<br>Split: train
user32,1min,train,1259,70.51692,173.2435,0.43604574,36.435078,User: user32<br>Type: 1min<br>Split: train
user32,1min,train,1260,70.51692,173.2435,0.42789236,36.429623,User: user32<br>Type: 1min<br>Split: train
user32,1min,train,1261,70.51692,173.2435,0.4437497,36.44541,User: user32<br>Type: 1min<br>Split: train
user32,1min,train,1262,70.51692,173.2435,0.41451526,36.41594,User: user32<br>Type: 1min<br>Split: train
user32,1min,train,1263,70.51692,173.2435,0.41855398,36.420105,User: user32<br>Type: 1min<br>Split: train
user32,1min,train,1264,70.51692,173.2435,0.4105383,36.412052,User: user32<br>Type: 1min<br>Split: train
user32,1min,train,1265,70.51692,173.2435,0.42979044,36.432007,User: user32<br>Type: 1min<br>Split: train
user32,1min,train,1266,70.51692,173.2435,0.41374496,36.415203,User: user32<br>Type: 1min<br>Split: train
user32,1min,train,1267,70.51692,173.2435,0.42075312,36.42242,User: user32<br>Type: 1min<br>Split: train
user32,1min,train,1268,70.51692,173.2435,0.43589208,36.43757,User: user32<br>Type: 1min<br>Split: train
user32,1min,train,1269,70.51692,173.2435,0.43683398,36.438602,User: user32<br>Type: 1min<br>Split: train
user32,1min,train,1270,70.51692,173.2435,0.43277442,36.43446,User: user32<br>Type: 1min<br>Split: train
user32,1min,train,1271,70.51692,173.2435,0.4281574,36.42977,User: user32<br>Type: 1min<br>Split: train
user33,1min,train,1272,1.9683803,122.01718,0.458445,31.379608,User: user33<br>Type: 1min<br>Split: train
user33,1min,train,1273,1.9683803,122.01718,0.4583178,31.379507,User: user33<br>Type: 1min<br>Split: train
user33,1min,train,1274,1.9683803,122.01718,0.45494986,31.378868,User: user33<br>Type: 1min<br>Split: train
user33,1min,train,1275,1.9683803,122.01718,0.45833674,31.379702,User: user33<br>Type: 1min<br>Split: train
user33,1min,train,1276,1.9683803,122.01718,0.47420335,31.396023,User: user33<br>Type: 1min<br>Split: train
user33,1min,train,1277,1.9683803,122.01718,0.45878017,31.380129,User: user33<br>Type: 1min<br>Split: train
user33,1min,train,1278,1.9683803,122.01718,0.45835885,31.3824,User: user33<br>Type: 1min<br>Split: train
user33,1min,train,1279,1.9683803,122.01718,0.45601118,31.37699,User: user33<br>Type: 1min<br>Split: train
user33,1min,train,1280,1.9683803,122.01718,0.4591613,31.380085,User: user33<br>Type: 1min<br>Split: train
user33,1min,train,1281,1.9683803,122.01718,0.47243005,31.393728,User: user33<br>Type: 1min<br>Split: train
user33,1min,train,1282,1.9683803,122.01718,0.45994207,31.383547,User: user33<br>Type: 1min<br>Split: train
user33,1min,train,1283,1.9683803,122.01718,0.45254517,31.392323,User: user33<br>Type: 1min<br>Split: train
user33,1min,train,1284,1.9683803,122.01718,0.45933476,31.381474,User: user33<br>Type: 1min<br>Split: train
user33,1min,train,1285,1.9683803,122.01718,0.459085,31.38144,User: user33<br>Type: 1min<br>Split: train
user33,1min,train,1286,1.9683803,122.01718,0.4701036,31.389006,User: user33<br>Type: 1min<br>Split: train
user33,1min,train,1287,1.9683803,122.01718,0.45984164,31.381176,User: user33<br>Type: 1min<br>Split: train
user33,1min,train,1288,1.9683803,122.01718,0.43503854,31.404675,User: user33<br>Type: 1min<br>Split: train
user33,1min,train,1289,1.9683803,122.01718,0.4591108,31.38229,User: user33<br>Type: 1min<br>Split: train
user33,1min,train,1290,1.9683803,122.01718,0.4590719,31.381863,User: user33<br>Type: 1min<br>Split: train
user33,1min,train,1291,1.9683803,122.01718,0.46309128,31.385836,User: user33<br>Type: 1min<br>Split: train
user33,1min,train,1292,1.9683803,122.01718,0.45773703,31.383991,User: user33<br>Type: 1min<br>Split: train
user33,1min,train,1293,1.9683803,122.01718,0.44981226,31.37246,User: user33<br>Type: 1min<br>Split: train
user33,1min,train,1294,1.9683803,122.01718,0.45885828,31.382107,User: user33<br>Type: 1min<br>Split: train
user33,1min,train,1295,1.9683803,122.01718,0.4588127,31.382065,User: user33<br>Type: 1min<br>Split: train
user33,1min,train,1296,1.9683803,122.01718,0.45883888,31.382004,User: user33<br>Type: 1min<br>Split: train
user33,1min,train,1297,1.9683803,122.01718,0.44324026,31.37637,User: user33<br>Type: 1min<br>Split: train
user33,1min,train,1298,1.9683803,122.01718,0.4447041,31.37262,User: user33<br>Type: 1min<br>Split: train
user33,1min,train,1299,1.9683803,122.01718,0.47999707,31.3542,User: user33<br>Type: 1min<br>Split: train
user33,1min,train,1300,1.9683803,122.01718,0.45831662,31.38174,User: user33<br>Type: 1min<br>Split: train
user33,1min,train,1301,1.9683803,122.01718,0.4620667,31.378117,User: user33<br>Type: 1min<br>Split: train
user33,1min,train,1302,1.9683803,122.01718,0.478773,31.40121,User: user33<br>Type: 1min<br>Split: train
user33,1min,train,1303,1.9683803,122.01718,0.4590409,31.38177,User: user33<br>Type: 1min<br>Split: train
user33,1min,train,1304,1.9683803,122.01718,0.45959654,31.382252,User: user33<br>Type: 1min<br>Split: train
user33,1min,train,1305,1.9683803,122.01718,0.4622305,31.385452,User: user33<br>Type: 1min<br>Split: train
user33,1min,train,1306,1.9683803,122.01718,0.46227464,31.382927,User: user33<br>Type: 1min<br>Split: train
user33,1min,train,1307,1.9683803,122.01718,0.44541168,31.367685,User: user33<br>Type: 1min<br>Split: train
user33,1min,train,1308,1.9683803,122.01718,0.46317798,31.385004,User: user33<br>Type: 1min<br>Split: train
user33,1min,train,1309,1.9683803,122.01718,0.45563328,31.377441,User: user33<br>Type: 1min<br>Split: train
user33,1min,train,1310,1.9683803,122.01718,0.4862997,31.408438,User: user33<br>Type: 1min<br>Split: train
user33,1min,train,1311,1.9683803,122.01718,0.45824796,31.38023,User: user33<br>Type: 1min<br>Split: train
user33,1min,train,1312,1.9683803,122.01718,0.47379482,31.395985,User: user33<br>Type: 1min<br>Split: train
user33,1min,train,1313,1.9683803,122.01718,0.4794755,31.383928,User: user33<br>Type: 1min<br>Split: train
user33,1min,train,1314,1.9683803,122.01718,0.44579974,31.395782,User: user33<br>Type: 1min<br>Split: train
user33,1min,train,1315,1.9683803,122.01718,0.4469809,31.369225,User: user33<br>Type: 1min<br>Split: train
user33,1min,train,1316,1.9683803,122.01718,0.4507044,31.372686,User: user33<br>Type: 1min<br>Split: train
user33,1min,train,1317,1.9683803,122.01718,0.4525307,31.374506,User: user33<br>Type: 1min<br>Split: train
user34,1min,train,1318,-94.14436,-179.3397,-13.469807,-13.716751,User: user34<br>Type: 1min<br>Split: train
user34,1min,train,1319,-94.14436,-179.3397,-13.464055,-13.71223,User: user34<br>Type: 1min<br>Split: train
user34,1min,train,1320,-94.14436,-179.3397,-13.469074,-13.71494,User: user34<br>Type: 1min<br>Split: train
user34,1min,train,1321,-94.14436,-179.3397,2.9823904,-21.790281,User: user34<br>Type: 1min<br>Split: train
user34,1min,train,1322,-94.14436,-179.3397,2.9842546,-21.79339,User: user34<br>Type: 1min<br>Split: train
user34,1min,train,1323,-94.14436,-179.3397,2.993588,-21.802647,User: user34<br>Type: 1min<br>Split: train
user34,1min,train,1324,-94.14436,-179.3397,-13.461838,-13.708361,User: user34<br>Type: 1min<br>Split: train
user34,1min,train,1325,-94.14436,-179.3397,2.984755,-21.793911,User: user34<br>Type: 1min<br>Split: train
user34,1min,train,1326,-94.14436,-179.3397,-13.485581,-13.70067,User: user34<br>Type: 1min<br>Split: train
user34,1min,train,1327,-94.14436,-179.3397,-13.452794,-13.732338,User: user34<br>Type: 1min<br>Split: train
user34,1min,train,1328,-94.14436,-179.3397,-13.469774,-13.716166,User: user34<br>Type: 1min<br>Split: train
user34,1min,train,1329,-94.14436,-179.3397,-13.470407,-13.716289,User: user34<br>Type: 1min<br>Split: train
user34,1min,train,1330,-94.14436,-179.3397,-13.469847,-13.716239,User: user34<br>Type: 1min<br>Split: train
user34,1min,train,1331,-94.14436,-179.3397,-13.46927,-13.716752,User: user34<br>Type: 1min<br>Split: train
user34,1min,train,1332,-94.14436,-179.3397,-13.469847,-13.716273,User: user34<br>Type: 1min<br>Split: train
user34,1min,train,1333,-94.14436,-179.3397,-13.458001,-13.704864,User: user34<br>Type: 1min<br>Split: train
user34,1min,train,1334,-94.14436,-179.3397,2.9847243,-21.793802,User: user34<br>Type: 1min<br>Split: train
user34,1min,train,1335,-94.14436,-179.3397,2.9847383,-21.793844,User: user34<br>Type: 1min<br>Split: train
user34,1min,train,1336,-94.14436,-179.3397,2.9847608,-21.793894,User: user34<br>Type: 1min<br>Split: train
user34,1min,train,1337,-94.14436,-179.3397,-13.469647,-13.716385,User: user34<br>Type: 1min<br>Split: train
user34,1min,train,1338,-94.14436,-179.3397,-13.475955,-13.722772,User: user34<br>Type: 1min<br>Split: train
user34,1min,train,1339,-94.14436,-179.3397,2.9847832,-21.793951,User: user34<br>Type: 1min<br>Split: train
user34,1min,train,1340,-94.14436,-179.3397,2.9848087,-21.793972,User: user34<br>Type: 1min<br>Split: train
user34,1min,train,1341,-94.14436,-179.3397,-13.466463,-13.712765,User: user34<br>Type: 1min<br>Split: train
user34,1min,train,1342,-94.14436,-179.3397,-13.490772,-13.738001,User: user34<br>Type: 1min<br>Split: train
user34,1min,train,1343,-94.14436,-179.3397,-13.469302,-13.716061,User: user34<br>Type: 1min<br>Split: train
user34,1min,train,1344,-94.14436,-179.3397,2.9848454,-21.79402,User: user34<br>Type: 1min<br>Split: train
user34,1min,train,1345,-94.14436,-179.3397,2.9848294,-21.793999,User: user34<br>Type: 1min<br>Split: train
user34,1min,train,1346,-94.14436,-179.3397,2.985702,-21.794973,User: user34<br>Type: 1min<br>Split: train
user34,1min,train,1347,-94.14436,-179.3397,-13.469983,-13.716306,User: user34<br>Type: 1min<br>Split: train
user34,1min,train,1348,-94.14436,-179.3397,2.9915485,-21.800777,User: user34<br>Type: 1min<br>Split: train
user34,1min,train,1349,-94.14436,-179.3397,2.985047,-21.794222,User: user34<br>Type: 1min<br>Split: train
user34,1min,train,1350,-94.14436,-179.3397,2.985102,-21.79426,User: user34<br>Type: 1min<br>Split: train
user34,1min,train,1351,-94.14436,-179.3397,-13.47484,-13.708839,User: user34<br>Type: 1min<br>Split: train
user34,1min,train,1352,-94.14436,-179.3397,2.9848893,-21.79402,User: user34<br>Type: 1min<br>Split: train
user34,1min,train,1353,-94.14436,-179.3397,-13.454823,-13.727071,User: user34<br>Type: 1min<br>Split: train
user34,1min,train,1354,-94.14436,-179.3397,2.9875338,-21.797413,User: user34<br>Type: 1min<br>Split: train
user34,1min,train,1355,-94.14436,-179.3397,2.9871907,-21.794083,User: user34<br>Type: 1min<br>Split: train
user34,1min,train,1356,-94.14436,-179.3397,-13.468873,-13.715781,User: user34<br>Type: 1min<br>Split: train
user34,1min,train,1357,-94.14436,-179.3397,-13.468753,-13.716043,User: user34<br>Type: 1min<br>Split: train
user34,1min,train,1358,-94.14436,-179.3397,-13.480164,-13.703973,User: user34<br>Type: 1min<br>Split: train
user34,1min,train,1359,-94.14436,-179.3397,2.9851286,-21.794312,User: user34<br>Type: 1min<br>Split: train
user34,1min,train,1360,-94.14436,-179.3397,2.985045,-21.794111,User: user34<br>Type: 1min<br>Split: train
user34,1min,train,1361,-94.14436,-179.3397,-13.46896,-13.715429,User: user34<br>Type: 1min<br>Split: train
user34,1min,train,1362,-94.14436,-179.3397,2.9850469,-21.794245,User: user34<br>Type: 1min<br>Split: train
user34,1min,train,1363,-94.14436,-179.3397,-13.470302,-13.717464,User: user34<br>Type: 1min<br>Split: train
user34,1min,train,1364,-94.14436,-179.3397,2.9850428,-21.794176,User: user34<br>Type: 1min<br>Split: train
user34,1min,train,1365,-94.14436,-179.3397,2.9850898,-21.794195,User: user34<br>Type: 1min<br>Split: train
user35,1min,train,1366,202.73471,-38.5927,28.053253,11.167942,User: user35<br>Type: 1min<br>Split: train
user35,1min,train,1367,202.73471,-38.5927,28.412027,10.621883,User: user35<br>Type: 1min<br>Split: train
user35,1min,train,1368,202.73471,-38.5927,28.411999,10.62189,User: user35<br>Type: 1min<br>Split: train
user35,1min,train,1369,202.73471,-38.5927,28.046692,11.176654,User: user35<br>Type: 1min<br>Split: train
user35,1min,train,1370,202.73471,-38.5927,28.052502,11.169089,User: user35<br>Type: 1min<br>Split: train
user35,1min,train,1371,202.73471,-38.5927,28.430449,10.603618,User: user35<br>Type: 1min<br>Split: train
user35,1min,train,1372,202.73471,-38.5927,28.053198,11.168145,User: user35<br>Type: 1min<br>Split: train
user35,1min,train,1373,202.73471,-38.5927,28.412502,10.621408,User: user35<br>Type: 1min<br>Split: train
user35,1min,train,1374,202.73471,-38.5927,28.366392,10.688283,User: user35<br>Type: 1min<br>Split: train
user35,1min,train,1375,202.73471,-38.5927,28.059319,11.159299,User: user35<br>Type: 1min<br>Split: train
user35,1min,train,1376,202.73471,-38.5927,28.413858,10.61961,User: user35<br>Type: 1min<br>Split: train
user35,1min,train,1377,202.73471,-38.5927,28.412296,10.621199,User: user35<br>Type: 1min<br>Split: train
user35,1min,train,1378,202.73471,-38.5927,28.0525,11.169127,User: user35<br>Type: 1min<br>Split: train
user35,1min,train,1379,202.73471,-38.5927,28.41224,10.621744,User: user35<br>Type: 1min<br>Split: train
user35,1min,train,1380,202.73471,-38.5927,28.412123,10.621614,User: user35<br>Type: 1min<br>Split: train
user35,1min,train,1381,202.73471,-38.5927,28.058125,11.1631565,User: user35<br>Type: 1min<br>Split: train
user35,1min,train,1382,202.73471,-38.5927,28.054232,11.167021,User: user35<br>Type: 1min<br>Split: train
user35,1min,train,1383,202.73471,-38.5927,28.054335,11.167559,User: user35<br>Type: 1min<br>Split: train
user35,1min,train,1384,202.73471,-38.5927,28.05435,11.166912,User: user35<br>Type: 1min<br>Split: train
user35,1min,train,1385,202.73471,-38.5927,28.05455,11.166767,User: user35<br>Type: 1min<br>Split: train
user35,1min,train,1386,202.73471,-38.5927,28.054749,11.1671,User: user35<br>Type: 1min<br>Split: train
user35,1min,train,1387,202.73471,-38.5927,28.409922,10.624036,User: user35<br>Type: 1min<br>Split: train
user35,1min,train,1388,202.73471,-38.5927,28.052254,11.169959,User: user35<br>Type: 1min<br>Split: train
user35,1min,train,1389,202.73471,-38.5927,28.05227,11.169514,User: user35<br>Type: 1min<br>Split: train
user35,1min,train,1390,202.73471,-38.5927,28.061298,11.16048,User: user35<br>Type: 1min<br>Split: train
user35,1min,train,1391,202.73471,-38.5927,28.425278,10.608509,User: user35<br>Type: 1min<br>Split: train
user35,1min,train,1392,202.73471,-38.5927,28.035498,11.185748,User: user35<br>Type: 1min<br>Split: train
user35,1min,train,1393,202.73471,-38.5927,28.053408,11.168025,User: user35<br>Type: 1min<br>Split: train
user35,1min,train,1394,202.73471,-38.5927,28.406137,10.628028,User: user35<br>Type: 1min<br>Split: train
user35,1min,train,1395,202.73471,-38.5927,28.406885,10.625776,User: user35<br>Type: 1min<br>Split: train
user35,1min,train,1396,202.73471,-38.5927,28.0535,11.168141,User: user35<br>Type: 1min<br>Split: train
user35,1min,train,1397,202.73471,-38.5927,28.049276,11.174449,User: user35<br>Type: 1min<br>Split: train
user35,1min,train,1398,202.73471,-38.5927,28.413626,10.619441,User: user35<br>Type: 1min<br>Split: train
user35,1min,train,1399,202.73471,-38.5927,28.42656,10.605909,User: user35<br>Type: 1min<br>Split: train
user35,1min,train,1400,202.73471,-38.5927,28.052898,11.169018,User: user35<br>Type: 1min<br>Split: train
user35,1min,train,1401,202.73471,-38.5927,28.412916,10.6207485,User: user35<br>Type: 1min<br>Split: train
user35,1min,train,1402,202.73471,-38.5927,28.053541,11.1684265,User: user35<br>Type: 1min<br>Split: train
user35,1min,train,1403,202.73471,-38.5927,28.414137,10.618864,User: user35<br>Type: 1min<br>Split: train
user35,1min,train,1404,202.73471,-38.5927,28.423716,10.6073885,User: user35<br>Type: 1min<br>Split: train
user35,1min,train,1405,202.73471,-38.5927,28.415323,10.617476,User: user35<br>Type: 1min<br>Split: train
user35,1min,train,1406,202.73471,-38.5927,28.075293,11.142172,User: user35<br>Type: 1min<br>Split: train
user35,1min,train,1407,202.73471,-38.5927,28.088911,11.128565,User: user35<br>Type: 1min<br>Split: train
user35,1min,train,1408,202.73471,-38.5927,28.05094,11.171781,User: user35<br>Type: 1min<br>Split: train
user35,1min,train,1409,82.97994,3.85593,27.955557,2.9062128,User: user35<br>Type: 1min<br>Split: train
user35,1min,train,1410,82.97994,3.85593,24.966227,-4.3830066,User: user35<br>Type: 1min<br>Split: train
user35,1min,train,1411,82.97994,3.85593,27.955305,2.9063714,User: user35<br>Type: 1min<br>Split: train
user35,1min,train,1412,82.97994,3.85593,27.955372,2.9063835,User: user35<br>Type: 1min<br>Split: train
user35,1min,train,1413,82.97994,3.85593,24.966122,-4.3829966,User: user35<br>Type: 1min<br>Split: train
user35,1min,train,1414,82.97994,3.85593,27.955275,2.9063392,User: user35<br>Type: 1min<br>Split: train
user35,1min,train,1415,82.97994,3.85593,24.96682,-4.383666,User: user35<br>Type: 1min<br>Split: train
user35,1min,train,1416,82.97994,3.85593,27.956987,2.905912,User: user35<br>Type: 1min<br>Split: train
user35,1min,train,1417,82.97994,3.85593,24.961319,-4.3781734,User: user35<br>Type: 1min<br>Split: train
user35,1min,train,1418,82.97994,3.85593,24.966661,-4.3834696,User: user35<br>Type: 1min<br>Split: train
user35,1min,train,1419,82.97994,3.85593,24.968288,-4.385048,User: user35<br>Type: 1min<br>Split: train
user35,1min,train,1420,82.97994,3.85593,27.955061,2.9060302,User: user35<br>Type: 1min<br>Split: train
user35,1min,train,1421,82.97994,3.85593,24.966742,-4.383592,User: user35<br>Type: 1min<br>Split: train
user35,1min,train,1422,82.97994,3.85593,27.955626,2.9063098,User: user35<br>Type: 1min<br>Split: train
user35,1min,train,1423,82.97994,3.85593,27.955557,2.9062855,User: user35<br>Type: 1min<br>Split: train
user35,1min,train,1424,82.97994,3.85593,24.966753,-4.383556,User: user35<br>Type: 1min<br>Split: train
user35,1min,train,1425,82.97994,3.85593,24.966825,-4.3836436,User: user35<br>Type: 1min<br>Split: train
user35,1min,train,1426,82.97994,3.85593,24.96655,-4.3834143,User: user35<br>Type: 1min<br>Split: train
user35,1min,train,1427,82.97994,3.85593,24.967073,-4.3838563,User: user35<br>Type: 1min<br>Split: train
user35,1min,train,1428,82.97994,3.85593,24.966759,-4.3835435,User: user35<br>Type: 1min<br>Split: train
user35,1min,train,1429,82.97994,3.85593,27.948614,2.9090815,User: user35<br>Type: 1min<br>Split: train
user35,1min,train,1430,82.97994,3.85593,24.966946,-4.3836904,User: user35<br>Type: 1min<br>Split: train
user35,1min,train,1431,82.97994,3.85593,24.973656,-4.3904395,User: user35<br>Type: 1min<br>Split: train
user35,1min,train,1432,82.97994,3.85593,27.955296,2.9063272,User: user35<br>Type: 1min<br>Split: train
user35,1min,train,1433,82.97994,3.85593,24.966885,-4.383722,User: user35<br>Type: 1min<br>Split: train
user35,1min,train,1434,85.78875,-1.1111763,27.955027,2.9061632,User: user35<br>Type: 1min<br>Split: train
user35,1min,train,1435,82.97994,3.85593,27.955204,2.9063232,User: user35<br>Type: 1min<br>Split: train
user35,1min,train,1436,85.78875,-1.1111763,24.966835,-4.383696,User: user35<br>Type: 1min<br>Split: train
user35,1min,train,1437,82.97994,3.85593,24.966791,-4.3837123,User: user35<br>Type: 1min<br>Split: train
user35,1min,train,1438,91.040794,9.333639,27.955212,2.906265,User: user35<br>Type: 1min<br>Split: train
user35,1min,train,1439,91.040794,9.333639,24.97209,-4.388235,User: user35<br>Type: 1min<br>Split: train
user35,1min,train,1440,85.78875,-1.1111763,24.976652,-4.393376,User: user35<br>Type: 1min<br>Split: train
user35,1min,train,1441,85.78875,-1.1111763,27.955914,2.9064384,User: user35<br>Type: 1min<br>Split: train
user35,1min,train,1442,85.78875,-1.1111763,24.962652,-4.3793797,User: user35<br>Type: 1min<br>Split: train
user35,1min,train,1443,85.78875,-1.1111763,27.944702,2.8991735,User: user35<br>Type: 1min<br>Split: train
user35,1min,train,1444,85.78875,-1.1111763,24.967173,-4.3842177,User: user35<br>Type: 1min<br>Split: train
user35,1min,train,1445,85.78875,-1.1111763,24.952698,-4.3695354,User: user35<br>Type: 1min<br>Split: train
user35,1min,train,1446,82.97994,3.85593,27.955374,2.9063687,User: user35<br>Type: 1min<br>Split: train
user35,1min,train,1447,82.97994,3.85593,24.970198,-4.3867974,User: user35<br>Type: 1min<br>Split: train
user35,1min,train,1448,82.97994,3.85593,27.955372,2.90643,User: user35<br>Type: 1min<br>Split: train
user35,1min,train,1449,82.97994,3.85593,24.963009,-4.3797717,User: user35<br>Type: 1min<br>Split: train
user35,1min,train,1450,82.97994,3.85593,27.957727,2.9061124,User: user35<br>Type: 1min<br>Split: train
user35,1min,train,1451,82.97994,3.85593,24.966957,-4.3840218,User: user35<br>Type: 1min<br>Split: train
user35,1min,train,1452,82.97994,3.85593,24.967093,-4.38386,User: user35<br>Type: 1min<br>Split: train
user35,1min,train,1453,82.97994,3.85593,27.955442,2.9064589,User: user35<br>Type: 1min<br>Split: train
user35,1min,train,1454,82.97994,3.85593,27.955404,2.9064374,User: user35<br>Type: 1min<br>Split: train
user35,1min,train,1455,82.97994,3.85593,24.966364,-4.3833246,User: user35<br>Type: 1min<br>Split: train
user36,1min,train,1456,-159.88823,81.72353,-16.13943,28.014547,User: user36<br>Type: 1min<br>Split: train
user36,1min,train,1457,-159.88823,81.72353,-16.134024,28.009779,User: user36<br>Type: 1min<br>Split: train
user36,1min,train,1458,-159.88823,81.72353,-16.14485,28.020325,User: user36<br>Type: 1min<br>Split: train
user36,1min,train,1459,-159.88823,81.72353,-16.151398,28.027248,User: user36<br>Type: 1min<br>Split: train
user36,1min,train,1460,-159.88823,81.72353,-16.146883,28.022564,User: user36<br>Type: 1min<br>Split: train
user36,1min,train,1461,-159.88823,81.72353,-16.14275,28.018461,User: user36<br>Type: 1min<br>Split: train
user36,1min,train,1462,-159.88823,81.72353,-16.145243,28.020931,User: user36<br>Type: 1min<br>Split: train
user36,1min,train,1463,-159.88823,81.72353,-16.1459,28.021576,User: user36<br>Type: 1min<br>Split: train
user36,1min,train,1464,-159.88823,81.72353,-16.142944,28.017868,User: user36<br>Type: 1min<br>Split: train
user36,1min,train,1465,-159.88823,81.72353,-16.153051,28.028542,User: user36<br>Type: 1min<br>Split: train
user36,1min,train,1466,-159.88823,81.72353,-16.15212,28.027641,User: user36<br>Type: 1min<br>Split: train
user36,1min,train,1467,-159.88823,81.72353,-16.146448,28.021908,User: user36<br>Type: 1min<br>Split: train
user36,1min,train,1468,-159.88823,81.72353,-16.146523,28.021986,User: user36<br>Type: 1min<br>Split: train
user36,1min,train,1469,-159.88823,81.72353,-16.151085,28.026606,User: user36<br>Type: 1min<br>Split: train
user36,1min,train,1470,-159.88823,81.72353,-16.147919,28.023384,User: user36<br>Type: 1min<br>Split: train
user36,1min,train,1471,-159.88823,81.72353,-16.145939,28.021578,User: user36<br>Type: 1min<br>Split: train
user36,1min,train,1472,-159.88823,81.72353,-16.172764,28.02691,User: user36<br>Type: 1min<br>Split: train
user36,1min,train,1473,-159.88823,81.72353,-16.147572,28.02334,User: user36<br>Type: 1min<br>Split: train
user36,1min,train,1474,-159.88823,81.72353,-16.14746,28.022963,User: user36<br>Type: 1min<br>Split: train
user36,1min,train,1475,-159.88823,81.72353,-16.144604,28.018522,User: user36<br>Type: 1min<br>Split: train
user36,1min,train,1476,-159.88823,81.72353,-16.147223,28.022722,User: user36<br>Type: 1min<br>Split: train
user36,1min,train,1477,-159.88823,81.72353,-16.147501,28.022934,User: user36<br>Type: 1min<br>Split: train
user36,1min,train,1478,-159.88823,81.72353,-16.13618,28.011824,User: user36<br>Type: 1min<br>Split: train
user36,1min,train,1479,-159.88823,81.72353,-16.150755,28.025698,User: user36<br>Type: 1min<br>Split: train
user36,1min,train,1480,-159.88823,81.72353,-16.179054,28.054668,User: user36<br>Type: 1min<br>Split: train
user36,1min,train,1481,-159.88823,81.72353,-16.13273,28.008242,User: user36<br>Type: 1min<br>Split: train
user36,1min,train,1482,-159.88823,81.72353,-16.158312,28.032907,User: user36<br>Type: 1min<br>Split: train
user36,1min,train,1483,-159.88823,81.72353,-16.154694,28.03038,User: user36<br>Type: 1min<br>Split: train
user36,1min,train,1484,-159.88823,81.72353,-16.131378,28.006922,User: user36<br>Type: 1min<br>Split: train
user36,1min,train,1485,-159.88823,81.72353,-16.147493,28.02306,User: user36<br>Type: 1min<br>Split: train
user36,1min,train,1486,-159.88823,81.72353,-16.150928,28.026554,User: user36<br>Type: 1min<br>Split: train
user36,1min,train,1487,-159.88823,81.72353,-16.152033,28.031994,User: user36<br>Type: 1min<br>Split: train
user36,1min,train,1488,-159.88823,81.72353,-16.13489,28.009457,User: user36<br>Type: 1min<br>Split: train
user36,1min,train,1489,-159.88823,81.72353,-16.147846,28.023628,User: user36<br>Type: 1min<br>Split: train
user36,1min,train,1490,-159.88823,81.72353,-16.152632,28.028416,User: user36<br>Type: 1min<br>Split: train
user36,1min,train,1491,-159.88823,81.72353,-16.139124,28.01615,User: user36<br>Type: 1min<br>Split: train
user36,1min,train,1492,-159.88823,81.72353,-16.148054,28.02392,User: user36<br>Type: 1min<br>Split: train
user36,1min,train,1493,-159.88823,81.72353,-16.143696,28.019545,User: user36<br>Type: 1min<br>Split: train
user36,1min,train,1494,-159.88823,81.72353,-16.150383,28.028732,User: user36<br>Type: 1min<br>Split: train
user36,1min,train,1495,-159.88823,81.72353,-16.148428,28.022133,User: user36<br>Type: 1min<br>Split: train
user36,1min,train,1496,-159.88823,81.72353,-16.11382,27.989496,User: user36<br>Type: 1min<br>Split: train
user36,1min,train,1497,-159.88823,81.72353,-16.147175,28.021683,User: user36<br>Type: 1min<br>Split: train
user36,1min,train,1498,-159.88823,81.72353,-16.147272,28.022747,User: user36<br>Type: 1min<br>Split: train
user37,1min,train,1499,33.005253,37.185078,19.398575,30.95327,User: user37<br>Type: 1min<br>Split: train
user37,1min,train,1500,33.005253,37.185078,19.394493,30.9492,User: user37<br>Type: 1min<br>Split: train
user37,1min,train,1501,33.005253,37.185078,19.397587,30.952156,User: user37<br>Type: 1min<br>Split: train
user37,1min,train,1502,41.842976,42.242584,19.390589,30.943356,User: user37<br>Type: 1min<br>Split: train
user37,1min,train,1503,41.842976,42.242584,19.400331,30.950676,User: user37<br>Type: 1min<br>Split: train
user37,1min,train,1504,33.005253,37.185078,19.419039,30.929174,User: user37<br>Type: 1min<br>Split: train
user37,1min,train,1505,33.005253,37.185078,19.389095,30.960321,User: user37<br>Type: 1min<br>Split: train
user37,1min,train,1506,33.005253,37.185078,19.403982,30.94555,User: user37<br>Type: 1min<br>Split: train
user37,1min,train,1507,33.005253,37.185078,19.39731,30.95235,User: user37<br>Type: 1min<br>Split: train
user37,1min,train,1508,33.005253,37.185078,19.39259,30.95739,User: user37<br>Type: 1min<br>Split: train
user37,1min,train,1509,33.005253,37.185078,19.397041,30.95229,User: user37<br>Type: 1min<br>Split: train
user37,1min,train,1510,33.005253,37.185078,19.396683,30.952139,User: user37<br>Type: 1min<br>Split: train
user37,1min,train,1511,33.005253,37.185078,19.403164,30.958033,User: user37<br>Type: 1min<br>Split: train
user37,1min,train,1512,37.44995,33.29242,19.394838,30.955708,User: user37<br>Type: 1min<br>Split: train
user37,1min,train,1513,33.005253,37.185078,19.363968,30.919872,User: user37<br>Type: 1min<br>Split: train
user37,1min,train,1514,37.44995,33.29242,19.412954,30.993925,User: user37<br>Type: 1min<br>Split: train
user37,1min,train,1515,37.44995,33.29242,19.38297,30.944092,User: user37<br>Type: 1min<br>Split: train
user37,1min,train,1516,37.44995,33.29242,19.397043,30.953562,User: user37<br>Type: 1min<br>Split: train
user37,1min,train,1517,37.44995,33.29242,19.39837,30.955988,User: user37<br>Type: 1min<br>Split: train
user37,1min,train,1518,33.005253,37.185078,19.394234,30.951244,User: user37<br>Type: 1min<br>Split: train
user37,1min,train,1519,37.44995,33.29242,19.38276,30.96448,User: user37<br>Type: 1min<br>Split: train
user37,1min,train,1520,37.44995,33.29242,19.409594,30.96623,User: user37<br>Type: 1min<br>Split: train
user37,1min,train,1521,37.44995,33.29242,19.39065,30.949718,User: user37<br>Type: 1min<br>Split: train
user37,1min,train,1522,37.44995,33.29242,19.410597,30.939991,User: user37<br>Type: 1min<br>Split: train
user37,1min,train,1523,33.005253,37.185078,19.35806,30.970207,User: user37<br>Type: 1min<br>Split: train
user37,1min,train,1524,33.005253,37.185078,19.390036,30.953493,User: user37<br>Type: 1min<br>Split: train
user37,1min,train,1525,37.44995,33.29242,19.378067,30.976486,User: user37<br>Type: 1min<br>Split: train
user37,1min,train,1526,37.44995,33.29242,19.413675,30.97181,User: user37<br>Type: 1min<br>Split: train
user37,1min,train,1527,37.44995,33.29242,19.369867,30.945679,User: user37<br>Type: 1min<br>Split: train
user37,1min,train,1528,37.44995,33.29242,19.375353,30.937674,User: user37<br>Type: 1min<br>Split: train
user37,1min,train,1529,37.44995,33.29242,19.392395,30.949484,User: user37<br>Type: 1min<br>Split: train
user37,1min,train,1530,37.44995,33.29242,19.388397,30.958183,User: user37<br>Type: 1min<br>Split: train
user37,1min,train,1531,37.44995,33.29242,19.405478,30.943516,User: user37<br>Type: 1min<br>Split: train
user37,1min,train,1532,37.44995,33.29242,19.404675,30.963264,User: user37<br>Type: 1min<br>Split: train
user37,1min,train,1533,37.44995,33.29242,19.396313,30.95349,User: user37<br>Type: 1min<br>Split: train
user37,1min,train,1534,41.842976,42.242584,19.389376,30.95709,User: user37<br>Type: 1min<br>Split: train
user37,1min,train,1535,41.842976,42.242584,19.39653,30.952898,User: user37<br>Type: 1min<br>Split: train
user37,1min,train,1536,37.44995,33.29242,19.391909,30.951471,User: user37<br>Type: 1min<br>Split: train
user37,1min,train,1537,37.44995,33.29242,19.416174,30.974966,User: user37<br>Type: 1min<br>Split: train
user37,1min,train,1538,37.44995,33.29242,19.410143,30.939692,User: user37<br>Type: 1min<br>Split: train
user37,1min,train,1539,37.44995,33.29242,19.373413,30.931482,User: user37<br>Type: 1min<br>Split: train
user37,1min,train,1540,33.005253,37.185078,19.431963,30.916424,User: user37<br>Type: 1min<br>Split: train
user37,1min,train,1541,33.005253,37.185078,19.369335,30.949806,User: user37<br>Type: 1min<br>Split: train
user37,1min,train,1542,33.005253,37.185078,19.40793,30.941465,User: user37<br>Type: 1min<br>Split: train
user37,1min,train,1543,33.005253,37.185078,19.374407,30.973913,User: user37<br>Type: 1min<br>Split: train
user37,1min,train,1544,33.005253,37.185078,19.395111,30.953094,User: user37<br>Type: 1min<br>Split: train
user37,1min,train,1545,33.005253,37.185078,19.386581,30.944378,User: user37<br>Type: 1min<br>Split: train
user37,1min,train,1546,33.005253,37.185078,19.394827,30.95282,User: user37<br>Type: 1min<br>Split: train
user37,1min,train,1547,33.005253,37.185078,19.418497,30.929487,User: user37<br>Type: 1min<br>Split: train
user37,1min,train,1548,33.005253,37.185078,19.409838,30.976704,User: user37<br>Type: 1min<br>Split: train
user37,1min,train,1549,33.005253,37.185078,19.46104,31.008026,User: user37<br>Type: 1min<br>Split: train
user38,1min,train,1550,37.10903,164.98616,-6.0686345,22.663023,User: user38<br>Type: 1min<br>Split: train
user38,1min,train,1551,37.10903,164.98616,-6.0685835,22.663113,User: user38<br>Type: 1min<br>Split: train
user38,1min,train,1552,37.10903,164.98616,-6.0679984,22.663727,User: user38<br>Type: 1min<br>Split: train
user38,1min,train,1553,37.10903,164.98616,-8.172378,20.457567,User: user38<br>Type: 1min<br>Split: train
user38,1min,train,1554,37.10903,164.98616,-8.179895,20.465063,User: user38<br>Type: 1min<br>Split: train
user38,1min,train,1555,37.10903,164.98616,-8.176469,20.462229,User: user38<br>Type: 1min<br>Split: train
user38,1min,train,1556,37.10903,164.98616,-6.0660634,22.665674,User: user38<br>Type: 1min<br>Split: train
user38,1min,train,1557,37.10903,164.98616,-8.172825,20.458002,User: user38<br>Type: 1min<br>Split: train
user38,1min,train,1558,37.10903,164.98616,-6.0679445,22.663752,User: user38<br>Type: 1min<br>Split: train
user38,1min,train,1559,37.10903,164.98616,-8.170603,20.456438,User: user38<br>Type: 1min<br>Split: train
user38,1min,train,1560,37.10903,164.98616,-8.179708,20.465042,User: user38<br>Type: 1min<br>Split: train
user38,1min,train,1561,37.10903,164.98616,-6.068028,22.663671,User: user38<br>Type: 1min<br>Split: train
user38,1min,train,1562,37.10903,164.98616,-8.163227,20.448456,User: user38<br>Type: 1min<br>Split: train
user38,1min,train,1563,37.10903,164.98616,-8.172704,20.457922,User: user38<br>Type: 1min<br>Split: train
user38,1min,train,1564,37.10903,164.98616,-8.172617,20.457914,User: user38<br>Type: 1min<br>Split: train
user38,1min,train,1565,37.10903,164.98616,-6.059328,22.672216,User: user38<br>Type: 1min<br>Split: train
user38,1min,train,1566,37.10903,164.98616,-6.0676384,22.664051,User: user38<br>Type: 1min<br>Split: train
user38,1min,train,1567,37.10903,164.98616,-8.172557,20.458035,User: user38<br>Type: 1min<br>Split: train
user38,1min,train,1568,37.10903,164.98616,-6.0680814,22.66353,User: user38<br>Type: 1min<br>Split: train
user38,1min,train,1569,37.10903,164.98616,-8.1690445,20.456825,User: user38<br>Type: 1min<br>Split: train
user38,1min,train,1570,37.10903,164.98616,-6.0658727,22.66605,User: user38<br>Type: 1min<br>Split: train
user38,1min,train,1571,37.10903,164.98616,-8.172453,20.457756,User: user38<br>Type: 1min<br>Split: train
user38,1min,train,1572,37.10903,164.98616,-6.067535,22.664173,User: user38<br>Type: 1min<br>Split: train
user38,1min,train,1573,37.10903,164.98616,-8.172038,20.456665,User: user38<br>Type: 1min<br>Split: train
user38,1min,train,1574,37.10903,164.98616,-8.173657,20.457775,User: user38<br>Type: 1min<br>Split: train
user38,1min,train,1575,37.10903,164.98616,-8.172567,20.457457,User: user38<br>Type: 1min<br>Split: train
user38,1min,train,1576,37.10903,164.98616,-6.0766864,22.654915,User: user38<br>Type: 1min<br>Split: train
user38,1min,train,1577,37.10903,164.98616,-8.162905,20.448198,User: user38<br>Type: 1min<br>Split: train
user38,1min,train,1578,37.10903,164.98616,-6.0784755,22.653381,User: user38<br>Type: 1min<br>Split: train
user38,1min,train,1579,37.10903,164.98616,-6.067817,22.663872,User: user38<br>Type: 1min<br>Split: train
user38,1min,train,1580,37.10903,164.98616,-8.170776,20.456,User: user38<br>Type: 1min<br>Split: train
user38,1min,train,1581,37.10903,164.98616,-8.171755,20.456804,User: user38<br>Type: 1min<br>Split: train
user38,1min,train,1582,37.10903,164.98616,-8.172927,20.458076,User: user38<br>Type: 1min<br>Split: train
user38,1min,train,1583,37.10903,164.98616,-6.0687876,22.662895,User: user38<br>Type: 1min<br>Split: train
user38,1min,train,1584,37.10903,164.98616,-8.171805,20.457298,User: user38<br>Type: 1min<br>Split: train
user38,1min,train,1585,37.10903,164.98616,-6.068614,22.663063,User: user38<br>Type: 1min<br>Split: train
user38,1min,train,1586,37.10903,164.98616,-8.170993,20.459648,User: user38<br>Type: 1min<br>Split: train
user38,1min,train,1587,37.10903,164.98616,-6.0626955,22.668932,User: user38<br>Type: 1min<br>Split: train
user38,1min,train,1588,37.10903,164.98616,-6.0686617,22.663187,User: user38<br>Type: 1min<br>Split: train
user38,1min,train,1589,37.10903,164.98616,-8.176966,20.46223,User: user38<br>Type: 1min<br>Split: train
user38,1min,train,1590,37.10903,164.98616,-8.172133,20.457544,User: user38<br>Type: 1min<br>Split: train
user38,1min,train,1591,37.10903,164.98616,-8.179603,20.443848,User: user38<br>Type: 1min<br>Split: train
user38,1min,train,1592,37.10903,164.98616,-6.053388,22.678371,User: user38<br>Type: 1min<br>Split: train
user38,1min,train,1593,37.10903,164.98616,-6.06117,22.670654,User: user38<br>Type: 1min<br>Split: train
user38,1min,train,1594,37.10903,164.98616,-6.068351,22.663237,User: user38<br>Type: 1min<br>Split: train
user38,1min,train,1595,37.10903,164.98616,-8.172337,20.457598,User: user38<br>Type: 1min<br>Split: train
user38,1min,train,1596,37.10903,164.98616,-6.0685782,22.663227,User: user38<br>Type: 1min<br>Split: train
user38,1min,train,1597,37.10903,164.98616,-6.0695524,22.662336,User: user38<br>Type: 1min<br>Split: train
user38,1min,train,1598,37.10903,164.98616,-8.17369,20.459011,User: user38<br>Type: 1min<br>Split: train
user38,1min,train,1599,37.10903,164.98616,-8.174823,20.46008,User: user38<br>Type: 1min<br>Split: train
user39,1min,train,1600,66.524475,-101.8941,16.597929,-15.153973,User: user39<br>Type: 1min<br>Split: train
user39,1min,train,1601,66.524475,-101.8941,16.599726,-15.151686,User: user39<br>Type: 1min<br>Split: train
user39,1min,train,1602,66.524475,-101.8941,16.59683,-15.157723,User: user39<br>Type: 1min<br>Split: train
user39,1min,train,1603,66.524475,-101.8941,16.597958,-15.154045,User: user39<br>Type: 1min<br>Split: train
user39,1min,train,1604,66.524475,-101.8941,16.600485,-15.150494,User: user39<br>Type: 1min<br>Split: train
user39,1min,train,1605,66.524475,-101.8941,16.607315,-15.159992,User: user39<br>Type: 1min<br>Split: train
user39,1min,train,1606,66.524475,-101.8941,16.59334,-15.149137,User: user39<br>Type: 1min<br>Split: train
user39,1min,train,1607,66.524475,-101.8941,16.597893,-15.154161,User: user39<br>Type: 1min<br>Split: train
user39,1min,train,1608,66.524475,-101.8941,16.606314,-15.1621,User: user39<br>Type: 1min<br>Split: train
user39,1min,train,1609,66.524475,-101.8941,16.58455,-15.142612,User: user39<br>Type: 1min<br>Split: train
user39,1min,train,1610,66.524475,-101.8941,16.598135,-15.154083,User: user39<br>Type: 1min<br>Split: train
user39,1min,train,1611,66.524475,-101.8941,16.59814,-15.154084,User: user39<br>Type: 1min<br>Split: train
user39,1min,train,1612,66.524475,-101.8941,16.576641,-15.133432,User: user39<br>Type: 1min<br>Split: train
user39,1min,train,1613,66.524475,-101.8941,16.591017,-15.160325,User: user39<br>Type: 1min<br>Split: train
user39,1min,train,1614,66.524475,-101.8941,16.59598,-15.154199,User: user39<br>Type: 1min<br>Split: train
user39,1min,train,1615,66.524475,-101.8941,16.59241,-15.164773,User: user39<br>Type: 1min<br>Split: train
user39,1min,train,1616,66.524475,-101.8941,16.596342,-15.157578,User: user39<br>Type: 1min<br>Split: train
user39,1min,train,1617,66.524475,-101.8941,16.60276,-15.156281,User: user39<br>Type: 1min<br>Split: train
user39,1min,train,1618,66.524475,-101.8941,16.59523,-15.1559925,User: user39<br>Type: 1min<br>Split: train
user39,1min,train,1619,66.524475,-101.8941,16.599138,-15.152522,User: user39<br>Type: 1min<br>Split: train
user39,1min,train,1620,66.524475,-101.8941,16.627785,-15.131562,User: user39<br>Type: 1min<br>Split: train
user39,1min,train,1621,66.524475,-101.8941,16.58233,-15.155724,User: user39<br>Type: 1min<br>Split: train
user39,1min,train,1622,66.524475,-101.8941,16.596855,-15.15502,User: user39<br>Type: 1min<br>Split: train
user39,1min,train,1623,66.524475,-101.8941,16.591913,-15.154708,User: user39<br>Type: 1min<br>Split: train
user39,1min,train,1624,66.524475,-101.8941,16.576323,-15.173969,User: user39<br>Type: 1min<br>Split: train
user39,1min,train,1625,66.524475,-101.8941,16.577118,-15.171463,User: user39<br>Type: 1min<br>Split: train
user39,1min,train,1626,66.524475,-101.8941,16.596142,-15.155056,User: user39<br>Type: 1min<br>Split: train
user39,1min,train,1627,66.524475,-101.8941,16.552046,-15.172665,User: user39<br>Type: 1min<br>Split: train
user39,1min,train,1628,66.524475,-101.8941,16.627323,-15.128133,User: user39<br>Type: 1min<br>Split: train
user39,1min,train,1629,66.524475,-101.8941,16.59803,-15.159176,User: user39<br>Type: 1min<br>Split: train
user39,1min,train,1630,65.76142,-111.4714,16.57419,-15.176927,User: user39<br>Type: 1min<br>Split: train
user39,1min,train,1631,65.76142,-111.4714,16.587185,-15.153552,User: user39<br>Type: 1min<br>Split: train
user39,1min,train,1632,66.524475,-101.8941,16.60683,-15.144534,User: user39<br>Type: 1min<br>Split: train
user39,1min,train,1633,66.524475,-101.8941,16.596395,-15.145403,User: user39<br>Type: 1min<br>Split: train
user39,1min,train,1634,66.524475,-101.8941,16.595802,-15.155252,User: user39<br>Type: 1min<br>Split: train
user39,1min,train,1635,66.524475,-101.8941,16.634274,-15.11603,User: user39<br>Type: 1min<br>Split: train
user39,1min,train,1636,66.524475,-101.8941,16.618044,-15.185894,User: user39<br>Type: 1min<br>Split: train
user39,1min,train,1637,66.524475,-101.8941,16.60092,-15.149689,User: user39<br>Type: 1min<br>Split: train
user39,1min,train,1638,66.524475,-101.8941,16.602785,-15.147675,User: user39<br>Type: 1min<br>Split: train
user39,1min,train,1639,66.524475,-101.8941,16.581013,-15.169608,User: user39<br>Type: 1min<br>Split: train
user39,1min,train,1640,66.524475,-101.8941,16.586721,-15.163607,User: user39<br>Type: 1min<br>Split: train
user39,1min,train,1641,66.524475,-101.8941,16.603416,-15.145323,User: user39<br>Type: 1min<br>Split: train
user39,1min,train,1642,66.524475,-101.8941,16.596529,-15.154798,User: user39<br>Type: 1min<br>Split: train
user39,1min,train,1643,66.524475,-101.8941,16.604889,-15.145355,User: user39<br>Type: 1min<br>Split: train
user39,1min,train,1644,66.524475,-101.8941,16.602997,-15.142485,User: user39<br>Type: 1min<br>Split: train
user39,1min,train,1645,66.524475,-101.8941,16.609392,-15.160737,User: user39<br>Type: 1min<br>Split: train
user39,1min,train,1646,66.524475,-101.8941,16.584703,-15.140577,User: user39<br>Type: 1min<br>Split: train
user39,1min,train,1647,66.524475,-101.8941,16.596094,-15.15347,User: user39<br>Type: 1min<br>Split: train
user39,1min,train,1648,66.524475,-101.8941,16.596844,-15.153194,User: user39<br>Type: 1min<br>Split: train
user4,1min,train,1649,48.37789,110.34881,-0.19199501,-3.7425,User: user4<br>Type: 1min<br>Split: train
user4,1min,train,1650,48.37789,110.34881,-0.20077318,-3.7341118,User: user4<br>Type: 1min<br>Split: train
user4,1min,train,1651,48.37789,110.34881,-0.21091428,-3.7242694,User: user4<br>Type: 1min<br>Split: train
user4,1min,train,1652,48.37789,110.34881,-0.19688092,-3.7379332,User: user4<br>Type: 1min<br>Split: train
user4,1min,train,1653,48.37789,110.34881,-0.19440176,-3.7402592,User: user4<br>Type: 1min<br>Split: train
user4,1min,train,1654,48.37789,110.34881,-0.21425526,-3.7207541,User: user4<br>Type: 1min<br>Split: train
user4,1min,train,1655,48.37789,110.34881,-0.24882667,-3.685466,User: user4<br>Type: 1min<br>Split: train
user4,1min,train,1656,48.37789,110.34881,-0.20329897,-3.7288074,User: user4<br>Type: 1min<br>Split: train
user4,1min,train,1657,48.37789,110.34881,-0.2397577,-3.6944478,User: user4<br>Type: 1min<br>Split: train
user4,1min,train,1658,48.37789,110.34881,-0.2526684,-3.6813095,User: user4<br>Type: 1min<br>Split: train
user4,1min,train,1659,48.37789,110.34881,-0.18198678,-3.75241,User: user4<br>Type: 1min<br>Split: train
user4,1min,train,1660,48.37789,110.34881,-0.18130794,-3.753423,User: user4<br>Type: 1min<br>Split: train
user4,1min,train,1661,48.37789,110.34881,-0.1938758,-3.7408776,User: user4<br>Type: 1min<br>Split: train
user4,1min,train,1662,48.37789,110.34881,-0.19100207,-3.7437384,User: user4<br>Type: 1min<br>Split: train
user4,1min,train,1663,48.37789,110.34881,-0.2073507,-3.7272778,User: user4<br>Type: 1min<br>Split: train
user4,1min,train,1664,48.37789,110.34881,-0.1979241,-3.73734,User: user4<br>Type: 1min<br>Split: train
user4,1min,train,1665,48.37789,110.34881,-0.17942695,-3.7552042,User: user4<br>Type: 1min<br>Split: train
user4,1min,train,1666,48.37789,110.34881,-0.23656161,-3.697621,User: user4<br>Type: 1min<br>Split: train
user4,1min,train,1667,48.37789,110.34881,-0.19094844,-3.7436268,User: user4<br>Type: 1min<br>Split: train
user4,1min,train,1668,48.37789,110.34881,-0.17633575,-3.758596,User: user4<br>Type: 1min<br>Split: train
user4,1min,train,1669,48.37789,110.34881,-0.21096185,-3.724327,User: user4<br>Type: 1min<br>Split: train
user4,1min,train,1670,48.37789,110.34881,-0.23676035,-3.6977684,User: user4<br>Type: 1min<br>Split: train
user4,1min,train,1671,48.37789,110.34881,-0.2417651,-3.6923037,User: user4<br>Type: 1min<br>Split: train
user4,1min,train,1672,48.37789,110.34881,-0.22849028,-3.7059202,User: user4<br>Type: 1min<br>Split: train
user4,1min,train,1673,48.37789,110.34881,-0.17803046,-3.7566957,User: user4<br>Type: 1min<br>Split: train
user4,1min,train,1674,48.37789,110.34881,-0.1979829,-3.7374578,User: user4<br>Type: 1min<br>Split: train
user4,1min,train,1675,48.37789,110.34881,-0.17191294,-3.762889,User: user4<br>Type: 1min<br>Split: train
user4,1min,train,1676,48.37789,110.34881,-0.24192442,-3.6920907,User: user4<br>Type: 1min<br>Split: train
user4,1min,train,1677,48.37789,110.34881,-0.20563103,-3.729222,User: user4<br>Type: 1min<br>Split: train
user4,1min,train,1678,48.37789,110.34881,-0.2529075,-3.6813982,User: user4<br>Type: 1min<br>Split: train
user4,1min,train,1679,48.37789,110.34881,-0.19141077,-3.742578,User: user4<br>Type: 1min<br>Split: train
user4,1min,train,1680,48.37789,110.34881,-0.20215394,-3.7325194,User: user4<br>Type: 1min<br>Split: train
user4,1min,train,1681,48.37789,110.34881,-0.1692789,-3.765584,User: user4<br>Type: 1min<br>Split: train
user4,1min,train,1682,48.37789,110.34881,-0.20011167,-3.7341225,User: user4<br>Type: 1min<br>Split: train
user4,1min,train,1683,48.37789,110.34881,-0.24024138,-3.693312,User: user4<br>Type: 1min<br>Split: train
user4,1min,train,1684,48.37789,110.34881,-0.24281427,-3.6911066,User: user4<br>Type: 1min<br>Split: train
user4,1min,train,1685,48.37789,110.34881,-0.25125194,-3.6826763,User: user4<br>Type: 1min<br>Split: train
user4,1min,train,1686,48.37789,110.34881,-0.251665,-3.682245,User: user4<br>Type: 1min<br>Split: train
user4,1min,train,1687,48.37789,110.34881,-0.18906155,-3.7458894,User: user4<br>Type: 1min<br>Split: train
user4,1min,train,1688,48.37789,110.34881,-0.27957532,-3.654478,User: user4<br>Type: 1min<br>Split: train
user4,1min,train,1689,48.37789,110.34881,-0.1889657,-3.746058,User: user4<br>Type: 1min<br>Split: train
user4,1min,train,1690,48.37789,110.34881,-0.19593298,-3.7401063,User: user4<br>Type: 1min<br>Split: train
user4,1min,train,1691,48.37789,110.34881,-0.25708252,-3.6770153,User: user4<br>Type: 1min<br>Split: train
user40,1min,train,1692,-194.09854,72.63616,-19.635008,16.613325,User: user40<br>Type: 1min<br>Split: train
user40,1min,train,1693,-194.09854,72.63616,-19.638836,16.60668,User: user40<br>Type: 1min<br>Split: train
user40,1min,train,1694,-194.09854,72.63616,-19.642632,16.608124,User: user40<br>Type: 1min<br>Split: train
user40,1min,train,1695,-194.09854,72.63616,-19.636978,16.605787,User: user40<br>Type: 1min<br>Split: train
user40,1min,train,1696,-194.09854,72.63616,-19.639984,16.60435,User: user40<br>Type: 1min<br>Split: train
user40,1min,train,1697,-194.09854,72.63616,-19.62817,16.61625,User: user40<br>Type: 1min<br>Split: train
user40,1min,train,1698,-194.09854,72.63616,-19.639957,16.604376,User: user40<br>Type: 1min<br>Split: train
user40,1min,train,1699,-194.09854,72.63616,-19.639921,16.604437,User: user40<br>Type: 1min<br>Split: train
user40,1min,train,1700,-194.09854,72.63616,-19.637573,16.606693,User: user40<br>Type: 1min<br>Split: train
user40,1min,train,1701,-194.09854,72.63616,-19.644043,16.608576,User: user40<br>Type: 1min<br>Split: train
user40,1min,train,1702,-194.09854,72.63616,-19.640385,16.604334,User: user40<br>Type: 1min<br>Split: train
user40,1min,train,1703,-194.09854,72.63616,-19.64005,16.604712,User: user40<br>Type: 1min<br>Split: train
user40,1min,train,1704,-194.09854,72.63616,-19.640043,16.604755,User: user40<br>Type: 1min<br>Split: train
user40,1min,train,1705,-194.09854,72.63616,-19.64062,16.604261,User: user40<br>Type: 1min<br>Split: train
user40,1min,train,1706,-194.09854,72.63616,-19.64042,16.604906,User: user40<br>Type: 1min<br>Split: train
user40,1min,train,1707,-194.09854,72.63616,-19.640238,16.605383,User: user40<br>Type: 1min<br>Split: train
user40,1min,train,1708,-194.09854,72.63616,-19.639545,16.604864,User: user40<br>Type: 1min<br>Split: train
user40,1min,train,1709,-194.09854,72.63616,-19.639006,16.60542,User: user40<br>Type: 1min<br>Split: train
user40,1min,train,1710,-194.09854,72.63616,-19.640053,16.604229,User: user40<br>Type: 1min<br>Split: train
user40,1min,train,1711,-194.09854,72.63616,-19.639505,16.605087,User: user40<br>Type: 1min<br>Split: train
user40,1min,train,1712,-194.09854,72.63616,-19.637882,16.612608,User: user40<br>Type: 1min<br>Split: train
user40,1min,train,1713,-194.09854,72.63616,-19.640596,16.602673,User: user40<br>Type: 1min<br>Split: train
user40,1min,train,1714,-194.09854,72.63616,-19.613277,16.631105,User: user40<br>Type: 1min<br>Split: train
user40,1min,train,1715,-194.09854,72.63616,-19.638983,16.605377,User: user40<br>Type: 1min<br>Split: train
user40,1min,train,1716,-194.09854,72.63616,-19.636477,16.607578,User: user40<br>Type: 1min<br>Split: train
user40,1min,train,1717,-194.09854,72.63616,-19.638668,16.605545,User: user40<br>Type: 1min<br>Split: train
user40,1min,train,1718,-194.09854,72.63616,-19.61711,16.626741,User: user40<br>Type: 1min<br>Split: train
user40,1min,train,1719,-194.09854,72.63616,-19.638218,16.605999,User: user40<br>Type: 1min<br>Split: train
user40,1min,train,1720,-194.09854,72.63616,-19.65034,16.617012,User: user40<br>Type: 1min<br>Split: train
user40,1min,train,1721,-194.09854,72.63616,-19.64974,16.598028,User: user40<br>Type: 1min<br>Split: train
user40,1min,train,1722,-194.09854,72.63616,-19.638023,16.607136,User: user40<br>Type: 1min<br>Split: train
user40,1min,train,1723,-194.09854,72.63616,-19.658825,16.586115,User: user40<br>Type: 1min<br>Split: train
user40,1min,train,1724,-194.09854,72.63616,-19.638891,16.606255,User: user40<br>Type: 1min<br>Split: train
user40,1min,train,1725,-194.09854,72.63616,-19.649563,16.596289,User: user40<br>Type: 1min<br>Split: train
user40,1min,train,1726,-194.09854,72.63616,-19.636572,16.607908,User: user40<br>Type: 1min<br>Split: train
user40,1min,train,1727,-194.09854,72.63616,-19.629799,16.616283,User: user40<br>Type: 1min<br>Split: train
user40,1min,train,1728,-194.09854,72.63616,-19.656132,16.58588,User: user40<br>Type: 1min<br>Split: train
user40,1min,train,1729,-194.09854,72.63616,-19.639172,16.60738,User: user40<br>Type: 1min<br>Split: train
user40,1min,train,1730,-194.09854,72.63616,-19.631348,16.604462,User: user40<br>Type: 1min<br>Split: train
user40,1min,train,1731,-194.09854,72.63616,-19.652416,16.590603,User: user40<br>Type: 1min<br>Split: train
user40,1min,train,1732,-194.09854,72.63616,-19.63889,16.605007,User: user40<br>Type: 1min<br>Split: train
user40,1min,train,1733,-194.09854,72.63616,-19.641348,16.60293,User: user40<br>Type: 1min<br>Split: train
user40,1min,train,1734,-194.09854,72.63616,-19.633905,16.608883,User: user40<br>Type: 1min<br>Split: train
user40,1min,train,1735,-194.09854,72.63616,-19.65124,16.622179,User: user40<br>Type: 1min<br>Split: train
user40,1min,train,1736,-194.09854,72.63616,-19.639608,16.605381,User: user40<br>Type: 1min<br>Split: train
user40,1min,train,1737,-194.09854,72.63616,-19.651175,16.593342,User: user40<br>Type: 1min<br>Split: train
user41,1min,train,1738,-42.684586,150.36568,-5.28809,26.598854,User: user41<br>Type: 1min<br>Split: train
user41,1min,train,1739,-42.684586,150.36568,-5.289673,26.601301,User: user41<br>Type: 1min<br>Split: train
user41,1min,train,1740,-42.684586,150.36568,-5.2896385,26.601198,User: user41<br>Type: 1min<br>Split: train
user41,1min,train,1741,-42.684586,150.36568,-11.514364,11.938611,User: user41<br>Type: 1min<br>Split: train
user41,1min,train,1742,-42.684586,150.36568,-11.514289,11.938629,User: user41<br>Type: 1min<br>Split: train
user41,1min,train,1743,-42.684586,150.36568,-11.514375,11.938542,User: user41<br>Type: 1min<br>Split: train
user41,1min,train,1744,-42.684586,150.36568,-5.289687,26.60128,User: user41<br>Type: 1min<br>Split: train
user41,1min,train,1745,-42.684586,150.36568,-5.289671,26.601297,User: user41<br>Type: 1min<br>Split: train
user41,1min,train,1746,-42.684586,150.36568,-11.514409,11.938579,User: user41<br>Type: 1min<br>Split: train
user41,1min,train,1747,-42.684586,150.36568,-11.514467,11.938522,User: user41<br>Type: 1min<br>Split: train
user41,1min,train,1748,-42.684586,150.36568,-5.2897096,26.601374,User: user41<br>Type: 1min<br>Split: train
user41,1min,train,1749,-42.684586,150.36568,-5.2896953,26.601402,User: user41<br>Type: 1min<br>Split: train
user41,1min,train,1750,-42.684586,150.36568,-11.516971,11.936511,User: user41<br>Type: 1min<br>Split: train
user41,1min,train,1751,-42.684586,150.36568,-11.528882,11.924139,User: user41<br>Type: 1min<br>Split: train
user41,1min,train,1752,-42.684586,150.36568,-5.2894073,26.60115,User: user41<br>Type: 1min<br>Split: train
user41,1min,train,1753,-42.684586,150.36568,-11.514988,11.938457,User: user41<br>Type: 1min<br>Split: train
user41,1min,train,1754,-42.684586,150.36568,-11.514968,11.938232,User: user41<br>Type: 1min<br>Split: train
user41,1min,train,1755,-42.684586,150.36568,-11.515047,11.938526,User: user41<br>Type: 1min<br>Split: train
user41,1min,train,1756,-42.684586,150.36568,-5.2896123,26.601292,User: user41<br>Type: 1min<br>Split: train
user41,1min,train,1757,-42.684586,150.36568,-11.515015,11.938704,User: user41<br>Type: 1min<br>Split: train
user41,1min,train,1758,-42.684586,150.36568,-5.2892637,26.601213,User: user41<br>Type: 1min<br>Split: train
user41,1min,train,1759,-42.684586,150.36568,-11.515085,11.938839,User: user41<br>Type: 1min<br>Split: train
user41,1min,train,1760,-42.684586,150.36568,-5.2896504,26.601387,User: user41<br>Type: 1min<br>Split: train
user41,1min,train,1761,-42.684586,150.36568,-5.2896237,26.601372,User: user41<br>Type: 1min<br>Split: train
user41,1min,train,1762,-42.684586,150.36568,-11.514811,11.938847,User: user41<br>Type: 1min<br>Split: train
user41,1min,train,1763,-42.684586,150.36568,-5.289759,26.601397,User: user41<br>Type: 1min<br>Split: train
user41,1min,train,1764,-42.684586,150.36568,-11.514942,11.938044,User: user41<br>Type: 1min<br>Split: train
user41,1min,train,1765,-42.684586,150.36568,-11.516464,11.941083,User: user41<br>Type: 1min<br>Split: train
user41,1min,train,1766,-42.684586,150.36568,-5.2896237,26.601364,User: user41<br>Type: 1min<br>Split: train
user41,1min,train,1767,-42.684586,150.36568,-11.515075,11.9382305,User: user41<br>Type: 1min<br>Split: train
user41,1min,train,1768,-42.684586,150.36568,-5.2896295,26.601337,User: user41<br>Type: 1min<br>Split: train
user41,1min,train,1769,-42.684586,150.36568,-5.290046,26.602114,User: user41<br>Type: 1min<br>Split: train
user41,1min,train,1770,-42.684586,150.36568,-5.2896667,26.601461,User: user41<br>Type: 1min<br>Split: train
user41,1min,train,1771,-42.684586,150.36568,-5.289269,26.6007,User: user41<br>Type: 1min<br>Split: train
user41,1min,train,1772,-42.684586,150.36568,-11.516459,11.937151,User: user41<br>Type: 1min<br>Split: train
user41,1min,train,1773,-42.684586,150.36568,-11.51494,11.93814,User: user41<br>Type: 1min<br>Split: train
user41,1min,train,1774,-42.684586,150.36568,-11.518874,11.939078,User: user41<br>Type: 1min<br>Split: train
user41,1min,train,1775,-42.684586,150.36568,-11.515833,11.937367,User: user41<br>Type: 1min<br>Split: train
user41,1min,train,1776,-42.684586,150.36568,-5.3005333,26.617283,User: user41<br>Type: 1min<br>Split: train
user41,1min,train,1777,-42.684586,150.36568,-11.513002,11.939976,User: user41<br>Type: 1min<br>Split: train
user42,1min,train,1778,152.8267,24.15739,23.64322,15.760843,User: user42<br>Type: 1min<br>Split: train
user42,1min,train,1779,152.8267,24.15739,23.634268,15.751924,User: user42<br>Type: 1min<br>Split: train
user42,1min,train,1780,152.8267,24.15739,23.649609,15.767239,User: user42<br>Type: 1min<br>Split: train
user42,1min,train,1781,152.8267,24.15739,23.638247,15.755895,User: user42<br>Type: 1min<br>Split: train
user42,1min,train,1782,152.8267,24.15739,23.617378,15.735093,User: user42<br>Type: 1min<br>Split: train
user42,1min,train,1783,152.8267,24.15739,23.641624,15.759292,User: user42<br>Type: 1min<br>Split: train
user42,1min,train,1784,152.8267,24.15739,23.649145,15.766797,User: user42<br>Type: 1min<br>Split: train
user42,1min,train,1785,152.8267,24.15739,23.642826,15.760511,User: user42<br>Type: 1min<br>Split: train
user42,1min,train,1786,152.8267,24.15739,23.656725,15.774384,User: user42<br>Type: 1min<br>Split: train
user42,1min,train,1787,152.8267,24.15739,23.639597,15.757246,User: user42<br>Type: 1min<br>Split: train
user42,1min,train,1788,152.8267,24.15739,23.642204,15.759874,User: user42<br>Type: 1min<br>Split: train
user42,1min,train,1789,152.8267,24.15739,23.68546,15.803083,User: user42<br>Type: 1min<br>Split: train
user42,1min,train,1790,152.8267,24.15739,23.650028,15.767699,User: user42<br>Type: 1min<br>Split: train
user42,1min,train,1791,152.8267,24.15739,23.661732,15.779353,User: user42<br>Type: 1min<br>Split: train
user42,1min,train,1792,152.8267,24.15739,23.620424,15.738218,User: user42<br>Type: 1min<br>Split: train
user42,1min,train,1793,152.8267,24.15739,23.63637,15.754169,User: user42<br>Type: 1min<br>Split: train
user42,1min,train,1794,152.8267,24.15739,23.650301,15.768152,User: user42<br>Type: 1min<br>Split: train
user42,1min,train,1795,152.8267,24.15739,23.61693,15.734496,User: user42<br>Type: 1min<br>Split: train
user42,1min,train,1796,152.8267,24.15739,23.67281,15.790197,User: user42<br>Type: 1min<br>Split: train
user42,1min,train,1797,152.8267,24.15739,23.654379,15.772102,User: user42<br>Type: 1min<br>Split: train
user42,1min,train,1798,152.8267,24.15739,23.60686,15.724516,User: user42<br>Type: 1min<br>Split: train
user42,1min,train,1799,152.8267,24.15739,23.68254,15.800201,User: user42<br>Type: 1min<br>Split: train
user42,1min,train,1800,152.8267,24.15739,23.653334,15.770971,User: user42<br>Type: 1min<br>Split: train
user42,1min,train,1801,152.8267,24.15739,23.65418,15.7719555,User: user42<br>Type: 1min<br>Split: train
user42,1min,train,1802,152.8267,24.15739,23.651453,15.769146,User: user42<br>Type: 1min<br>Split: train
user42,1min,train,1803,152.8267,24.15739,23.608704,15.726289,User: user42<br>Type: 1min<br>Split: train
user42,1min,train,1804,152.8267,24.15739,23.65767,15.775231,User: user42<br>Type: 1min<br>Split: train
user42,1min,train,1805,152.8267,24.15739,23.66658,15.784184,User: user42<br>Type: 1min<br>Split: train
user42,1min,train,1806,152.8267,24.15739,23.641626,15.759349,User: user42<br>Type: 1min<br>Split: train
user42,1min,train,1807,152.8267,24.15739,23.614794,15.732427,User: user42<br>Type: 1min<br>Split: train
user42,1min,train,1808,152.8267,24.15739,23.684814,15.802328,User: user42<br>Type: 1min<br>Split: train
user42,1min,train,1809,152.8267,24.15739,23.612608,15.7304125,User: user42<br>Type: 1min<br>Split: train
user42,1min,train,1810,152.8267,24.15739,23.65121,15.768804,User: user42<br>Type: 1min<br>Split: train
user42,1min,train,1811,152.8267,24.15739,23.592394,15.71005,User: user42<br>Type: 1min<br>Split: train
user42,1min,train,1812,152.8267,24.15739,23.614334,15.731981,User: user42<br>Type: 1min<br>Split: train
user42,1min,train,1813,152.8267,24.15739,23.608208,15.725848,User: user42<br>Type: 1min<br>Split: train
user42,1min,train,1814,152.8267,24.15739,23.650867,15.768566,User: user42<br>Type: 1min<br>Split: train
user42,1min,train,1815,152.8267,24.15739,23.64529,15.7626705,User: user42<br>Type: 1min<br>Split: train
user42,1min,train,1816,152.8267,24.15739,23.61256,15.730236,User: user42<br>Type: 1min<br>Split: train
user42,1min,train,1817,152.8267,24.15739,23.658354,15.775997,User: user42<br>Type: 1min<br>Split: train
user42,1min,train,1818,152.8267,24.15739,23.63537,15.752938,User: user42<br>Type: 1min<br>Split: train
user42,1min,train,1819,152.8267,24.15739,23.66515,15.7828045,User: user42<br>Type: 1min<br>Split: train
user42,1min,train,1820,152.8267,24.15739,23.695053,15.812694,User: user42<br>Type: 1min<br>Split: train
user42,1min,train,1821,152.8267,24.15739,23.601875,15.719433,User: user42<br>Type: 1min<br>Split: train
user42,1min,train,1822,152.8267,24.15739,23.640799,15.758582,User: user42<br>Type: 1min<br>Split: train
user42,1min,train,1823,152.8267,24.15739,23.661745,15.77935,User: user42<br>Type: 1min<br>Split: train
user42,1min,train,1824,152.8267,24.15739,23.635761,15.753552,User: user42<br>Type: 1min<br>Split: train
user43,1min,train,1825,59.53925,145.67554,-0.4082896,21.86243,User: user43<br>Type: 1min<br>Split: train
user43,1min,train,1826,59.53925,145.67554,-1.7884651,18.349913,User: user43<br>Type: 1min<br>Split: train
user43,1min,train,1827,59.53925,145.67554,-1.7884998,18.349983,User: user43<br>Type: 1min<br>Split: train
user43,1min,train,1828,59.53925,145.67554,-0.40836138,21.862453,User: user43<br>Type: 1min<br>Split: train
user43,1min,train,1829,59.53925,145.67554,-0.408309,21.862507,User: user43<br>Type: 1min<br>Split: train
user43,1min,train,1830,59.53925,145.67554,-0.40801352,21.862528,User: user43<br>Type: 1min<br>Split: train
user43,1min,train,1831,59.53925,145.67554,-1.7884753,18.3499,User: user43<br>Type: 1min<br>Split: train
user43,1min,train,1832,59.53925,145.67554,-1.7885438,18.34987,User: user43<br>Type: 1min<br>Split: train
user43,1min,train,1833,59.53925,145.67554,-0.40799773,21.86276,User: user43<br>Type: 1min<br>Split: train
user43,1min,train,1834,59.53925,145.67554,-1.7884086,18.349833,User: user43<br>Type: 1min<br>Split: train
user43,1min,train,1835,59.53925,145.67554,-0.40779674,21.86277,User: user43<br>Type: 1min<br>Split: train
user43,1min,train,1836,59.53925,145.67554,-1.7885122,18.349865,User: user43<br>Type: 1min<br>Split: train
user43,1min,train,1837,59.53925,145.67554,-0.40829492,21.86247,User: user43<br>Type: 1min<br>Split: train
user43,1min,train,1838,59.53925,145.67554,-0.40830004,21.862461,User: user43<br>Type: 1min<br>Split: train
user43,1min,train,1839,59.53925,145.67554,-1.7883364,18.349794,User: user43<br>Type: 1min<br>Split: train
user43,1min,train,1840,59.53925,145.67554,-1.7972026,18.35837,User: user43<br>Type: 1min<br>Split: train
user43,1min,train,1841,59.53925,145.67554,-0.408387,21.862082,User: user43<br>Type: 1min<br>Split: train
user43,1min,train,1842,59.53925,145.67554,-0.40831277,21.86236,User: user43<br>Type: 1min<br>Split: train
user43,1min,train,1843,59.53925,145.67554,-1.7890874,18.350456,User: user43<br>Type: 1min<br>Split: train
user43,1min,train,1844,59.53925,145.67554,-1.7889389,18.350203,User: user43<br>Type: 1min<br>Split: train
user43,1min,train,1845,59.53925,145.67554,-0.40853283,21.861404,User: user43<br>Type: 1min<br>Split: train
user43,1min,train,1846,59.53925,145.67554,-0.4087012,21.862047,User: user43<br>Type: 1min<br>Split: train
user43,1min,train,1847,59.53925,145.67554,-0.40854946,21.862171,User: user43<br>Type: 1min<br>Split: train
user43,1min,train,1848,59.53925,145.67554,-0.40845895,21.862463,User: user43<br>Type: 1min<br>Split: train
user43,1min,train,1849,59.53925,145.67554,-1.7887151,18.350208,User: user43<br>Type: 1min<br>Split: train
user43,1min,train,1850,59.53925,145.67554,-0.40844166,21.862236,User: user43<br>Type: 1min<br>Split: train
user43,1min,train,1851,59.53925,145.67554,-1.789241,18.35035,User: user43<br>Type: 1min<br>Split: train
user43,1min,train,1852,59.53925,145.67554,-1.7891141,18.350384,User: user43<br>Type: 1min<br>Split: train
user43,1min,train,1853,59.53925,145.67554,-1.7888857,18.350111,User: user43<br>Type: 1min<br>Split: train
user43,1min,train,1854,59.53925,145.67554,-1.7870195,18.348843,User: user43<br>Type: 1min<br>Split: train
user43,1min,train,1855,59.53925,145.67554,-1.789496,18.350292,User: user43<br>Type: 1min<br>Split: train
user43,1min,train,1856,59.53925,145.67554,-0.40833035,21.86228,User: user43<br>Type: 1min<br>Split: train
user43,1min,train,1857,59.53925,145.67554,-0.42105058,21.848995,User: user43<br>Type: 1min<br>Split: train
user43,1min,train,1858,59.53925,145.67554,-1.7889562,18.349766,User: user43<br>Type: 1min<br>Split: train
user43,1min,train,1859,59.53925,145.67554,-0.40853474,21.862154,User: user43<br>Type: 1min<br>Split: train
user43,1min,train,1860,59.53925,145.67554,-1.7891169,18.350168,User: user43<br>Type: 1min<br>Split: train
user43,1min,train,1861,59.53925,145.67554,-1.7893391,18.35029,User: user43<br>Type: 1min<br>Split: train
user43,1min,train,1862,59.53925,145.67554,-0.39682013,21.87417,User: user43<br>Type: 1min<br>Split: train
user43,1min,train,1863,59.53925,145.67554,-0.40845436,21.862576,User: user43<br>Type: 1min<br>Split: train
user44,1min,train,1864,-72.805145,19.469667,-23.413895,19.750637,User: user44<br>Type: 1min<br>Split: train
user44,1min,train,1865,-72.805145,19.469667,-23.403032,19.761507,User: user44<br>Type: 1min<br>Split: train
user44,1min,train,1866,-72.805145,19.469667,-23.398886,19.765636,User: user44<br>Type: 1min<br>Split: train
user44,1min,train,1867,-72.805145,19.469667,-23.400467,19.764088,User: user44<br>Type: 1min<br>Split: train
user44,1min,train,1868,-72.805145,19.469667,-23.411594,19.75292,User: user44<br>Type: 1min<br>Split: train
user44,1min,train,1869,-72.805145,19.469667,-23.393085,19.77136,User: user44<br>Type: 1min<br>Split: train
user44,1min,train,1870,-72.805145,19.469667,-23.404072,19.760437,User: user44<br>Type: 1min<br>Split: train
user44,1min,train,1871,-72.805145,19.469667,-23.403341,19.761356,User: user44<br>Type: 1min<br>Split: train
user44,1min,train,1872,-72.805145,19.469667,-23.415638,19.749525,User: user44<br>Type: 1min<br>Split: train
user44,1min,train,1873,-72.805145,19.469667,-23.404022,19.760593,User: user44<br>Type: 1min<br>Split: train
user44,1min,train,1874,-72.805145,19.469667,-23.39987,19.764719,User: user44<br>Type: 1min<br>Split: train
user44,1min,train,1875,-72.805145,19.469667,-23.401724,19.76292,User: user44<br>Type: 1min<br>Split: train
user44,1min,train,1876,-72.805145,19.469667,-23.406992,19.757635,User: user44<br>Type: 1min<br>Split: train
user44,1min,train,1877,-72.805145,19.469667,-23.388008,19.77651,User: user44<br>Type: 1min<br>Split: train
user44,1min,train,1878,-72.805145,19.469667,-23.390738,19.773792,User: user44<br>Type: 1min<br>Split: train
user44,1min,train,1879,-72.805145,19.469667,-23.400948,19.763659,User: user44<br>Type: 1min<br>Split: train
user44,1min,train,1880,-72.805145,19.469667,-23.405117,19.759447,User: user44<br>Type: 1min<br>Split: train
user44,1min,train,1881,-72.805145,19.469667,-23.383066,19.781475,User: user44<br>Type: 1min<br>Split: train
user44,1min,train,1882,-72.805145,19.469667,-23.400873,19.763655,User: user44<br>Type: 1min<br>Split: train
user44,1min,train,1883,-72.805145,19.469667,-23.413435,19.751184,User: user44<br>Type: 1min<br>Split: train
user44,1min,train,1884,-72.805145,19.469667,-23.392685,19.77199,User: user44<br>Type: 1min<br>Split: train
user44,1min,train,1885,-72.805145,19.469667,-23.400782,19.763824,User: user44<br>Type: 1min<br>Split: train
user44,1min,train,1886,-75.87119,10.77022,-23.409122,19.756212,User: user44<br>Type: 1min<br>Split: train
user44,1min,train,1887,-75.87119,10.77022,-23.402905,19.76209,User: user44<br>Type: 1min<br>Split: train
user44,1min,train,1888,-72.805145,19.469667,-23.403214,19.761868,User: user44<br>Type: 1min<br>Split: train
user44,1min,train,1889,-72.805145,19.469667,-23.372793,19.791893,User: user44<br>Type: 1min<br>Split: train
user44,1min,train,1890,-72.805145,19.469667,-23.396332,19.768286,User: user44<br>Type: 1min<br>Split: train
user44,1min,train,1891,-72.805145,19.469667,-23.400192,19.764488,User: user44<br>Type: 1min<br>Split: train
user44,1min,train,1892,-72.805145,19.469667,-23.421898,19.742882,User: user44<br>Type: 1min<br>Split: train
user44,1min,train,1893,-72.805145,19.469667,-23.40174,19.762978,User: user44<br>Type: 1min<br>Split: train
user44,1min,train,1894,-72.805145,19.469667,-23.39877,19.765842,User: user44<br>Type: 1min<br>Split: train
user44,1min,train,1895,-67.56247,16.607391,-23.401016,19.76355,User: user44<br>Type: 1min<br>Split: train
user44,1min,train,1896,-72.805145,19.469667,-23.401106,19.763697,User: user44<br>Type: 1min<br>Split: train
user44,1min,train,1897,-72.805145,19.469667,-23.401375,19.763386,User: user44<br>Type: 1min<br>Split: train
user44,1min,train,1898,-67.56247,16.607391,-23.382662,19.781878,User: user44<br>Type: 1min<br>Split: train
user44,1min,train,1899,-67.56247,16.607391,-23.401281,19.76336,User: user44<br>Type: 1min<br>Split: train
user44,1min,train,1900,-67.56247,16.607391,-23.400928,19.763786,User: user44<br>Type: 1min<br>Split: train
user44,1min,train,1901,-67.56247,16.607391,-23.407778,19.758272,User: user44<br>Type: 1min<br>Split: train
user44,1min,train,1902,-67.56247,16.607391,-23.463678,19.700993,User: user44<br>Type: 1min<br>Split: train
user44,1min,train,1903,-72.805145,19.469667,-23.41466,19.749968,User: user44<br>Type: 1min<br>Split: train
user44,1min,train,1904,-67.56247,16.607391,-23.430391,19.734352,User: user44<br>Type: 1min<br>Split: train
user44,1min,train,1905,-72.805145,19.469667,-23.387558,19.776981,User: user44<br>Type: 1min<br>Split: train
user44,1min,train,1906,-72.805145,19.469667,-23.410206,19.754543,User: user44<br>Type: 1min<br>Split: train
user44,1min,train,1907,-72.805145,19.469667,-23.402308,19.76235,User: user44<br>Type: 1min<br>Split: train
user44,1min,train,1908,-72.805145,19.469667,-23.399231,19.764656,User: user44<br>Type: 1min<br>Split: train
user44,1min,train,1909,-72.805145,19.469667,-23.41918,19.745476,User: user44<br>Type: 1min<br>Split: train
user44,1min,train,1910,-72.805145,19.469667,-23.411888,19.752846,User: user44<br>Type: 1min<br>Split: train
user44,1min,train,1911,-72.805145,19.469667,-23.43729,19.72744,User: user44<br>Type: 1min<br>Split: train
user44,1min,train,1912,-72.805145,19.469667,-23.402294,19.762335,User: user44<br>Type: 1min<br>Split: train
user44,1min,train,1913,-72.805145,19.469667,-23.402075,19.762785,User: user44<br>Type: 1min<br>Split: train
user45,1min,train,1914,121.629715,41.312,20.69735,20.334272,User: user45<br>Type: 1min<br>Split: train
user45,1min,train,1915,121.629715,41.312,20.694891,20.336704,User: user45<br>Type: 1min<br>Split: train
user45,1min,train,1916,106.04101,40.180244,20.705776,20.325863,User: user45<br>Type: 1min<br>Split: train
user45,1min,train,1917,106.04101,40.180244,20.70008,20.331568,User: user45<br>Type: 1min<br>Split: train
user45,1min,train,1918,114.780785,37.04808,20.691898,20.339788,User: user45<br>Type: 1min<br>Split: train
user45,1min,train,1919,114.780785,37.04808,20.680918,20.350666,User: user45<br>Type: 1min<br>Split: train
user45,1min,train,1920,106.04101,40.180244,20.694818,20.336811,User: user45<br>Type: 1min<br>Split: train
user45,1min,train,1921,106.04101,40.180244,20.685781,20.345942,User: user45<br>Type: 1min<br>Split: train
user45,1min,train,1922,106.04101,40.180244,20.693033,20.338629,User: user45<br>Type: 1min<br>Split: train
user45,1min,train,1923,106.04101,40.180244,20.70013,20.331095,User: user45<br>Type: 1min<br>Split: train
user45,1min,train,1924,106.04101,40.180244,20.694477,20.337187,User: user45<br>Type: 1min<br>Split: train
user45,1min,train,1925,121.629715,41.312,20.68906,20.342573,User: user45<br>Type: 1min<br>Split: train
user45,1min,train,1926,106.04101,40.180244,20.69401,20.337763,User: user45<br>Type: 1min<br>Split: train
user45,1min,train,1927,106.04101,40.180244,20.690886,20.340784,User: user45<br>Type: 1min<br>Split: train
user45,1min,train,1928,106.04101,40.180244,20.686403,20.345257,User: user45<br>Type: 1min<br>Split: train
user45,1min,train,1929,106.04101,40.180244,20.694298,20.337431,User: user45<br>Type: 1min<br>Split: train
user45,1min,train,1930,106.04101,40.180244,20.671862,20.359919,User: user45<br>Type: 1min<br>Split: train
user45,1min,train,1931,106.04101,40.180244,20.696095,20.334183,User: user45<br>Type: 1min<br>Split: train
user45,1min,train,1932,121.629715,41.312,20.696629,20.335049,User: user45<br>Type: 1min<br>Split: train
user45,1min,train,1933,106.57482,14.90609,20.694103,20.337574,User: user45<br>Type: 1min<br>Split: train
user45,1min,train,1934,106.04101,40.180244,20.674656,20.356985,User: user45<br>Type: 1min<br>Split: train
user45,1min,train,1935,106.04101,40.180244,20.70221,20.329409,User: user45<br>Type: 1min<br>Split: train
user45,1min,train,1936,106.57482,14.90609,20.694593,20.337196,User: user45<br>Type: 1min<br>Split: train
user45,1min,train,1937,106.57482,14.90609,20.712557,20.318983,User: user45<br>Type: 1min<br>Split: train
user45,1min,train,1938,106.57482,14.90609,20.694721,20.336985,User: user45<br>Type: 1min<br>Split: train
user45,1min,train,1939,106.57482,14.90609,20.68243,20.349054,User: user45<br>Type: 1min<br>Split: train
user45,1min,train,1940,106.04101,40.180244,20.68278,20.34892,User: user45<br>Type: 1min<br>Split: train
user45,1min,train,1941,106.04101,40.180244,20.671162,20.360518,User: user45<br>Type: 1min<br>Split: train
user45,1min,train,1942,106.04101,40.180244,20.697083,20.333813,User: user45<br>Type: 1min<br>Split: train
user45,1min,train,1943,106.57482,14.90609,20.693872,20.33773,User: user45<br>Type: 1min<br>Split: train
user45,1min,train,1944,106.57482,14.90609,20.670654,20.361141,User: user45<br>Type: 1min<br>Split: train
user45,1min,train,1945,106.57482,14.90609,20.692377,20.339317,User: user45<br>Type: 1min<br>Split: train
user45,1min,train,1946,106.57482,14.90609,20.710968,20.320766,User: user45<br>Type: 1min<br>Split: train
user45,1min,train,1947,106.57482,14.90609,20.685535,20.346228,User: user45<br>Type: 1min<br>Split: train
user45,1min,train,1948,106.57482,14.90609,20.694698,20.336956,User: user45<br>Type: 1min<br>Split: train
user45,1min,train,1949,106.57482,14.90609,20.693747,20.338028,User: user45<br>Type: 1min<br>Split: train
user45,1min,train,1950,114.780785,37.04808,20.68381,20.347853,User: user45<br>Type: 1min<br>Split: train
user45,1min,train,1951,114.780785,37.04808,20.690857,20.340837,User: user45<br>Type: 1min<br>Split: train
user45,1min,train,1952,126.132614,32.54707,20.693434,20.338184,User: user45<br>Type: 1min<br>Split: train
user45,1min,train,1953,126.132614,32.54707,20.706501,20.325125,User: user45<br>Type: 1min<br>Split: train
user45,1min,train,1954,121.629715,41.312,20.689127,20.342684,User: user45<br>Type: 1min<br>Split: train
user45,1min,train,1955,121.629715,41.312,20.693293,20.338402,User: user45<br>Type: 1min<br>Split: train
user45,1min,train,1956,126.132614,32.54707,20.694723,20.337187,User: user45<br>Type: 1min<br>Split: train
user46,1min,train,1957,-49.02953,30.212856,12.209195,25.038324,User: user46<br>Type: 1min<br>Split: train
user46,1min,train,1958,-49.02953,30.212856,12.209186,25.038298,User: user46<br>Type: 1min<br>Split: train
user46,1min,train,1959,-49.02953,30.212856,-8.918784,29.498886,User: user46<br>Type: 1min<br>Split: train
user46,1min,train,1960,-49.02953,30.212856,12.222021,25.05118,User: user46<br>Type: 1min<br>Split: train
user46,1min,train,1961,-49.02953,30.212856,12.209555,25.03862,User: user46<br>Type: 1min<br>Split: train
user46,1min,train,1962,-49.02953,30.212856,-8.918789,29.498915,User: user46<br>Type: 1min<br>Split: train
user46,1min,train,1963,-49.02953,30.212856,-8.920794,29.5025,User: user46<br>Type: 1min<br>Split: train
user46,1min,train,1964,-49.02953,30.212856,-8.918927,29.499,User: user46<br>Type: 1min<br>Split: train
user46,1min,train,1965,-49.02953,30.212856,12.20954,25.03865,User: user46<br>Type: 1min<br>Split: train
user46,1min,train,1966,-49.02953,30.212856,-8.918705,29.498606,User: user46<br>Type: 1min<br>Split: train
user46,1min,train,1967,-49.02953,30.212856,12.209423,25.038595,User: user46<br>Type: 1min<br>Split: train
user46,1min,train,1968,-49.02953,30.212856,-8.918815,29.49868,User: user46<br>Type: 1min<br>Split: train
user46,1min,train,1969,-49.02953,30.212856,12.20939,25.038597,User: user46<br>Type: 1min<br>Split: train
user46,1min,train,1970,-49.02953,30.212856,12.209186,25.039213,User: user46<br>Type: 1min<br>Split: train
user46,1min,train,1971,-49.02953,30.212856,12.209515,25.03872,User: user46<br>Type: 1min<br>Split: train
user46,1min,train,1972,-49.02953,30.212856,-8.927017,29.493755,User: user46<br>Type: 1min<br>Split: train
user46,1min,train,1973,-49.02953,30.212856,12.20952,25.038673,User: user46<br>Type: 1min<br>Split: train
user46,1min,train,1974,-49.02953,30.212856,12.209245,25.038397,User: user46<br>Type: 1min<br>Split: train
user46,1min,train,1975,-49.02953,30.212856,-8.9258995,29.509497,User: user46<br>Type: 1min<br>Split: train
user46,1min,train,1976,-49.02953,30.212856,-8.9194765,29.498985,User: user46<br>Type: 1min<br>Split: train
user46,1min,train,1977,-49.02953,30.212856,12.209374,25.038746,User: user46<br>Type: 1min<br>Split: train
user46,1min,train,1978,-49.02953,30.212856,12.209328,25.038467,User: user46<br>Type: 1min<br>Split: train
user46,1min,train,1979,-49.02953,30.212856,12.212746,25.04193,User: user46<br>Type: 1min<br>Split: train
user46,1min,train,1980,-49.02953,30.212856,12.210521,25.038994,User: user46<br>Type: 1min<br>Split: train
user46,1min,train,1981,-49.02953,30.212856,12.206652,25.037487,User: user46<br>Type: 1min<br>Split: train
user46,1min,train,1982,-50.335964,40.782356,-8.919543,29.499083,User: user46<br>Type: 1min<br>Split: train
user46,1min,train,1983,-50.335964,40.782356,-8.919693,29.499031,User: user46<br>Type: 1min<br>Split: train
user46,1min,train,1984,-45.33721,34.98956,-8.910653,29.50816,User: user46<br>Type: 1min<br>Split: train
user46,1min,train,1985,-45.33721,34.98956,-8.919407,29.499361,User: user46<br>Type: 1min<br>Split: train
user46,1min,train,1986,-45.33721,34.98956,12.209823,25.038961,User: user46<br>Type: 1min<br>Split: train
user46,1min,train,1987,-49.02953,30.212856,-8.921938,29.49765,User: user46<br>Type: 1min<br>Split: train
user46,1min,train,1988,-45.33721,34.98956,-8.920506,29.500341,User: user46<br>Type: 1min<br>Split: train
user46,1min,train,1989,-45.33721,34.98956,12.214005,25.041191,User: user46<br>Type: 1min<br>Split: train
user46,1min,train,1990,-45.33721,34.98956,-8.918768,29.496819,User: user46<br>Type: 1min<br>Split: train
user46,1min,train,1991,-45.33721,34.98956,-8.920091,29.4998,User: user46<br>Type: 1min<br>Split: train
user46,1min,train,1992,-45.33721,34.98956,12.209841,25.038914,User: user46<br>Type: 1min<br>Split: train
user46,1min,train,1993,-45.33721,34.98956,12.209708,25.038874,User: user46<br>Type: 1min<br>Split: train
user46,1min,train,1994,-45.33721,34.98956,-8.920028,29.499798,User: user46<br>Type: 1min<br>Split: train
user46,1min,train,1995,-49.02953,30.212856,-8.919752,29.499474,User: user46<br>Type: 1min<br>Split: train
user46,1min,train,1996,-49.02953,30.212856,12.209827,25.039034,User: user46<br>Type: 1min<br>Split: train
user46,1min,train,1997,-49.02953,30.212856,12.209828,25.038925,User: user46<br>Type: 1min<br>Split: train
user46,1min,train,1998,-49.02953,30.212856,12.194634,25.02447,User: user46<br>Type: 1min<br>Split: train
user46,1min,train,1999,-49.02953,30.212856,-8.920323,29.499865,User: user46<br>Type: 1min<br>Split: train
user46,1min,train,2000,-49.02953,30.212856,12.209839,25.038998,User: user46<br>Type: 1min<br>Split: train
user46,1min,train,2001,-49.02953,30.212856,-8.880989,29.461376,User: user46<br>Type: 1min<br>Split: train
user46,1min,train,2002,-49.02953,30.212856,-8.923454,29.48407,User: user46<br>Type: 1min<br>Split: train
user46,1min,train,2003,-49.02953,30.212856,-8.919226,29.499249,User: user46<br>Type: 1min<br>Split: train
user46,1min,train,2004,-49.02953,30.212856,-8.921165,29.5005,User: user46<br>Type: 1min<br>Split: train
user46,1min,train,2005,-49.02953,30.212856,-8.925982,29.506865,User: user46<br>Type: 1min<br>Split: train
user46,1min,train,2006,-49.02953,30.212856,-8.9198675,29.49993,User: user46<br>Type: 1min<br>Split: train
user46,1min,train,2007,-49.02953,30.212856,12.209882,25.039078,User: user46<br>Type: 1min<br>Split: train
user47,1min,train,2008,215.91035,25.37823,29.451307,24.578224,User: user47<br>Type: 1min<br>Split: train
user47,1min,train,2009,215.91035,25.37823,29.45022,24.579298,User: user47<br>Type: 1min<br>Split: train
user47,1min,train,2010,215.91035,25.37823,29.45168,24.577848,User: user47<br>Type: 1min<br>Split: train
user47,1min,train,2011,215.91035,25.37823,29.457815,24.571787,User: user47<br>Type: 1min<br>Split: train
user47,1min,train,2012,215.91035,25.37823,29.450771,24.578781,User: user47<br>Type: 1min<br>Split: train
user47,1min,train,2013,215.91035,25.37823,29.464373,24.565165,User: user47<br>Type: 1min<br>Split: train
user47,1min,train,2014,206.47098,33.49952,29.454725,24.574955,User: user47<br>Type: 1min<br>Split: train
user47,1min,train,2015,206.47098,33.49952,29.452887,24.576674,User: user47<br>Type: 1min<br>Split: train
user47,1min,train,2016,215.91035,25.37823,29.446833,24.582834,User: user47<br>Type: 1min<br>Split: train
user47,1min,train,2017,215.91035,25.37823,29.48368,24.5465,User: user47<br>Type: 1min<br>Split: train
user47,1min,train,2018,215.91035,25.37823,29.453743,24.575888,User: user47<br>Type: 1min<br>Split: train
user47,1min,train,2019,197.8336,40.993343,29.45059,24.57911,User: user47<br>Type: 1min<br>Split: train
user47,1min,train,2020,197.8336,40.993343,29.45824,24.571384,User: user47<br>Type: 1min<br>Split: train
user47,1min,train,2021,215.91035,25.37823,29.448416,24.581244,User: user47<br>Type: 1min<br>Split: train
user47,1min,train,2022,197.8336,40.993343,29.435144,24.594378,User: user47<br>Type: 1min<br>Split: train
user47,1min,train,2023,215.91035,25.37823,29.4433,24.586246,User: user47<br>Type: 1min<br>Split: train
user47,1min,train,2024,215.91035,25.37823,29.450687,24.579027,User: user47<br>Type: 1min<br>Split: train
user47,1min,train,2025,197.8336,40.993343,29.451757,24.5779,User: user47<br>Type: 1min<br>Split: train
user47,1min,train,2026,197.8336,40.993343,29.445612,24.583935,User: user47<br>Type: 1min<br>Split: train
user47,1min,train,2027,197.8336,40.993343,29.438927,24.590693,User: user47<br>Type: 1min<br>Split: train
user47,1min,train,2028,197.8336,40.993343,29.459517,24.57,User: user47<br>Type: 1min<br>Split: train
user47,1min,train,2029,197.8336,40.993343,29.453606,24.575943,User: user47<br>Type: 1min<br>Split: train
user47,1min,train,2030,197.8336,40.993343,29.450588,24.579092,User: user47<br>Type: 1min<br>Split: train
user47,1min,train,2031,215.91035,25.37823,29.449135,24.58047,User: user47<br>Type: 1min<br>Split: train
user47,1min,train,2032,197.8336,40.993343,29.47959,24.550125,User: user47<br>Type: 1min<br>Split: train
user47,1min,train,2033,197.8336,40.993343,29.465576,24.56398,User: user47<br>Type: 1min<br>Split: train
user47,1min,train,2034,197.8336,40.993343,29.451797,24.577765,User: user47<br>Type: 1min<br>Split: train
user47,1min,train,2035,197.8336,40.993343,29.459223,24.57036,User: user47<br>Type: 1min<br>Split: train
user47,1min,train,2036,197.8336,40.993343,29.46861,24.561464,User: user47<br>Type: 1min<br>Split: train
user47,1min,train,2037,197.8336,40.993343,29.452234,24.577345,User: user47<br>Type: 1min<br>Split: train
user47,1min,train,2038,197.8336,40.993343,29.43701,24.592627,User: user47<br>Type: 1min<br>Split: train
user47,1min,train,2039,197.8336,40.993343,29.46348,24.5661,User: user47<br>Type: 1min<br>Split: train
user47,1min,train,2040,197.8336,40.993343,29.440405,24.589268,User: user47<br>Type: 1min<br>Split: train
user47,1min,train,2041,197.8336,40.993343,29.458221,24.57136,User: user47<br>Type: 1min<br>Split: train
user47,1min,train,2042,197.8336,40.993343,29.481405,24.548185,User: user47<br>Type: 1min<br>Split: train
user47,1min,train,2043,197.8336,40.993343,29.433388,24.5985,User: user47<br>Type: 1min<br>Split: train
user47,1min,train,2044,197.8336,40.993343,29.434843,24.594957,User: user47<br>Type: 1min<br>Split: train
user47,1min,train,2045,197.8336,40.993343,29.460478,24.569145,User: user47<br>Type: 1min<br>Split: train
user47,1min,train,2046,206.47098,33.49952,29.464489,24.565126,User: user47<br>Type: 1min<br>Split: train
user47,1min,train,2047,206.47098,33.49952,29.452354,24.577288,User: user47<br>Type: 1min<br>Split: train
user47,1min,train,2048,197.8336,40.993343,29.452854,24.57703,User: user47<br>Type: 1min<br>Split: train
user47,1min,train,2049,215.91035,25.37823,29.4626,24.566252,User: user47<br>Type: 1min<br>Split: train
user47,1min,train,2050,197.8336,40.993343,29.444204,24.58576,User: user47<br>Type: 1min<br>Split: train
user47,1min,train,2051,197.8336,40.993343,29.452562,24.577036,User: user47<br>Type: 1min<br>Split: train
user47,1min,train,2052,215.91035,25.37823,29.463848,24.565687,User: user47<br>Type: 1min<br>Split: train
user47,1min,train,2053,197.8336,40.993343,29.465643,24.564047,User: user47<br>Type: 1min<br>Split: train
user47,1min,train,2054,215.91035,25.37823,29.436998,24.59267,User: user47<br>Type: 1min<br>Split: train
user47,1min,train,2055,197.8336,40.993343,29.442524,24.587034,User: user47<br>Type: 1min<br>Split: train
user47,1min,train,2056,197.8336,40.993343,29.452492,24.577103,User: user47<br>Type: 1min<br>Split: train
user48,1min,train,2057,175.52635,106.96174,14.998662,22.8515,User: user48<br>Type: 1min<br>Split: train
user48,1min,train,2058,175.52635,106.96174,14.998477,22.851374,User: user48<br>Type: 1min<br>Split: train
user48,1min,train,2059,175.52635,106.96174,15.08949,22.942928,User: user48<br>Type: 1min<br>Split: train
user48,1min,train,2060,175.52635,106.96174,15.073013,22.926394,User: user48<br>Type: 1min<br>Split: train
user48,1min,train,2061,175.52635,106.96174,15.009143,22.861969,User: user48<br>Type: 1min<br>Split: train
user48,1min,train,2062,175.52635,106.96174,15.088551,22.942081,User: user48<br>Type: 1min<br>Split: train
user48,1min,train,2063,175.52635,106.96174,14.9968195,22.849545,User: user48<br>Type: 1min<br>Split: train
user48,1min,train,2064,175.52635,106.96174,14.988635,22.84146,User: user48<br>Type: 1min<br>Split: train
user48,1min,train,2065,175.52635,106.96174,15.091921,22.94535,User: user48<br>Type: 1min<br>Split: train
user48,1min,train,2066,175.52635,106.96174,15.002826,22.855639,User: user48<br>Type: 1min<br>Split: train
user48,1min,train,2067,175.52635,106.96174,14.991803,22.845888,User: user48<br>Type: 1min<br>Split: train
user48,1min,train,2068,175.52635,106.96174,15.089867,22.94335,User: user48<br>Type: 1min<br>Split: train
user48,1min,train,2069,175.52635,106.96174,14.986798,22.839727,User: user48<br>Type: 1min<br>Split: train
user48,1min,train,2070,175.52635,106.96174,15.08986,22.94325,User: user48<br>Type: 1min<br>Split: train
user48,1min,train,2071,175.52635,106.96174,15.089658,22.94301,User: user48<br>Type: 1min<br>Split: train
user48,1min,train,2072,175.52635,106.96174,15.095104,22.948656,User: user48<br>Type: 1min<br>Split: train
user48,1min,train,2073,175.52635,106.96174,14.997736,22.85052,User: user48<br>Type: 1min<br>Split: train
user48,1min,train,2074,175.52635,106.96174,15.093175,22.946495,User: user48<br>Type: 1min<br>Split: train
user48,1min,train,2075,175.52635,106.96174,15.098521,22.95211,User: user48<br>Type: 1min<br>Split: train
user48,1min,train,2076,175.52635,106.96174,15.084125,22.937653,User: user48<br>Type: 1min<br>Split: train
user48,1min,train,2077,175.52635,106.96174,15.091132,22.94452,User: user48<br>Type: 1min<br>Split: train
user48,1min,train,2078,175.52635,106.96174,15.047139,22.900314,User: user48<br>Type: 1min<br>Split: train
user48,1min,train,2079,175.52635,106.96174,15.055269,22.908663,User: user48<br>Type: 1min<br>Split: train
user48,1min,train,2080,175.52635,106.96174,14.986608,22.839544,User: user48<br>Type: 1min<br>Split: train
user48,1min,train,2081,175.52635,106.96174,15.124427,22.97795,User: user48<br>Type: 1min<br>Split: train
user48,1min,train,2082,175.52635,106.96174,14.995313,22.848206,User: user48<br>Type: 1min<br>Split: train
user48,1min,train,2083,175.52635,106.96174,15.094037,22.947725,User: user48<br>Type: 1min<br>Split: train
user48,1min,train,2084,175.52635,106.96174,14.999828,22.852903,User: user48<br>Type: 1min<br>Split: train
user48,1min,train,2085,175.52635,106.96174,15.094264,22.947699,User: user48<br>Type: 1min<br>Split: train
user48,1min,train,2086,175.52635,106.96174,15.001477,22.854458,User: user48<br>Type: 1min<br>Split: train
user48,1min,train,2087,175.52635,106.96174,15.107695,22.962894,User: user48<br>Type: 1min<br>Split: train
user48,1min,train,2088,175.52635,106.96174,15.001413,22.854296,User: user48<br>Type: 1min<br>Split: train
user48,1min,train,2089,175.52635,106.96174,15.090072,22.943398,User: user48<br>Type: 1min<br>Split: train
user48,1min,train,2090,175.52635,106.96174,15.090021,22.9435,User: user48<br>Type: 1min<br>Split: train
user48,1min,train,2091,175.52635,106.96174,15.001864,22.854683,User: user48<br>Type: 1min<br>Split: train
user48,1min,train,2092,175.52635,106.96174,15.077572,22.931116,User: user48<br>Type: 1min<br>Split: train
user48,1min,train,2093,175.52635,106.96174,14.98277,22.83576,User: user48<br>Type: 1min<br>Split: train
user48,1min,train,2094,175.52635,106.96174,15.00091,22.853853,User: user48<br>Type: 1min<br>Split: train
user48,1min,train,2095,175.52635,106.96174,15.001007,22.85409,User: user48<br>Type: 1min<br>Split: train
user48,1min,train,2096,175.52635,106.96174,15.097077,22.950432,User: user48<br>Type: 1min<br>Split: train
user48,1min,train,2097,175.52635,106.96174,15.100179,22.95379,User: user48<br>Type: 1min<br>Split: train
user48,1min,train,2098,175.52635,106.96174,15.094135,22.947596,User: user48<br>Type: 1min<br>Split: train
user48,1min,train,2099,175.52635,106.96174,14.991527,22.844519,User: user48<br>Type: 1min<br>Split: train
user49,1min,train,2100,137.9941,50.808807,18.329012,17.022455,User: user49<br>Type: 1min<br>Split: train
user49,1min,train,2101,137.9941,50.808807,18.208717,16.846272,User: user49<br>Type: 1min<br>Split: train
user49,1min,train,2102,137.9941,50.808807,17.943336,16.487392,User: user49<br>Type: 1min<br>Split: train
user49,1min,train,2103,137.9941,50.808807,18.358315,17.067432,User: user49<br>Type: 1min<br>Split: train
user49,1min,train,2104,137.9941,50.808807,17.991064,16.549538,User: user49<br>Type: 1min<br>Split: train
user49,1min,train,2105,137.9941,50.808807,17.942663,16.48642,User: user49<br>Type: 1min<br>Split: train
user49,1min,train,2106,137.9941,50.808807,17.945827,16.489962,User: user49<br>Type: 1min<br>Split: train
user49,1min,train,2107,137.9941,50.808807,18.194963,16.831106,User: user49<br>Type: 1min<br>Split: train
user49,1min,train,2108,137.9941,50.808807,18.365057,17.077023,User: user49<br>Type: 1min<br>Split: train
user49,1min,train,2109,137.9941,50.808807,18.364614,17.075445,User: user49<br>Type: 1min<br>Split: train
user49,1min,train,2110,139.23103,40.02904,17.943867,16.487906,User: user49<br>Type: 1min<br>Split: train
user49,1min,train,2111,139.23103,40.02904,18.36108,17.071175,User: user49<br>Type: 1min<br>Split: train
user49,1min,train,2112,137.9941,50.808807,17.943785,16.48775,User: user49<br>Type: 1min<br>Split: train
user49,1min,train,2113,137.9941,50.808807,18.200048,16.837807,User: user49<br>Type: 1min<br>Split: train
user49,1min,train,2114,137.9941,50.808807,17.94337,16.487358,User: user49<br>Type: 1min<br>Split: train
user49,1min,train,2115,137.9941,50.808807,17.951653,16.495527,User: user49<br>Type: 1min<br>Split: train
user49,1min,train,2116,137.9941,50.808807,18.36284,17.07287,User: user49<br>Type: 1min<br>Split: train
user49,1min,train,2117,137.9941,50.808807,18.191298,16.825544,User: user49<br>Type: 1min<br>Split: train
user49,1min,train,2118,137.9941,50.808807,17.940441,16.484472,User: user49<br>Type: 1min<br>Split: train
user49,1min,train,2119,137.9941,50.808807,18.191322,16.825434,User: user49<br>Type: 1min<br>Split: train
user49,1min,train,2120,137.9941,50.808807,18.19193,16.826292,User: user49<br>Type: 1min<br>Split: train
user49,1min,train,2121,137.9941,50.808807,17.94242,16.485994,User: user49<br>Type: 1min<br>Split: train
user49,1min,train,2122,137.9941,50.808807,18.187166,16.81973,User: user49<br>Type: 1min<br>Split: train
user49,1min,train,2123,137.9941,50.808807,18.371252,17.084135,User: user49<br>Type: 1min<br>Split: train
user49,1min,train,2124,137.9941,50.808807,17.940115,16.48312,User: user49<br>Type: 1min<br>Split: train
user49,1min,train,2125,137.9941,50.808807,17.943495,16.487595,User: user49<br>Type: 1min<br>Split: train
user49,1min,train,2126,137.9941,50.808807,18.371458,17.08528,User: user49<br>Type: 1min<br>Split: train
user49,1min,train,2127,137.9941,50.808807,17.94193,16.488218,User: user49<br>Type: 1min<br>Split: train
user49,1min,train,2128,137.9941,50.808807,18.199333,16.836203,User: user49<br>Type: 1min<br>Split: train
user49,1min,train,2129,137.9941,50.808807,18.369598,17.081667,User: user49<br>Type: 1min<br>Split: train
user49,1min,train,2130,137.9941,50.808807,17.938707,16.481236,User: user49<br>Type: 1min<br>Split: train
user49,1min,train,2131,137.9941,50.808807,17.94309,16.487179,User: user49<br>Type: 1min<br>Split: train
user49,1min,train,2132,137.9941,50.808807,17.941814,16.485361,User: user49<br>Type: 1min<br>Split: train
user49,1min,train,2133,137.9941,50.808807,18.358767,17.068483,User: user49<br>Type: 1min<br>Split: train
user49,1min,train,2134,137.9941,50.808807,18.183775,16.814692,User: user49<br>Type: 1min<br>Split: train
user49,1min,train,2135,137.9941,50.808807,18.206936,16.843775,User: user49<br>Type: 1min<br>Split: train
user49,1min,train,2136,137.9941,50.808807,18.208008,16.845217,User: user49<br>Type: 1min<br>Split: train
user49,1min,train,2137,137.9941,50.808807,18.361504,17.072065,User: user49<br>Type: 1min<br>Split: train
user49,1min,train,2138,137.9941,50.808807,18.363068,17.073988,User: user49<br>Type: 1min<br>Split: train
user49,1min,train,2139,137.9941,50.808807,17.943033,16.48706,User: user49<br>Type: 1min<br>Split: train
user49,1min,train,2140,137.9941,50.808807,18.203289,16.835835,User: user49<br>Type: 1min<br>Split: train
user49,1min,train,2141,137.9941,50.808807,18.182316,16.819649,User: user49<br>Type: 1min<br>Split: train
user49,1min,train,2142,139.23103,40.02904,18.36161,17.071884,User: user49<br>Type: 1min<br>Split: train
user49,1min,train,2143,139.23103,40.02904,18.19223,16.82616,User: user49<br>Type: 1min<br>Split: train
user49,1min,train,2144,137.9941,50.808807,17.942759,16.486776,User: user49<br>Type: 1min<br>Split: train
user49,1min,train,2145,137.9941,50.808807,17.936478,16.477783,User: user49<br>Type: 1min<br>Split: train
user49,1min,train,2146,137.9941,50.808807,18.362898,17.07363,User: user49<br>Type: 1min<br>Split: train
user49,1min,train,2147,137.9941,50.808807,17.944595,16.489017,User: user49<br>Type: 1min<br>Split: train
user49,1min,train,2148,137.9941,50.808807,18.365326,17.07602,User: user49<br>Type: 1min<br>Split: train
user49,1min,train,2149,137.9941,50.808807,17.944416,16.489235,User: user49<br>Type: 1min<br>Split: train
user49,1min,train,2150,137.9941,50.808807,18.352716,17.06395,User: user49<br>Type: 1min<br>Split: train
user49,1min,train,2151,137.9941,50.808807,17.935555,16.478262,User: user49<br>Type: 1min<br>Split: train
user49,1min,train,2152,137.9941,50.808807,17.944252,16.48855,User: user49<br>Type: 1min<br>Split: train
user5,1min,train,2153,74.49237,116.63218,16.299137,27.999214,User: user5<br>Type: 1min<br>Split: train
user5,1min,train,2154,74.49237,116.63218,16.295063,28.00327,User: user5<br>Type: 1min<br>Split: train
user5,1min,train,2155,74.49237,116.63218,16.301176,27.998304,User: user5<br>Type: 1min<br>Split: train
user5,1min,train,2156,74.49237,116.63218,16.298868,27.999601,User: user5<br>Type: 1min<br>Split: train
user5,1min,train,2157,74.49237,116.63218,16.298418,27.999859,User: user5<br>Type: 1min<br>Split: train
user5,1min,train,2158,74.49237,116.63218,16.299925,27.998297,User: user5<br>Type: 1min<br>Split: train
user5,1min,train,2159,74.49237,116.63218,16.29581,28.002491,User: user5<br>Type: 1min<br>Split: train
user5,1min,train,2160,74.49237,116.63218,16.2954,28.002941,User: user5<br>Type: 1min<br>Split: train
user5,1min,train,2161,74.49237,116.63218,16.3032,27.995089,User: user5<br>Type: 1min<br>Split: train
user5,1min,train,2162,74.49237,116.63218,16.290144,28.00817,User: user5<br>Type: 1min<br>Split: train
user5,1min,train,2163,74.49237,116.63218,16.298855,27.999462,User: user5<br>Type: 1min<br>Split: train
user5,1min,train,2164,74.49237,116.63218,16.310602,27.987722,User: user5<br>Type: 1min<br>Split: train
user5,1min,train,2165,74.49237,116.63218,16.29938,27.998991,User: user5<br>Type: 1min<br>Split: train
user5,1min,train,2166,74.49237,116.63218,16.298397,27.999996,User: user5<br>Type: 1min<br>Split: train
user5,1min,train,2167,74.49237,116.63218,16.297886,28.00026,User: user5<br>Type: 1min<br>Split: train
user5,1min,train,2168,74.49237,116.63218,16.283545,28.014671,User: user5<br>Type: 1min<br>Split: train
user5,1min,train,2169,74.49237,116.63218,16.306084,27.992298,User: user5<br>Type: 1min<br>Split: train
user5,1min,train,2170,74.49237,116.63218,16.326412,27.9718,User: user5<br>Type: 1min<br>Split: train
user5,1min,train,2171,74.49237,116.63218,16.329945,27.96842,User: user5<br>Type: 1min<br>Split: train
user5,1min,train,2172,74.49237,116.63218,16.296738,28.001581,User: user5<br>Type: 1min<br>Split: train
user5,1min,train,2173,74.49237,116.63218,16.298136,28.000582,User: user5<br>Type: 1min<br>Split: train
user5,1min,train,2174,74.49237,116.63218,16.288984,28.01235,User: user5<br>Type: 1min<br>Split: train
user5,1min,train,2175,74.49237,116.63218,16.315214,27.982855,User: user5<br>Type: 1min<br>Split: train
user5,1min,train,2176,74.49237,116.63218,16.299038,27.999666,User: user5<br>Type: 1min<br>Split: train
user5,1min,train,2177,74.49237,116.63218,16.300253,27.99764,User: user5<br>Type: 1min<br>Split: train
user5,1min,train,2178,74.49237,116.63218,16.298134,28.000437,User: user5<br>Type: 1min<br>Split: train
user5,1min,train,2179,74.49237,116.63218,16.294144,28.004435,User: user5<br>Type: 1min<br>Split: train
user5,1min,train,2180,74.49237,116.63218,16.298742,27.999825,User: user5<br>Type: 1min<br>Split: train
user5,1min,train,2181,74.49237,116.63218,16.297232,28.00157,User: user5<br>Type: 1min<br>Split: train
user5,1min,train,2182,74.49237,116.63218,16.309937,27.990875,User: user5<br>Type: 1min<br>Split: train
user5,1min,train,2183,74.49237,116.63218,16.307182,27.991497,User: user5<br>Type: 1min<br>Split: train
user5,1min,train,2184,74.49237,116.63218,16.29591,28.002832,User: user5<br>Type: 1min<br>Split: train
user5,1min,train,2185,74.49237,116.63218,16.299809,27.998909,User: user5<br>Type: 1min<br>Split: train
user5,1min,train,2186,74.49237,116.63218,16.29635,28.003035,User: user5<br>Type: 1min<br>Split: train
user5,1min,train,2187,74.49237,116.63218,16.310986,27.987547,User: user5<br>Type: 1min<br>Split: train
user5,1min,train,2188,74.49237,116.63218,16.322594,27.976105,User: user5<br>Type: 1min<br>Split: train
user5,1min,train,2189,74.49237,116.63218,16.299707,27.998947,User: user5<br>Type: 1min<br>Split: train
user5,1min,train,2190,74.49237,116.63218,16.305681,27.993086,User: user5<br>Type: 1min<br>Split: train
user5,1min,train,2191,74.49237,116.63218,16.289358,28.009335,User: user5<br>Type: 1min<br>Split: train
user5,1min,train,2192,74.49237,116.63218,16.300047,27.999315,User: user5<br>Type: 1min<br>Split: train
user5,1min,train,2193,74.49237,116.63218,16.303526,27.99398,User: user5<br>Type: 1min<br>Split: train
user5,1min,train,2194,74.49237,116.63218,16.288408,28.01026,User: user5<br>Type: 1min<br>Split: train
user5,1min,train,2195,74.49237,116.63218,16.25933,28.033978,User: user5<br>Type: 1min<br>Split: train
user5,1min,train,2196,74.49237,116.63218,16.299585,27.998602,User: user5<br>Type: 1min<br>Split: train
user5,1min,train,2197,74.49237,116.63218,16.314985,27.983978,User: user5<br>Type: 1min<br>Split: train
user5,1min,train,2198,74.49237,116.63218,16.296358,28.002098,User: user5<br>Type: 1min<br>Split: train
user5,1min,train,2199,74.49237,116.63218,16.288551,28.01001,User: user5<br>Type: 1min<br>Split: train
user50,1min,train,2200,-190.58421,39.548077,-23.373436,14.952382,User: user50<br>Type: 1min<br>Split: train
user50,1min,train,2201,-190.58421,39.548077,-23.371616,14.951116,User: user50<br>Type: 1min<br>Split: train
user50,1min,train,2202,-190.58421,39.548077,-23.371952,14.951461,User: user50<br>Type: 1min<br>Split: train
user50,1min,train,2203,-190.58421,39.548077,-23.370903,14.950507,User: user50<br>Type: 1min<br>Split: train
user50,1min,train,2204,-190.58421,39.548077,-23.371593,14.951164,User: user50<br>Type: 1min<br>Split: train
user50,1min,train,2205,-190.58421,39.548077,-23.359728,14.940196,User: user50<br>Type: 1min<br>Split: train
user50,1min,train,2206,-190.58421,39.548077,-23.370834,14.950449,User: user50<br>Type: 1min<br>Split: train
user50,1min,train,2207,-190.58421,39.548077,-23.37099,14.950651,User: user50<br>Type: 1min<br>Split: train
user50,1min,train,2208,-190.58421,39.548077,-23.370914,14.950568,User: user50<br>Type: 1min<br>Split: train
user50,1min,train,2209,-190.58421,39.548077,-23.370848,14.950503,User: user50<br>Type: 1min<br>Split: train
user50,1min,train,2210,-190.58421,39.548077,-23.370909,14.950608,User: user50<br>Type: 1min<br>Split: train
user50,1min,train,2211,-190.58421,39.548077,-23.37122,14.950874,User: user50<br>Type: 1min<br>Split: train
user50,1min,train,2212,-190.58421,39.548077,-23.371084,14.950642,User: user50<br>Type: 1min<br>Split: train
user50,1min,train,2213,-190.58421,39.548077,-23.371006,14.950571,User: user50<br>Type: 1min<br>Split: train
user50,1min,train,2214,-190.58421,39.548077,-23.37218,14.951214,User: user50<br>Type: 1min<br>Split: train
user50,1min,train,2215,-190.58421,39.548077,-23.37182,14.950895,User: user50<br>Type: 1min<br>Split: train
user50,1min,train,2216,-190.58421,39.548077,-23.38324,14.965121,User: user50<br>Type: 1min<br>Split: train
user50,1min,train,2217,-190.58421,39.548077,-23.375122,14.95014,User: user50<br>Type: 1min<br>Split: train
user50,1min,train,2218,-190.58421,39.548077,-23.352308,14.930813,User: user50<br>Type: 1min<br>Split: train
user50,1min,train,2219,-190.58421,39.548077,-23.356365,14.935083,User: user50<br>Type: 1min<br>Split: train
user50,1min,train,2220,-190.58421,39.548077,-23.357407,14.936219,User: user50<br>Type: 1min<br>Split: train
user50,1min,train,2221,-190.58421,39.548077,-23.344202,14.922903,User: user50<br>Type: 1min<br>Split: train
user50,1min,train,2222,-190.58421,39.548077,-23.381353,14.959795,User: user50<br>Type: 1min<br>Split: train
user50,1min,train,2223,-190.58421,39.548077,-23.371397,14.950282,User: user50<br>Type: 1min<br>Split: train
user50,1min,train,2224,-190.58421,39.548077,-23.377129,14.955631,User: user50<br>Type: 1min<br>Split: train
user50,1min,train,2225,-190.58421,39.548077,-23.371134,14.9498625,User: user50<br>Type: 1min<br>Split: train
user50,1min,train,2226,-190.58421,39.548077,-23.37162,14.950362,User: user50<br>Type: 1min<br>Split: train
user50,1min,train,2227,-190.58421,39.548077,-23.396252,14.974761,User: user50<br>Type: 1min<br>Split: train
user50,1min,train,2228,-190.58421,39.548077,-23.380873,14.955203,User: user50<br>Type: 1min<br>Split: train
user50,1min,train,2229,-190.58421,39.548077,-23.384438,14.963033,User: user50<br>Type: 1min<br>Split: train
user50,1min,train,2230,-190.58421,39.548077,-23.371933,14.950641,User: user50<br>Type: 1min<br>Split: train
user50,1min,train,2231,-190.58421,39.548077,-23.358261,14.936949,User: user50<br>Type: 1min<br>Split: train
user50,1min,train,2232,-190.58421,39.548077,-23.35932,14.937863,User: user50<br>Type: 1min<br>Split: train
user50,1min,train,2233,-190.58421,39.548077,-23.371998,14.950648,User: user50<br>Type: 1min<br>Split: train
user50,1min,train,2234,-190.58421,39.548077,-23.367462,14.945927,User: user50<br>Type: 1min<br>Split: train
user50,1min,train,2235,-190.58421,39.548077,-23.371632,14.950317,User: user50<br>Type: 1min<br>Split: train
user50,1min,train,2236,-190.58421,39.548077,-23.360422,14.963675,User: user50<br>Type: 1min<br>Split: train
user50,1min,train,2237,-190.58421,39.548077,-23.370731,14.950252,User: user50<br>Type: 1min<br>Split: train
user50,1min,train,2238,-190.58421,39.548077,-23.373035,14.952506,User: user50<br>Type: 1min<br>Split: train
user50,1min,train,2239,-190.58421,39.548077,-23.370779,14.950274,User: user50<br>Type: 1min<br>Split: train
user50,1min,train,2240,-190.58421,39.548077,-23.374159,14.952596,User: user50<br>Type: 1min<br>Split: train
user50,1min,train,2241,-190.58421,39.548077,-23.36359,14.944781,User: user50<br>Type: 1min<br>Split: train
user51,1min,train,2242,-117.45844,1.4956604,-2.5380583,29.585289,User: user51<br>Type: 1min<br>Split: train
user51,1min,train,2243,-117.45844,1.4956604,-2.543369,29.590614,User: user51<br>Type: 1min<br>Split: train
user51,1min,train,2244,-117.45844,1.4956604,-2.5350368,29.582321,User: user51<br>Type: 1min<br>Split: train
user51,1min,train,2245,-117.45844,1.4956604,-2.5346618,29.581821,User: user51<br>Type: 1min<br>Split: train
user51,1min,train,2246,-117.45844,1.4956604,-2.526873,29.573992,User: user51<br>Type: 1min<br>Split: train
user51,1min,train,2247,-117.45844,1.4956604,-2.5369434,29.58419,User: user51<br>Type: 1min<br>Split: train
user51,1min,train,2248,-117.45844,1.4956604,-2.5330653,29.580292,User: user51<br>Type: 1min<br>Split: train
user51,1min,train,2249,-117.45844,1.4956604,-2.537483,29.584658,User: user51<br>Type: 1min<br>Split: train
user51,1min,train,2250,-117.45844,1.4956604,-2.5378516,29.585075,User: user51<br>Type: 1min<br>Split: train
user51,1min,train,2251,-117.45844,1.4956604,-2.5349078,29.58206,User: user51<br>Type: 1min<br>Split: train
user51,1min,train,2252,-117.45844,1.4956604,-2.5378268,29.584972,User: user51<br>Type: 1min<br>Split: train
user51,1min,train,2253,-117.45844,1.4956604,-2.5412493,29.588482,User: user51<br>Type: 1min<br>Split: train
user51,1min,train,2254,-117.45844,1.4956604,-2.5373535,29.584463,User: user51<br>Type: 1min<br>Split: train
user51,1min,train,2255,-117.45844,1.4956604,-2.5415947,29.588799,User: user51<br>Type: 1min<br>Split: train
user51,1min,train,2256,-117.45844,1.4956604,-2.566931,29.614136,User: user51<br>Type: 1min<br>Split: train
user51,1min,train,2257,-117.45844,1.4956604,-2.535503,29.582668,User: user51<br>Type: 1min<br>Split: train
user51,1min,train,2258,-117.45844,1.4956604,-2.5236695,29.570892,User: user51<br>Type: 1min<br>Split: train
user51,1min,train,2259,-117.45844,1.4956604,-2.5379388,29.585234,User: user51<br>Type: 1min<br>Split: train
user51,1min,train,2260,-117.45844,1.4956604,-2.5401392,29.587414,User: user51<br>Type: 1min<br>Split: train
user51,1min,train,2261,-117.45844,1.4956604,-2.5351195,29.582554,User: user51<br>Type: 1min<br>Split: train
user51,1min,train,2262,-117.45844,1.4956604,-2.5378077,29.584846,User: user51<br>Type: 1min<br>Split: train
user51,1min,train,2263,-117.45844,1.4956604,-2.5380988,29.58517,User: user51<br>Type: 1min<br>Split: train
user51,1min,train,2264,-117.45844,1.4956604,-2.5378537,29.585178,User: user51<br>Type: 1min<br>Split: train
user51,1min,train,2265,-117.45844,1.4956604,-2.5380988,29.585314,User: user51<br>Type: 1min<br>Split: train
user51,1min,train,2266,-117.45844,1.4956604,-2.5445275,29.591742,User: user51<br>Type: 1min<br>Split: train
user51,1min,train,2267,-117.45844,1.4956604,-2.5385869,29.585678,User: user51<br>Type: 1min<br>Split: train
user51,1min,train,2268,-117.45844,1.4956604,-2.5470345,29.594273,User: user51<br>Type: 1min<br>Split: train
user51,1min,train,2269,-117.45844,1.4956604,-2.564817,29.611944,User: user51<br>Type: 1min<br>Split: train
user51,1min,train,2270,-117.45844,1.4956604,-2.5375898,29.584818,User: user51<br>Type: 1min<br>Split: train
user51,1min,train,2271,-117.45844,1.4956604,-2.5361576,29.583384,User: user51<br>Type: 1min<br>Split: train
user51,1min,train,2272,-117.45844,1.4956604,-2.5249016,29.572199,User: user51<br>Type: 1min<br>Split: train
user51,1min,train,2273,-117.45844,1.4956604,-2.5381799,29.585438,User: user51<br>Type: 1min<br>Split: train
user51,1min,train,2274,-117.45844,1.4956604,-2.535551,29.582825,User: user51<br>Type: 1min<br>Split: train
user51,1min,train,2275,-117.45844,1.4956604,-2.5389931,29.586205,User: user51<br>Type: 1min<br>Split: train
user51,1min,train,2276,-117.45844,1.4956604,-2.530798,29.577852,User: user51<br>Type: 1min<br>Split: train
user51,1min,train,2277,-117.45844,1.4956604,-2.5209496,29.568232,User: user51<br>Type: 1min<br>Split: train
user51,1min,train,2278,-117.45844,1.4956604,-2.5381136,29.585155,User: user51<br>Type: 1min<br>Split: train
user51,1min,train,2279,-117.45844,1.4956604,-2.5294483,29.576527,User: user51<br>Type: 1min<br>Split: train
user51,1min,train,2280,-117.45844,1.4956604,-2.5378678,29.584919,User: user51<br>Type: 1min<br>Split: train
user51,1min,train,2281,-117.45844,1.4956604,-2.5400786,29.587265,User: user51<br>Type: 1min<br>Split: train
user51,1min,train,2282,-117.45844,1.4956604,-2.5325227,29.579714,User: user51<br>Type: 1min<br>Split: train
user52,1min,train,2283,-205.99944,13.8202095,-28.760828,10.782018,User: user52<br>Type: 1min<br>Split: train
user52,1min,train,2284,-205.99944,13.8202095,-28.7609,10.781922,User: user52<br>Type: 1min<br>Split: train
user52,1min,train,2285,-205.99944,13.8202095,-28.759472,10.783429,User: user52<br>Type: 1min<br>Split: train
user52,1min,train,2286,-205.99944,13.8202095,-28.759605,10.78329,User: user52<br>Type: 1min<br>Split: train
user52,1min,train,2287,-205.99944,13.8202095,-28.753881,10.788964,User: user52<br>Type: 1min<br>Split: train
user52,1min,train,2288,-205.99944,13.8202095,-28.759516,10.783436,User: user52<br>Type: 1min<br>Split: train
user52,1min,train,2289,-205.99944,13.8202095,-28.770525,10.772051,User: user52<br>Type: 1min<br>Split: train
user52,1min,train,2290,-205.99944,13.8202095,-28.759535,10.783347,User: user52<br>Type: 1min<br>Split: train
user52,1min,train,2291,-205.99944,13.8202095,-28.759584,10.783306,User: user52<br>Type: 1min<br>Split: train
user52,1min,train,2292,-205.99944,13.8202095,-28.749897,10.7928095,User: user52<br>Type: 1min<br>Split: train
user52,1min,train,2293,-205.99944,13.8202095,-28.755112,10.787724,User: user52<br>Type: 1min<br>Split: train
user52,1min,train,2294,-205.99944,13.8202095,-28.765945,10.776969,User: user52<br>Type: 1min<br>Split: train
user52,1min,train,2295,-205.99944,13.8202095,-28.744953,10.797948,User: user52<br>Type: 1min<br>Split: train
user52,1min,train,2296,-205.99944,13.8202095,-28.751152,10.791903,User: user52<br>Type: 1min<br>Split: train
user52,1min,train,2297,-205.99944,13.8202095,-28.742434,10.800712,User: user52<br>Type: 1min<br>Split: train
user52,1min,train,2298,-205.99944,13.8202095,-28.776442,10.76812,User: user52<br>Type: 1min<br>Split: train
user52,1min,train,2299,-205.99944,13.8202095,-28.77428,10.768984,User: user52<br>Type: 1min<br>Split: train
user52,1min,train,2300,-205.99944,13.8202095,-28.768316,10.775363,User: user52<br>Type: 1min<br>Split: train
user52,1min,train,2301,-205.99944,13.8202095,-28.744198,10.786276,User: user52<br>Type: 1min<br>Split: train
user52,1min,train,2302,-205.99944,13.8202095,-28.756865,10.784357,User: user52<br>Type: 1min<br>Split: train
user52,1min,train,2303,-205.99944,13.8202095,-28.739086,10.803524,User: user52<br>Type: 1min<br>Split: train
user52,1min,train,2304,-205.99944,13.8202095,-28.75935,10.783666,User: user52<br>Type: 1min<br>Split: train
user52,1min,train,2305,-205.99944,13.8202095,-28.758057,10.784939,User: user52<br>Type: 1min<br>Split: train
user52,1min,train,2306,-205.99944,13.8202095,-28.766203,10.7766485,User: user52<br>Type: 1min<br>Split: train
user52,1min,train,2307,-205.99944,13.8202095,-28.730007,10.812937,User: user52<br>Type: 1min<br>Split: train
user52,1min,train,2308,-205.99944,13.8202095,-28.758705,10.784322,User: user52<br>Type: 1min<br>Split: train
user52,1min,train,2309,-205.99944,13.8202095,-28.790201,10.752673,User: user52<br>Type: 1min<br>Split: train
user52,1min,train,2310,-205.99944,13.8202095,-28.759285,10.783666,User: user52<br>Type: 1min<br>Split: train
user52,1min,train,2311,-205.99944,13.8202095,-28.746664,10.796348,User: user52<br>Type: 1min<br>Split: train
user52,1min,train,2312,-205.99944,13.8202095,-28.757858,10.784453,User: user52<br>Type: 1min<br>Split: train
user52,1min,train,2313,-205.99944,13.8202095,-28.758852,10.783979,User: user52<br>Type: 1min<br>Split: train
user52,1min,train,2314,-205.99944,13.8202095,-28.798185,10.746569,User: user52<br>Type: 1min<br>Split: train
user52,1min,train,2315,-205.99944,13.8202095,-28.758598,10.784416,User: user52<br>Type: 1min<br>Split: train
user52,1min,train,2316,-205.99944,13.8202095,-28.775232,10.76774,User: user52<br>Type: 1min<br>Split: train
user52,1min,train,2317,-205.99944,13.8202095,-28.77396,10.769035,User: user52<br>Type: 1min<br>Split: train
user52,1min,train,2318,-205.99944,13.8202095,-28.732477,10.811811,User: user52<br>Type: 1min<br>Split: train
user52,1min,train,2319,-205.99944,13.8202095,-28.759886,10.780178,User: user52<br>Type: 1min<br>Split: train
user52,1min,train,2320,-205.99944,13.8202095,-28.755678,10.787779,User: user52<br>Type: 1min<br>Split: train
user52,1min,train,2321,-205.99944,13.8202095,-28.765316,10.777882,User: user52<br>Type: 1min<br>Split: train
user52,1min,train,2322,-205.99944,13.8202095,-28.761194,10.782079,User: user52<br>Type: 1min<br>Split: train
user52,1min,train,2323,-205.99944,13.8202095,-28.758955,10.784115,User: user52<br>Type: 1min<br>Split: train
user52,1min,train,2324,-205.99944,13.8202095,-28.737946,10.805273,User: user52<br>Type: 1min<br>Split: train
user52,1min,train,2325,-205.99944,13.8202095,-28.739351,10.803895,User: user52<br>Type: 1min<br>Split: train
user52,1min,train,2326,-205.99944,13.8202095,-28.757524,10.785586,User: user52<br>Type: 1min<br>Split: train
user52,1min,train,2327,-205.99944,13.8202095,-28.764566,10.778501,User: user52<br>Type: 1min<br>Split: train
user52,1min,train,2328,-205.99944,13.8202095,-28.78795,10.755237,User: user52<br>Type: 1min<br>Split: train
user52,1min,train,2329,-205.99944,13.8202095,-28.762377,10.780925,User: user52<br>Type: 1min<br>Split: train
user52,1min,train,2330,-205.99944,13.8202095,-28.75004,10.793372,User: user52<br>Type: 1min<br>Split: train
user53,1min,train,2331,55.449383,-81.17141,23.73325,-19.1361,User: user53<br>Type: 1min<br>Split: train
user53,1min,train,2332,55.449383,-81.17141,23.733177,-19.136282,User: user53<br>Type: 1min<br>Split: train
user53,1min,train,2333,55.449383,-81.17141,23.733553,-19.135498,User: user53<br>Type: 1min<br>Split: train
user53,1min,train,2334,48.74691,-77.675766,23.737337,-19.132061,User: user53<br>Type: 1min<br>Split: train
user53,1min,train,2335,48.74691,-77.675766,23.733648,-19.135784,User: user53<br>Type: 1min<br>Split: train
user53,1min,train,2336,55.449383,-81.17141,23.73529,-19.132208,User: user53<br>Type: 1min<br>Split: train
user53,1min,train,2337,55.449383,-81.17141,23.729498,-19.139856,User: user53<br>Type: 1min<br>Split: train
user53,1min,train,2338,55.449383,-81.17141,23.732935,-19.136408,User: user53<br>Type: 1min<br>Split: train
user53,1min,train,2339,55.449383,-81.17141,23.733355,-19.13612,User: user53<br>Type: 1min<br>Split: train
user53,1min,train,2340,55.449383,-81.17141,23.733494,-19.13587,User: user53<br>Type: 1min<br>Split: train
user53,1min,train,2341,55.449383,-81.17141,23.733068,-19.136263,User: user53<br>Type: 1min<br>Split: train
user53,1min,train,2342,55.449383,-81.17141,23.734148,-19.135012,User: user53<br>Type: 1min<br>Split: train
user53,1min,train,2343,55.449383,-81.17141,23.733425,-19.13599,User: user53<br>Type: 1min<br>Split: train
user53,1min,train,2344,55.449383,-81.17141,23.729738,-19.139666,User: user53<br>Type: 1min<br>Split: train
user53,1min,train,2345,55.449383,-81.17141,23.733839,-19.135458,User: user53<br>Type: 1min<br>Split: train
user53,1min,train,2346,55.449383,-81.17141,23.731428,-19.13767,User: user53<br>Type: 1min<br>Split: train
user53,1min,train,2347,55.449383,-81.17141,23.733746,-19.135607,User: user53<br>Type: 1min<br>Split: train
user53,1min,train,2348,55.449383,-81.17141,23.730223,-19.138847,User: user53<br>Type: 1min<br>Split: train
user53,1min,train,2349,55.449383,-81.17141,23.755247,-19.113667,User: user53<br>Type: 1min<br>Split: train
user53,1min,train,2350,55.449383,-81.17141,23.73379,-19.13563,User: user53<br>Type: 1min<br>Split: train
user53,1min,train,2351,55.449383,-81.17141,23.734533,-19.13443,User: user53<br>Type: 1min<br>Split: train
user53,1min,train,2352,55.449383,-81.17141,23.731096,-19.137556,User: user53<br>Type: 1min<br>Split: train
user53,1min,train,2353,55.449383,-81.17141,23.733757,-19.135717,User: user53<br>Type: 1min<br>Split: train
user53,1min,train,2354,55.449383,-81.17141,23.750645,-19.118095,User: user53<br>Type: 1min<br>Split: train
user53,1min,train,2355,55.449383,-81.17141,23.732365,-19.13991,User: user53<br>Type: 1min<br>Split: train
user53,1min,train,2356,55.449383,-81.17141,23.733795,-19.135765,User: user53<br>Type: 1min<br>Split: train
user53,1min,train,2357,55.449383,-81.17141,23.734118,-19.13522,User: user53<br>Type: 1min<br>Split: train
user53,1min,train,2358,55.449383,-81.17141,23.73421,-19.135248,User: user53<br>Type: 1min<br>Split: train
user53,1min,train,2359,55.449383,-81.17141,23.734297,-19.13519,User: user53<br>Type: 1min<br>Split: train
user53,1min,train,2360,55.449383,-81.17141,23.734962,-19.134462,User: user53<br>Type: 1min<br>Split: train
user53,1min,train,2361,55.449383,-81.17141,23.709494,-19.159883,User: user53<br>Type: 1min<br>Split: train
user53,1min,train,2362,55.449383,-81.17141,23.731928,-19.137154,User: user53<br>Type: 1min<br>Split: train
user53,1min,train,2363,55.449383,-81.17141,23.73363,-19.135693,User: user53<br>Type: 1min<br>Split: train
user53,1min,train,2364,55.449383,-81.17141,23.733723,-19.135624,User: user53<br>Type: 1min<br>Split: train
user53,1min,train,2365,55.449383,-81.17141,23.733713,-19.13561,User: user53<br>Type: 1min<br>Split: train
user54,1min,train,2366,145.2051,-145.3727,28.674328,-12.090518,User: user54<br>Type: 1min<br>Split: train
user54,1min,train,2367,145.2051,-145.3727,29.601364,-6.4951744,User: user54<br>Type: 1min<br>Split: train
user54,1min,train,2368,145.2051,-145.3727,28.675585,-12.091374,User: user54<br>Type: 1min<br>Split: train
user54,1min,train,2369,145.2051,-145.3727,29.598698,-6.500988,User: user54<br>Type: 1min<br>Split: train
user54,1min,train,2370,145.2051,-145.3727,28.68347,-12.099255,User: user54<br>Type: 1min<br>Split: train
user54,1min,train,2371,145.2051,-145.3727,28.676111,-12.091964,User: user54<br>Type: 1min<br>Split: train
user54,1min,train,2372,145.2051,-145.3727,28.676136,-12.091977,User: user54<br>Type: 1min<br>Split: train
user54,1min,train,2373,145.2051,-145.3727,29.598635,-6.500751,User: user54<br>Type: 1min<br>Split: train
user54,1min,train,2374,145.2051,-145.3727,28.677746,-12.093326,User: user54<br>Type: 1min<br>Split: train
user54,1min,train,2375,145.2051,-145.3727,29.598717,-6.5007753,User: user54<br>Type: 1min<br>Split: train
user54,1min,train,2376,145.2051,-145.3727,29.598726,-6.5007625,User: user54<br>Type: 1min<br>Split: train
user54,1min,train,2377,145.2051,-145.3727,29.598743,-6.500782,User: user54<br>Type: 1min<br>Split: train
user54,1min,train,2378,145.2051,-145.3727,28.676275,-12.092089,User: user54<br>Type: 1min<br>Split: train
user54,1min,train,2379,145.2051,-145.3727,29.60104,-6.502314,User: user54<br>Type: 1min<br>Split: train
user54,1min,train,2380,145.2051,-145.3727,28.676327,-12.09214,User: user54<br>Type: 1min<br>Split: train
user54,1min,train,2381,145.2051,-145.3727,28.6763,-12.092112,User: user54<br>Type: 1min<br>Split: train
user54,1min,train,2382,145.2051,-145.3727,29.593996,-6.507636,User: user54<br>Type: 1min<br>Split: train
user54,1min,train,2383,145.2051,-145.3727,28.674929,-12.090992,User: user54<br>Type: 1min<br>Split: train
user54,1min,train,2384,145.2051,-145.3727,29.599457,-6.5017376,User: user54<br>Type: 1min<br>Split: train
user54,1min,train,2385,145.2051,-145.3727,28.676231,-12.092085,User: user54<br>Type: 1min<br>Split: train
user54,1min,train,2386,145.2051,-145.3727,29.598747,-6.501267,User: user54<br>Type: 1min<br>Split: train
user54,1min,train,2387,145.2051,-145.3727,28.676237,-12.092105,User: user54<br>Type: 1min<br>Split: train
user54,1min,train,2388,145.2051,-145.3727,28.679617,-12.095255,User: user54<br>Type: 1min<br>Split: train
user54,1min,train,2389,145.2051,-145.3727,28.680193,-12.095531,User: user54<br>Type: 1min<br>Split: train
user54,1min,train,2390,145.2051,-145.3727,29.598738,-6.5012736,User: user54<br>Type: 1min<br>Split: train
user54,1min,train,2391,145.2051,-145.3727,29.60604,-6.4950953,User: user54<br>Type: 1min<br>Split: train
user54,1min,train,2392,145.2051,-145.3727,29.598919,-6.501061,User: user54<br>Type: 1min<br>Split: train
user54,1min,train,2393,145.2051,-145.3727,28.676159,-12.092848,User: user54<br>Type: 1min<br>Split: train
user54,1min,train,2394,145.2051,-145.3727,28.676615,-12.092405,User: user54<br>Type: 1min<br>Split: train
user54,1min,train,2395,145.2051,-145.3727,29.594568,-6.493134,User: user54<br>Type: 1min<br>Split: train
user54,1min,train,2396,145.2051,-145.3727,28.676403,-12.092276,User: user54<br>Type: 1min<br>Split: train
user54,1min,train,2397,145.2051,-145.3727,29.598745,-6.5008907,User: user54<br>Type: 1min<br>Split: train
user54,1min,train,2398,145.2051,-145.3727,29.598763,-6.5009723,User: user54<br>Type: 1min<br>Split: train
user54,1min,train,2399,145.2051,-145.3727,29.59884,-6.5010567,User: user54<br>Type: 1min<br>Split: train
user54,1min,train,2400,145.2051,-145.3727,29.599186,-6.5013666,User: user54<br>Type: 1min<br>Split: train
user54,1min,train,2401,145.2051,-145.3727,28.677057,-12.092928,User: user54<br>Type: 1min<br>Split: train
user54,1min,train,2402,145.2051,-145.3727,29.598715,-6.50085,User: user54<br>Type: 1min<br>Split: train
user54,1min,train,2403,145.2051,-145.3727,28.676662,-12.092509,User: user54<br>Type: 1min<br>Split: train
user54,1min,train,2404,145.2051,-145.3727,29.598011,-6.487039,User: user54<br>Type: 1min<br>Split: train
user54,1min,train,2405,145.2051,-145.3727,28.677862,-12.093571,User: user54<br>Type: 1min<br>Split: train
user54,1min,train,2406,145.2051,-145.3727,29.59888,-6.501829,User: user54<br>Type: 1min<br>Split: train
user54,1min,train,2407,145.2051,-145.3727,29.598137,-6.5015554,User: user54<br>Type: 1min<br>Split: train
user54,1min,train,2408,145.2051,-145.3727,28.676502,-12.0924,User: user54<br>Type: 1min<br>Split: train
user54,1min,train,2409,145.2051,-145.3727,29.598711,-6.5008245,User: user54<br>Type: 1min<br>Split: train
user54,1min,train,2410,145.2051,-145.3727,28.676428,-12.092349,User: user54<br>Type: 1min<br>Split: train
user54,1min,train,2411,145.2051,-145.3727,29.59616,-6.5030527,User: user54<br>Type: 1min<br>Split: train
user54,1min,train,2412,145.2051,-145.3727,29.598795,-6.500786,User: user54<br>Type: 1min<br>Split: train
user54,1min,train,2413,145.2051,-145.3727,28.67646,-12.092347,User: user54<br>Type: 1min<br>Split: train
user54,1min,train,2414,145.2051,-145.3727,29.59941,-6.5002155,User: user54<br>Type: 1min<br>Split: train
user55,1min,train,2415,180.13483,21.379145,26.275091,7.9543753,User: user55<br>Type: 1min<br>Split: train
user55,1min,train,2416,180.13483,21.379145,26.275745,7.955089,User: user55<br>Type: 1min<br>Split: train
user55,1min,train,2417,180.13483,21.379145,26.275017,7.954214,User: user55<br>Type: 1min<br>Split: train
user55,1min,train,2418,180.13483,21.379145,26.277815,7.9569736,User: user55<br>Type: 1min<br>Split: train
user55,1min,train,2419,180.13483,21.379145,26.170576,7.8499846,User: user55<br>Type: 1min<br>Split: train
user55,1min,train,2420,180.13483,21.379145,26.16675,7.846137,User: user55<br>Type: 1min<br>Split: train
user55,1min,train,2421,180.13483,21.379145,26.275307,7.9546285,User: user55<br>Type: 1min<br>Split: train
user55,1min,train,2422,180.13483,21.379145,26.168959,7.848534,User: user55<br>Type: 1min<br>Split: train
user55,1min,train,2423,180.13483,21.379145,26.15129,7.830762,User: user55<br>Type: 1min<br>Split: train
user55,1min,train,2424,180.13483,21.379145,26.167957,7.8472557,User: user55<br>Type: 1min<br>Split: train
user55,1min,train,2425,180.13483,21.379145,26.275135,7.9543743,User: user55<br>Type: 1min<br>Split: train
user55,1min,train,2426,180.13483,21.379145,26.278572,7.9577355,User: user55<br>Type: 1min<br>Split: train
user55,1min,train,2427,180.13483,21.379145,26.26646,7.9457736,User: user55<br>Type: 1min<br>Split: train
user55,1min,train,2428,180.13483,21.379145,26.276335,7.9555697,User: user55<br>Type: 1min<br>Split: train
user55,1min,train,2429,172.52057,43.54273,26.27473,7.95395,User: user55<br>Type: 1min<br>Split: train
user55,1min,train,2430,176.15501,31.96844,26.222986,7.902168,User: user55<br>Type: 1min<br>Split: train
user55,1min,train,2431,176.15501,31.96844,26.227896,7.907218,User: user55<br>Type: 1min<br>Split: train
user55,1min,train,2432,180.13483,21.379145,26.170444,7.849803,User: user55<br>Type: 1min<br>Split: train
user55,1min,train,2433,172.52057,43.54273,26.171,7.8501678,User: user55<br>Type: 1min<br>Split: train
user55,1min,train,2434,172.52057,43.54273,26.278847,7.957924,User: user55<br>Type: 1min<br>Split: train
user55,1min,train,2435,172.52057,43.54273,26.280262,7.9595447,User: user55<br>Type: 1min<br>Split: train
user55,1min,train,2436,172.52057,43.54273,26.285414,7.964623,User: user55<br>Type: 1min<br>Split: train
user55,1min,train,2437,172.52057,43.54273,26.274649,7.9538803,User: user55<br>Type: 1min<br>Split: train
user55,1min,train,2438,172.52057,43.54273,26.170523,7.8499894,User: user55<br>Type: 1min<br>Split: train
user55,1min,train,2439,172.52057,43.54273,26.28299,7.9621067,User: user55<br>Type: 1min<br>Split: train
user55,1min,train,2440,172.52057,43.54273,26.272823,7.951994,User: user55<br>Type: 1min<br>Split: train
user55,1min,train,2441,172.52057,43.54273,26.292458,7.971525,User: user55<br>Type: 1min<br>Split: train
user55,1min,train,2442,172.52057,43.54273,26.27359,7.9528775,User: user55<br>Type: 1min<br>Split: train
user55,1min,train,2443,172.52057,43.54273,26.273373,7.952547,User: user55<br>Type: 1min<br>Split: train
user55,1min,train,2444,172.52057,43.54273,26.171223,7.8505435,User: user55<br>Type: 1min<br>Split: train
user55,1min,train,2445,172.52057,43.54273,26.27119,7.9504395,User: user55<br>Type: 1min<br>Split: train
user55,1min,train,2446,172.52057,43.54273,26.248734,7.9281063,User: user55<br>Type: 1min<br>Split: train
user55,1min,train,2447,172.52057,43.54273,26.1696,7.848679,User: user55<br>Type: 1min<br>Split: train
user55,1min,train,2448,172.52057,43.54273,26.170437,7.8499107,User: user55<br>Type: 1min<br>Split: train
user55,1min,train,2449,172.52057,43.54273,26.278715,7.9578285,User: user55<br>Type: 1min<br>Split: train
user55,1min,train,2450,172.52057,43.54273,26.281908,7.961346,User: user55<br>Type: 1min<br>Split: train
user55,1min,train,2451,180.13483,21.379145,26.28622,7.96544,User: user55<br>Type: 1min<br>Split: train
user55,1min,train,2452,180.13483,21.379145,26.173956,7.8538275,User: user55<br>Type: 1min<br>Split: train
user55,1min,train,2453,180.13483,21.379145,26.172947,7.852364,User: user55<br>Type: 1min<br>Split: train
user55,1min,train,2454,180.13483,21.379145,26.196466,7.875817,User: user55<br>Type: 1min<br>Split: train
user55,1min,train,2455,180.13483,21.379145,26.132843,7.812185,User: user55<br>Type: 1min<br>Split: train
user55,1min,train,2456,180.13483,21.379145,26.141043,7.8204765,User: user55<br>Type: 1min<br>Split: train
user55,1min,train,2457,180.13483,21.379145,26.272377,7.951298,User: user55<br>Type: 1min<br>Split: train
user55,1min,train,2458,180.13483,21.379145,26.152405,7.831705,User: user55<br>Type: 1min<br>Split: train
user55,1min,train,2459,180.13483,21.379145,26.173262,7.8526964,User: user55<br>Type: 1min<br>Split: train
user55,1min,train,2460,180.13483,21.379145,26.173195,7.852622,User: user55<br>Type: 1min<br>Split: train
user55,1min,train,2461,180.13483,21.379145,26.271965,7.9511433,User: user55<br>Type: 1min<br>Split: train
user56,1min,train,2462,113.61921,-132.74501,16.652288,-20.57758,User: user56<br>Type: 1min<br>Split: train
user56,1min,train,2463,113.61921,-132.74501,16.658197,-20.571703,User: user56<br>Type: 1min<br>Split: train
user56,1min,train,2464,113.61921,-132.74501,16.646442,-20.583406,User: user56<br>Type: 1min<br>Split: train
user56,1min,train,2465,113.61921,-132.74501,16.65055,-20.579304,User: user56<br>Type: 1min<br>Split: train
user56,1min,train,2466,113.61921,-132.74501,16.648739,-20.581131,User: user56<br>Type: 1min<br>Split: train
user56,1min,train,2467,113.61921,-132.74501,16.646696,-20.58317,User: user56<br>Type: 1min<br>Split: train
user56,1min,train,2468,113.61921,-132.74501,16.650066,-20.579823,User: user56<br>Type: 1min<br>Split: train
user56,1min,train,2469,113.61921,-132.74501,16.647364,-20.58251,User: user56<br>Type: 1min<br>Split: train
user56,1min,train,2470,113.61921,-132.74501,16.646797,-20.583052,User: user56<br>Type: 1min<br>Split: train
user56,1min,train,2471,113.61921,-132.74501,16.663244,-20.566769,User: user56<br>Type: 1min<br>Split: train
user56,1min,train,2472,113.61921,-132.74501,16.638582,-20.591301,User: user56<br>Type: 1min<br>Split: train
user56,1min,train,2473,113.61921,-132.74501,16.653183,-20.576485,User: user56<br>Type: 1min<br>Split: train
user56,1min,train,2474,113.61921,-132.74501,16.64744,-20.582302,User: user56<br>Type: 1min<br>Split: train
user56,1min,train,2475,113.61921,-132.74501,16.640886,-20.588812,User: user56<br>Type: 1min<br>Split: train
user56,1min,train,2476,113.61921,-132.74501,16.653229,-20.576696,User: user56<br>Type: 1min<br>Split: train
user56,1min,train,2477,113.61921,-132.74501,16.646112,-20.583887,User: user56<br>Type: 1min<br>Split: train
user56,1min,train,2478,113.61921,-132.74501,16.639652,-20.590809,User: user56<br>Type: 1min<br>Split: train
user56,1min,train,2479,113.61921,-132.74501,16.646729,-20.583223,User: user56<br>Type: 1min<br>Split: train
user56,1min,train,2480,113.61921,-132.74501,16.662457,-20.567469,User: user56<br>Type: 1min<br>Split: train
user56,1min,train,2481,113.61921,-132.74501,16.648397,-20.57951,User: user56<br>Type: 1min<br>Split: train
user56,1min,train,2482,113.61921,-132.74501,16.652132,-20.577883,User: user56<br>Type: 1min<br>Split: train
user56,1min,train,2483,113.61921,-132.74501,16.647577,-20.582253,User: user56<br>Type: 1min<br>Split: train
user56,1min,train,2484,113.61921,-132.74501,16.647415,-20.58254,User: user56<br>Type: 1min<br>Split: train
user56,1min,train,2485,113.61921,-132.74501,16.63342,-20.596529,User: user56<br>Type: 1min<br>Split: train
user56,1min,train,2486,113.61921,-132.74501,16.647194,-20.582766,User: user56<br>Type: 1min<br>Split: train
user56,1min,train,2487,113.61921,-132.74501,16.651497,-20.578518,User: user56<br>Type: 1min<br>Split: train
user56,1min,train,2488,113.61921,-132.74501,16.647146,-20.582794,User: user56<br>Type: 1min<br>Split: train
user56,1min,train,2489,113.61921,-132.74501,16.647411,-20.582489,User: user56<br>Type: 1min<br>Split: train
user56,1min,train,2490,113.61921,-132.74501,16.674698,-20.555027,User: user56<br>Type: 1min<br>Split: train
user56,1min,train,2491,113.61921,-132.74501,16.648405,-20.581549,User: user56<br>Type: 1min<br>Split: train
user56,1min,train,2492,113.61921,-132.74501,16.647865,-20.582144,User: user56<br>Type: 1min<br>Split: train
user56,1min,train,2493,113.61921,-132.74501,16.636337,-20.592058,User: user56<br>Type: 1min<br>Split: train
user56,1min,train,2494,113.61921,-132.74501,16.642466,-20.58762,User: user56<br>Type: 1min<br>Split: train
user56,1min,train,2495,113.61921,-132.74501,16.632318,-20.597677,User: user56<br>Type: 1min<br>Split: train
user56,1min,train,2496,113.61921,-132.74501,16.647264,-20.582666,User: user56<br>Type: 1min<br>Split: train
user56,1min,train,2497,113.61921,-132.74501,16.669106,-20.561266,User: user56<br>Type: 1min<br>Split: train
user56,1min,train,2498,113.61921,-132.74501,16.647243,-20.582588,User: user56<br>Type: 1min<br>Split: train
user56,1min,train,2499,113.61921,-132.74501,16.64721,-20.582697,User: user56<br>Type: 1min<br>Split: train
user56,1min,train,2500,113.61921,-132.74501,16.647543,-20.582373,User: user56<br>Type: 1min<br>Split: train
user56,1min,train,2501,113.61921,-132.74501,16.642956,-20.587175,User: user56<br>Type: 1min<br>Split: train
user56,1min,train,2502,113.61921,-132.74501,16.639736,-20.590183,User: user56<br>Type: 1min<br>Split: train
user56,1min,train,2503,113.61921,-132.74501,16.671186,-20.555637,User: user56<br>Type: 1min<br>Split: train
user57,1min,train,2504,36.89254,200.02829,-15.398748,17.664402,User: user57<br>Type: 1min<br>Split: train
user57,1min,train,2505,36.89254,200.02829,-11.253087,27.679386,User: user57<br>Type: 1min<br>Split: train
user57,1min,train,2506,36.89254,200.02829,-15.399036,17.664734,User: user57<br>Type: 1min<br>Split: train
user57,1min,train,2507,36.89254,200.02829,-15.399046,17.664736,User: user57<br>Type: 1min<br>Split: train
user57,1min,train,2508,36.89254,200.02829,-15.398787,17.664476,User: user57<br>Type: 1min<br>Split: train
user57,1min,train,2509,36.89254,200.02829,-11.2530575,27.679405,User: user57<br>Type: 1min<br>Split: train
user57,1min,train,2510,36.89254,200.02829,-11.252725,27.679794,User: user57<br>Type: 1min<br>Split: train
user57,1min,train,2511,36.89254,200.02829,-15.397699,17.663383,User: user57<br>Type: 1min<br>Split: train
user57,1min,train,2512,36.89254,200.02829,-11.253051,27.679432,User: user57<br>Type: 1min<br>Split: train
user57,1min,train,2513,36.89254,200.02829,-15.399074,17.664787,User: user57<br>Type: 1min<br>Split: train
user57,1min,train,2514,36.89254,200.02829,-11.253039,27.679445,User: user57<br>Type: 1min<br>Split: train
user57,1min,train,2515,36.89254,200.02829,-11.252994,27.679447,User: user57<br>Type: 1min<br>Split: train
user57,1min,train,2516,36.89254,200.02829,-15.399163,17.664875,User: user57<br>Type: 1min<br>Split: train
user57,1min,train,2517,36.89254,200.02829,-11.267855,27.664265,User: user57<br>Type: 1min<br>Split: train
user57,1min,train,2518,36.89254,200.02829,-11.25476,27.677675,User: user57<br>Type: 1min<br>Split: train
user57,1min,train,2519,36.89254,200.02829,-11.253534,27.67894,User: user57<br>Type: 1min<br>Split: train
user57,1min,train,2520,36.89254,200.02829,-11.253558,27.67893,User: user57<br>Type: 1min<br>Split: train
user57,1min,train,2521,36.89254,200.02829,-11.253666,27.678892,User: user57<br>Type: 1min<br>Split: train
user57,1min,train,2522,36.89254,200.02829,-11.2536545,27.678856,User: user57<br>Type: 1min<br>Split: train
user57,1min,train,2523,36.89254,200.02829,-11.253661,27.67893,User: user57<br>Type: 1min<br>Split: train
user57,1min,train,2524,36.89254,200.02829,-15.400725,17.666351,User: user57<br>Type: 1min<br>Split: train
user57,1min,train,2525,36.89254,200.02829,-11.253568,27.678986,User: user57<br>Type: 1min<br>Split: train
user57,1min,train,2526,36.89254,200.02829,-11.253586,27.67893,User: user57<br>Type: 1min<br>Split: train
user57,1min,train,2527,36.89254,200.02829,-15.399096,17.66475,User: user57<br>Type: 1min<br>Split: train
user57,1min,train,2528,36.89254,200.02829,-15.399154,17.664843,User: user57<br>Type: 1min<br>Split: train
user57,1min,train,2529,36.89254,200.02829,-15.399252,17.664984,User: user57<br>Type: 1min<br>Split: train
user57,1min,train,2530,36.89254,200.02829,-15.399259,17.664991,User: user57<br>Type: 1min<br>Split: train
user57,1min,train,2531,36.89254,200.02829,-11.2535305,27.678974,User: user57<br>Type: 1min<br>Split: train
user57,1min,train,2532,36.89254,200.02829,-15.399303,17.665012,User: user57<br>Type: 1min<br>Split: train
user57,1min,train,2533,36.89254,200.02829,-15.392646,17.658247,User: user57<br>Type: 1min<br>Split: train
user57,1min,train,2534,36.89254,200.02829,-15.395328,17.660362,User: user57<br>Type: 1min<br>Split: train
user57,1min,train,2535,36.89254,200.02829,-15.40628,17.672144,User: user57<br>Type: 1min<br>Split: train
user57,1min,train,2536,36.89254,200.02829,-11.254458,27.677963,User: user57<br>Type: 1min<br>Split: train
user57,1min,train,2537,36.89254,200.02829,-11.253642,27.678797,User: user57<br>Type: 1min<br>Split: train
user57,1min,train,2538,36.89254,200.02829,-15.397902,17.663486,User: user57<br>Type: 1min<br>Split: train
user57,1min,train,2539,36.89254,200.02829,-15.422002,17.687984,User: user57<br>Type: 1min<br>Split: train
user57,1min,train,2540,36.89254,200.02829,-15.398783,17.664541,User: user57<br>Type: 1min<br>Split: train
user57,1min,train,2541,36.89254,200.02829,-15.398507,17.664028,User: user57<br>Type: 1min<br>Split: train
user57,1min,train,2542,36.89254,200.02829,-11.253293,27.67918,User: user57<br>Type: 1min<br>Split: train
user57,1min,train,2543,36.89254,200.02829,-11.253592,27.678913,User: user57<br>Type: 1min<br>Split: train
user57,1min,train,2544,36.89254,200.02829,-15.398558,17.664345,User: user57<br>Type: 1min<br>Split: train
user57,1min,train,2545,36.89254,200.02829,-15.39849,17.664215,User: user57<br>Type: 1min<br>Split: train
user57,1min,train,2546,36.89254,200.02829,-11.253737,27.678877,User: user57<br>Type: 1min<br>Split: train
user57,1min,train,2547,36.89254,200.02829,-15.395393,17.660223,User: user57<br>Type: 1min<br>Split: train
user57,1min,train,2548,36.89254,200.02829,-15.3987875,17.664764,User: user57<br>Type: 1min<br>Split: train
user57,1min,train,2549,36.89254,200.02829,-11.253664,27.67886,User: user57<br>Type: 1min<br>Split: train
user57,1min,train,2550,36.89254,200.02829,-15.399393,17.665373,User: user57<br>Type: 1min<br>Split: train
user57,1min,train,2551,36.89254,200.02829,-15.398508,17.664202,User: user57<br>Type: 1min<br>Split: train
user58,1min,train,2552,-167.52768,-59.633446,-25.666763,-8.243536,User: user58<br>Type: 1min<br>Split: train
user58,1min,train,2553,-167.52768,-59.633446,-25.671309,-8.2481575,User: user58<br>Type: 1min<br>Split: train
user58,1min,train,2554,-167.52768,-59.633446,-25.670988,-8.247851,User: user58<br>Type: 1min<br>Split: train
user58,1min,train,2555,-167.52768,-59.633446,-25.672184,-8.248941,User: user58<br>Type: 1min<br>Split: train
user58,1min,train,2556,-167.52768,-59.633446,-25.671228,-8.248222,User: user58<br>Type: 1min<br>Split: train
user58,1min,train,2557,-167.52768,-59.633446,-25.670282,-8.245444,User: user58<br>Type: 1min<br>Split: train
user58,1min,train,2558,-167.52768,-59.633446,-25.670694,-8.243774,User: user58<br>Type: 1min<br>Split: train
user58,1min,train,2559,-167.52768,-59.633446,-25.671196,-8.24782,User: user58<br>Type: 1min<br>Split: train
user58,1min,train,2560,-167.52768,-59.633446,-25.675545,-8.2539215,User: user58<br>Type: 1min<br>Split: train
user58,1min,train,2561,-167.52768,-59.633446,-25.671085,-8.248122,User: user58<br>Type: 1min<br>Split: train
user58,1min,train,2562,-167.52768,-59.633446,-25.677706,-8.256569,User: user58<br>Type: 1min<br>Split: train
user58,1min,train,2563,-167.52768,-59.633446,-25.656492,-8.2644415,User: user58<br>Type: 1min<br>Split: train
user58,1min,train,2564,-167.52768,-59.633446,-25.674313,-8.24595,User: user58<br>Type: 1min<br>Split: train
user58,1min,train,2565,-167.52768,-59.633446,-25.671284,-8.247555,User: user58<br>Type: 1min<br>Split: train
user58,1min,train,2566,-167.52768,-59.633446,-25.671122,-8.247316,User: user58<br>Type: 1min<br>Split: train
user58,1min,train,2567,-167.52768,-59.633446,-25.671469,-8.247849,User: user58<br>Type: 1min<br>Split: train
user58,1min,train,2568,-167.52768,-59.633446,-25.653458,-8.235651,User: user58<br>Type: 1min<br>Split: train
user58,1min,train,2569,-167.52768,-59.633446,-25.67056,-8.247918,User: user58<br>Type: 1min<br>Split: train
user58,1min,train,2570,-167.52768,-59.633446,-25.671175,-8.247087,User: user58<br>Type: 1min<br>Split: train
user58,1min,train,2571,-167.52768,-59.633446,-25.665222,-8.250328,User: user58<br>Type: 1min<br>Split: train
user58,1min,train,2572,-167.52768,-59.633446,-25.696703,-8.273188,User: user58<br>Type: 1min<br>Split: train
user58,1min,train,2573,-167.52768,-59.633446,-25.665272,-8.248243,User: user58<br>Type: 1min<br>Split: train
user58,1min,train,2574,-167.52768,-59.633446,-25.671532,-8.248467,User: user58<br>Type: 1min<br>Split: train
user58,1min,train,2575,-167.52768,-59.633446,-25.66857,-8.254499,User: user58<br>Type: 1min<br>Split: train
user58,1min,train,2576,-167.52768,-59.633446,-25.671293,-8.248329,User: user58<br>Type: 1min<br>Split: train
user58,1min,train,2577,-167.52768,-59.633446,-25.673195,-8.250158,User: user58<br>Type: 1min<br>Split: train
user58,1min,train,2578,-167.52768,-59.633446,-25.668056,-8.268799,User: user58<br>Type: 1min<br>Split: train
user58,1min,train,2579,-167.52768,-59.633446,-25.666832,-8.2455635,User: user58<br>Type: 1min<br>Split: train
user58,1min,train,2580,-167.52768,-59.633446,-25.667425,-8.261297,User: user58<br>Type: 1min<br>Split: train
user58,1min,train,2581,-167.52768,-59.633446,-25.672245,-8.247769,User: user58<br>Type: 1min<br>Split: train
user58,1min,train,2582,-167.52768,-59.633446,-25.681816,-8.238079,User: user58<br>Type: 1min<br>Split: train
user58,1min,train,2583,-167.52768,-59.633446,-25.657286,-8.234527,User: user58<br>Type: 1min<br>Split: train
user58,1min,train,2584,-167.52768,-59.633446,-25.679808,-8.256305,User: user58<br>Type: 1min<br>Split: train
user58,1min,train,2585,-167.52768,-59.633446,-25.67165,-8.248787,User: user58<br>Type: 1min<br>Split: train
user58,1min,train,2586,-167.52768,-59.633446,-25.677011,-8.249531,User: user58<br>Type: 1min<br>Split: train
user58,1min,train,2587,-167.52768,-59.633446,-25.658913,-8.2460165,User: user58<br>Type: 1min<br>Split: train
user58,1min,train,2588,-167.52768,-59.633446,-25.671322,-8.248389,User: user58<br>Type: 1min<br>Split: train
user58,1min,train,2589,-167.52768,-59.633446,-25.669456,-8.25034,User: user58<br>Type: 1min<br>Split: train
user58,1min,train,2590,-167.52768,-59.633446,-25.652775,-8.263012,User: user58<br>Type: 1min<br>Split: train
user58,1min,train,2591,-167.52768,-59.633446,-25.671072,-8.250191,User: user58<br>Type: 1min<br>Split: train
user58,1min,train,2592,-167.52768,-59.633446,-25.673666,-8.256973,User: user58<br>Type: 1min<br>Split: train
user58,1min,train,2593,-167.52768,-59.633446,-25.670841,-8.247721,User: user58<br>Type: 1min<br>Split: train
user58,1min,train,2594,-167.52768,-59.633446,-25.692741,-8.267387,User: user58<br>Type: 1min<br>Split: train
user58,1min,train,2595,-167.52768,-59.633446,-25.6713,-8.249981,User: user58<br>Type: 1min<br>Split: train
user58,1min,train,2596,-167.52768,-59.633446,-25.653011,-8.231566,User: user58<br>Type: 1min<br>Split: train
user59,1min,train,2597,150.87459,142.5436,12.542735,36.936256,User: user59<br>Type: 1min<br>Split: train
user59,1min,train,2598,150.87459,142.5436,12.548922,36.930054,User: user59<br>Type: 1min<br>Split: train
user59,1min,train,2599,150.87459,142.5436,12.541371,36.937634,User: user59<br>Type: 1min<br>Split: train
user59,1min,train,2600,150.87459,142.5436,12.543782,36.935234,User: user59<br>Type: 1min<br>Split: train
user59,1min,train,2601,150.87459,142.5436,12.536057,36.942932,User: user59<br>Type: 1min<br>Split: train
user59,1min,train,2602,150.87459,142.5436,12.539583,36.939404,User: user59<br>Type: 1min<br>Split: train
user59,1min,train,2603,150.87459,142.5436,12.549551,36.929455,User: user59<br>Type: 1min<br>Split: train
user59,1min,train,2604,150.87459,142.5436,12.541304,36.9377,User: user59<br>Type: 1min<br>Split: train
user59,1min,train,2605,150.87459,142.5436,12.55049,36.92853,User: user59<br>Type: 1min<br>Split: train
user59,1min,train,2606,150.87459,142.5436,12.539341,36.93967,User: user59<br>Type: 1min<br>Split: train
user59,1min,train,2607,150.87459,142.5436,12.535755,36.94326,User: user59<br>Type: 1min<br>Split: train
user59,1min,train,2608,150.87459,142.5436,12.546559,36.932465,User: user59<br>Type: 1min<br>Split: train
user59,1min,train,2609,150.87459,142.5436,12.536636,36.94272,User: user59<br>Type: 1min<br>Split: train
user59,1min,train,2610,150.87459,142.5436,12.541092,36.937992,User: user59<br>Type: 1min<br>Split: train
user59,1min,train,2611,150.87459,142.5436,12.569461,36.909534,User: user59<br>Type: 1min<br>Split: train
user59,1min,train,2612,150.87459,142.5436,12.51337,36.96571,User: user59<br>Type: 1min<br>Split: train
user59,1min,train,2613,150.87459,142.5436,12.544402,36.934635,User: user59<br>Type: 1min<br>Split: train
user59,1min,train,2614,150.87459,142.5436,12.533082,36.945972,User: user59<br>Type: 1min<br>Split: train
user59,1min,train,2615,150.87459,142.5436,12.536451,36.94271,User: user59<br>Type: 1min<br>Split: train
user59,1min,train,2616,150.87459,142.5436,12.541266,36.937744,User: user59<br>Type: 1min<br>Split: train
user59,1min,train,2617,150.87459,142.5436,12.540876,36.93813,User: user59<br>Type: 1min<br>Split: train
user59,1min,train,2618,150.87459,142.5436,12.540081,36.938942,User: user59<br>Type: 1min<br>Split: train
user59,1min,train,2619,150.87459,142.5436,12.530272,36.948803,User: user59<br>Type: 1min<br>Split: train
user59,1min,train,2620,150.87459,142.5436,12.53467,36.944263,User: user59<br>Type: 1min<br>Split: train
user59,1min,train,2621,150.87459,142.5436,12.550591,36.928383,User: user59<br>Type: 1min<br>Split: train
user59,1min,train,2622,150.87459,142.5436,12.541043,36.937954,User: user59<br>Type: 1min<br>Split: train
user59,1min,train,2623,150.87459,142.5436,12.539794,36.939224,User: user59<br>Type: 1min<br>Split: train
user59,1min,train,2624,150.87459,142.5436,12.530719,36.948345,User: user59<br>Type: 1min<br>Split: train
user59,1min,train,2625,150.87459,142.5436,12.566551,36.91248,User: user59<br>Type: 1min<br>Split: train
user59,1min,train,2626,150.87459,142.5436,12.549828,36.929256,User: user59<br>Type: 1min<br>Split: train
user59,1min,train,2627,150.87459,142.5436,12.527778,36.951275,User: user59<br>Type: 1min<br>Split: train
user59,1min,train,2628,150.87459,142.5436,12.516944,36.96212,User: user59<br>Type: 1min<br>Split: train
user59,1min,train,2629,150.87459,142.5436,12.537789,36.941395,User: user59<br>Type: 1min<br>Split: train
user59,1min,train,2630,150.87459,142.5436,12.552189,36.926876,User: user59<br>Type: 1min<br>Split: train
user59,1min,train,2631,150.87459,142.5436,12.5845785,36.894512,User: user59<br>Type: 1min<br>Split: train
user59,1min,train,2632,150.87459,142.5436,12.555307,36.923786,User: user59<br>Type: 1min<br>Split: train
user59,1min,train,2633,150.87459,142.5436,12.541825,36.937218,User: user59<br>Type: 1min<br>Split: train
user59,1min,train,2634,150.87459,142.5436,12.568866,36.91021,User: user59<br>Type: 1min<br>Split: train
user59,1min,train,2635,150.87459,142.5436,12.537794,36.94125,User: user59<br>Type: 1min<br>Split: train
user59,1min,train,2636,150.87459,142.5436,12.542,36.93707,User: user59<br>Type: 1min<br>Split: train
user59,1min,train,2637,150.87459,142.5436,12.545067,36.933853,User: user59<br>Type: 1min<br>Split: train
user59,1min,train,2638,150.87459,142.5436,12.535635,36.94346,User: user59<br>Type: 1min<br>Split: train
user59,1min,train,2639,150.87459,142.5436,12.536323,36.9428,User: user59<br>Type: 1min<br>Split: train
user59,1min,train,2640,150.87459,142.5436,12.540952,36.93807,User: user59<br>Type: 1min<br>Split: train
user59,1min,train,2641,150.87459,142.5436,12.562263,36.91678,User: user59<br>Type: 1min<br>Split: train
user59,1min,train,2642,150.87459,142.5436,12.56628,36.912937,User: user59<br>Type: 1min<br>Split: train
user59,1min,train,2643,150.87459,142.5436,12.554955,36.92411,User: user59<br>Type: 1min<br>Split: train
user59,1min,train,2644,150.87459,142.5436,12.539925,36.939,User: user59<br>Type: 1min<br>Split: train
user59,1min,train,2645,150.87459,142.5436,12.541516,36.937504,User: user59<br>Type: 1min<br>Split: train
user6,1min,train,2646,-25.36842,-154.0888,-7.259866,-17.154337,User: user6<br>Type: 1min<br>Split: train
user6,1min,train,2647,-25.36842,-154.0888,-7.2597384,-17.154144,User: user6<br>Type: 1min<br>Split: train
user6,1min,train,2648,-25.36842,-154.0888,-7.2597065,-17.154148,User: user6<br>Type: 1min<br>Split: train
user6,1min,train,2649,-25.36842,-154.0888,-7.25977,-17.15422,User: user6<br>Type: 1min<br>Split: train
user6,1min,train,2650,-25.36842,-154.0888,-4.008067,-7.2972374,User: user6<br>Type: 1min<br>Split: train
user6,1min,train,2651,-25.36842,-154.0888,-7.2601204,-17.154303,User: user6<br>Type: 1min<br>Split: train
user6,1min,train,2652,-25.36842,-154.0888,-4.0079675,-7.2973523,User: user6<br>Type: 1min<br>Split: train
user6,1min,train,2653,-25.36842,-154.0888,-7.2599764,-17.154446,User: user6<br>Type: 1min<br>Split: train
user6,1min,train,2654,-25.36842,-154.0888,-7.2597694,-17.154192,User: user6<br>Type: 1min<br>Split: train
user6,1min,train,2655,-25.36842,-154.0888,-4.0082364,-7.297337,User: user6<br>Type: 1min<br>Split: train
user6,1min,train,2656,-25.36842,-154.0888,-7.259809,-17.154217,User: user6<br>Type: 1min<br>Split: train
user6,1min,train,2657,-25.36842,-154.0888,-7.259977,-17.154295,User: user6<br>Type: 1min<br>Split: train
user6,1min,train,2658,-25.36842,-154.0888,-4.010624,-7.2967587,User: user6<br>Type: 1min<br>Split: train
user6,1min,train,2659,-25.36842,-154.0888,-4.010214,-7.2966685,User: user6<br>Type: 1min<br>Split: train
user6,1min,train,2660,-25.36842,-154.0888,-7.259807,-17.15421,User: user6<br>Type: 1min<br>Split: train
user6,1min,train,2661,-25.36842,-154.0888,-7.259783,-17.154228,User: user6<br>Type: 1min<br>Split: train
user6,1min,train,2662,-25.36842,-154.0888,-7.259742,-17.154219,User: user6<br>Type: 1min<br>Split: train
user6,1min,train,2663,-25.36842,-154.0888,-7.2598147,-17.154291,User: user6<br>Type: 1min<br>Split: train
user6,1min,train,2664,-25.36842,-154.0888,-7.2621837,-17.155617,User: user6<br>Type: 1min<br>Split: train
user6,1min,train,2665,-25.36842,-154.0888,-7.2484474,-17.142912,User: user6<br>Type: 1min<br>Split: train
user6,1min,train,2666,-25.36842,-154.0888,-4.0083523,-7.297281,User: user6<br>Type: 1min<br>Split: train
user6,1min,train,2667,-25.36842,-154.0888,-7.2598996,-17.154366,User: user6<br>Type: 1min<br>Split: train
user6,1min,train,2668,-25.36842,-154.0888,-7.2598357,-17.154263,User: user6<br>Type: 1min<br>Split: train
user6,1min,train,2669,-25.36842,-154.0888,-4.00835,-7.297309,User: user6<br>Type: 1min<br>Split: train
user6,1min,train,2670,-25.36842,-154.0888,-7.2598863,-17.154303,User: user6<br>Type: 1min<br>Split: train
user6,1min,train,2671,-25.36842,-154.0888,-7.259922,-17.154219,User: user6<br>Type: 1min<br>Split: train
user6,1min,train,2672,-25.36842,-154.0888,-4.0084014,-7.2973313,User: user6<br>Type: 1min<br>Split: train
user6,1min,train,2673,-25.36842,-154.0888,-4.0083957,-7.297404,User: user6<br>Type: 1min<br>Split: train
user6,1min,train,2674,-25.36842,-154.0888,-7.2607107,-17.154665,User: user6<br>Type: 1min<br>Split: train
user6,1min,train,2675,-25.36842,-154.0888,-7.259882,-17.15426,User: user6<br>Type: 1min<br>Split: train
user6,1min,train,2676,-25.36842,-154.0888,-4.0082583,-7.297328,User: user6<br>Type: 1min<br>Split: train
user6,1min,train,2677,-25.36842,-154.0888,-7.25985,-17.154205,User: user6<br>Type: 1min<br>Split: train
user6,1min,train,2678,-25.36842,-154.0888,-4.008397,-7.2972794,User: user6<br>Type: 1min<br>Split: train
user6,1min,train,2679,-25.36842,-154.0888,-7.259859,-17.154375,User: user6<br>Type: 1min<br>Split: train
user6,1min,train,2680,-25.36842,-154.0888,-4.0008717,-7.301729,User: user6<br>Type: 1min<br>Split: train
user6,1min,train,2681,-25.36842,-154.0888,-4.008204,-7.297465,User: user6<br>Type: 1min<br>Split: train
user6,1min,train,2682,-25.36842,-154.0888,-7.2599306,-17.154354,User: user6<br>Type: 1min<br>Split: train
user6,1min,train,2683,-25.36842,-154.0888,-7.2598615,-17.15434,User: user6<br>Type: 1min<br>Split: train
user6,1min,train,2684,-25.36842,-154.0888,-7.2599564,-17.154072,User: user6<br>Type: 1min<br>Split: train
user6,1min,train,2685,-25.36842,-154.0888,-4.0081344,-7.2975016,User: user6<br>Type: 1min<br>Split: train
user6,1min,train,2686,-25.36842,-154.0888,-4.008318,-7.2974944,User: user6<br>Type: 1min<br>Split: train
user6,1min,train,2687,-25.36842,-154.0888,-4.008256,-7.2973633,User: user6<br>Type: 1min<br>Split: train
user6,1min,train,2688,-25.36842,-154.0888,-4.0083704,-7.297565,User: user6<br>Type: 1min<br>Split: train
user6,1min,train,2689,-25.36842,-154.0888,-7.2609572,-17.154959,User: user6<br>Type: 1min<br>Split: train
user6,1min,train,2690,-25.36842,-154.0888,-7.2599225,-17.15446,User: user6<br>Type: 1min<br>Split: train
user6,1min,train,2691,-25.36842,-154.0888,-4.0082912,-7.298153,User: user6<br>Type: 1min<br>Split: train
user6,1min,train,2692,-25.36842,-154.0888,-7.254429,-17.152441,User: user6<br>Type: 1min<br>Split: train
user60,1min,train,2693,-29.64157,175.02689,-6.2927327,18.902266,User: user60<br>Type: 1min<br>Split: train
user60,1min,train,2694,-29.64157,175.02689,-6.292863,18.902298,User: user60<br>Type: 1min<br>Split: train
user60,1min,train,2695,-29.64157,175.02689,-7.0502553,28.45965,User: user60<br>Type: 1min<br>Split: train
user60,1min,train,2696,-29.64157,175.02689,-6.292837,18.902279,User: user60<br>Type: 1min<br>Split: train
user60,1min,train,2697,-29.64157,175.02689,-6.2930193,18.902452,User: user60<br>Type: 1min<br>Split: train
user60,1min,train,2698,-29.64157,175.02689,-6.292913,18.902327,User: user60<br>Type: 1min<br>Split: train
user60,1min,train,2699,-29.64157,175.02689,-6.29278,18.902086,User: user60<br>Type: 1min<br>Split: train
user60,1min,train,2700,-29.64157,175.02689,-7.0501394,28.459597,User: user60<br>Type: 1min<br>Split: train
user60,1min,train,2701,-29.64157,175.02689,-6.2929153,18.902388,User: user60<br>Type: 1min<br>Split: train
user60,1min,train,2702,-29.64157,175.02689,-6.297589,18.906265,User: user60<br>Type: 1min<br>Split: train
user60,1min,train,2703,-29.64157,175.02689,-7.0501795,28.459671,User: user60<br>Type: 1min<br>Split: train
user60,1min,train,2704,-29.64157,175.02689,-6.2931676,18.902462,User: user60<br>Type: 1min<br>Split: train
user60,1min,train,2705,-29.64157,175.02689,-7.050144,28.459606,User: user60<br>Type: 1min<br>Split: train
user60,1min,train,2706,-29.64157,175.02689,-6.2926316,18.901867,User: user60<br>Type: 1min<br>Split: train
user60,1min,train,2707,-29.64157,175.02689,-6.2917447,18.89671,User: user60<br>Type: 1min<br>Split: train
user60,1min,train,2708,-29.64157,175.02689,-7.0501313,28.459595,User: user60<br>Type: 1min<br>Split: train
user60,1min,train,2709,-29.64157,175.02689,-7.050087,28.459581,User: user60<br>Type: 1min<br>Split: train
user60,1min,train,2710,-29.64157,175.02689,-7.050131,28.459768,User: user60<br>Type: 1min<br>Split: train
user60,1min,train,2711,-29.64157,175.02689,-7.0516706,28.45988,User: user60<br>Type: 1min<br>Split: train
user60,1min,train,2712,-29.64157,175.02689,-6.2923555,18.90152,User: user60<br>Type: 1min<br>Split: train
user60,1min,train,2713,-29.64157,175.02689,-7.0501885,28.459759,User: user60<br>Type: 1min<br>Split: train
user60,1min,train,2714,-29.64157,175.02689,-7.049839,28.45964,User: user60<br>Type: 1min<br>Split: train
user60,1min,train,2715,-29.64157,175.02689,-6.2927465,18.901909,User: user60<br>Type: 1min<br>Split: train
user60,1min,train,2716,-29.64157,175.02689,-7.050229,28.459822,User: user60<br>Type: 1min<br>Split: train
user60,1min,train,2717,-29.64157,175.02689,-7.050134,28.459808,User: user60<br>Type: 1min<br>Split: train
user60,1min,train,2718,-29.64157,175.02689,-6.292833,18.902004,User: user60<br>Type: 1min<br>Split: train
user60,1min,train,2719,-29.64157,175.02689,-7.051242,28.460697,User: user60<br>Type: 1min<br>Split: train
user60,1min,train,2720,-29.64157,175.02689,-7.049912,28.460102,User: user60<br>Type: 1min<br>Split: train
user60,1min,train,2721,-29.64157,175.02689,-6.291818,18.901821,User: user60<br>Type: 1min<br>Split: train
user60,1min,train,2722,-29.64157,175.02689,-7.049863,28.459482,User: user60<br>Type: 1min<br>Split: train
user60,1min,train,2723,-29.64157,175.02689,-7.050317,28.459646,User: user60<br>Type: 1min<br>Split: train
user60,1min,train,2724,-29.64157,175.02689,-6.292853,18.902006,User: user60<br>Type: 1min<br>Split: train
user60,1min,train,2725,-29.64157,175.02689,-7.050441,28.459633,User: user60<br>Type: 1min<br>Split: train
user60,1min,train,2726,-29.64157,175.02689,-6.294761,18.902445,User: user60<br>Type: 1min<br>Split: train
user60,1min,train,2727,-29.64157,175.02689,-6.276175,18.885866,User: user60<br>Type: 1min<br>Split: train
user60,1min,train,2728,-29.64157,175.02689,-7.049983,28.459421,User: user60<br>Type: 1min<br>Split: train
user60,1min,train,2729,-29.64157,175.02689,-7.049911,28.459526,User: user60<br>Type: 1min<br>Split: train
user60,1min,train,2730,-29.64157,175.02689,-6.292904,18.902536,User: user60<br>Type: 1min<br>Split: train
user60,1min,train,2731,-29.64157,175.02689,-6.2972035,18.906193,User: user60<br>Type: 1min<br>Split: train
user60,1min,train,2732,-29.64157,175.02689,-6.292834,18.901997,User: user60<br>Type: 1min<br>Split: train
user60,1min,train,2733,-29.64157,175.02689,-7.0502815,28.459583,User: user60<br>Type: 1min<br>Split: train
user60,1min,train,2734,-29.64157,175.02689,-7.0503497,28.459593,User: user60<br>Type: 1min<br>Split: train
user60,1min,train,2735,-29.64157,175.02689,-7.0333743,28.47951,User: user60<br>Type: 1min<br>Split: train
user60,1min,train,2736,-29.64157,175.02689,-7.050596,28.459858,User: user60<br>Type: 1min<br>Split: train
user61,1min,train,2737,35.8123,-120.58185,8.858755,-19.665483,User: user61<br>Type: 1min<br>Split: train
user61,1min,train,2738,35.8123,-120.58185,13.722448,-15.004083,User: user61<br>Type: 1min<br>Split: train
user61,1min,train,2739,35.8123,-120.58185,13.722527,-15.00407,User: user61<br>Type: 1min<br>Split: train
user61,1min,train,2740,35.8123,-120.58185,8.857857,-19.675121,User: user61<br>Type: 1min<br>Split: train
user61,1min,train,2741,35.8123,-120.58185,8.857949,-19.675106,User: user61<br>Type: 1min<br>Split: train
user61,1min,train,2742,35.8123,-120.58185,8.857939,-19.675068,User: user61<br>Type: 1min<br>Split: train
user61,1min,train,2743,35.8123,-120.58185,13.722519,-15.004103,User: user61<br>Type: 1min<br>Split: train
user61,1min,train,2744,35.8123,-120.58185,8.857867,-19.675203,User: user61<br>Type: 1min<br>Split: train
user61,1min,train,2745,35.8123,-120.58185,8.858115,-19.675219,User: user61<br>Type: 1min<br>Split: train
user61,1min,train,2746,35.8123,-120.58185,8.857944,-19.675127,User: user61<br>Type: 1min<br>Split: train
user61,1min,train,2747,35.8123,-120.58185,8.857686,-19.675634,User: user61<br>Type: 1min<br>Split: train
user61,1min,train,2748,35.8123,-120.58185,13.722533,-15.004129,User: user61<br>Type: 1min<br>Split: train
user61,1min,train,2749,35.8123,-120.58185,8.857726,-19.675589,User: user61<br>Type: 1min<br>Split: train
user61,1min,train,2750,36.94375,-113.06596,13.721646,-15.003981,User: user61<br>Type: 1min<br>Split: train
user61,1min,train,2751,36.94375,-113.06596,13.722503,-15.004079,User: user61<br>Type: 1min<br>Split: train
user61,1min,train,2752,35.8123,-120.58185,8.857747,-19.676165,User: user61<br>Type: 1min<br>Split: train
user61,1min,train,2753,35.8123,-120.58185,8.8577795,-19.6755,User: user61<br>Type: 1min<br>Split: train
user61,1min,train,2754,35.8123,-120.58185,8.857665,-19.675703,User: user61<br>Type: 1min<br>Split: train
user61,1min,train,2755,35.8123,-120.58185,13.722488,-15.004091,User: user61<br>Type: 1min<br>Split: train
user61,1min,train,2756,35.8123,-120.58185,8.857611,-19.675646,User: user61<br>Type: 1min<br>Split: train
user61,1min,train,2757,35.8123,-120.58185,13.72244,-15.004087,User: user61<br>Type: 1min<br>Split: train
user61,1min,train,2758,35.8123,-120.58185,8.857784,-19.67571,User: user61<br>Type: 1min<br>Split: train
user61,1min,train,2759,35.8123,-120.58185,13.722482,-15.004102,User: user61<br>Type: 1min<br>Split: train
user61,1min,train,2760,35.8123,-120.58185,8.8533535,-19.6884,User: user61<br>Type: 1min<br>Split: train
user61,1min,train,2761,35.8123,-120.58185,13.72253,-15.004063,User: user61<br>Type: 1min<br>Split: train
user61,1min,train,2762,35.8123,-120.58185,13.722429,-15.004115,User: user61<br>Type: 1min<br>Split: train
user61,1min,train,2763,35.8123,-120.58185,13.7225,-15.004077,User: user61<br>Type: 1min<br>Split: train
user61,1min,train,2764,35.8123,-120.58185,13.722494,-15.004083,User: user61<br>Type: 1min<br>Split: train
user61,1min,train,2765,35.8123,-120.58185,8.857887,-19.675352,User: user61<br>Type: 1min<br>Split: train
user61,1min,train,2766,35.8123,-120.58185,13.722389,-15.004061,User: user61<br>Type: 1min<br>Split: train
user61,1min,train,2767,35.8123,-120.58185,8.857688,-19.675602,User: user61<br>Type: 1min<br>Split: train
user61,1min,train,2768,35.8123,-120.58185,8.857856,-19.67529,User: user61<br>Type: 1min<br>Split: train
user61,1min,train,2769,35.8123,-120.58185,13.722509,-15.004076,User: user61<br>Type: 1min<br>Split: train
user61,1min,train,2770,35.8123,-120.58185,13.722453,-15.00411,User: user61<br>Type: 1min<br>Split: train
user61,1min,train,2771,35.8123,-120.58185,13.722482,-15.004078,User: user61<br>Type: 1min<br>Split: train
user62,1min,train,2772,-81.71124,91.576035,-19.814913,11.98023,User: user62<br>Type: 1min<br>Split: train
user62,1min,train,2773,-85.32774,71.950195,-19.802622,11.967882,User: user62<br>Type: 1min<br>Split: train
user62,1min,train,2774,-85.32774,71.950195,-19.814285,11.9795265,User: user62<br>Type: 1min<br>Split: train
user62,1min,train,2775,-85.32774,71.950195,-19.791718,11.956867,User: user62<br>Type: 1min<br>Split: train
user62,1min,train,2776,-85.32774,71.950195,-19.812847,11.978122,User: user62<br>Type: 1min<br>Split: train
user62,1min,train,2777,-85.32774,71.950195,-19.78595,11.951248,User: user62<br>Type: 1min<br>Split: train
user62,1min,train,2778,-85.32774,71.950195,-19.813126,11.978736,User: user62<br>Type: 1min<br>Split: train
user62,1min,train,2779,-85.32774,71.950195,-19.81288,11.97822,User: user62<br>Type: 1min<br>Split: train
user62,1min,train,2780,-85.32774,71.950195,-19.813183,11.978489,User: user62<br>Type: 1min<br>Split: train
user62,1min,train,2781,-85.32774,71.950195,-19.789764,11.95498,User: user62<br>Type: 1min<br>Split: train
user62,1min,train,2782,-84.458015,81.85563,-19.794704,11.959944,User: user62<br>Type: 1min<br>Split: train
user62,1min,train,2783,-84.458015,81.85563,-19.796383,11.961547,User: user62<br>Type: 1min<br>Split: train
user62,1min,train,2784,-85.32774,71.950195,-19.813023,11.978206,User: user62<br>Type: 1min<br>Split: train
user62,1min,train,2785,-85.32774,71.950195,-19.785189,11.950457,User: user62<br>Type: 1min<br>Split: train
user62,1min,train,2786,-85.32774,71.950195,-19.814281,11.979581,User: user62<br>Type: 1min<br>Split: train
user62,1min,train,2787,-81.71124,91.576035,-19.797361,11.962486,User: user62<br>Type: 1min<br>Split: train
user62,1min,train,2788,-81.71124,91.576035,-19.789083,11.9542675,User: user62<br>Type: 1min<br>Split: train
user62,1min,train,2789,-81.71124,91.576035,-19.823185,11.988403,User: user62<br>Type: 1min<br>Split: train
user62,1min,train,2790,-81.71124,91.576035,-19.812422,11.9767475,User: user62<br>Type: 1min<br>Split: train
user62,1min,train,2791,-81.71124,91.576035,-19.796581,11.961789,User: user62<br>Type: 1min<br>Split: train
user62,1min,train,2792,-81.71124,91.576035,-19.808239,11.973468,User: user62<br>Type: 1min<br>Split: train
user62,1min,train,2793,-85.32774,71.950195,-19.810371,11.975464,User: user62<br>Type: 1min<br>Split: train
user62,1min,train,2794,-81.71124,91.576035,-19.786518,11.952046,User: user62<br>Type: 1min<br>Split: train
user62,1min,train,2795,-81.71124,91.576035,-19.809032,11.97425,User: user62<br>Type: 1min<br>Split: train
user62,1min,train,2796,-81.71124,91.576035,-19.786076,11.95149,User: user62<br>Type: 1min<br>Split: train
user62,1min,train,2797,-81.71124,91.576035,-19.807173,11.972364,User: user62<br>Type: 1min<br>Split: train
user62,1min,train,2798,-81.71124,91.576035,-19.758266,11.923619,User: user62<br>Type: 1min<br>Split: train
user62,1min,train,2799,-81.71124,91.576035,-19.821268,11.986703,User: user62<br>Type: 1min<br>Split: train
user62,1min,train,2800,-81.71124,91.576035,-19.7766,11.94188,User: user62<br>Type: 1min<br>Split: train
user62,1min,train,2801,-81.71124,91.576035,-19.819855,11.985103,User: user62<br>Type: 1min<br>Split: train
user62,1min,train,2802,-85.32774,71.950195,-19.7876,11.952842,User: user62<br>Type: 1min<br>Split: train
user62,1min,train,2803,-81.71124,91.576035,-19.836666,12.001636,User: user62<br>Type: 1min<br>Split: train
user62,1min,train,2804,-81.71124,91.576035,-19.774885,11.940376,User: user62<br>Type: 1min<br>Split: train
user62,1min,train,2805,-81.71124,91.576035,-19.7957,11.960826,User: user62<br>Type: 1min<br>Split: train
user62,1min,train,2806,-81.71124,91.576035,-19.769306,11.935196,User: user62<br>Type: 1min<br>Split: train
user62,1min,train,2807,-81.71124,91.576035,-19.78927,11.954483,User: user62<br>Type: 1min<br>Split: train
user62,1min,train,2808,-81.71124,91.576035,-19.7763,11.941531,User: user62<br>Type: 1min<br>Split: train
user62,1min,train,2809,-81.71124,91.576035,-19.772696,11.937884,User: user62<br>Type: 1min<br>Split: train
user62,1min,train,2810,-81.71124,91.576035,-19.788677,11.9542675,User: user62<br>Type: 1min<br>Split: train
user62,1min,train,2811,-81.71124,91.576035,-19.82717,11.99231,User: user62<br>Type: 1min<br>Split: train
user62,1min,train,2812,-81.71124,91.576035,-19.810595,11.975744,User: user62<br>Type: 1min<br>Split: train
user62,1min,train,2813,-81.71124,91.576035,-19.788862,11.954065,User: user62<br>Type: 1min<br>Split: train
user62,1min,train,2814,-84.458015,81.85563,-19.78653,11.951753,User: user62<br>Type: 1min<br>Split: train
user62,1min,train,2815,-84.458015,81.85563,-19.79084,11.956404,User: user62<br>Type: 1min<br>Split: train
user62,1min,train,2816,-85.32774,71.950195,-19.788723,11.953923,User: user62<br>Type: 1min<br>Split: train
user62,1min,train,2817,-85.32774,71.950195,-19.78763,11.952901,User: user62<br>Type: 1min<br>Split: train
user62,1min,train,2818,-85.32774,71.950195,-19.80476,11.970163,User: user62<br>Type: 1min<br>Split: train
user62,1min,train,2819,-85.32774,71.950195,-19.783302,11.9485655,User: user62<br>Type: 1min<br>Split: train
user62,1min,train,2820,47.364277,52.968773,12.551141,-4.2581778,User: user62<br>Type: 1min<br>Split: train
user62,1min,train,2821,47.364277,52.968773,12.53488,-4.2742767,User: user62<br>Type: 1min<br>Split: train
user62,1min,train,2822,47.364277,52.968773,12.535676,-4.2730002,User: user62<br>Type: 1min<br>Split: train
user62,1min,train,2823,54.492836,68.28116,12.549577,-4.2597156,User: user62<br>Type: 1min<br>Split: train
user62,1min,train,2824,54.492836,68.28116,12.527521,-4.281342,User: user62<br>Type: 1min<br>Split: train
user62,1min,train,2825,54.492836,68.28116,12.527481,-4.2821126,User: user62<br>Type: 1min<br>Split: train
user62,1min,train,2826,47.364277,52.968773,12.548456,-4.2606506,User: user62<br>Type: 1min<br>Split: train
user62,1min,train,2827,47.364277,52.968773,12.5602,-4.2490187,User: user62<br>Type: 1min<br>Split: train
user62,1min,train,2828,54.492836,68.28116,12.515113,-4.293113,User: user62<br>Type: 1min<br>Split: train
user62,1min,train,2829,54.492836,68.28116,12.506833,-4.3013425,User: user62<br>Type: 1min<br>Split: train
user62,1min,train,2830,54.492836,68.28116,12.547101,-4.261975,User: user62<br>Type: 1min<br>Split: train
user62,1min,train,2831,54.492836,68.28116,12.525683,-4.2825804,User: user62<br>Type: 1min<br>Split: train
user62,1min,train,2832,54.492836,68.28116,12.553251,-4.2557945,User: user62<br>Type: 1min<br>Split: train
user62,1min,train,2833,54.492836,68.28116,12.548871,-4.260651,User: user62<br>Type: 1min<br>Split: train
user62,1min,train,2834,54.492836,68.28116,12.548637,-4.260733,User: user62<br>Type: 1min<br>Split: train
user62,1min,train,2835,47.364277,52.968773,12.566789,-4.24266,User: user62<br>Type: 1min<br>Split: train
user62,1min,train,2836,54.492836,68.28116,12.551267,-4.258053,User: user62<br>Type: 1min<br>Split: train
user62,1min,train,2837,54.492836,68.28116,12.524635,-4.28362,User: user62<br>Type: 1min<br>Split: train
user62,1min,train,2838,54.492836,68.28116,12.552325,-4.2569933,User: user62<br>Type: 1min<br>Split: train
user62,1min,train,2839,54.492836,68.28116,12.508772,-4.299461,User: user62<br>Type: 1min<br>Split: train
user62,1min,train,2840,54.492836,68.28116,12.505116,-4.3030963,User: user62<br>Type: 1min<br>Split: train
user62,1min,train,2841,54.492836,68.28116,12.502442,-4.305551,User: user62<br>Type: 1min<br>Split: train
user62,1min,train,2842,47.364277,52.968773,12.541658,-4.2674537,User: user62<br>Type: 1min<br>Split: train
user62,1min,train,2843,54.492836,68.28116,12.507219,-4.3009467,User: user62<br>Type: 1min<br>Split: train
user62,1min,train,2844,54.492836,68.28116,12.513039,-4.295107,User: user62<br>Type: 1min<br>Split: train
user62,1min,train,2845,54.492836,68.28116,12.506224,-4.3017797,User: user62<br>Type: 1min<br>Split: train
user62,1min,train,2846,51.249367,60.493397,12.504874,-4.3034463,User: user62<br>Type: 1min<br>Split: train
user62,1min,train,2847,51.249367,60.493397,12.547374,-4.261795,User: user62<br>Type: 1min<br>Split: train
user62,1min,train,2848,54.492836,68.28116,12.547208,-4.261918,User: user62<br>Type: 1min<br>Split: train
user62,1min,train,2849,54.492836,68.28116,12.508352,-4.299907,User: user62<br>Type: 1min<br>Split: train
user62,1min,train,2850,54.492836,68.28116,12.561068,-4.2468996,User: user62<br>Type: 1min<br>Split: train
user62,1min,train,2851,54.492836,68.28116,12.494176,-4.313982,User: user62<br>Type: 1min<br>Split: train
user62,1min,train,2852,54.492836,68.28116,12.5664835,-4.2425404,User: user62<br>Type: 1min<br>Split: train
user62,1min,train,2853,54.492836,68.28116,12.562139,-4.2472773,User: user62<br>Type: 1min<br>Split: train
user62,1min,train,2854,54.492836,68.28116,12.547494,-4.2615423,User: user62<br>Type: 1min<br>Split: train
user62,1min,train,2855,54.492836,68.28116,12.493769,-4.314803,User: user62<br>Type: 1min<br>Split: train
user62,1min,train,2856,54.492836,68.28116,12.559469,-4.2498536,User: user62<br>Type: 1min<br>Split: train
user62,1min,train,2857,54.492836,68.28116,12.51483,-4.293143,User: user62<br>Type: 1min<br>Split: train
user63,1min,train,2858,-1.9675404,-112.565315,-11.634871,-22.243595,User: user63<br>Type: 1min<br>Split: train
user63,1min,train,2859,-1.9675404,-112.565315,-11.634955,-22.243692,User: user63<br>Type: 1min<br>Split: train
user63,1min,train,2860,-1.9675404,-112.565315,-2.1400428,-14.164507,User: user63<br>Type: 1min<br>Split: train
user63,1min,train,2861,-1.9675404,-112.565315,-2.1400464,-14.164374,User: user63<br>Type: 1min<br>Split: train
user63,1min,train,2862,-1.9675404,-112.565315,-11.635121,-22.243803,User: user63<br>Type: 1min<br>Split: train
user63,1min,train,2863,-1.9675404,-112.565315,-11.6262045,-22.236237,User: user63<br>Type: 1min<br>Split: train
user63,1min,train,2864,-1.9675404,-112.565315,-11.634156,-22.242905,User: user63<br>Type: 1min<br>Split: train
user63,1min,train,2865,-1.9675404,-112.565315,-2.139174,-14.16512,User: user63<br>Type: 1min<br>Split: train
user63,1min,train,2866,-1.9675404,-112.565315,-2.1399078,-14.164611,User: user63<br>Type: 1min<br>Split: train
user63,1min,train,2867,-1.9675404,-112.565315,-11.631087,-22.240528,User: user63<br>Type: 1min<br>Split: train
user63,1min,train,2868,-1.9675404,-112.565315,-2.14001,-14.164478,User: user63<br>Type: 1min<br>Split: train
user63,1min,train,2869,-1.9675404,-112.565315,-11.643654,-22.252836,User: user63<br>Type: 1min<br>Split: train
user63,1min,train,2870,-1.9675404,-112.565315,-11.634445,-22.243315,User: user63<br>Type: 1min<br>Split: train
user63,1min,train,2871,-1.9675404,-112.565315,-11.63445,-22.243309,User: user63<br>Type: 1min<br>Split: train
user63,1min,train,2872,-1.9675404,-112.565315,-11.634468,-22.243334,User: user63<br>Type: 1min<br>Split: train
user63,1min,train,2873,-1.9675404,-112.565315,-2.1399844,-14.16446,User: user63<br>Type: 1min<br>Split: train
user63,1min,train,2874,-1.9675404,-112.565315,-11.634418,-22.243294,User: user63<br>Type: 1min<br>Split: train
user63,1min,train,2875,-1.9675404,-112.565315,-11.633702,-22.24255,User: user63<br>Type: 1min<br>Split: train
user63,1min,train,2876,-1.9675404,-112.565315,-2.1400657,-14.164564,User: user63<br>Type: 1min<br>Split: train
user63,1min,train,2877,-1.9675404,-112.565315,-11.634404,-22.243292,User: user63<br>Type: 1min<br>Split: train
user63,1min,train,2878,-1.9675404,-112.565315,-11.634464,-22.243332,User: user63<br>Type: 1min<br>Split: train
user63,1min,train,2879,-1.9675404,-112.565315,-2.140323,-14.164298,User: user63<br>Type: 1min<br>Split: train
user63,1min,train,2880,-1.9675404,-112.565315,-2.1434445,-14.160908,User: user63<br>Type: 1min<br>Split: train
user63,1min,train,2881,-1.9675404,-112.565315,-2.1404438,-14.164183,User: user63<br>Type: 1min<br>Split: train
user63,1min,train,2882,-1.9675404,-112.565315,-2.1437073,-14.160628,User: user63<br>Type: 1min<br>Split: train
user63,1min,train,2883,-1.9675404,-112.565315,-2.1403103,-14.163825,User: user63<br>Type: 1min<br>Split: train
user63,1min,train,2884,-1.9675404,-112.565315,-2.1408246,-14.163621,User: user63<br>Type: 1min<br>Split: train
user63,1min,train,2885,-1.9675404,-112.565315,-11.634582,-22.243399,User: user63<br>Type: 1min<br>Split: train
user63,1min,train,2886,-1.9675404,-112.565315,-11.634515,-22.243292,User: user63<br>Type: 1min<br>Split: train
user63,1min,train,2887,-1.9675404,-112.565315,-2.14058,-14.163884,User: user63<br>Type: 1min<br>Split: train
user63,1min,train,2888,-1.9675404,-112.565315,-2.1406412,-14.163952,User: user63<br>Type: 1min<br>Split: train
user63,1min,train,2889,-1.9675404,-112.565315,-11.634509,-22.24326,User: user63<br>Type: 1min<br>Split: train
user63,1min,train,2890,-1.9675404,-112.565315,-2.1337686,-14.170828,User: user63<br>Type: 1min<br>Split: train
user63,1min,train,2891,-1.9675404,-112.565315,-11.634598,-22.243422,User: user63<br>Type: 1min<br>Split: train
user63,1min,train,2892,-1.9675404,-112.565315,-2.1436093,-14.160312,User: user63<br>Type: 1min<br>Split: train
user63,1min,train,2893,-1.9675404,-112.565315,-2.1462646,-14.157806,User: user63<br>Type: 1min<br>Split: train
user63,1min,train,2894,-1.9675404,-112.565315,-2.1404006,-14.164128,User: user63<br>Type: 1min<br>Split: train
user63,1min,train,2895,-1.9675404,-112.565315,-11.634634,-22.24373,User: user63<br>Type: 1min<br>Split: train
user63,1min,train,2896,-1.9675404,-112.565315,-11.634635,-22.243431,User: user63<br>Type: 1min<br>Split: train
user63,1min,train,2897,-1.9675404,-112.565315,-11.613354,-22.22589,User: user63<br>Type: 1min<br>Split: train
user63,1min,train,2898,-1.9675404,-112.565315,-11.635146,-22.243992,User: user63<br>Type: 1min<br>Split: train
user63,1min,train,2899,-1.9675404,-112.565315,-11.635046,-22.243776,User: user63<br>Type: 1min<br>Split: train
user63,1min,train,2900,-1.9675404,-112.565315,-11.6361065,-22.244825,User: user63<br>Type: 1min<br>Split: train
user63,1min,train,2901,-1.9675404,-112.565315,-11.63449,-22.243343,User: user63<br>Type: 1min<br>Split: train
user63,1min,train,2902,-1.9675404,-112.565315,-11.638,-22.246332,User: user63<br>Type: 1min<br>Split: train
user64,1min,train,2903,-27.729897,-200.65443,-4.9289513,-28.392195,User: user64<br>Type: 1min<br>Split: train
user64,1min,train,2904,-27.729897,-200.65443,1.0118055,-25.840765,User: user64<br>Type: 1min<br>Split: train
user64,1min,train,2905,-27.729897,-200.65443,-4.928966,-28.392181,User: user64<br>Type: 1min<br>Split: train
user64,1min,train,2906,-27.729897,-200.65443,1.0154984,-25.837118,User: user64<br>Type: 1min<br>Split: train
user64,1min,train,2907,-27.729897,-200.65443,-4.930576,-28.390345,User: user64<br>Type: 1min<br>Split: train
user64,1min,train,2908,-27.729897,-200.65443,-4.9292717,-28.391954,User: user64<br>Type: 1min<br>Split: train
user64,1min,train,2909,-27.729897,-200.65443,-4.9282317,-28.392994,User: user64<br>Type: 1min<br>Split: train
user64,1min,train,2910,-27.729897,-200.65443,1.0154924,-25.83709,User: user64<br>Type: 1min<br>Split: train
user64,1min,train,2911,-27.729897,-200.65443,1.015462,-25.837149,User: user64<br>Type: 1min<br>Split: train
user64,1min,train,2912,-27.729897,-200.65443,-4.928993,-28.392263,User: user64<br>Type: 1min<br>Split: train
user64,1min,train,2913,-27.729897,-200.65443,1.0235825,-25.8292,User: user64<br>Type: 1min<br>Split: train
user64,1min,train,2914,-27.729897,-200.65443,1.0128514,-25.839823,User: user64<br>Type: 1min<br>Split: train
user64,1min,train,2915,-27.729897,-200.65443,1.0155673,-25.837059,User: user64<br>Type: 1min<br>Split: train
user64,1min,train,2916,-27.729897,-200.65443,-4.9290333,-28.3922,User: user64<br>Type: 1min<br>Split: train
user64,1min,train,2917,-27.729897,-200.65443,-4.917973,-28.403185,User: user64<br>Type: 1min<br>Split: train
user64,1min,train,2918,-27.729897,-200.65443,1.0151844,-25.83754,User: user64<br>Type: 1min<br>Split: train
user64,1min,train,2919,-27.729897,-200.65443,-4.927521,-28.393717,User: user64<br>Type: 1min<br>Split: train
user64,1min,train,2920,-27.729897,-200.65443,-4.92866,-28.392607,User: user64<br>Type: 1min<br>Split: train
user64,1min,train,2921,-27.729897,-200.65443,1.0152329,-25.837368,User: user64<br>Type: 1min<br>Split: train
user64,1min,train,2922,-27.729897,-200.65443,1.015261,-25.83735,User: user64<br>Type: 1min<br>Split: train
user64,1min,train,2923,-27.729897,-200.65443,-4.9281225,-28.393124,User: user64<br>Type: 1min<br>Split: train
user64,1min,train,2924,-27.729897,-200.65443,-4.9417205,-28.383062,User: user64<br>Type: 1min<br>Split: train
user64,1min,train,2925,-27.729897,-200.65443,-4.9283905,-28.393011,User: user64<br>Type: 1min<br>Split: train
user64,1min,train,2926,-27.729897,-200.65443,1.0147762,-25.837734,User: user64<br>Type: 1min<br>Split: train
user64,1min,train,2927,-27.729897,-200.65443,-4.9297066,-28.391573,User: user64<br>Type: 1min<br>Split: train
user64,1min,train,2928,-27.729897,-200.65443,-4.9284263,-28.392942,User: user64<br>Type: 1min<br>Split: train
user64,1min,train,2929,-27.729897,-200.65443,1.0152785,-25.83735,User: user64<br>Type: 1min<br>Split: train
user64,1min,train,2930,-27.729897,-200.65443,1.0152761,-25.837341,User: user64<br>Type: 1min<br>Split: train
user64,1min,train,2931,-27.729897,-200.65443,-4.9212375,-28.395535,User: user64<br>Type: 1min<br>Split: train
user64,1min,train,2932,-27.729897,-200.65443,-4.9279604,-28.39341,User: user64<br>Type: 1min<br>Split: train
user64,1min,train,2933,-27.729897,-200.65443,-4.9306383,-28.390652,User: user64<br>Type: 1min<br>Split: train
user64,1min,train,2934,-27.729897,-200.65443,-4.928469,-28.392887,User: user64<br>Type: 1min<br>Split: train
user64,1min,train,2935,-27.729897,-200.65443,-4.9284406,-28.392975,User: user64<br>Type: 1min<br>Split: train
user64,1min,train,2936,-27.729897,-200.65443,-4.9284687,-28.392979,User: user64<br>Type: 1min<br>Split: train
user64,1min,train,2937,-27.729897,-200.65443,-4.9284596,-28.392916,User: user64<br>Type: 1min<br>Split: train
user64,1min,train,2938,-27.729897,-200.65443,-4.9387727,-28.382473,User: user64<br>Type: 1min<br>Split: train
user64,1min,train,2939,-27.729897,-200.65443,1.0156069,-25.836996,User: user64<br>Type: 1min<br>Split: train
user64,1min,train,2940,-27.729897,-200.65443,-4.9510136,-28.370369,User: user64<br>Type: 1min<br>Split: train
user64,1min,train,2941,-27.729897,-200.65443,1.0182472,-25.83437,User: user64<br>Type: 1min<br>Split: train
user64,1min,train,2942,-27.729897,-200.65443,-4.92903,-28.39237,User: user64<br>Type: 1min<br>Split: train
user64,1min,train,2943,-27.729897,-200.65443,1.0262623,-25.826178,User: user64<br>Type: 1min<br>Split: train
user64,1min,train,2944,-27.729897,-200.65443,-4.912858,-28.408493,User: user64<br>Type: 1min<br>Split: train
user64,1min,train,2945,-27.729897,-200.65443,0.99394274,-25.858744,User: user64<br>Type: 1min<br>Split: train
user64,1min,train,2946,-27.729897,-200.65443,1.0154803,-25.837088,User: user64<br>Type: 1min<br>Split: train
user64,1min,train,2947,-27.729897,-200.65443,-4.9287195,-28.392677,User: user64<br>Type: 1min<br>Split: train
user64,1min,train,2948,-27.729897,-200.65443,-4.928518,-28.392889,User: user64<br>Type: 1min<br>Split: train
user64,1min,train,2949,-27.729897,-200.65443,1.0142683,-25.83866,User: user64<br>Type: 1min<br>Split: train
user64,1min,train,2950,-27.729897,-200.65443,1.0173725,-25.835789,User: user64<br>Type: 1min<br>Split: train
user64,1min,train,2951,-27.729897,-200.65443,1.0306284,-25.821974,User: user64<br>Type: 1min<br>Split: train
user64,1min,train,2952,-27.729897,-200.65443,1.0155454,-25.83713,User: user64<br>Type: 1min<br>Split: train
user64,1min,train,2953,-27.729897,-200.65443,-4.928628,-28.392769,User: user64<br>Type: 1min<br>Split: train
user64,1min,train,2954,-27.729897,-200.65443,1.0154424,-25.837147,User: user64<br>Type: 1min<br>Split: train
user64,1min,train,2955,-27.729897,-200.65443,1.0157136,-25.836945,User: user64<br>Type: 1min<br>Split: train
user64,1min,train,2956,-27.729897,-200.65443,1.0155768,-25.83702,User: user64<br>Type: 1min<br>Split: train
user64,1min,train,2957,-27.729897,-200.65443,1.0157361,-25.83691,User: user64<br>Type: 1min<br>Split: train
user65,1min,train,2958,12.168938,-205.26733,-1.1291509,-23.347876,User: user65<br>Type: 1min<br>Split: train
user65,1min,train,2959,12.168938,-205.26733,-1.1293983,-23.347593,User: user65<br>Type: 1min<br>Split: train
user65,1min,train,2960,12.168938,-205.26733,5.829855,-17.128721,User: user65<br>Type: 1min<br>Split: train
user65,1min,train,2961,12.168938,-205.26733,5.8347254,-17.129206,User: user65<br>Type: 1min<br>Split: train
user65,1min,train,2962,12.168938,-205.26733,-1.1296718,-23.347555,User: user65<br>Type: 1min<br>Split: train
user65,1min,train,2963,12.168938,-205.26733,-1.1294986,-23.347599,User: user65<br>Type: 1min<br>Split: train
user65,1min,train,2964,12.168938,-205.26733,5.830193,-17.128717,User: user65<br>Type: 1min<br>Split: train
user65,1min,train,2965,12.168938,-205.26733,5.8301196,-17.128668,User: user65<br>Type: 1min<br>Split: train
user65,1min,train,2966,12.168938,-205.26733,-1.1295242,-23.347578,User: user65<br>Type: 1min<br>Split: train
user65,1min,train,2967,12.168938,-205.26733,-1.1295153,-23.347576,User: user65<br>Type: 1min<br>Split: train
user65,1min,train,2968,12.168938,-205.26733,-1.1292514,-23.347849,User: user65<br>Type: 1min<br>Split: train
user65,1min,train,2969,12.168938,-205.26733,-1.1293173,-23.347843,User: user65<br>Type: 1min<br>Split: train
user65,1min,train,2970,12.168938,-205.26733,5.830209,-17.12884,User: user65<br>Type: 1min<br>Split: train
user65,1min,train,2971,12.168938,-205.26733,-1.1304735,-23.346792,User: user65<br>Type: 1min<br>Split: train
user65,1min,train,2972,12.168938,-205.26733,-1.129291,-23.3497,User: user65<br>Type: 1min<br>Split: train
user65,1min,train,2973,12.168938,-205.26733,-1.1293508,-23.34795,User: user65<br>Type: 1min<br>Split: train
user65,1min,train,2974,12.168938,-205.26733,5.830117,-17.12877,User: user65<br>Type: 1min<br>Split: train
user65,1min,train,2975,12.168938,-205.26733,5.8239903,-17.124855,User: user65<br>Type: 1min<br>Split: train
user65,1min,train,2976,12.168938,-205.26733,-1.1295904,-23.34783,User: user65<br>Type: 1min<br>Split: train
user65,1min,train,2977,12.168938,-205.26733,-1.1293356,-23.347939,User: user65<br>Type: 1min<br>Split: train
user65,1min,train,2978,12.168938,-205.26733,-1.1293652,-23.348007,User: user65<br>Type: 1min<br>Split: train
user65,1min,train,2979,12.168938,-205.26733,-1.1293741,-23.347933,User: user65<br>Type: 1min<br>Split: train
user65,1min,train,2980,12.168938,-205.26733,-1.1131989,-23.365395,User: user65<br>Type: 1min<br>Split: train
user65,1min,train,2981,12.168938,-205.26733,5.829786,-17.128468,User: user65<br>Type: 1min<br>Split: train
user65,1min,train,2982,12.168938,-205.26733,-1.1288366,-23.348488,User: user65<br>Type: 1min<br>Split: train
user65,1min,train,2983,12.168938,-205.26733,5.8297825,-17.128452,User: user65<br>Type: 1min<br>Split: train
user65,1min,train,2984,12.168938,-205.26733,5.8297553,-17.128489,User: user65<br>Type: 1min<br>Split: train
user65,1min,train,2985,12.168938,-205.26733,5.829693,-17.128479,User: user65<br>Type: 1min<br>Split: train
user65,1min,train,2986,12.168938,-205.26733,-1.1288041,-23.348408,User: user65<br>Type: 1min<br>Split: train
user65,1min,train,2987,12.168938,-205.26733,5.8194966,-17.11995,User: user65<br>Type: 1min<br>Split: train
user65,1min,train,2988,12.168938,-205.26733,-1.126897,-23.351133,User: user65<br>Type: 1min<br>Split: train
user65,1min,train,2989,12.168938,-205.26733,5.829446,-17.128214,User: user65<br>Type: 1min<br>Split: train
user65,1min,train,2990,12.168938,-205.26733,5.828028,-17.128674,User: user65<br>Type: 1min<br>Split: train
user65,1min,train,2991,12.168938,-205.26733,-1.1287316,-23.348442,User: user65<br>Type: 1min<br>Split: train
user65,1min,train,2992,12.168938,-205.26733,5.8294125,-17.12828,User: user65<br>Type: 1min<br>Split: train
user65,1min,train,2993,12.168938,-205.26733,-1.1287467,-23.348692,User: user65<br>Type: 1min<br>Split: train
user65,1min,train,2994,12.168938,-205.26733,-1.1468683,-23.330137,User: user65<br>Type: 1min<br>Split: train
user65,1min,train,2995,12.168938,-205.26733,-1.1292584,-23.34804,User: user65<br>Type: 1min<br>Split: train
user65,1min,train,2996,12.168938,-205.26733,-1.1326866,-23.344858,User: user65<br>Type: 1min<br>Split: train
user65,1min,train,2997,12.168938,-205.26733,5.829717,-17.12832,User: user65<br>Type: 1min<br>Split: train
user65,1min,train,2998,12.168938,-205.26733,5.8282075,-17.127085,User: user65<br>Type: 1min<br>Split: train
user65,1min,train,2999,12.168938,-205.26733,-1.1292994,-23.348026,User: user65<br>Type: 1min<br>Split: train
user65,1min,train,3000,12.168938,-205.26733,-1.1292875,-23.347946,User: user65<br>Type: 1min<br>Split: train
user66,1min,train,3001,118.80554,-60.52403,25.33491,-8.098968,User: user66<br>Type: 1min<br>Split: train
user66,1min,train,3002,118.80554,-60.52403,25.335678,-8.098055,User: user66<br>Type: 1min<br>Split: train
user66,1min,train,3003,118.80554,-60.52403,25.336863,-8.097029,User: user66<br>Type: 1min<br>Split: train
user66,1min,train,3004,118.80554,-60.52403,25.336903,-8.096824,User: user66<br>Type: 1min<br>Split: train
user66,1min,train,3005,118.80554,-60.52403,25.340326,-8.093541,User: user66<br>Type: 1min<br>Split: train
user66,1min,train,3006,118.80554,-60.52403,25.328867,-8.104977,User: user66<br>Type: 1min<br>Split: train
user66,1min,train,3007,118.80554,-60.52403,25.341629,-8.0927105,User: user66<br>Type: 1min<br>Split: train
user66,1min,train,3008,118.80554,-60.52403,25.345512,-8.088514,User: user66<br>Type: 1min<br>Split: train
user66,1min,train,3009,118.80554,-60.52403,25.337187,-8.096801,User: user66<br>Type: 1min<br>Split: train
user66,1min,train,3010,118.80554,-60.52403,25.337217,-8.096873,User: user66<br>Type: 1min<br>Split: train
user66,1min,train,3011,118.80554,-60.52403,25.325743,-8.108154,User: user66<br>Type: 1min<br>Split: train
user66,1min,train,3012,118.80554,-60.52403,25.3333,-8.100699,User: user66<br>Type: 1min<br>Split: train
user66,1min,train,3013,118.80554,-60.52403,25.337568,-8.096442,User: user66<br>Type: 1min<br>Split: train
user66,1min,train,3014,118.80554,-60.52403,25.345724,-8.088259,User: user66<br>Type: 1min<br>Split: train
user66,1min,train,3015,118.80554,-60.52403,25.33529,-8.098641,User: user66<br>Type: 1min<br>Split: train
user66,1min,train,3016,118.80554,-60.52403,25.352852,-8.080945,User: user66<br>Type: 1min<br>Split: train
user66,1min,train,3017,118.80554,-60.52403,25.335823,-8.09813,User: user66<br>Type: 1min<br>Split: train
user66,1min,train,3018,118.80554,-60.52403,25.33567,-8.098313,User: user66<br>Type: 1min<br>Split: train
user66,1min,train,3019,118.80554,-60.52403,25.346375,-8.087625,User: user66<br>Type: 1min<br>Split: train
user66,1min,train,3020,118.80554,-60.52403,25.354685,-8.079265,User: user66<br>Type: 1min<br>Split: train
user66,1min,train,3021,118.80554,-60.52403,25.301353,-8.131704,User: user66<br>Type: 1min<br>Split: train
user66,1min,train,3022,118.80554,-60.52403,25.324413,-8.109585,User: user66<br>Type: 1min<br>Split: train
user66,1min,train,3023,118.80554,-60.52403,25.327951,-8.106012,User: user66<br>Type: 1min<br>Split: train
user66,1min,train,3024,118.80554,-60.52403,25.332737,-8.101196,User: user66<br>Type: 1min<br>Split: train
user66,1min,train,3025,118.80554,-60.52403,25.316788,-8.11731,User: user66<br>Type: 1min<br>Split: train
user66,1min,train,3026,118.80554,-60.52403,25.33754,-8.095543,User: user66<br>Type: 1min<br>Split: train
user66,1min,train,3027,118.80554,-60.52403,25.337875,-8.09615,User: user66<br>Type: 1min<br>Split: train
user66,1min,train,3028,118.80554,-60.52403,25.360157,-8.073682,User: user66<br>Type: 1min<br>Split: train
user66,1min,train,3029,118.80554,-60.52403,25.3362,-8.097658,User: user66<br>Type: 1min<br>Split: train
user66,1min,train,3030,118.80554,-60.52403,25.336115,-8.097842,User: user66<br>Type: 1min<br>Split: train
user66,1min,train,3031,118.80554,-60.52403,25.34634,-8.092242,User: user66<br>Type: 1min<br>Split: train
user66,1min,train,3032,118.80554,-60.52403,25.336157,-8.097873,User: user66<br>Type: 1min<br>Split: train
user66,1min,train,3033,118.80554,-60.52403,25.335867,-8.09851,User: user66<br>Type: 1min<br>Split: train
user66,1min,train,3034,118.80554,-60.52403,25.32068,-8.113365,User: user66<br>Type: 1min<br>Split: train
user66,1min,train,3035,118.80554,-60.52403,25.3554,-8.078907,User: user66<br>Type: 1min<br>Split: train
user66,1min,train,3036,118.80554,-60.52403,25.331541,-8.101786,User: user66<br>Type: 1min<br>Split: train
user66,1min,train,3037,118.80554,-60.52403,25.336197,-8.0978985,User: user66<br>Type: 1min<br>Split: train
user66,1min,train,3038,118.80554,-60.52403,25.30167,-8.132385,User: user66<br>Type: 1min<br>Split: train
user66,1min,train,3039,118.80554,-60.52403,25.342892,-8.091179,User: user66<br>Type: 1min<br>Split: train
user66,1min,train,3040,118.80554,-60.52403,25.352991,-8.081489,User: user66<br>Type: 1min<br>Split: train
user66,1min,train,3041,118.80554,-60.52403,25.35986,-8.074002,User: user66<br>Type: 1min<br>Split: train
user66,1min,train,3042,118.80554,-60.52403,25.342735,-8.091291,User: user66<br>Type: 1min<br>Split: train
user66,1min,train,3043,118.80554,-60.52403,25.349512,-8.084554,User: user66<br>Type: 1min<br>Split: train
user66,1min,train,3044,118.80554,-60.52403,25.313246,-8.120758,User: user66<br>Type: 1min<br>Split: train
user66,1min,train,3045,118.80554,-60.52403,25.330626,-8.102571,User: user66<br>Type: 1min<br>Split: train
user66,1min,train,3046,118.80554,-60.52403,25.36044,-8.073542,User: user66<br>Type: 1min<br>Split: train
user66,1min,train,3047,118.80554,-60.52403,25.324999,-8.108817,User: user66<br>Type: 1min<br>Split: train
user66,1min,train,3048,118.80554,-60.52403,25.333857,-8.1001,User: user66<br>Type: 1min<br>Split: train
user66,1min,train,3049,118.80554,-60.52403,25.32767,-8.106428,User: user66<br>Type: 1min<br>Split: train
user66,1min,train,3050,118.80554,-60.52403,25.35941,-8.074566,User: user66<br>Type: 1min<br>Split: train
user67,1min,train,3051,79.22855,26.769577,30.653833,12.282021,User: user67<br>Type: 1min<br>Split: train
user67,1min,train,3052,79.22855,26.769577,30.65554,12.27696,User: user67<br>Type: 1min<br>Split: train
user67,1min,train,3053,79.22855,26.769577,30.651644,12.283167,User: user67<br>Type: 1min<br>Split: train
user67,1min,train,3054,79.22855,26.769577,30.653227,12.281183,User: user67<br>Type: 1min<br>Split: train
user67,1min,train,3055,79.22855,26.769577,30.650257,12.278512,User: user67<br>Type: 1min<br>Split: train
user67,1min,train,3056,79.22855,26.769577,30.655922,12.284181,User: user67<br>Type: 1min<br>Split: train
user67,1min,train,3057,79.22855,26.769577,30.653093,12.281117,User: user67<br>Type: 1min<br>Split: train
user67,1min,train,3058,79.22855,26.769577,30.65325,12.281639,User: user67<br>Type: 1min<br>Split: train
user67,1min,train,3059,79.22855,26.769577,30.63878,12.260431,User: user67<br>Type: 1min<br>Split: train
user67,1min,train,3060,79.22855,26.769577,30.644272,12.279361,User: user67<br>Type: 1min<br>Split: train
user67,1min,train,3061,79.22855,26.769577,30.656954,12.27927,User: user67<br>Type: 1min<br>Split: train
user67,1min,train,3062,79.22855,26.769577,30.652609,12.280953,User: user67<br>Type: 1min<br>Split: train
user67,1min,train,3063,79.22855,26.769577,30.65254,12.281554,User: user67<br>Type: 1min<br>Split: train
user67,1min,train,3064,79.22855,26.769577,30.655718,12.278211,User: user67<br>Type: 1min<br>Split: train
user67,1min,train,3065,79.22855,26.769577,30.654634,12.2803335,User: user67<br>Type: 1min<br>Split: train
user67,1min,train,3066,79.22855,26.769577,30.6628,12.288092,User: user67<br>Type: 1min<br>Split: train
user67,1min,train,3067,79.22855,26.769577,30.655281,12.28072,User: user67<br>Type: 1min<br>Split: train
user67,1min,train,3068,79.22855,26.769577,30.649752,12.286754,User: user67<br>Type: 1min<br>Split: train
user67,1min,train,3069,79.22855,26.769577,30.6567,12.281769,User: user67<br>Type: 1min<br>Split: train
user67,1min,train,3070,85.264984,20.543894,30.655607,12.280823,User: user67<br>Type: 1min<br>Split: train
user67,1min,train,3071,85.264984,20.543894,30.652897,12.283543,User: user67<br>Type: 1min<br>Split: train
user67,1min,train,3072,79.22855,26.769577,30.63041,12.256126,User: user67<br>Type: 1min<br>Split: train
user67,1min,train,3073,79.22855,26.769577,30.655796,12.279414,User: user67<br>Type: 1min<br>Split: train
user67,1min,train,3074,79.22855,26.769577,30.65508,12.280972,User: user67<br>Type: 1min<br>Split: train
user67,1min,train,3075,79.22855,26.769577,30.652088,12.278326,User: user67<br>Type: 1min<br>Split: train
user67,1min,train,3076,79.22855,26.769577,30.647463,12.274527,User: user67<br>Type: 1min<br>Split: train
user67,1min,train,3077,79.22855,26.769577,30.651146,12.276523,User: user67<br>Type: 1min<br>Split: train
user67,1min,train,3078,79.22855,26.769577,30.654573,12.280142,User: user67<br>Type: 1min<br>Split: train
user67,1min,train,3079,79.22855,26.769577,30.646015,12.2783165,User: user67<br>Type: 1min<br>Split: train
user67,1min,train,3080,79.22855,26.769577,30.670538,12.296034,User: user67<br>Type: 1min<br>Split: train
user67,1min,train,3081,79.22855,26.769577,30.663263,12.281972,User: user67<br>Type: 1min<br>Split: train
user67,1min,train,3082,79.22855,26.769577,30.654966,12.280347,User: user67<br>Type: 1min<br>Split: train
user67,1min,train,3083,79.22855,26.769577,30.645132,12.270093,User: user67<br>Type: 1min<br>Split: train
user67,1min,train,3084,79.22855,26.769577,30.631313,12.318867,User: user67<br>Type: 1min<br>Split: train
user67,1min,train,3085,79.22855,26.769577,30.62981,12.255931,User: user67<br>Type: 1min<br>Split: train
user67,1min,train,3086,76.69085,21.794617,30.633259,12.292291,User: user67<br>Type: 1min<br>Split: train
user67,1min,train,3087,79.22855,26.769577,30.655483,12.301869,User: user67<br>Type: 1min<br>Split: train
user67,1min,train,3088,79.22855,26.769577,30.653778,12.281186,User: user67<br>Type: 1min<br>Split: train
user67,1min,train,3089,79.22855,26.769577,30.659306,12.27599,User: user67<br>Type: 1min<br>Split: train
user67,1min,train,3090,79.22855,26.769577,30.634531,12.290964,User: user67<br>Type: 1min<br>Split: train
user67,1min,train,3091,79.22855,26.769577,30.65392,12.281147,User: user67<br>Type: 1min<br>Split: train
user67,1min,train,3092,79.22855,26.769577,30.662144,12.270899,User: user67<br>Type: 1min<br>Split: train
user67,1min,train,3093,79.22855,26.769577,30.654615,12.280302,User: user67<br>Type: 1min<br>Split: train
user67,1min,train,3094,79.22855,26.769577,30.651455,12.277411,User: user67<br>Type: 1min<br>Split: train
user68,1min,train,3095,57.9333,-165.48994,19.117723,-12.912066,User: user68<br>Type: 1min<br>Split: train
user68,1min,train,3096,57.9333,-165.48994,6.9755697,-23.636517,User: user68<br>Type: 1min<br>Split: train
user68,1min,train,3097,57.9333,-165.48994,19.11773,-12.912028,User: user68<br>Type: 1min<br>Split: train
user68,1min,train,3098,57.9333,-165.48994,19.117693,-12.912086,User: user68<br>Type: 1min<br>Split: train
user68,1min,train,3099,57.9333,-165.48994,19.117779,-12.91212,User: user68<br>Type: 1min<br>Split: train
user68,1min,train,3100,57.9333,-165.48994,6.9686346,-23.629675,User: user68<br>Type: 1min<br>Split: train
user68,1min,train,3101,57.9333,-165.48994,6.969406,-23.630497,User: user68<br>Type: 1min<br>Split: train
user68,1min,train,3102,57.9333,-165.48994,6.9703684,-23.631496,User: user68<br>Type: 1min<br>Split: train
user68,1min,train,3103,57.9333,-165.48994,6.969363,-23.630394,User: user68<br>Type: 1min<br>Split: train
user68,1min,train,3104,57.9333,-165.48994,6.976421,-23.63739,User: user68<br>Type: 1min<br>Split: train
user68,1min,train,3105,57.9333,-165.48994,6.969824,-23.630848,User: user68<br>Type: 1min<br>Split: train
user68,1min,train,3106,57.9333,-165.48994,6.971533,-23.632671,User: user68<br>Type: 1min<br>Split: train
user68,1min,train,3107,57.9333,-165.48994,6.9704137,-23.631582,User: user68<br>Type: 1min<br>Split: train
user68,1min,train,3108,57.9333,-165.48994,6.9712214,-23.632282,User: user68<br>Type: 1min<br>Split: train
user68,1min,train,3109,57.9333,-165.48994,19.117725,-12.91206,User: user68<br>Type: 1min<br>Split: train
user68,1min,train,3110,57.9333,-165.48994,6.97057,-23.631586,User: user68<br>Type: 1min<br>Split: train
user68,1min,train,3111,57.9333,-165.48994,19.11744,-12.911771,User: user68<br>Type: 1min<br>Split: train
user68,1min,train,3112,57.9333,-165.48994,6.97054,-23.63166,User: user68<br>Type: 1min<br>Split: train
user68,1min,train,3113,57.9333,-165.48994,19.117659,-12.91215,User: user68<br>Type: 1min<br>Split: train
user68,1min,train,3114,57.9333,-165.48994,6.9707274,-23.631824,User: user68<br>Type: 1min<br>Split: train
user68,1min,train,3115,57.9333,-165.48994,19.117697,-12.912006,User: user68<br>Type: 1min<br>Split: train
user68,1min,train,3116,57.9333,-165.48994,6.9874425,-23.648556,User: user68<br>Type: 1min<br>Split: train
user68,1min,train,3117,57.9333,-165.48994,6.9713826,-23.632584,User: user68<br>Type: 1min<br>Split: train
user68,1min,train,3118,57.9333,-165.48994,19.11769,-12.912048,User: user68<br>Type: 1min<br>Split: train
user68,1min,train,3119,57.9333,-165.48994,6.9806843,-23.642586,User: user68<br>Type: 1min<br>Split: train
user68,1min,train,3120,57.9333,-165.48994,19.117697,-12.91207,User: user68<br>Type: 1min<br>Split: train
user68,1min,train,3121,57.9333,-165.48994,19.117668,-12.911871,User: user68<br>Type: 1min<br>Split: train
user68,1min,train,3122,57.9333,-165.48994,6.9896526,-23.650967,User: user68<br>Type: 1min<br>Split: train
user68,1min,train,3123,57.9333,-165.48994,19.117723,-12.91206,User: user68<br>Type: 1min<br>Split: train
user68,1min,train,3124,57.9333,-165.48994,6.9712143,-23.63245,User: user68<br>Type: 1min<br>Split: train
user68,1min,train,3125,57.9333,-165.48994,6.975155,-23.63778,User: user68<br>Type: 1min<br>Split: train
user68,1min,train,3126,57.9333,-165.48994,6.9717913,-23.633165,User: user68<br>Type: 1min<br>Split: train
user68,1min,train,3127,57.9333,-165.48994,19.117697,-12.912051,User: user68<br>Type: 1min<br>Split: train
user68,1min,train,3128,57.9333,-165.48994,6.97198,-23.633217,User: user68<br>Type: 1min<br>Split: train
user68,1min,train,3129,57.9333,-165.48994,6.9718757,-23.63313,User: user68<br>Type: 1min<br>Split: train
user68,1min,train,3130,57.9333,-165.48994,6.9704165,-23.630928,User: user68<br>Type: 1min<br>Split: train
user68,1min,train,3131,57.9333,-165.48994,6.970251,-23.63075,User: user68<br>Type: 1min<br>Split: train
user68,1min,train,3132,57.9333,-165.48994,6.9724145,-23.63364,User: user68<br>Type: 1min<br>Split: train
user68,1min,train,3133,57.9333,-165.48994,19.117579,-12.911959,User: user68<br>Type: 1min<br>Split: train
user68,1min,train,3134,57.9333,-165.48994,19.117708,-12.911863,User: user68<br>Type: 1min<br>Split: train
user68,1min,train,3135,57.9333,-165.48994,19.117722,-12.912121,User: user68<br>Type: 1min<br>Split: train
user68,1min,train,3136,57.9333,-165.48994,6.968627,-23.62894,User: user68<br>Type: 1min<br>Split: train
user68,1min,train,3137,57.9333,-165.48994,19.117702,-12.912092,User: user68<br>Type: 1min<br>Split: train
user68,1min,train,3138,57.9333,-165.48994,19.117496,-12.91198,User: user68<br>Type: 1min<br>Split: train
user68,1min,train,3139,57.9333,-165.48994,19.117735,-12.912048,User: user68<br>Type: 1min<br>Split: train
user68,1min,train,3140,57.9333,-165.48994,19.117657,-12.912162,User: user68<br>Type: 1min<br>Split: train
user68,1min,train,3141,57.9333,-165.48994,6.963498,-23.624706,User: user68<br>Type: 1min<br>Split: train
user69,1min,train,3142,-8.193203,-77.326416,-7.5559406,-13.1089,User: user69<br>Type: 1min<br>Split: train
user69,1min,train,3143,-8.193203,-77.326416,-1.4878994,-16.700506,User: user69<br>Type: 1min<br>Split: train
user69,1min,train,3144,-8.193203,-77.326416,-1.4878165,-16.700397,User: user69<br>Type: 1min<br>Split: train
user69,1min,train,3145,-8.193203,-77.326416,-1.488268,-16.70118,User: user69<br>Type: 1min<br>Split: train
user69,1min,train,3146,-8.193203,-77.326416,-7.5432143,-13.110213,User: user69<br>Type: 1min<br>Split: train
user69,1min,train,3147,-8.193203,-77.326416,-7.548491,-13.115869,User: user69<br>Type: 1min<br>Split: train
user69,1min,train,3148,-8.193203,-77.326416,-7.5486145,-13.1156845,User: user69<br>Type: 1min<br>Split: train
user69,1min,train,3149,-8.193203,-77.326416,-1.4879593,-16.70072,User: user69<br>Type: 1min<br>Split: train
user69,1min,train,3150,-8.193203,-77.326416,-7.5485125,-13.115783,User: user69<br>Type: 1min<br>Split: train
user69,1min,train,3151,-14.00857,-79.54234,-7.548929,-13.116612,User: user69<br>Type: 1min<br>Split: train
user69,1min,train,3152,-8.193203,-77.326416,-7.5493965,-13.114865,User: user69<br>Type: 1min<br>Split: train
user69,1min,train,3153,-8.193203,-77.326416,-1.4879509,-16.70073,User: user69<br>Type: 1min<br>Split: train
user69,1min,train,3154,-8.193203,-77.326416,-7.5567293,-13.109065,User: user69<br>Type: 1min<br>Split: train
user69,1min,train,3155,-14.00857,-79.54234,-7.548874,-13.115581,User: user69<br>Type: 1min<br>Split: train
user69,1min,train,3156,-14.00857,-79.54234,-7.549711,-13.11456,User: user69<br>Type: 1min<br>Split: train
user69,1min,train,3157,-14.00857,-79.54234,-7.539571,-13.12387,User: user69<br>Type: 1min<br>Split: train
user69,1min,train,3158,-14.00857,-79.54234,-1.4879681,-16.700766,User: user69<br>Type: 1min<br>Split: train
user69,1min,train,3159,-14.00857,-79.54234,-1.4879011,-16.700872,User: user69<br>Type: 1min<br>Split: train
user69,1min,train,3160,-14.00857,-79.54234,-7.5484066,-13.115612,User: user69<br>Type: 1min<br>Split: train
user69,1min,train,3161,-8.193203,-77.326416,-1.4877424,-16.70135,User: user69<br>Type: 1min<br>Split: train
user69,1min,train,3162,-14.00857,-79.54234,-7.548194,-13.115613,User: user69<br>Type: 1min<br>Split: train
user69,1min,train,3163,-14.00857,-79.54234,-7.538037,-13.126093,User: user69<br>Type: 1min<br>Split: train
user69,1min,train,3164,-14.00857,-79.54234,-7.5480933,-13.11557,User: user69<br>Type: 1min<br>Split: train
user69,1min,train,3165,-14.00857,-79.54234,-7.548133,-13.116287,User: user69<br>Type: 1min<br>Split: train
user69,1min,train,3166,-14.31592,-69.75134,-7.5473537,-13.117275,User: user69<br>Type: 1min<br>Split: train
user69,1min,train,3167,-14.31592,-69.75134,-1.4879572,-16.700785,User: user69<br>Type: 1min<br>Split: train
user69,1min,train,3168,-14.00857,-79.54234,-1.4878608,-16.700615,User: user69<br>Type: 1min<br>Split: train
user69,1min,train,3169,-14.00857,-79.54234,-7.5479665,-13.116312,User: user69<br>Type: 1min<br>Split: train
user69,1min,train,3170,-14.00857,-79.54234,-1.4878455,-16.700571,User: user69<br>Type: 1min<br>Split: train
user69,1min,train,3171,-14.00857,-79.54234,-7.538801,-13.1141405,User: user69<br>Type: 1min<br>Split: train
user69,1min,train,3172,-14.00857,-79.54234,-1.4879134,-16.700678,User: user69<br>Type: 1min<br>Split: train
user69,1min,train,3173,-14.00857,-79.54234,-1.496498,-16.717916,User: user69<br>Type: 1min<br>Split: train
user69,1min,train,3174,-14.00857,-79.54234,-7.5481677,-13.116204,User: user69<br>Type: 1min<br>Split: train
user69,1min,train,3175,-14.00857,-79.54234,-1.4888976,-16.70381,User: user69<br>Type: 1min<br>Split: train
user69,1min,train,3176,-14.00857,-79.54234,-7.548243,-13.11623,User: user69<br>Type: 1min<br>Split: train
user69,1min,train,3177,-14.00857,-79.54234,-1.4882852,-16.701427,User: user69<br>Type: 1min<br>Split: train
user69,1min,train,3178,-14.00857,-79.54234,-1.492939,-16.70446,User: user69<br>Type: 1min<br>Split: train
user69,1min,train,3179,-14.00857,-79.54234,-1.4883751,-16.70145,User: user69<br>Type: 1min<br>Split: train
user69,1min,train,3180,-14.00857,-79.54234,-1.4883597,-16.701405,User: user69<br>Type: 1min<br>Split: train
user69,1min,train,3181,-14.00857,-79.54234,-1.488598,-16.702118,User: user69<br>Type: 1min<br>Split: train
user69,1min,train,3182,-14.00857,-79.54234,-7.55171,-13.111179,User: user69<br>Type: 1min<br>Split: train
user69,1min,train,3183,-8.193203,-77.326416,-7.548206,-13.115804,User: user69<br>Type: 1min<br>Split: train
user69,1min,train,3184,-14.00857,-79.54234,-7.54796,-13.1138115,User: user69<br>Type: 1min<br>Split: train
user69,1min,train,3185,-8.193203,-77.326416,-7.5228844,-13.086182,User: user69<br>Type: 1min<br>Split: train
user69,1min,train,3186,-14.00857,-79.54234,-1.488278,-16.701435,User: user69<br>Type: 1min<br>Split: train
user69,1min,train,3187,-14.00857,-79.54234,-7.5494823,-13.119829,User: user69<br>Type: 1min<br>Split: train
user69,1min,train,3188,-8.193203,-77.326416,-1.488204,-16.70134,User: user69<br>Type: 1min<br>Split: train
user69,1min,train,3189,-8.193203,-77.326416,-7.5482616,-13.115778,User: user69<br>Type: 1min<br>Split: train
user69,1min,train,3190,-8.193203,-77.326416,-7.552363,-13.115233,User: user69<br>Type: 1min<br>Split: train
user69,1min,train,3191,-8.193203,-77.326416,-1.4882091,-16.701565,User: user69<br>Type: 1min<br>Split: train
user69,1min,train,3192,-8.193203,-77.326416,-7.548378,-13.116595,User: user69<br>Type: 1min<br>Split: train
user69,1min,train,3193,-8.193203,-77.326416,-1.488189,-16.701303,User: user69<br>Type: 1min<br>Split: train
user69,1min,train,3194,-8.193203,-77.326416,-7.548342,-13.115813,User: user69<br>Type: 1min<br>Split: train
user69,1min,train,3195,-8.193203,-77.326416,-1.4855661,-16.697031,User: user69<br>Type: 1min<br>Split: train
user7,1min,train,3196,48.825294,-199.64806,6.230071,-28.03406,User: user7<br>Type: 1min<br>Split: train
user7,1min,train,3197,48.825294,-199.64806,6.227866,-28.030685,User: user7<br>Type: 1min<br>Split: train
user7,1min,train,3198,48.825294,-199.64806,6.230254,-28.033525,User: user7<br>Type: 1min<br>Split: train
user7,1min,train,3199,48.825294,-199.64806,6.2276316,-28.036043,User: user7<br>Type: 1min<br>Split: train
user7,1min,train,3200,48.825294,-199.64806,6.230202,-28.033632,User: user7<br>Type: 1min<br>Split: train
user7,1min,train,3201,48.825294,-199.64806,6.2222414,-28.04141,User: user7<br>Type: 1min<br>Split: train
user7,1min,train,3202,48.825294,-199.64806,6.2297645,-28.034061,User: user7<br>Type: 1min<br>Split: train
user7,1min,train,3203,48.825294,-199.64806,6.2251816,-28.038492,User: user7<br>Type: 1min<br>Split: train
user7,1min,train,3204,48.825294,-199.64806,6.2265854,-28.037018,User: user7<br>Type: 1min<br>Split: train
user7,1min,train,3205,48.825294,-199.64806,6.2353344,-28.028269,User: user7<br>Type: 1min<br>Split: train
user7,1min,train,3206,48.825294,-199.64806,6.229917,-28.03379,User: user7<br>Type: 1min<br>Split: train
user7,1min,train,3207,48.825294,-199.64806,6.2410645,-28.048445,User: user7<br>Type: 1min<br>Split: train
user7,1min,train,3208,48.825294,-199.64806,6.2302594,-28.034252,User: user7<br>Type: 1min<br>Split: train
user7,1min,train,3209,48.825294,-199.64806,6.2297983,-28.034918,User: user7<br>Type: 1min<br>Split: train
user7,1min,train,3210,48.825294,-199.64806,6.2297273,-28.03489,User: user7<br>Type: 1min<br>Split: train
user7,1min,train,3211,48.825294,-199.64806,6.2298403,-28.034801,User: user7<br>Type: 1min<br>Split: train
user7,1min,train,3212,48.825294,-199.64806,6.2297664,-28.034883,User: user7<br>Type: 1min<br>Split: train
user7,1min,train,3213,48.825294,-199.64806,6.241853,-28.0211,User: user7<br>Type: 1min<br>Split: train
user7,1min,train,3214,48.825294,-199.64806,6.2407694,-28.023987,User: user7<br>Type: 1min<br>Split: train
user7,1min,train,3215,48.825294,-199.64806,6.223824,-28.040415,User: user7<br>Type: 1min<br>Split: train
user7,1min,train,3216,48.825294,-199.64806,6.2304406,-28.035894,User: user7<br>Type: 1min<br>Split: train
user7,1min,train,3217,48.825294,-199.64806,6.2262135,-28.038906,User: user7<br>Type: 1min<br>Split: train
user7,1min,train,3218,48.825294,-199.64806,6.226644,-28.03564,User: user7<br>Type: 1min<br>Split: train
user7,1min,train,3219,48.825294,-199.64806,6.240339,-28.024284,User: user7<br>Type: 1min<br>Split: train
user7,1min,train,3220,48.825294,-199.64806,6.2170873,-28.04774,User: user7<br>Type: 1min<br>Split: train
user7,1min,train,3221,48.825294,-199.64806,6.2306056,-28.033976,User: user7<br>Type: 1min<br>Split: train
user7,1min,train,3222,48.825294,-199.64806,6.2298794,-28.034657,User: user7<br>Type: 1min<br>Split: train
user7,1min,train,3223,48.825294,-199.64806,6.229675,-28.034922,User: user7<br>Type: 1min<br>Split: train
user7,1min,train,3224,48.825294,-199.64806,6.229922,-28.034853,User: user7<br>Type: 1min<br>Split: train
user7,1min,train,3225,48.825294,-199.64806,6.2299337,-28.03479,User: user7<br>Type: 1min<br>Split: train
user7,1min,train,3226,48.825294,-199.64806,6.229933,-28.034777,User: user7<br>Type: 1min<br>Split: train
user7,1min,train,3227,48.825294,-199.64806,6.229701,-28.034811,User: user7<br>Type: 1min<br>Split: train
user7,1min,train,3228,48.825294,-199.64806,6.243495,-28.021473,User: user7<br>Type: 1min<br>Split: train
user7,1min,train,3229,48.825294,-199.64806,6.230216,-28.03472,User: user7<br>Type: 1min<br>Split: train
user7,1min,train,3230,48.825294,-199.64806,6.2305183,-28.034304,User: user7<br>Type: 1min<br>Split: train
user70,1min,train,3231,175.93806,-34.65023,26.267424,4.379345,User: user70<br>Type: 1min<br>Split: train
user70,1min,train,3232,175.93806,-34.65023,26.246141,4.3591523,User: user70<br>Type: 1min<br>Split: train
user70,1min,train,3233,175.93806,-34.65023,26.290483,4.4023056,User: user70<br>Type: 1min<br>Split: train
user70,1min,train,3234,175.93806,-34.65023,26.242014,4.354011,User: user70<br>Type: 1min<br>Split: train
user70,1min,train,3235,175.93806,-34.65023,26.2451,4.357239,User: user70<br>Type: 1min<br>Split: train
user70,1min,train,3236,175.93806,-34.65023,26.270786,4.382544,User: user70<br>Type: 1min<br>Split: train
user70,1min,train,3237,175.93806,-34.65023,26.232195,4.344538,User: user70<br>Type: 1min<br>Split: train
user70,1min,train,3238,175.93806,-34.65023,26.279581,4.3912616,User: user70<br>Type: 1min<br>Split: train
user70,1min,train,3239,175.93806,-34.65023,26.280506,4.3922396,User: user70<br>Type: 1min<br>Split: train
user70,1min,train,3240,175.93806,-34.65023,26.280361,4.392116,User: user70<br>Type: 1min<br>Split: train
user70,1min,train,3241,175.93806,-34.65023,26.2823,4.394333,User: user70<br>Type: 1min<br>Split: train
user70,1min,train,3242,175.93806,-34.65023,26.243454,4.3555756,User: user70<br>Type: 1min<br>Split: train
user70,1min,train,3243,175.93806,-34.65023,26.241575,4.3532414,User: user70<br>Type: 1min<br>Split: train
user70,1min,train,3244,175.93806,-34.65023,26.269684,4.3814664,User: user70<br>Type: 1min<br>Split: train
user70,1min,train,3245,175.93806,-34.65023,26.280624,4.3923573,User: user70<br>Type: 1min<br>Split: train
user70,1min,train,3246,175.93806,-34.65023,26.288576,4.400489,User: user70<br>Type: 1min<br>Split: train
user70,1min,train,3247,175.93806,-34.65023,26.244448,4.3564215,User: user70<br>Type: 1min<br>Split: train
user70,1min,train,3248,175.93806,-34.65023,26.255678,4.368248,User: user70<br>Type: 1min<br>Split: train
user70,1min,train,3249,175.93806,-34.65023,26.286667,4.3983088,User: user70<br>Type: 1min<br>Split: train
user70,1min,train,3250,175.93806,-34.65023,26.234085,4.3462152,User: user70<br>Type: 1min<br>Split: train
user70,1min,train,3251,175.93806,-34.65023,26.281282,4.3929906,User: user70<br>Type: 1min<br>Split: train
user70,1min,train,3252,175.93806,-34.65023,26.256374,4.369622,User: user70<br>Type: 1min<br>Split: train
user70,1min,train,3253,175.93806,-34.65023,26.245289,4.357304,User: user70<br>Type: 1min<br>Split: train
user70,1min,train,3254,175.93806,-34.65023,26.288372,4.4008336,User: user70<br>Type: 1min<br>Split: train
user70,1min,train,3255,175.93806,-34.65023,26.28144,4.393133,User: user70<br>Type: 1min<br>Split: train
user70,1min,train,3256,175.93806,-34.65023,26.281082,4.393059,User: user70<br>Type: 1min<br>Split: train
user70,1min,train,3257,175.93806,-34.65023,26.279823,4.391864,User: user70<br>Type: 1min<br>Split: train
user70,1min,train,3258,175.93806,-34.65023,26.280342,4.392333,User: user70<br>Type: 1min<br>Split: train
user70,1min,train,3259,175.93806,-34.65023,26.232954,4.345351,User: user70<br>Type: 1min<br>Split: train
user70,1min,train,3260,175.93806,-34.65023,26.244686,4.357003,User: user70<br>Type: 1min<br>Split: train
user70,1min,train,3261,175.93806,-34.65023,26.289589,4.401365,User: user70<br>Type: 1min<br>Split: train
user70,1min,train,3262,175.93806,-34.65023,26.26771,4.37958,User: user70<br>Type: 1min<br>Split: train
user70,1min,train,3263,175.93806,-34.65023,26.27476,4.386739,User: user70<br>Type: 1min<br>Split: train
user70,1min,train,3264,175.93806,-34.65023,26.293106,4.4053426,User: user70<br>Type: 1min<br>Split: train
user71,1min,train,3265,73.05188,-22.871532,13.800022,-8.301982,User: user71<br>Type: 1min<br>Split: train
user71,1min,train,3266,73.05188,-22.871532,13.80063,-8.301244,User: user71<br>Type: 1min<br>Split: train
user71,1min,train,3267,73.05188,-22.871532,13.812921,-8.288989,User: user71<br>Type: 1min<br>Split: train
user71,1min,train,3268,73.05188,-22.871532,13.810996,-8.290775,User: user71<br>Type: 1min<br>Split: train
user71,1min,train,3269,73.05188,-22.871532,13.82203,-8.27986,User: user71<br>Type: 1min<br>Split: train
user71,1min,train,3270,73.05188,-22.871532,13.821865,-8.279987,User: user71<br>Type: 1min<br>Split: train
user71,1min,train,3271,73.05188,-22.871532,13.808007,-8.293952,User: user71<br>Type: 1min<br>Split: train
user71,1min,train,3272,81.85508,-36.461452,13.8072195,-8.294766,User: user71<br>Type: 1min<br>Split: train
user71,1min,train,3273,73.05188,-22.871532,13.825352,-8.276591,User: user71<br>Type: 1min<br>Split: train
user71,1min,train,3274,81.85508,-36.461452,13.807661,-8.294253,User: user71<br>Type: 1min<br>Split: train
user71,1min,train,3275,81.85508,-36.461452,13.809896,-8.291146,User: user71<br>Type: 1min<br>Split: train
user71,1min,train,3276,81.85508,-36.461452,13.80852,-8.293237,User: user71<br>Type: 1min<br>Split: train
user71,1min,train,3277,73.05188,-22.871532,13.808996,-8.293045,User: user71<br>Type: 1min<br>Split: train
user71,1min,train,3278,73.05188,-22.871532,13.799487,-8.302578,User: user71<br>Type: 1min<br>Split: train
user71,1min,train,3279,73.05188,-22.871532,13.800077,-8.30153,User: user71<br>Type: 1min<br>Split: train
user71,1min,train,3280,81.85508,-36.461452,13.811999,-8.290051,User: user71<br>Type: 1min<br>Split: train
user71,1min,train,3281,81.85508,-36.461452,13.826263,-8.275629,User: user71<br>Type: 1min<br>Split: train
user71,1min,train,3282,81.85508,-36.461452,13.8068,-8.294883,User: user71<br>Type: 1min<br>Split: train
user71,1min,train,3283,81.85508,-36.461452,13.80544,-8.296488,User: user71<br>Type: 1min<br>Split: train
user71,1min,train,3284,81.85508,-36.461452,13.815433,-8.286164,User: user71<br>Type: 1min<br>Split: train
user71,1min,train,3285,81.85508,-36.461452,13.789783,-8.311898,User: user71<br>Type: 1min<br>Split: train
user71,1min,train,3286,81.85508,-36.461452,13.811622,-8.290393,User: user71<br>Type: 1min<br>Split: train
user71,1min,train,3287,81.85508,-36.461452,13.805004,-8.297116,User: user71<br>Type: 1min<br>Split: train
user71,1min,train,3288,81.85508,-36.461452,13.78892,-8.31264,User: user71<br>Type: 1min<br>Split: train
user71,1min,train,3289,81.85508,-36.461452,13.812476,-8.289513,User: user71<br>Type: 1min<br>Split: train
user71,1min,train,3290,81.85508,-36.461452,13.805207,-8.296845,User: user71<br>Type: 1min<br>Split: train
user71,1min,train,3291,81.85508,-36.461452,13.795139,-8.30637,User: user71<br>Type: 1min<br>Split: train
user71,1min,train,3292,81.85508,-36.461452,13.803646,-8.297605,User: user71<br>Type: 1min<br>Split: train
user71,1min,train,3293,81.85508,-36.461452,13.813738,-8.288789,User: user71<br>Type: 1min<br>Split: train
user71,1min,train,3294,78.618355,-28.964308,13.818958,-8.282969,User: user71<br>Type: 1min<br>Split: train
user71,1min,train,3295,78.618355,-28.964308,13.791876,-8.310229,User: user71<br>Type: 1min<br>Split: train
user71,1min,train,3296,81.85508,-36.461452,13.839213,-8.262741,User: user71<br>Type: 1min<br>Split: train
user71,1min,train,3297,81.85508,-36.461452,13.814528,-8.28714,User: user71<br>Type: 1min<br>Split: train
user71,1min,train,3298,81.85508,-36.461452,13.8036995,-8.298038,User: user71<br>Type: 1min<br>Split: train
user71,1min,train,3299,81.85508,-36.461452,13.804283,-8.297473,User: user71<br>Type: 1min<br>Split: train
user71,1min,train,3300,81.85508,-36.461452,13.820758,-8.2839575,User: user71<br>Type: 1min<br>Split: train
user71,1min,train,3301,81.85508,-36.461452,13.820844,-8.281197,User: user71<br>Type: 1min<br>Split: train
user72,1min,train,3302,31.693844,10.868524,21.754057,-1.3777137,User: user72<br>Type: 1min<br>Split: train
user72,1min,train,3303,31.693844,10.868524,21.745815,-1.3861643,User: user72<br>Type: 1min<br>Split: train
user72,1min,train,3304,31.693844,10.868524,21.751822,-1.3800167,User: user72<br>Type: 1min<br>Split: train
user72,1min,train,3305,31.693844,10.868524,21.74527,-1.3867974,User: user72<br>Type: 1min<br>Split: train
user72,1min,train,3306,31.693844,10.868524,21.748587,-1.385779,User: user72<br>Type: 1min<br>Split: train
user72,1min,train,3307,31.693844,10.868524,21.743502,-1.3787986,User: user72<br>Type: 1min<br>Split: train
user72,1min,train,3308,31.693844,10.868524,21.751513,-1.3804709,User: user72<br>Type: 1min<br>Split: train
user72,1min,train,3309,31.693844,10.868524,21.751268,-1.3806843,User: user72<br>Type: 1min<br>Split: train
user72,1min,train,3310,31.693844,10.868524,21.752352,-1.3798902,User: user72<br>Type: 1min<br>Split: train
user72,1min,train,3311,31.693844,10.868524,21.748775,-1.384303,User: user72<br>Type: 1min<br>Split: train
user72,1min,train,3312,31.693844,10.868524,21.75592,-1.3761257,User: user72<br>Type: 1min<br>Split: train
user72,1min,train,3313,31.693844,10.868524,21.751616,-1.3804519,User: user72<br>Type: 1min<br>Split: train
user72,1min,train,3314,31.693844,10.868524,21.767427,-1.3646603,User: user72<br>Type: 1min<br>Split: train
user72,1min,train,3315,31.693844,10.868524,21.759115,-1.372964,User: user72<br>Type: 1min<br>Split: train
user72,1min,train,3316,31.693844,10.868524,21.75309,-1.3793997,User: user72<br>Type: 1min<br>Split: train
user72,1min,train,3317,31.693844,10.868524,21.761055,-1.3905308,User: user72<br>Type: 1min<br>Split: train
user72,1min,train,3318,31.693844,10.868524,21.754032,-1.3792422,User: user72<br>Type: 1min<br>Split: train
user72,1min,train,3319,31.693844,10.868524,21.75349,-1.3793412,User: user72<br>Type: 1min<br>Split: train
user72,1min,train,3320,31.693844,10.868524,21.764915,-1.3822522,User: user72<br>Type: 1min<br>Split: train
user72,1min,train,3321,36.853935,9.97278,21.753508,-1.37968,User: user72<br>Type: 1min<br>Split: train
user72,1min,train,3322,36.853935,9.97278,21.756378,-1.3798527,User: user72<br>Type: 1min<br>Split: train
user72,1min,train,3323,36.853935,9.97278,21.75359,-1.3800921,User: user72<br>Type: 1min<br>Split: train
user72,1min,train,3324,31.693844,10.868524,21.750774,-1.3828298,User: user72<br>Type: 1min<br>Split: train
user72,1min,train,3325,36.853935,9.97278,21.756283,-1.3756255,User: user72<br>Type: 1min<br>Split: train
user72,1min,train,3326,35.560207,17.883793,21.751774,-1.3800439,User: user72<br>Type: 1min<br>Split: train
user72,1min,train,3327,35.560207,17.883793,21.742125,-1.3900338,User: user72<br>Type: 1min<br>Split: train
user72,1min,train,3328,36.853935,9.97278,21.753145,-1.3802617,User: user72<br>Type: 1min<br>Split: train
user72,1min,train,3329,36.853935,9.97278,21.743376,-1.3709356,User: user72<br>Type: 1min<br>Split: train
user72,1min,train,3330,31.693844,10.868524,21.798286,-1.3345476,User: user72<br>Type: 1min<br>Split: train
user72,1min,train,3331,31.693844,10.868524,21.750605,-1.3820695,User: user72<br>Type: 1min<br>Split: train
user72,1min,train,3332,36.853935,9.97278,21.75341,-1.3794277,User: user72<br>Type: 1min<br>Split: train
user72,1min,train,3333,36.853935,9.97278,21.766521,-1.366155,User: user72<br>Type: 1min<br>Split: train
user72,1min,train,3334,36.853935,9.97278,21.74406,-1.3698949,User: user72<br>Type: 1min<br>Split: train
user72,1min,train,3335,36.853935,9.97278,21.738314,-1.4020891,User: user72<br>Type: 1min<br>Split: train
user72,1min,train,3336,36.853935,9.97278,21.743406,-1.3945111,User: user72<br>Type: 1min<br>Split: train
user72,1min,train,3337,36.853935,9.97278,21.75125,-1.3784311,User: user72<br>Type: 1min<br>Split: train
user72,1min,train,3338,36.853935,9.97278,21.74792,-1.3843628,User: user72<br>Type: 1min<br>Split: train
user72,1min,train,3339,36.853935,9.97278,21.75298,-1.3792143,User: user72<br>Type: 1min<br>Split: train
user72,1min,train,3340,36.853935,9.97278,21.741615,-1.3907876,User: user72<br>Type: 1min<br>Split: train
user73,1min,train,3341,27.057673,-176.46997,-5.0963373,-15.529361,User: user73<br>Type: 1min<br>Split: train
user73,1min,train,3342,27.057673,-176.46997,5.363923,-14.820487,User: user73<br>Type: 1min<br>Split: train
user73,1min,train,3343,27.057673,-176.46997,-5.096193,-15.529267,User: user73<br>Type: 1min<br>Split: train
user73,1min,train,3344,27.057673,-176.46997,5.3640885,-14.820527,User: user73<br>Type: 1min<br>Split: train
user73,1min,train,3345,27.057673,-176.46997,5.3639674,-14.820506,User: user73<br>Type: 1min<br>Split: train
user73,1min,train,3346,27.057673,-176.46997,5.364073,-14.820275,User: user73<br>Type: 1min<br>Split: train
user73,1min,train,3347,27.057673,-176.46997,5.3639603,-14.820443,User: user73<br>Type: 1min<br>Split: train
user73,1min,train,3348,27.057673,-176.46997,5.3633833,-14.824057,User: user73<br>Type: 1min<br>Split: train
user73,1min,train,3349,27.057673,-176.46997,-5.0962195,-15.529225,User: user73<br>Type: 1min<br>Split: train
user73,1min,train,3350,27.057673,-176.46997,5.3643727,-14.820131,User: user73<br>Type: 1min<br>Split: train
user73,1min,train,3351,27.057673,-176.46997,-5.0961294,-15.529208,User: user73<br>Type: 1min<br>Split: train
user73,1min,train,3352,27.057673,-176.46997,5.364232,-14.820734,User: user73<br>Type: 1min<br>Split: train
user73,1min,train,3353,27.057673,-176.46997,5.364006,-14.820749,User: user73<br>Type: 1min<br>Split: train
user73,1min,train,3354,27.057673,-176.46997,-5.096171,-15.529194,User: user73<br>Type: 1min<br>Split: train
user73,1min,train,3355,27.057673,-176.46997,-5.096126,-15.529138,User: user73<br>Type: 1min<br>Split: train
user73,1min,train,3356,27.057673,-176.46997,5.3640037,-14.82064,User: user73<br>Type: 1min<br>Split: train
user73,1min,train,3357,27.057673,-176.46997,-5.09608,-15.529111,User: user73<br>Type: 1min<br>Split: train
user73,1min,train,3358,27.057673,-176.46997,5.364209,-14.820691,User: user73<br>Type: 1min<br>Split: train
user73,1min,train,3359,27.057673,-176.46997,5.363979,-14.820669,User: user73<br>Type: 1min<br>Split: train
user73,1min,train,3360,27.057673,-176.46997,5.3644853,-14.820999,User: user73<br>Type: 1min<br>Split: train
user73,1min,train,3361,27.057673,-176.46997,-5.096186,-15.529207,User: user73<br>Type: 1min<br>Split: train
user73,1min,train,3362,27.057673,-176.46997,-5.096142,-15.52911,User: user73<br>Type: 1min<br>Split: train
user73,1min,train,3363,27.057673,-176.46997,-5.0962086,-15.529198,User: user73<br>Type: 1min<br>Split: train
user73,1min,train,3364,27.057673,-176.46997,-5.096138,-15.529145,User: user73<br>Type: 1min<br>Split: train
user73,1min,train,3365,27.057673,-176.46997,-5.0962095,-15.529275,User: user73<br>Type: 1min<br>Split: train
user73,1min,train,3366,27.057673,-176.46997,5.363992,-14.820628,User: user73<br>Type: 1min<br>Split: train
user73,1min,train,3367,27.057673,-176.46997,5.3640456,-14.820746,User: user73<br>Type: 1min<br>Split: train
user73,1min,train,3368,27.057673,-176.46997,5.364053,-14.820843,User: user73<br>Type: 1min<br>Split: train
user73,1min,train,3369,27.057673,-176.46997,5.364089,-14.820734,User: user73<br>Type: 1min<br>Split: train
user73,1min,train,3370,27.057673,-176.46997,-5.096182,-15.529208,User: user73<br>Type: 1min<br>Split: train
user73,1min,train,3371,27.057673,-176.46997,-5.0960593,-15.529036,User: user73<br>Type: 1min<br>Split: train
user73,1min,train,3372,27.057673,-176.46997,-5.096235,-15.529247,User: user73<br>Type: 1min<br>Split: train
user73,1min,train,3373,27.057673,-176.46997,5.364041,-14.820785,User: user73<br>Type: 1min<br>Split: train
user73,1min,train,3374,27.057673,-176.46997,-5.0959487,-15.529173,User: user73<br>Type: 1min<br>Split: train
user73,1min,train,3375,27.057673,-176.46997,5.36402,-14.8207655,User: user73<br>Type: 1min<br>Split: train
user73,1min,train,3376,27.057673,-176.46997,-5.096362,-15.529374,User: user73<br>Type: 1min<br>Split: train
user73,1min,train,3377,27.057673,-176.46997,-5.096264,-15.529255,User: user73<br>Type: 1min<br>Split: train
user73,1min,train,3378,27.057673,-176.46997,5.3638062,-14.820544,User: user73<br>Type: 1min<br>Split: train
user73,1min,train,3379,27.057673,-176.46997,5.364042,-14.820729,User: user73<br>Type: 1min<br>Split: train
user73,1min,train,3380,27.057673,-176.46997,-5.0964293,-15.529503,User: user73<br>Type: 1min<br>Split: train
user73,1min,train,3381,27.057673,-176.46997,5.3640985,-14.820672,User: user73<br>Type: 1min<br>Split: train
user73,1min,train,3382,27.057673,-176.46997,-5.094984,-15.528231,User: user73<br>Type: 1min<br>Split: train
user74,1min,train,3383,-68.24361,142.32835,-14.659732,14.482331,User: user74<br>Type: 1min<br>Split: train
user74,1min,train,3384,-68.24361,142.32835,-14.732796,14.553891,User: user74<br>Type: 1min<br>Split: train
user74,1min,train,3385,-68.24361,142.32835,-14.736575,14.557332,User: user74<br>Type: 1min<br>Split: train
user74,1min,train,3386,-68.24361,142.32835,-14.652025,14.474209,User: user74<br>Type: 1min<br>Split: train
user74,1min,train,3387,-68.24361,142.32835,-14.66088,14.483379,User: user74<br>Type: 1min<br>Split: train
user74,1min,train,3388,-68.24361,142.32835,-14.694395,14.5166235,User: user74<br>Type: 1min<br>Split: train
user74,1min,train,3389,-68.24361,142.32835,-14.660126,14.4825735,User: user74<br>Type: 1min<br>Split: train
user74,1min,train,3390,-68.24361,142.32835,-14.671539,14.493741,User: user74<br>Type: 1min<br>Split: train
user74,1min,train,3391,-68.24361,142.32835,-14.65921,14.481349,User: user74<br>Type: 1min<br>Split: train
user74,1min,train,3392,-68.24361,142.32835,-14.740209,14.561168,User: user74<br>Type: 1min<br>Split: train
user74,1min,train,3393,-68.24361,142.32835,-14.67134,14.493399,User: user74<br>Type: 1min<br>Split: train
user74,1min,train,3394,-68.24361,142.32835,-14.7344265,14.555542,User: user74<br>Type: 1min<br>Split: train
user74,1min,train,3395,-68.24361,142.32835,-14.723351,14.54465,User: user74<br>Type: 1min<br>Split: train
user74,1min,train,3396,-68.24361,142.32835,-14.685782,14.5083685,User: user74<br>Type: 1min<br>Split: train
user74,1min,train,3397,-68.24361,142.32835,-14.745571,14.566499,User: user74<br>Type: 1min<br>Split: train
user74,1min,train,3398,-68.24361,142.32835,-14.661928,14.484422,User: user74<br>Type: 1min<br>Split: train
user74,1min,train,3399,-68.24361,142.32835,-14.756012,14.57709,User: user74<br>Type: 1min<br>Split: train
user74,1min,train,3400,-68.24361,142.32835,-14.66279,14.485135,User: user74<br>Type: 1min<br>Split: train
user74,1min,train,3401,-68.24361,142.32835,-14.747293,14.568366,User: user74<br>Type: 1min<br>Split: train
user74,1min,train,3402,-68.24361,142.32835,-14.73198,14.55199,User: user74<br>Type: 1min<br>Split: train
user74,1min,train,3403,-68.24361,142.32835,-14.727955,14.548722,User: user74<br>Type: 1min<br>Split: train
user74,1min,train,3404,-68.24361,142.32835,-14.73154,14.552379,User: user74<br>Type: 1min<br>Split: train
user74,1min,train,3405,-68.24361,142.32835,-14.647312,14.469975,User: user74<br>Type: 1min<br>Split: train
user74,1min,train,3406,-68.24361,142.32835,-14.739494,14.560161,User: user74<br>Type: 1min<br>Split: train
user74,1min,train,3407,-68.24361,142.32835,-14.739833,14.560455,User: user74<br>Type: 1min<br>Split: train
user74,1min,train,3408,-68.24361,142.32835,-14.649116,14.471347,User: user74<br>Type: 1min<br>Split: train
user74,1min,train,3409,-68.24361,142.32835,-14.6097765,14.432108,User: user74<br>Type: 1min<br>Split: train
user74,1min,train,3410,-68.24361,142.32835,-14.682342,14.504549,User: user74<br>Type: 1min<br>Split: train
user74,1min,train,3411,-68.24361,142.32835,-14.671325,14.493243,User: user74<br>Type: 1min<br>Split: train
user74,1min,train,3412,-68.24361,142.32835,-14.668085,14.490076,User: user74<br>Type: 1min<br>Split: train
user74,1min,train,3413,-68.24361,142.32835,-14.749067,14.569189,User: user74<br>Type: 1min<br>Split: train
user74,1min,train,3414,-68.24361,142.32835,-14.666887,14.489143,User: user74<br>Type: 1min<br>Split: train
user74,1min,train,3415,-68.24361,142.32835,-14.769554,14.590233,User: user74<br>Type: 1min<br>Split: train
user74,1min,train,3416,-68.24361,142.32835,-14.673835,14.496029,User: user74<br>Type: 1min<br>Split: train
user74,1min,train,3417,-68.24361,142.32835,-14.7515335,14.572476,User: user74<br>Type: 1min<br>Split: train
user74,1min,train,3418,-68.24361,142.32835,-14.736236,14.556734,User: user74<br>Type: 1min<br>Split: train
user74,1min,train,3419,-68.24361,142.32835,-14.743804,14.564391,User: user74<br>Type: 1min<br>Split: train
user74,1min,train,3420,-68.24361,142.32835,-14.673506,14.495689,User: user74<br>Type: 1min<br>Split: train
user74,1min,train,3421,-68.24361,142.32835,-14.674292,14.496284,User: user74<br>Type: 1min<br>Split: train
user74,1min,train,3422,-68.24361,142.32835,-14.737519,14.558569,User: user74<br>Type: 1min<br>Split: train
user74,1min,train,3423,-68.24361,142.32835,-14.665644,14.487898,User: user74<br>Type: 1min<br>Split: train
user74,1min,train,3424,-68.24361,142.32835,-14.744894,14.564803,User: user74<br>Type: 1min<br>Split: train
user74,1min,train,3425,-68.24361,142.32835,-14.763505,14.582998,User: user74<br>Type: 1min<br>Split: train
user74,1min,train,3426,-68.24361,142.32835,-14.691502,14.512906,User: user74<br>Type: 1min<br>Split: train
user74,1min,train,3427,-68.24361,142.32835,-14.737601,14.5587,User: user74<br>Type: 1min<br>Split: train
user74,1min,train,3428,-68.24361,142.32835,-14.746062,14.566472,User: user74<br>Type: 1min<br>Split: train
user74,1min,train,3429,-68.24361,142.32835,-14.658067,14.48043,User: user74<br>Type: 1min<br>Split: train
user75,1min,train,3430,188.63023,70.8722,23.672518,29.132748,User: user75<br>Type: 1min<br>Split: train
user75,1min,train,3431,188.63023,70.8722,23.670328,29.13034,User: user75<br>Type: 1min<br>Split: train
user75,1min,train,3432,188.63023,70.8722,23.678715,29.138754,User: user75<br>Type: 1min<br>Split: train
user75,1min,train,3433,188.63023,70.8722,23.678246,29.138292,User: user75<br>Type: 1min<br>Split: train
user75,1min,train,3434,188.63023,70.8722,23.675522,29.135344,User: user75<br>Type: 1min<br>Split: train
user75,1min,train,3435,188.63023,70.8722,23.670965,29.146963,User: user75<br>Type: 1min<br>Split: train
user75,1min,train,3436,188.63023,70.8722,23.67699,29.136454,User: user75<br>Type: 1min<br>Split: train
user75,1min,train,3437,188.63023,70.8722,23.683088,29.14333,User: user75<br>Type: 1min<br>Split: train
user75,1min,train,3438,188.63023,70.8722,23.67437,29.133818,User: user75<br>Type: 1min<br>Split: train
user75,1min,train,3439,188.63023,70.8722,23.674297,29.144428,User: user75<br>Type: 1min<br>Split: train
user75,1min,train,3440,188.63023,70.8722,23.684946,29.144875,User: user75<br>Type: 1min<br>Split: train
user75,1min,train,3441,188.63023,70.8722,23.679659,29.13964,User: user75<br>Type: 1min<br>Split: train
user75,1min,train,3442,188.63023,70.8722,23.686129,29.145632,User: user75<br>Type: 1min<br>Split: train
user75,1min,train,3443,188.63023,70.8722,23.677197,29.140642,User: user75<br>Type: 1min<br>Split: train
user75,1min,train,3444,188.63023,70.8722,23.678476,29.140888,User: user75<br>Type: 1min<br>Split: train
user75,1min,train,3445,188.63023,70.8722,23.678871,29.13992,User: user75<br>Type: 1min<br>Split: train
user75,1min,train,3446,188.63023,70.8722,23.678616,29.139761,User: user75<br>Type: 1min<br>Split: train
user75,1min,train,3447,188.63023,70.8722,23.678635,29.13973,User: user75<br>Type: 1min<br>Split: train
user75,1min,train,3448,188.63023,70.8722,23.678667,29.139755,User: user75<br>Type: 1min<br>Split: train
user75,1min,train,3449,188.63023,70.8722,23.668192,29.129112,User: user75<br>Type: 1min<br>Split: train
user75,1min,train,3450,188.63023,70.8722,23.692503,29.153643,User: user75<br>Type: 1min<br>Split: train
user75,1min,train,3451,188.63023,70.8722,23.678204,29.139322,User: user75<br>Type: 1min<br>Split: train
user75,1min,train,3452,188.63023,70.8722,23.67123,29.132065,User: user75<br>Type: 1min<br>Split: train
user75,1min,train,3453,188.63023,70.8722,23.6731,29.133987,User: user75<br>Type: 1min<br>Split: train
user75,1min,train,3454,188.63023,70.8722,23.67139,29.125961,User: user75<br>Type: 1min<br>Split: train
user75,1min,train,3455,188.63023,70.8722,23.682661,29.1421,User: user75<br>Type: 1min<br>Split: train
user75,1min,train,3456,188.63023,70.8722,23.666538,29.1271,User: user75<br>Type: 1min<br>Split: train
user75,1min,train,3457,188.63023,70.8722,23.672075,29.130817,User: user75<br>Type: 1min<br>Split: train
user75,1min,train,3458,188.63023,70.8722,23.666191,29.129461,User: user75<br>Type: 1min<br>Split: train
user75,1min,train,3459,188.63023,70.8722,23.680952,29.141705,User: user75<br>Type: 1min<br>Split: train
user75,1min,train,3460,188.63023,70.8722,23.687464,29.144361,User: user75<br>Type: 1min<br>Split: train
user75,1min,train,3461,188.63023,70.8722,23.699265,29.165874,User: user75<br>Type: 1min<br>Split: train
user75,1min,train,3462,188.63023,70.8722,23.675076,29.13802,User: user75<br>Type: 1min<br>Split: train
user75,1min,train,3463,188.63023,70.8722,23.713888,29.104588,User: user75<br>Type: 1min<br>Split: train
user75,1min,train,3464,188.63023,70.8722,23.674004,29.130806,User: user75<br>Type: 1min<br>Split: train
user75,1min,train,3465,188.63023,70.8722,23.691126,29.15145,User: user75<br>Type: 1min<br>Split: train
user75,1min,train,3466,188.63023,70.8722,23.683704,29.143353,User: user75<br>Type: 1min<br>Split: train
user75,1min,train,3467,188.63023,70.8722,23.669643,29.12988,User: user75<br>Type: 1min<br>Split: train
user75,1min,train,3468,188.63023,70.8722,23.673126,29.1331,User: user75<br>Type: 1min<br>Split: train
user75,1min,train,3469,188.63023,70.8722,23.677572,29.138447,User: user75<br>Type: 1min<br>Split: train
user75,1min,train,3470,188.63023,70.8722,23.679365,29.135914,User: user75<br>Type: 1min<br>Split: train
user75,1min,train,3471,188.63023,70.8722,23.72791,29.18262,User: user75<br>Type: 1min<br>Split: train
user75,1min,train,3472,188.63023,70.8722,23.678411,29.138395,User: user75<br>Type: 1min<br>Split: train
user75,1min,train,3473,188.63023,70.8722,23.678293,29.13827,User: user75<br>Type: 1min<br>Split: train
user75,1min,train,3474,188.63023,70.8722,23.68955,29.149805,User: user75<br>Type: 1min<br>Split: train
user75,1min,train,3475,188.63023,70.8722,23.682627,29.14284,User: user75<br>Type: 1min<br>Split: train
user75,1min,train,3476,188.63023,70.8722,23.678698,29.139019,User: user75<br>Type: 1min<br>Split: train
user75,1min,train,3477,188.63023,70.8722,23.670277,29.133291,User: user75<br>Type: 1min<br>Split: train
user76,1min,train,3478,199.77867,-3.079304,24.59356,2.116592,User: user76<br>Type: 1min<br>Split: train
user76,1min,train,3479,199.77867,-3.079304,24.59355,2.1166065,User: user76<br>Type: 1min<br>Split: train
user76,1min,train,3480,199.77867,-3.079304,24.593597,2.1163168,User: user76<br>Type: 1min<br>Split: train
user76,1min,train,3481,199.77867,-3.079304,24.594765,2.115162,User: user76<br>Type: 1min<br>Split: train
user76,1min,train,3482,199.77867,-3.079304,24.593525,2.1164308,User: user76<br>Type: 1min<br>Split: train
user76,1min,train,3483,199.77867,-3.079304,24.593628,2.1164708,User: user76<br>Type: 1min<br>Split: train
user76,1min,train,3484,199.77867,-3.079304,24.593596,2.116334,User: user76<br>Type: 1min<br>Split: train
user76,1min,train,3485,199.77867,-3.079304,19.449823,1.9955113,User: user76<br>Type: 1min<br>Split: train
user76,1min,train,3486,199.77867,-3.079304,24.593555,2.1164572,User: user76<br>Type: 1min<br>Split: train
user76,1min,train,3487,199.77867,-3.079304,19.449797,1.9955316,User: user76<br>Type: 1min<br>Split: train
user76,1min,train,3488,199.77867,-3.079304,19.449835,1.9955354,User: user76<br>Type: 1min<br>Split: train
user76,1min,train,3489,199.77867,-3.079304,24.593502,2.1164553,User: user76<br>Type: 1min<br>Split: train
user76,1min,train,3490,199.77867,-3.079304,24.593521,2.1165588,User: user76<br>Type: 1min<br>Split: train
user76,1min,train,3491,199.77867,-3.079304,19.44985,1.9955337,User: user76<br>Type: 1min<br>Split: train
user76,1min,train,3492,199.77867,-3.079304,24.593504,2.1165202,User: user76<br>Type: 1min<br>Split: train
user76,1min,train,3493,199.77867,-3.079304,24.590616,2.1209028,User: user76<br>Type: 1min<br>Split: train
user76,1min,train,3494,199.77867,-3.079304,19.449846,1.9954889,User: user76<br>Type: 1min<br>Split: train
user76,1min,train,3495,199.77867,-3.079304,19.449863,1.9954201,User: user76<br>Type: 1min<br>Split: train
user76,1min,train,3496,199.77867,-3.079304,19.449844,1.9955343,User: user76<br>Type: 1min<br>Split: train
user76,1min,train,3497,199.77867,-3.079304,24.593431,2.1167061,User: user76<br>Type: 1min<br>Split: train
user76,1min,train,3498,199.77867,-3.079304,24.592903,2.1170402,User: user76<br>Type: 1min<br>Split: train
user76,1min,train,3499,199.77867,-3.079304,19.449574,1.9947739,User: user76<br>Type: 1min<br>Split: train
user76,1min,train,3500,199.77867,-3.079304,19.449799,1.9954951,User: user76<br>Type: 1min<br>Split: train
user76,1min,train,3501,199.77867,-3.079304,24.59294,2.1156342,User: user76<br>Type: 1min<br>Split: train
user76,1min,train,3502,199.77867,-3.079304,19.4498,1.9954549,User: user76<br>Type: 1min<br>Split: train
user76,1min,train,3503,199.77867,-3.079304,24.594715,2.1068592,User: user76<br>Type: 1min<br>Split: train
user76,1min,train,3504,199.77867,-3.079304,19.44982,1.9954493,User: user76<br>Type: 1min<br>Split: train
user76,1min,train,3505,199.77867,-3.079304,24.593248,2.1164832,User: user76<br>Type: 1min<br>Split: train
user76,1min,train,3506,199.77867,-3.079304,19.44985,1.9954617,User: user76<br>Type: 1min<br>Split: train
user76,1min,train,3507,199.77867,-3.079304,24.593414,2.1167407,User: user76<br>Type: 1min<br>Split: train
user76,1min,train,3508,199.77867,-3.079304,24.593359,2.1168385,User: user76<br>Type: 1min<br>Split: train
user76,1min,train,3509,199.77867,-3.079304,19.449852,1.9955208,User: user76<br>Type: 1min<br>Split: train
user76,1min,train,3510,199.77867,-3.079304,24.593468,2.1167507,User: user76<br>Type: 1min<br>Split: train
user76,1min,train,3511,199.77867,-3.079304,24.5934,2.1166618,User: user76<br>Type: 1min<br>Split: train
user76,1min,train,3512,199.77867,-3.079304,19.449842,1.9954923,User: user76<br>Type: 1min<br>Split: train
user76,1min,train,3513,199.77867,-3.079304,19.449844,1.9955095,User: user76<br>Type: 1min<br>Split: train
user76,1min,train,3514,199.77867,-3.079304,19.448723,1.9950619,User: user76<br>Type: 1min<br>Split: train
user76,1min,train,3515,199.77867,-3.079304,19.449951,1.9959843,User: user76<br>Type: 1min<br>Split: train
user76,1min,train,3516,199.77867,-3.079304,19.450024,1.9952669,User: user76<br>Type: 1min<br>Split: train
user76,1min,train,3517,199.77867,-3.079304,19.449802,1.9953903,User: user76<br>Type: 1min<br>Split: train
user76,1min,train,3518,199.77867,-3.079304,19.449974,1.9955739,User: user76<br>Type: 1min<br>Split: train
user76,1min,train,3519,199.77867,-3.079304,19.449816,1.9954274,User: user76<br>Type: 1min<br>Split: train
user76,1min,train,3520,199.77867,-3.079304,24.593418,2.1165876,User: user76<br>Type: 1min<br>Split: train
user76,1min,train,3521,199.77867,-3.079304,24.593466,2.1166666,User: user76<br>Type: 1min<br>Split: train
user76,1min,train,3522,199.77867,-3.079304,24.593416,2.1173959,User: user76<br>Type: 1min<br>Split: train
user77,1min,train,3523,-77.28262,-126.08055,12.228107,-0.65701103,User: user77<br>Type: 1min<br>Split: train
user77,1min,train,3524,-77.28262,-126.08055,-9.1643,-11.2169695,User: user77<br>Type: 1min<br>Split: train
user77,1min,train,3525,-77.28262,-126.08055,12.228036,-0.65685785,User: user77<br>Type: 1min<br>Split: train
user77,1min,train,3526,-77.28262,-126.08055,-9.164392,-11.216856,User: user77<br>Type: 1min<br>Split: train
user77,1min,train,3527,-77.28262,-126.08055,-9.164293,-11.217076,User: user77<br>Type: 1min<br>Split: train
user77,1min,train,3528,-77.28262,-126.08055,12.238141,-0.66669106,User: user77<br>Type: 1min<br>Split: train
user77,1min,train,3529,-77.28262,-126.08055,12.228357,-0.6571142,User: user77<br>Type: 1min<br>Split: train
user77,1min,train,3530,-77.28262,-126.08055,12.22827,-0.6573314,User: user77<br>Type: 1min<br>Split: train
user77,1min,train,3531,-77.28262,-126.08055,12.229696,-0.6583179,User: user77<br>Type: 1min<br>Split: train
user77,1min,train,3532,-77.28262,-126.08055,-9.163472,-11.21836,User: user77<br>Type: 1min<br>Split: train
user77,1min,train,3533,-77.28262,-126.08055,12.228521,-0.65737736,User: user77<br>Type: 1min<br>Split: train
user77,1min,train,3534,-77.28262,-126.08055,-9.164229,-11.217082,User: user77<br>Type: 1min<br>Split: train
user77,1min,train,3535,-77.28262,-126.08055,12.231162,-0.6605366,User: user77<br>Type: 1min<br>Split: train
user77,1min,train,3536,-77.28262,-126.08055,-9.164312,-11.216961,User: user77<br>Type: 1min<br>Split: train
user77,1min,train,3537,-77.28262,-126.08055,-9.163779,-11.217487,User: user77<br>Type: 1min<br>Split: train
user77,1min,train,3538,-77.28262,-126.08055,-9.167271,-11.214021,User: user77<br>Type: 1min<br>Split: train
user77,1min,train,3539,-77.28262,-126.08055,-9.164376,-11.217042,User: user77<br>Type: 1min<br>Split: train
user77,1min,train,3540,-77.28262,-126.08055,-9.165437,-11.215351,User: user77<br>Type: 1min<br>Split: train
user77,1min,train,3541,-77.28262,-126.08055,-9.164449,-11.216991,User: user77<br>Type: 1min<br>Split: train
user77,1min,train,3542,-77.28262,-126.08055,12.228765,-0.65759206,User: user77<br>Type: 1min<br>Split: train
user77,1min,train,3543,-77.28262,-126.08055,12.2286825,-0.65767086,User: user77<br>Type: 1min<br>Split: train
user77,1min,train,3544,-77.28262,-126.08055,12.229229,-0.65813434,User: user77<br>Type: 1min<br>Split: train
user77,1min,train,3545,-77.28262,-126.08055,12.228775,-0.6576016,User: user77<br>Type: 1min<br>Split: train
user77,1min,train,3546,-77.28262,-126.08055,-9.164424,-11.2168865,User: user77<br>Type: 1min<br>Split: train
user77,1min,train,3547,-77.28262,-126.08055,-9.164215,-11.21716,User: user77<br>Type: 1min<br>Split: train
user77,1min,train,3548,-77.28262,-126.08055,12.227752,-0.6577032,User: user77<br>Type: 1min<br>Split: train
user77,1min,train,3549,-77.28262,-126.08055,12.2285185,-0.6576623,User: user77<br>Type: 1min<br>Split: train
user77,1min,train,3550,-77.28262,-126.08055,-9.164337,-11.21693,User: user77<br>Type: 1min<br>Split: train
user77,1min,train,3551,-77.28262,-126.08055,12.233797,-0.6627157,User: user77<br>Type: 1min<br>Split: train
user77,1min,train,3552,-77.28262,-126.08055,-9.164535,-11.216795,User: user77<br>Type: 1min<br>Split: train
user77,1min,train,3553,-77.28262,-126.08055,-9.164053,-11.217094,User: user77<br>Type: 1min<br>Split: train
user77,1min,train,3554,-77.28262,-126.08055,12.231508,-0.6609339,User: user77<br>Type: 1min<br>Split: train
user77,1min,train,3555,-77.28262,-126.08055,-9.16372,-11.217892,User: user77<br>Type: 1min<br>Split: train
user77,1min,train,3556,-77.28262,-126.08055,12.218717,-0.64816076,User: user77<br>Type: 1min<br>Split: train
user77,1min,train,3557,-77.28262,-126.08055,-9.163729,-11.217521,User: user77<br>Type: 1min<br>Split: train
user77,1min,train,3558,-77.28262,-126.08055,-9.164118,-11.217185,User: user77<br>Type: 1min<br>Split: train
user77,1min,train,3559,-77.28262,-126.08055,-9.164189,-11.217084,User: user77<br>Type: 1min<br>Split: train
user77,1min,train,3560,-77.28262,-126.08055,-9.16398,-11.217421,User: user77<br>Type: 1min<br>Split: train
user77,1min,train,3561,-77.28262,-126.08055,12.228585,-0.657546,User: user77<br>Type: 1min<br>Split: train
user77,1min,train,3562,-77.28262,-126.08055,-9.163877,-11.217379,User: user77<br>Type: 1min<br>Split: train
user77,1min,train,3563,-77.28262,-126.08055,12.22867,-0.6575938,User: user77<br>Type: 1min<br>Split: train
user77,1min,train,3564,-77.28262,-126.08055,-9.164064,-11.2173195,User: user77<br>Type: 1min<br>Split: train
user77,1min,train,3565,-77.28262,-126.08055,-9.164024,-11.217202,User: user77<br>Type: 1min<br>Split: train
user77,1min,train,3566,-77.28262,-126.08055,-9.171839,-11.209756,User: user77<br>Type: 1min<br>Split: train
user77,1min,train,3567,-77.28262,-126.08055,12.230925,-0.661048,User: user77<br>Type: 1min<br>Split: train
user77,1min,train,3568,-77.28262,-126.08055,12.230632,-0.6581805,User: user77<br>Type: 1min<br>Split: train
user77,1min,train,3569,-77.28262,-126.08055,-9.164349,-11.216935,User: user77<br>Type: 1min<br>Split: train
user78,1min,train,3570,-49.729443,-138.2307,6.20728,-10.4370775,User: user78<br>Type: 1min<br>Split: train
user78,1min,train,3571,-49.729443,-138.2307,6.2080445,-10.437446,User: user78<br>Type: 1min<br>Split: train
user78,1min,train,3572,-49.729443,-138.2307,6.207766,-10.437063,User: user78<br>Type: 1min<br>Split: train
user78,1min,train,3573,-49.729443,-138.2307,-13.178046,-7.69473,User: user78<br>Type: 1min<br>Split: train
user78,1min,train,3574,-49.729443,-138.2307,-13.170409,-7.7022805,User: user78<br>Type: 1min<br>Split: train
user78,1min,train,3575,-49.729443,-138.2307,-13.1778965,-7.69478,User: user78<br>Type: 1min<br>Split: train
user78,1min,train,3576,-49.729443,-138.2307,-13.177791,-7.694762,User: user78<br>Type: 1min<br>Split: train
user78,1min,train,3577,-49.729443,-138.2307,-13.173984,-7.6925697,User: user78<br>Type: 1min<br>Split: train
user78,1min,train,3578,-49.729443,-138.2307,-13.177723,-7.694749,User: user78<br>Type: 1min<br>Split: train
user78,1min,train,3579,-49.729443,-138.2307,-13.177821,-7.694625,User: user78<br>Type: 1min<br>Split: train
user78,1min,train,3580,-49.729443,-138.2307,6.2078414,-10.4371195,User: user78<br>Type: 1min<br>Split: train
user78,1min,train,3581,-49.729443,-138.2307,-13.177616,-7.6948657,User: user78<br>Type: 1min<br>Split: train
user78,1min,train,3582,-49.729443,-138.2307,-13.17764,-7.69483,User: user78<br>Type: 1min<br>Split: train
user78,1min,train,3583,-49.729443,-138.2307,-13.176047,-7.693492,User: user78<br>Type: 1min<br>Split: train
user78,1min,train,3584,-49.729443,-138.2307,6.207808,-10.4371395,User: user78<br>Type: 1min<br>Split: train
user78,1min,train,3585,-49.729443,-138.2307,6.2148743,-10.444646,User: user78<br>Type: 1min<br>Split: train
user78,1min,train,3586,-49.729443,-138.2307,-13.178461,-7.6938777,User: user78<br>Type: 1min<br>Split: train
user78,1min,train,3587,-49.729443,-138.2307,-13.165782,-7.6854973,User: user78<br>Type: 1min<br>Split: train
user78,1min,train,3588,-49.729443,-138.2307,6.20858,-10.440497,User: user78<br>Type: 1min<br>Split: train
user78,1min,train,3589,-49.729443,-138.2307,-13.192389,-7.6801496,User: user78<br>Type: 1min<br>Split: train
user78,1min,train,3590,-49.729443,-138.2307,6.208072,-10.437588,User: user78<br>Type: 1min<br>Split: train
user78,1min,train,3591,-49.729443,-138.2307,-13.182801,-7.6994267,User: user78<br>Type: 1min<br>Split: train
user78,1min,train,3592,-49.729443,-138.2307,6.2081933,-10.437691,User: user78<br>Type: 1min<br>Split: train
user78,1min,train,3593,-49.729443,-138.2307,6.2079988,-10.437601,User: user78<br>Type: 1min<br>Split: train
user78,1min,train,3594,-49.729443,-138.2307,6.208238,-10.4376745,User: user78<br>Type: 1min<br>Split: train
user78,1min,train,3595,-49.729443,-138.2307,-13.17896,-7.694133,User: user78<br>Type: 1min<br>Split: train
user78,1min,train,3596,-49.729443,-138.2307,6.2088003,-10.438159,User: user78<br>Type: 1min<br>Split: train
user78,1min,train,3597,-49.729443,-138.2307,-13.178295,-7.693594,User: user78<br>Type: 1min<br>Split: train
user78,1min,train,3598,-49.729443,-138.2307,6.2062144,-10.428426,User: user78<br>Type: 1min<br>Split: train
user78,1min,train,3599,-49.729443,-138.2307,-13.1777725,-7.6932917,User: user78<br>Type: 1min<br>Split: train
user78,1min,train,3600,-49.729443,-138.2307,6.208034,-10.437308,User: user78<br>Type: 1min<br>Split: train
user78,1min,train,3601,-49.729443,-138.2307,6.2091675,-10.437919,User: user78<br>Type: 1min<br>Split: train
user78,1min,train,3602,-49.729443,-138.2307,-13.1783495,-7.693446,User: user78<br>Type: 1min<br>Split: train
user78,1min,train,3603,-49.729443,-138.2307,-13.165708,-7.7056656,User: user78<br>Type: 1min<br>Split: train
user78,1min,train,3604,-49.729443,-138.2307,-13.177991,-7.6939683,User: user78<br>Type: 1min<br>Split: train
user78,1min,train,3605,-49.729443,-138.2307,6.2088785,-10.436926,User: user78<br>Type: 1min<br>Split: train
user78,1min,train,3606,-49.729443,-138.2307,6.2086415,-10.4375105,User: user78<br>Type: 1min<br>Split: train
user78,1min,train,3607,-49.729443,-138.2307,-13.178055,-7.6937394,User: user78<br>Type: 1min<br>Split: train
user78,1min,train,3608,-49.729443,-138.2307,-13.177819,-7.6936965,User: user78<br>Type: 1min<br>Split: train
user78,1min,train,3609,-49.729443,-138.2307,-13.178076,-7.693776,User: user78<br>Type: 1min<br>Split: train
user78,1min,train,3610,-49.729443,-138.2307,6.208485,-10.438423,User: user78<br>Type: 1min<br>Split: train
user78,1min,train,3611,-49.729443,-138.2307,6.2084513,-10.437019,User: user78<br>Type: 1min<br>Split: train
user78,1min,train,3612,-49.729443,-138.2307,6.2086067,-10.437647,User: user78<br>Type: 1min<br>Split: train
user78,1min,train,3613,-49.729443,-138.2307,6.2086754,-10.43736,User: user78<br>Type: 1min<br>Split: train
user78,1min,train,3614,-49.729443,-138.2307,6.2085123,-10.437642,User: user78<br>Type: 1min<br>Split: train
user78,1min,train,3615,-49.729443,-138.2307,-13.193018,-7.7089586,User: user78<br>Type: 1min<br>Split: train
user78,1min,train,3616,-49.729443,-138.2307,-13.178022,-7.6944375,User: user78<br>Type: 1min<br>Split: train
user78,1min,train,3617,-49.729443,-138.2307,-13.177963,-7.694175,User: user78<br>Type: 1min<br>Split: train
user78,1min,train,3618,-49.729443,-138.2307,6.1968184,-10.425912,User: user78<br>Type: 1min<br>Split: train
user78,1min,train,3619,-49.729443,-138.2307,-13.178088,-7.6938686,User: user78<br>Type: 1min<br>Split: train
user79,1min,train,3620,53.093716,21.573473,23.124342,12.058255,User: user79<br>Type: 1min<br>Split: train
user79,1min,train,3621,53.093716,21.573473,23.134375,12.066028,User: user79<br>Type: 1min<br>Split: train
user79,1min,train,3622,53.093716,21.573473,23.12935,12.068837,User: user79<br>Type: 1min<br>Split: train
user79,1min,train,3623,53.093716,21.573473,23.133226,12.064865,User: user79<br>Type: 1min<br>Split: train
user79,1min,train,3624,53.093716,21.573473,23.130966,12.066715,User: user79<br>Type: 1min<br>Split: train
user79,1min,train,3625,53.093716,21.573473,23.132952,12.064446,User: user79<br>Type: 1min<br>Split: train
user79,1min,train,3626,53.093716,21.573473,23.14849,12.060798,User: user79<br>Type: 1min<br>Split: train
user79,1min,train,3627,53.093716,21.573473,23.12624,12.071055,User: user79<br>Type: 1min<br>Split: train
user79,1min,train,3628,53.093716,21.573473,23.134798,12.062454,User: user79<br>Type: 1min<br>Split: train
user79,1min,train,3629,53.093716,21.573473,23.139742,12.071661,User: user79<br>Type: 1min<br>Split: train
user79,1min,train,3630,53.093716,21.573473,23.123564,12.074137,User: user79<br>Type: 1min<br>Split: train
user79,1min,train,3631,58.34866,18.843105,23.130487,12.0668545,User: user79<br>Type: 1min<br>Split: train
user79,1min,train,3632,53.093716,21.573473,23.132513,12.065322,User: user79<br>Type: 1min<br>Split: train
user79,1min,train,3633,58.34866,18.843105,23.132135,12.065021,User: user79<br>Type: 1min<br>Split: train
user79,1min,train,3634,53.093716,21.573473,23.135618,12.065052,User: user79<br>Type: 1min<br>Split: train
user79,1min,train,3635,58.34866,18.843105,23.119957,12.08086,User: user79<br>Type: 1min<br>Split: train
user79,1min,train,3636,58.34866,18.843105,23.130333,12.068378,User: user79<br>Type: 1min<br>Split: train
user79,1min,train,3637,53.093716,21.573473,23.112598,12.038849,User: user79<br>Type: 1min<br>Split: train
user79,1min,train,3638,53.093716,21.573473,23.138668,12.069774,User: user79<br>Type: 1min<br>Split: train
user79,1min,train,3639,58.34866,18.843105,23.134296,12.066261,User: user79<br>Type: 1min<br>Split: train
user79,1min,train,3640,58.34866,18.843105,23.113756,12.060177,User: user79<br>Type: 1min<br>Split: train
user79,1min,train,3641,58.34866,18.843105,23.133516,12.066089,User: user79<br>Type: 1min<br>Split: train
user79,1min,train,3642,58.34866,18.843105,23.133865,12.066216,User: user79<br>Type: 1min<br>Split: train
user79,1min,train,3643,58.34866,18.843105,23.133663,12.066212,User: user79<br>Type: 1min<br>Split: train
user79,1min,train,3644,58.34866,18.843105,23.151817,12.043186,User: user79<br>Type: 1min<br>Split: train
user79,1min,train,3645,58.34866,18.843105,23.134129,12.065694,User: user79<br>Type: 1min<br>Split: train
user79,1min,train,3646,59.800762,27.941875,23.124773,12.045819,User: user79<br>Type: 1min<br>Split: train
user79,1min,train,3647,59.800762,27.941875,23.13814,12.060757,User: user79<br>Type: 1min<br>Split: train
user79,1min,train,3648,58.34866,18.843105,23.11135,12.085382,User: user79<br>Type: 1min<br>Split: train
user79,1min,train,3649,58.34866,18.843105,23.138212,12.055906,User: user79<br>Type: 1min<br>Split: train
user79,1min,train,3650,58.34866,18.843105,23.133305,12.06857,User: user79<br>Type: 1min<br>Split: train
user79,1min,train,3651,58.34866,18.843105,23.133936,12.065804,User: user79<br>Type: 1min<br>Split: train
user79,1min,train,3652,58.34866,18.843105,23.085775,12.018538,User: user79<br>Type: 1min<br>Split: train
user79,1min,train,3653,58.34866,18.843105,23.131897,12.067527,User: user79<br>Type: 1min<br>Split: train
user79,1min,train,3654,58.34866,18.843105,23.124678,12.051848,User: user79<br>Type: 1min<br>Split: train
user79,1min,train,3655,58.34866,18.843105,23.132755,12.065049,User: user79<br>Type: 1min<br>Split: train
user79,1min,train,3656,58.34866,18.843105,23.134348,12.06859,User: user79<br>Type: 1min<br>Split: train
user79,1min,train,3657,58.34866,18.843105,23.132742,12.064982,User: user79<br>Type: 1min<br>Split: train
user79,1min,train,3658,58.34866,18.843105,23.141397,12.073434,User: user79<br>Type: 1min<br>Split: train
user79,1min,train,3659,58.34866,18.843105,23.121675,12.076895,User: user79<br>Type: 1min<br>Split: train
user79,1min,train,3660,58.34866,18.843105,23.124,12.056397,User: user79<br>Type: 1min<br>Split: train
user79,1min,train,3661,58.34866,18.843105,23.133156,12.066018,User: user79<br>Type: 1min<br>Split: train
user79,1min,train,3662,58.34866,18.843105,23.130775,12.063048,User: user79<br>Type: 1min<br>Split: train
user79,1min,train,3663,53.093716,21.573473,23.128502,12.062302,User: user79<br>Type: 1min<br>Split: train
user79,1min,train,3664,53.093716,21.573473,23.137144,12.069321,User: user79<br>Type: 1min<br>Split: train
user79,1min,train,3665,53.093716,21.573473,23.137434,12.06953,User: user79<br>Type: 1min<br>Split: train
user79,1min,train,3666,53.093716,21.573473,23.133844,12.065923,User: user79<br>Type: 1min<br>Split: train
user79,1min,train,3667,53.093716,21.573473,23.132137,12.0689745,User: user79<br>Type: 1min<br>Split: train
user79,1min,train,3668,53.093716,21.573473,23.133749,12.0661,User: user79<br>Type: 1min<br>Split: train
user8,1min,train,3669,35.66394,-147.99033,10.354855,-17.999407,User: user8<br>Type: 1min<br>Split: train
user8,1min,train,3670,35.66394,-147.99033,18.2277,5.174802,User: user8<br>Type: 1min<br>Split: train
user8,1min,train,3671,35.66394,-147.99033,10.355262,-17.99973,User: user8<br>Type: 1min<br>Split: train
user8,1min,train,3672,35.66394,-147.99033,10.355224,-17.999777,User: user8<br>Type: 1min<br>Split: train
user8,1min,train,3673,35.66394,-147.99033,18.227667,5.1747084,User: user8<br>Type: 1min<br>Split: train
user8,1min,train,3674,35.66394,-147.99033,10.365862,-18.010153,User: user8<br>Type: 1min<br>Split: train
user8,1min,train,3675,35.66394,-147.99033,18.227694,5.1747828,User: user8<br>Type: 1min<br>Split: train
user8,1min,train,3676,35.66394,-147.99033,10.355569,-18.000072,User: user8<br>Type: 1min<br>Split: train
user8,1min,train,3677,35.66394,-147.99033,10.35555,-18.000036,User: user8<br>Type: 1min<br>Split: train
user8,1min,train,3678,35.66394,-147.99033,10.354155,-18.000479,User: user8<br>Type: 1min<br>Split: train
user8,1min,train,3679,35.66394,-147.99033,18.227732,5.1747537,User: user8<br>Type: 1min<br>Split: train
user8,1min,train,3680,35.66394,-147.99033,18.227665,5.174739,User: user8<br>Type: 1min<br>Split: train
user8,1min,train,3681,35.66394,-147.99033,10.353686,-17.99827,User: user8<br>Type: 1min<br>Split: train
user8,1min,train,3682,35.66394,-147.99033,18.227657,5.174706,User: user8<br>Type: 1min<br>Split: train
user8,1min,train,3683,35.66394,-147.99033,10.354227,-17.998787,User: user8<br>Type: 1min<br>Split: train
user8,1min,train,3684,35.66394,-147.99033,18.22769,5.174778,User: user8<br>Type: 1min<br>Split: train
user8,1min,train,3685,35.66394,-147.99033,10.355716,-18.000229,User: user8<br>Type: 1min<br>Split: train
user8,1min,train,3686,35.66394,-147.99033,10.355922,-18.000284,User: user8<br>Type: 1min<br>Split: train
user8,1min,train,3687,35.66394,-147.99033,10.3557625,-17.999952,User: user8<br>Type: 1min<br>Split: train
user8,1min,train,3688,35.66394,-147.99033,18.227667,5.1748033,User: user8<br>Type: 1min<br>Split: train
user8,1min,train,3689,35.66394,-147.99033,10.355882,-18.000414,User: user8<br>Type: 1min<br>Split: train
user8,1min,train,3690,35.66394,-147.99033,10.355972,-18.000334,User: user8<br>Type: 1min<br>Split: train
user8,1min,train,3691,35.66394,-147.99033,18.22764,5.1747537,User: user8<br>Type: 1min<br>Split: train
user8,1min,train,3692,35.66394,-147.99033,18.227634,5.17476,User: user8<br>Type: 1min<br>Split: train
user8,1min,train,3693,35.66394,-147.99033,10.363867,-18.006151,User: user8<br>Type: 1min<br>Split: train
user8,1min,train,3694,35.66394,-147.99033,18.227583,5.174779,User: user8<br>Type: 1min<br>Split: train
user8,1min,train,3695,35.66394,-147.99033,18.227636,5.1747317,User: user8<br>Type: 1min<br>Split: train
user8,1min,train,3696,35.66394,-147.99033,10.355108,-17.99997,User: user8<br>Type: 1min<br>Split: train
user8,1min,train,3697,35.66394,-147.99033,18.227665,5.1745934,User: user8<br>Type: 1min<br>Split: train
user8,1min,train,3698,35.66394,-147.99033,10.354642,-17.99947,User: user8<br>Type: 1min<br>Split: train
user8,1min,train,3699,35.66394,-147.99033,18.227682,5.174719,User: user8<br>Type: 1min<br>Split: train
user8,1min,train,3700,35.66394,-147.99033,10.354586,-17.999609,User: user8<br>Type: 1min<br>Split: train
user8,1min,train,3701,35.66394,-147.99033,18.227684,5.1746855,User: user8<br>Type: 1min<br>Split: train
user8,1min,train,3702,35.66394,-147.99033,18.227657,5.1747212,User: user8<br>Type: 1min<br>Split: train
user8,1min,train,3703,35.66394,-147.99033,10.355172,-17.999796,User: user8<br>Type: 1min<br>Split: train
user8,1min,train,3704,35.66394,-147.99033,10.3575535,-17.996817,User: user8<br>Type: 1min<br>Split: train
user8,1min,train,3705,35.66394,-147.99033,10.355058,-17.999744,User: user8<br>Type: 1min<br>Split: train
user8,1min,train,3706,35.66394,-147.99033,10.35528,-17.999485,User: user8<br>Type: 1min<br>Split: train
user8,1min,train,3707,35.66394,-147.99033,10.355112,-17.999807,User: user8<br>Type: 1min<br>Split: train
user8,1min,train,3708,35.66394,-147.99033,10.363154,-18.008957,User: user8<br>Type: 1min<br>Split: train
user8,1min,train,3709,35.66394,-147.99033,18.227676,5.1747537,User: user8<br>Type: 1min<br>Split: train
user8,1min,train,3710,35.66394,-147.99033,10.355061,-17.999847,User: user8<br>Type: 1min<br>Split: train
user8,1min,train,3711,35.66394,-147.99033,18.227528,5.174782,User: user8<br>Type: 1min<br>Split: train
user8,1min,train,3712,35.66394,-147.99033,10.360984,-18.00542,User: user8<br>Type: 1min<br>Split: train
user8,1min,train,3713,35.66394,-147.99033,18.227657,5.174713,User: user8<br>Type: 1min<br>Split: train
user80,1min,train,3714,28.754505,-56.281715,20.537745,-20.304855,User: user80<br>Type: 1min<br>Split: train
user80,1min,train,3715,28.754505,-56.281715,20.555529,-20.322302,User: user80<br>Type: 1min<br>Split: train
user80,1min,train,3716,28.754505,-56.281715,20.532661,-20.299498,User: user80<br>Type: 1min<br>Split: train
user80,1min,train,3717,28.754505,-56.281715,20.543642,-20.310482,User: user80<br>Type: 1min<br>Split: train
user80,1min,train,3718,28.754505,-56.281715,20.528706,-20.29548,User: user80<br>Type: 1min<br>Split: train
user80,1min,train,3719,28.754505,-56.281715,20.544992,-20.311743,User: user80<br>Type: 1min<br>Split: train
user80,1min,train,3720,28.754505,-56.281715,20.543104,-20.309929,User: user80<br>Type: 1min<br>Split: train
user80,1min,train,3721,28.754505,-56.281715,20.540764,-20.307829,User: user80<br>Type: 1min<br>Split: train
user80,1min,train,3722,28.754505,-56.281715,20.539806,-20.307404,User: user80<br>Type: 1min<br>Split: train
user80,1min,train,3723,23.575459,-59.0095,20.542997,-20.309834,User: user80<br>Type: 1min<br>Split: train
user80,1min,train,3724,23.575459,-59.0095,20.545029,-20.311865,User: user80<br>Type: 1min<br>Split: train
user80,1min,train,3725,23.575459,-59.0095,20.54819,-20.314924,User: user80<br>Type: 1min<br>Split: train
user80,1min,train,3726,23.575459,-59.0095,20.54615,-20.313036,User: user80<br>Type: 1min<br>Split: train
user80,1min,train,3727,23.575459,-59.0095,20.59254,-20.359306,User: user80<br>Type: 1min<br>Split: train
user80,1min,train,3728,23.575459,-59.0095,20.546106,-20.31307,User: user80<br>Type: 1min<br>Split: train
user80,1min,train,3729,23.575459,-59.0095,20.559416,-20.326515,User: user80<br>Type: 1min<br>Split: train
user80,1min,train,3730,23.575459,-59.0095,20.55026,-20.317188,User: user80<br>Type: 1min<br>Split: train
user80,1min,train,3731,23.575459,-59.0095,20.55366,-20.319971,User: user80<br>Type: 1min<br>Split: train
user80,1min,train,3732,23.575459,-59.0095,20.541168,-20.307919,User: user80<br>Type: 1min<br>Split: train
user80,1min,train,3733,23.575459,-59.0095,20.514408,-20.280983,User: user80<br>Type: 1min<br>Split: train
user80,1min,train,3734,23.575459,-59.0095,20.542303,-20.309717,User: user80<br>Type: 1min<br>Split: train
user80,1min,train,3735,23.575459,-59.0095,20.540089,-20.308186,User: user80<br>Type: 1min<br>Split: train
user80,1min,train,3736,23.575459,-59.0095,20.536415,-20.303112,User: user80<br>Type: 1min<br>Split: train
user80,1min,train,3737,23.575459,-59.0095,20.548317,-20.315159,User: user80<br>Type: 1min<br>Split: train
user80,1min,train,3738,23.575459,-59.0095,20.54371,-20.310362,User: user80<br>Type: 1min<br>Split: train
user80,1min,train,3739,23.575459,-59.0095,20.558828,-20.32558,User: user80<br>Type: 1min<br>Split: train
user80,1min,train,3740,23.575459,-59.0095,20.545797,-20.312628,User: user80<br>Type: 1min<br>Split: train
user80,1min,train,3741,23.575459,-59.0095,20.562424,-20.329132,User: user80<br>Type: 1min<br>Split: train
user80,1min,train,3742,31.00985,-64.78595,20.542887,-20.30978,User: user80<br>Type: 1min<br>Split: train
user80,1min,train,3743,31.00985,-64.78595,20.542265,-20.309187,User: user80<br>Type: 1min<br>Split: train
user80,1min,train,3744,23.575459,-59.0095,20.548914,-20.31581,User: user80<br>Type: 1min<br>Split: train
user80,1min,train,3745,23.575459,-59.0095,20.563927,-20.33077,User: user80<br>Type: 1min<br>Split: train
user80,1min,train,3746,23.575459,-59.0095,20.545425,-20.312298,User: user80<br>Type: 1min<br>Split: train
user80,1min,train,3747,23.575459,-59.0095,20.539845,-20.30712,User: user80<br>Type: 1min<br>Split: train
user80,1min,train,3748,28.754505,-56.281715,20.583282,-20.35,User: user80<br>Type: 1min<br>Split: train
user80,1min,train,3749,23.575459,-59.0095,20.54584,-20.312622,User: user80<br>Type: 1min<br>Split: train
user80,1min,train,3750,23.575459,-59.0095,20.541218,-20.307985,User: user80<br>Type: 1min<br>Split: train
user80,1min,train,3751,28.754505,-56.281715,20.504362,-20.271152,User: user80<br>Type: 1min<br>Split: train
user80,1min,train,3752,28.754505,-56.281715,20.520533,-20.287407,User: user80<br>Type: 1min<br>Split: train
user80,1min,train,3753,28.754505,-56.281715,20.540403,-20.307354,User: user80<br>Type: 1min<br>Split: train
user80,1min,train,3754,28.754505,-56.281715,20.524694,-20.29146,User: user80<br>Type: 1min<br>Split: train
user80,1min,train,3755,28.754505,-56.281715,20.554216,-20.3217,User: user80<br>Type: 1min<br>Split: train
user80,1min,train,3756,28.754505,-56.281715,20.543816,-20.310743,User: user80<br>Type: 1min<br>Split: train
user80,1min,train,3757,28.754505,-56.281715,20.523832,-20.290508,User: user80<br>Type: 1min<br>Split: train
user80,1min,train,3758,28.754505,-56.281715,20.542873,-20.309677,User: user80<br>Type: 1min<br>Split: train
user80,1min,train,3759,28.754505,-56.281715,20.550774,-20.31659,User: user80<br>Type: 1min<br>Split: train
user80,1min,train,3760,28.754505,-56.281715,20.542894,-20.309769,User: user80<br>Type: 1min<br>Split: train
user80,1min,train,3761,28.754505,-56.281715,20.544209,-20.31129,User: user80<br>Type: 1min<br>Split: train
user81,1min,train,3762,60.543156,96.99012,16.849817,-0.44803166,User: user81<br>Type: 1min<br>Split: train
user81,1min,train,3763,60.543156,96.99012,16.840982,-0.4395634,User: user81<br>Type: 1min<br>Split: train
user81,1min,train,3764,60.543156,96.99012,16.854675,-0.45323858,User: user81<br>Type: 1min<br>Split: train
user81,1min,train,3765,60.543156,96.99012,16.879185,-0.47748095,User: user81<br>Type: 1min<br>Split: train
user81,1min,train,3766,60.543156,96.99012,16.870865,-0.4692859,User: user81<br>Type: 1min<br>Split: train
user81,1min,train,3767,60.543156,96.99012,16.872158,-0.47046292,User: user81<br>Type: 1min<br>Split: train
user81,1min,train,3768,60.543156,96.99012,16.812384,-0.41076052,User: user81<br>Type: 1min<br>Split: train
user81,1min,train,3769,78.12707,90.86591,16.795073,-0.3934275,User: user81<br>Type: 1min<br>Split: train
user81,1min,train,3770,78.12707,90.86591,16.878075,-0.47614354,User: user81<br>Type: 1min<br>Split: train
user81,1min,train,3771,78.12707,90.86591,16.872288,-0.4704861,User: user81<br>Type: 1min<br>Split: train
user81,1min,train,3772,78.12707,90.86591,16.880657,-0.4788978,User: user81<br>Type: 1min<br>Split: train
user81,1min,train,3773,78.12707,90.86591,16.779766,-0.37827736,User: user81<br>Type: 1min<br>Split: train
user81,1min,train,3774,69.95051,95.723465,16.856867,-0.4552106,User: user81<br>Type: 1min<br>Split: train
user81,1min,train,3775,69.95051,95.723465,16.890415,-0.48855177,User: user81<br>Type: 1min<br>Split: train
user81,1min,train,3776,60.543156,96.99012,16.832651,-0.43102065,User: user81<br>Type: 1min<br>Split: train
user81,1min,train,3777,78.12707,90.86591,16.87122,-0.4695474,User: user81<br>Type: 1min<br>Split: train
user81,1min,train,3778,78.12707,90.86591,16.840717,-0.4393419,User: user81<br>Type: 1min<br>Split: train
user81,1min,train,3779,78.12707,90.86591,16.779556,-0.37782046,User: user81<br>Type: 1min<br>Split: train
user81,1min,train,3780,78.12707,90.86591,16.799938,-0.39840704,User: user81<br>Type: 1min<br>Split: train
user81,1min,train,3781,78.12707,90.86591,16.900272,-0.4987032,User: user81<br>Type: 1min<br>Split: train
user81,1min,train,3782,78.12707,90.86591,16.881506,-0.47968346,User: user81<br>Type: 1min<br>Split: train
user81,1min,train,3783,78.12707,90.86591,16.889616,-0.4876295,User: user81<br>Type: 1min<br>Split: train
user81,1min,train,3784,78.12707,90.86591,16.787739,-0.38613212,User: user81<br>Type: 1min<br>Split: train
user81,1min,train,3785,78.12707,90.86591,16.855793,-0.45428374,User: user81<br>Type: 1min<br>Split: train
user81,1min,train,3786,78.12707,90.86591,16.792728,-0.39123294,User: user81<br>Type: 1min<br>Split: train
user81,1min,train,3787,78.12707,90.86591,16.893766,-0.4921175,User: user81<br>Type: 1min<br>Split: train
user81,1min,train,3788,78.12707,90.86591,16.845646,-0.44406995,User: user81<br>Type: 1min<br>Split: train
user81,1min,train,3789,78.12707,90.86591,16.897198,-0.49532574,User: user81<br>Type: 1min<br>Split: train
user81,1min,train,3790,78.12707,90.86591,16.826183,-0.4248237,User: user81<br>Type: 1min<br>Split: train
user81,1min,train,3791,60.543156,96.99012,16.789375,-0.38779637,User: user81<br>Type: 1min<br>Split: train
user81,1min,train,3792,78.12707,90.86591,16.870424,-0.4688381,User: user81<br>Type: 1min<br>Split: train
user81,1min,train,3793,78.12707,90.86591,16.887957,-0.4862799,User: user81<br>Type: 1min<br>Split: train
user81,1min,train,3794,78.12707,90.86591,16.8466,-0.44500968,User: user81<br>Type: 1min<br>Split: train
user81,1min,train,3795,78.12707,90.86591,16.879618,-0.47786126,User: user81<br>Type: 1min<br>Split: train
user81,1min,train,3796,78.12707,90.86591,16.900383,-0.49971408,User: user81<br>Type: 1min<br>Split: train
user81,1min,train,3797,78.12707,90.86591,16.790092,-0.38833678,User: user81<br>Type: 1min<br>Split: train
user81,1min,train,3798,78.12707,90.86591,16.788963,-0.38737217,User: user81<br>Type: 1min<br>Split: train
user81,1min,train,3799,78.12707,90.86591,16.935345,-0.5335279,User: user81<br>Type: 1min<br>Split: train
user81,1min,train,3800,78.12707,90.86591,16.792576,-0.39085805,User: user81<br>Type: 1min<br>Split: train
user81,1min,train,3801,78.12707,90.86591,16.865726,-0.463686,User: user81<br>Type: 1min<br>Split: train
user81,1min,train,3802,78.12707,90.86591,16.846426,-0.44492438,User: user81<br>Type: 1min<br>Split: train
user81,1min,train,3803,78.12707,90.86591,16.772507,-0.37083417,User: user81<br>Type: 1min<br>Split: train
user81,1min,train,3804,78.12707,90.86591,16.780874,-0.3792883,User: user81<br>Type: 1min<br>Split: train
user81,1min,train,3805,78.12707,90.86591,16.887798,-0.48605788,User: user81<br>Type: 1min<br>Split: train
user81,1min,train,3806,69.95051,95.723465,16.771229,-0.36964405,User: user81<br>Type: 1min<br>Split: train
user82,1min,train,3807,90.78512,-79.36533,32.487354,-0.0028905282,User: user82<br>Type: 1min<br>Split: train
user82,1min,train,3808,90.48308,-88.33487,32.47676,0.007669356,User: user82<br>Type: 1min<br>Split: train
user82,1min,train,3809,90.48308,-88.33487,32.48769,-0.003213195,User: user82<br>Type: 1min<br>Split: train
user82,1min,train,3810,90.48308,-88.33487,32.491417,-0.0069419635,User: user82<br>Type: 1min<br>Split: train
user82,1min,train,3811,90.48308,-88.33487,32.487656,-0.0031830613,User: user82<br>Type: 1min<br>Split: train
user82,1min,train,3812,90.48308,-88.33487,32.49126,-0.006772682,User: user82<br>Type: 1min<br>Split: train
user82,1min,train,3813,90.48308,-88.33487,32.491043,-0.0065617315,User: user82<br>Type: 1min<br>Split: train
user82,1min,train,3814,90.48308,-88.33487,32.506054,-0.021534888,User: user82<br>Type: 1min<br>Split: train
user82,1min,train,3815,90.48308,-88.33487,32.49926,-0.014628465,User: user82<br>Type: 1min<br>Split: train
user82,1min,train,3816,90.48308,-88.33487,32.490597,-0.006090917,User: user82<br>Type: 1min<br>Split: train
user82,1min,train,3817,90.48308,-88.33487,32.471344,0.013130963,User: user82<br>Type: 1min<br>Split: train
user82,1min,train,3818,90.48308,-88.33487,32.49086,-0.006310588,User: user82<br>Type: 1min<br>Split: train
user82,1min,train,3819,90.48308,-88.33487,32.49084,-0.006324769,User: user82<br>Type: 1min<br>Split: train
user82,1min,train,3820,90.48308,-88.33487,32.490562,-0.0060124444,User: user82<br>Type: 1min<br>Split: train
user82,1min,train,3821,90.48308,-88.33487,32.48068,0.00377778,User: user82<br>Type: 1min<br>Split: train
user82,1min,train,3822,90.48308,-88.33487,32.477684,0.006879218,User: user82<br>Type: 1min<br>Split: train
user82,1min,train,3823,90.48308,-88.33487,32.452827,0.03182002,User: user82<br>Type: 1min<br>Split: train
user82,1min,train,3824,90.48308,-88.33487,32.49175,-0.0071851662,User: user82<br>Type: 1min<br>Split: train
user82,1min,train,3825,90.48308,-88.33487,32.47809,0.006196675,User: user82<br>Type: 1min<br>Split: train
user82,1min,train,3826,90.48308,-88.33487,32.495354,-0.010770799,User: user82<br>Type: 1min<br>Split: train
user82,1min,train,3827,90.48308,-88.33487,32.490948,-0.0064329156,User: user82<br>Type: 1min<br>Split: train
user82,1min,train,3828,90.48308,-88.33487,32.49019,-0.005507347,User: user82<br>Type: 1min<br>Split: train
user82,1min,train,3829,90.48308,-88.33487,32.491447,-0.0069324616,User: user82<br>Type: 1min<br>Split: train
user82,1min,train,3830,90.48308,-88.33487,32.49158,-0.007089445,User: user82<br>Type: 1min<br>Split: train
user82,1min,train,3831,90.48308,-88.33487,32.491447,-0.006834858,User: user82<br>Type: 1min<br>Split: train
user82,1min,train,3832,90.48308,-88.33487,32.491325,-0.0071068765,User: user82<br>Type: 1min<br>Split: train
user82,1min,train,3833,90.48308,-88.33487,32.50518,-0.0206498,User: user82<br>Type: 1min<br>Split: train
user82,1min,train,3834,90.48308,-88.33487,32.487743,-0.0030668508,User: user82<br>Type: 1min<br>Split: train
user82,1min,train,3835,90.48308,-88.33487,32.468174,0.015766427,User: user82<br>Type: 1min<br>Split: train
user82,1min,train,3836,90.48308,-88.33487,32.476185,0.007256021,User: user82<br>Type: 1min<br>Split: train
user82,1min,train,3837,90.48308,-88.33487,32.49412,-0.009361214,User: user82<br>Type: 1min<br>Split: train
user82,1min,train,3838,90.78512,-79.36533,32.490986,-0.0065462105,User: user82<br>Type: 1min<br>Split: train
user82,1min,train,3839,90.78512,-79.36533,32.48266,0.001830549,User: user82<br>Type: 1min<br>Split: train
user82,1min,train,3840,90.48308,-88.33487,32.491024,-0.0058219475,User: user82<br>Type: 1min<br>Split: train
user82,1min,train,3841,90.48308,-88.33487,32.477245,0.0077179065,User: user82<br>Type: 1min<br>Split: train
user82,1min,train,3842,90.48308,-88.33487,32.49036,-0.0057740095,User: user82<br>Type: 1min<br>Split: train
user82,1min,train,3843,90.48308,-88.33487,32.49033,-0.0058017173,User: user82<br>Type: 1min<br>Split: train
user82,1min,train,3844,90.48308,-88.33487,32.497566,-0.012964642,User: user82<br>Type: 1min<br>Split: train
user82,1min,train,3845,90.48308,-88.33487,32.490448,-0.005876932,User: user82<br>Type: 1min<br>Split: train
user82,1min,train,3846,90.48308,-88.33487,32.506573,-0.022029452,User: user82<br>Type: 1min<br>Split: train
user82,1min,train,3847,90.48308,-88.33487,32.498093,-0.013607271,User: user82<br>Type: 1min<br>Split: train
user82,1min,train,3848,90.48308,-88.33487,32.492043,-0.0074900147,User: user82<br>Type: 1min<br>Split: train
user83,1min,train,3849,28.015636,-35.679302,17.503918,-8.478483,User: user83<br>Type: 1min<br>Split: train
user83,1min,train,3850,28.015636,-35.679302,5.0492926,-12.279587,User: user83<br>Type: 1min<br>Split: train
user83,1min,train,3851,28.015636,-35.679302,5.049326,-12.279708,User: user83<br>Type: 1min<br>Split: train
user83,1min,train,3852,28.015636,-35.679302,17.504087,-8.478229,User: user83<br>Type: 1min<br>Split: train
user83,1min,train,3853,28.015636,-35.679302,5.049435,-12.279515,User: user83<br>Type: 1min<br>Split: train
user83,1min,train,3854,28.015636,-35.679302,5.049202,-12.279514,User: user83<br>Type: 1min<br>Split: train
user83,1min,train,3855,28.015636,-35.679302,5.0493,-12.279673,User: user83<br>Type: 1min<br>Split: train
user83,1min,train,3856,28.015636,-35.679302,5.049303,-12.279691,User: user83<br>Type: 1min<br>Split: train
user83,1min,train,3857,28.015636,-35.679302,17.50406,-8.478181,User: user83<br>Type: 1min<br>Split: train
user83,1min,train,3858,28.015636,-35.679302,17.504131,-8.477511,User: user83<br>Type: 1min<br>Split: train
user83,1min,train,3859,28.015636,-35.679302,5.0494366,-12.279723,User: user83<br>Type: 1min<br>Split: train
user83,1min,train,3860,28.015636,-35.679302,17.500925,-8.475496,User: user83<br>Type: 1min<br>Split: train
user83,1min,train,3861,28.015636,-35.679302,17.515778,-8.465537,User: user83<br>Type: 1min<br>Split: train
user83,1min,train,3862,28.015636,-35.679302,5.04916,-12.27988,User: user83<br>Type: 1min<br>Split: train
user83,1min,train,3863,28.015636,-35.679302,5.0492787,-12.279759,User: user83<br>Type: 1min<br>Split: train
user83,1min,train,3864,28.015636,-35.679302,17.5043,-8.477573,User: user83<br>Type: 1min<br>Split: train
user83,1min,train,3865,28.015636,-35.679302,5.0492063,-12.279716,User: user83<br>Type: 1min<br>Split: train
user83,1min,train,3866,28.015636,-35.679302,17.504246,-8.477698,User: user83<br>Type: 1min<br>Split: train
user83,1min,train,3867,32.28733,-32.657536,5.049066,-12.27955,User: user83<br>Type: 1min<br>Split: train
user83,1min,train,3868,28.015636,-35.679302,17.504257,-8.477811,User: user83<br>Type: 1min<br>Split: train
user83,1min,train,3869,28.015636,-35.679302,5.0489798,-12.27982,User: user83<br>Type: 1min<br>Split: train
user83,1min,train,3870,25.41158,-28.274673,17.504278,-8.477668,User: user83<br>Type: 1min<br>Split: train
user83,1min,train,3871,25.41158,-28.274673,17.50434,-8.4776945,User: user83<br>Type: 1min<br>Split: train
user83,1min,train,3872,32.28733,-32.657536,17.50415,-8.478106,User: user83<br>Type: 1min<br>Split: train
user83,1min,train,3873,32.28733,-32.657536,17.504265,-8.477742,User: user83<br>Type: 1min<br>Split: train
user83,1min,train,3874,32.28733,-32.657536,5.0494294,-12.279805,User: user83<br>Type: 1min<br>Split: train
user83,1min,train,3875,32.28733,-32.657536,17.50427,-8.477691,User: user83<br>Type: 1min<br>Split: train
user83,1min,train,3876,32.28733,-32.657536,5.0424147,-12.283799,User: user83<br>Type: 1min<br>Split: train
user83,1min,train,3877,32.28733,-32.657536,17.504282,-8.477586,User: user83<br>Type: 1min<br>Split: train
user83,1min,train,3878,32.28733,-32.657536,5.048855,-12.280005,User: user83<br>Type: 1min<br>Split: train
user83,1min,train,3879,32.28733,-32.657536,5.049799,-12.27811,User: user83<br>Type: 1min<br>Split: train
user83,1min,train,3880,32.28733,-32.657536,17.504005,-8.478463,User: user83<br>Type: 1min<br>Split: train
user83,1min,train,3881,28.015636,-35.679302,17.504124,-8.477423,User: user83<br>Type: 1min<br>Split: train
user83,1min,train,3882,32.28733,-32.657536,17.504183,-8.4776945,User: user83<br>Type: 1min<br>Split: train
user83,1min,train,3883,32.28733,-32.657536,5.0492024,-12.279728,User: user83<br>Type: 1min<br>Split: train
user83,1min,train,3884,32.28733,-32.657536,17.504482,-8.477473,User: user83<br>Type: 1min<br>Split: train
user83,1min,train,3885,32.28733,-32.657536,17.504444,-8.477655,User: user83<br>Type: 1min<br>Split: train
user83,1min,train,3886,32.28733,-32.657536,5.048989,-12.28001,User: user83<br>Type: 1min<br>Split: train
user83,1min,train,3887,32.28733,-32.657536,5.045596,-12.279841,User: user83<br>Type: 1min<br>Split: train
user84,1min,train,3888,-58.753162,95.445625,12.215504,21.35669,User: user84<br>Type: 1min<br>Split: train
user84,1min,train,3889,-58.753162,95.445625,12.215526,21.356691,User: user84<br>Type: 1min<br>Split: train
user84,1min,train,3890,-58.753162,95.445625,12.197283,21.338587,User: user84<br>Type: 1min<br>Split: train
user84,1min,train,3891,-58.753162,95.445625,12.196986,21.338268,User: user84<br>Type: 1min<br>Split: train
user84,1min,train,3892,-58.753162,95.445625,12.200534,21.342009,User: user84<br>Type: 1min<br>Split: train
user84,1min,train,3893,-58.753162,95.445625,12.208026,21.34938,User: user84<br>Type: 1min<br>Split: train
user84,1min,train,3894,-58.753162,95.445625,12.215268,21.356564,User: user84<br>Type: 1min<br>Split: train
user84,1min,train,3895,-58.753162,95.445625,12.193207,21.33468,User: user84<br>Type: 1min<br>Split: train
user84,1min,train,3896,-58.753162,95.445625,12.192625,21.334097,User: user84<br>Type: 1min<br>Split: train
user84,1min,train,3897,-58.753162,95.445625,12.228683,21.370098,User: user84<br>Type: 1min<br>Split: train
user84,1min,train,3898,-58.753162,95.445625,12.193075,21.33442,User: user84<br>Type: 1min<br>Split: train
user84,1min,train,3899,-58.753162,95.445625,12.192932,21.334425,User: user84<br>Type: 1min<br>Split: train
user84,1min,train,3900,-58.753162,95.445625,12.179811,21.320923,User: user84<br>Type: 1min<br>Split: train
user84,1min,train,3901,-58.753162,95.445625,12.187725,21.32909,User: user84<br>Type: 1min<br>Split: train
user84,1min,train,3902,-58.753162,95.445625,12.191282,21.33278,User: user84<br>Type: 1min<br>Split: train
user84,1min,train,3903,-58.753162,95.445625,12.192474,21.333794,User: user84<br>Type: 1min<br>Split: train
user84,1min,train,3904,-58.753162,95.445625,12.180588,21.322132,User: user84<br>Type: 1min<br>Split: train
user84,1min,train,3905,-58.753162,95.445625,12.192193,21.333574,User: user84<br>Type: 1min<br>Split: train
user84,1min,train,3906,-58.753162,95.445625,12.192252,21.333704,User: user84<br>Type: 1min<br>Split: train
user84,1min,train,3907,-58.753162,95.445625,12.203143,21.344349,User: user84<br>Type: 1min<br>Split: train
user84,1min,train,3908,-58.753162,95.445625,12.165376,21.306995,User: user84<br>Type: 1min<br>Split: train
user84,1min,train,3909,-58.753162,95.445625,12.191424,21.332954,User: user84<br>Type: 1min<br>Split: train
user84,1min,train,3910,-58.753162,95.445625,12.201037,21.34201,User: user84<br>Type: 1min<br>Split: train
user84,1min,train,3911,-58.753162,95.445625,12.2149515,21.356314,User: user84<br>Type: 1min<br>Split: train
user84,1min,train,3912,-58.753162,95.445625,12.19113,21.33295,User: user84<br>Type: 1min<br>Split: train
user84,1min,train,3913,-58.753162,95.445625,12.229605,21.371202,User: user84<br>Type: 1min<br>Split: train
user84,1min,train,3914,-58.753162,95.445625,12.191044,21.332542,User: user84<br>Type: 1min<br>Split: train
user84,1min,train,3915,-58.753162,95.445625,12.215005,21.356163,User: user84<br>Type: 1min<br>Split: train
user84,1min,train,3916,-58.753162,95.445625,12.190114,21.331894,User: user84<br>Type: 1min<br>Split: train
user84,1min,train,3917,-58.753162,95.445625,12.191766,21.333015,User: user84<br>Type: 1min<br>Split: train
user84,1min,train,3918,-58.753162,95.445625,12.199147,21.34075,User: user84<br>Type: 1min<br>Split: train
user84,1min,train,3919,-58.753162,95.445625,12.225826,21.367018,User: user84<br>Type: 1min<br>Split: train
user84,1min,train,3920,-58.753162,95.445625,12.224764,21.363878,User: user84<br>Type: 1min<br>Split: train
user84,1min,train,3921,-58.753162,95.445625,12.215303,21.35678,User: user84<br>Type: 1min<br>Split: train
user84,1min,train,3922,-58.753162,95.445625,12.192075,21.333593,User: user84<br>Type: 1min<br>Split: train
user84,1min,train,3923,-58.753162,95.445625,12.192187,21.333696,User: user84<br>Type: 1min<br>Split: train
user84,1min,train,3924,-58.753162,95.445625,12.192436,21.333767,User: user84<br>Type: 1min<br>Split: train
user84,1min,train,3925,-58.753162,95.445625,12.215848,21.35703,User: user84<br>Type: 1min<br>Split: train
user85,1min,train,3926,165.4532,-78.67132,18.80931,7.3863006,User: user85<br>Type: 1min<br>Split: train
user85,1min,train,3927,165.4532,-78.67132,12.039456,9.842672,User: user85<br>Type: 1min<br>Split: train
user85,1min,train,3928,165.4532,-78.67132,18.809425,7.386208,User: user85<br>Type: 1min<br>Split: train
user85,1min,train,3929,165.4532,-78.67132,18.809391,7.3867626,User: user85<br>Type: 1min<br>Split: train
user85,1min,train,3930,165.4532,-78.67132,18.809662,7.386039,User: user85<br>Type: 1min<br>Split: train
user85,1min,train,3931,165.4532,-78.67132,18.810072,7.3857155,User: user85<br>Type: 1min<br>Split: train
user85,1min,train,3932,165.4532,-78.67132,18.80971,7.386001,User: user85<br>Type: 1min<br>Split: train
user85,1min,train,3933,165.4532,-78.67132,12.039521,9.842754,User: user85<br>Type: 1min<br>Split: train
user85,1min,train,3934,165.4532,-78.67132,12.039443,9.842689,User: user85<br>Type: 1min<br>Split: train
user85,1min,train,3935,165.4532,-78.67132,12.039414,9.842649,User: user85<br>Type: 1min<br>Split: train
user85,1min,train,3936,165.4532,-78.67132,12.042805,9.846014,User: user85<br>Type: 1min<br>Split: train
user85,1min,train,3937,165.4532,-78.67132,18.809584,7.3861327,User: user85<br>Type: 1min<br>Split: train
user85,1min,train,3938,165.4532,-78.67132,12.039592,9.842723,User: user85<br>Type: 1min<br>Split: train
user85,1min,train,3939,165.4532,-78.67132,18.81029,7.3853226,User: user85<br>Type: 1min<br>Split: train
user85,1min,train,3940,165.4532,-78.67132,12.039331,9.8423815,User: user85<br>Type: 1min<br>Split: train
user85,1min,train,3941,165.4532,-78.67132,12.039737,9.842903,User: user85<br>Type: 1min<br>Split: train
user85,1min,train,3942,165.4532,-78.67132,12.050978,9.854076,User: user85<br>Type: 1min<br>Split: train
user85,1min,train,3943,165.4532,-78.67132,12.040919,9.843704,User: user85<br>Type: 1min<br>Split: train
user85,1min,train,3944,165.4532,-78.67132,12.039729,9.842886,User: user85<br>Type: 1min<br>Split: train
user85,1min,train,3945,165.4532,-78.67132,18.809822,7.3860445,User: user85<br>Type: 1min<br>Split: train
user85,1min,train,3946,165.4532,-78.67132,18.809912,7.3858757,User: user85<br>Type: 1min<br>Split: train
user85,1min,train,3947,165.4532,-78.67132,18.809809,7.385969,User: user85<br>Type: 1min<br>Split: train
user85,1min,train,3948,165.4532,-78.67132,12.03969,9.8429575,User: user85<br>Type: 1min<br>Split: train
user85,1min,train,3949,165.4532,-78.67132,12.03929,9.8426285,User: user85<br>Type: 1min<br>Split: train
user85,1min,train,3950,165.4532,-78.67132,18.809841,7.3859406,User: user85<br>Type: 1min<br>Split: train
user85,1min,train,3951,165.4532,-78.67132,18.809568,7.3861403,User: user85<br>Type: 1min<br>Split: train
user85,1min,train,3952,165.4532,-78.67132,18.825161,7.3707647,User: user85<br>Type: 1min<br>Split: train
user85,1min,train,3953,165.4532,-78.67132,18.811943,7.383617,User: user85<br>Type: 1min<br>Split: train
user85,1min,train,3954,165.4532,-78.67132,12.039315,9.84283,User: user85<br>Type: 1min<br>Split: train
user85,1min,train,3955,165.4532,-78.67132,12.0394535,9.84266,User: user85<br>Type: 1min<br>Split: train
user85,1min,train,3956,165.4532,-78.67132,12.0399275,9.843316,User: user85<br>Type: 1min<br>Split: train
user85,1min,train,3957,165.4532,-78.67132,18.810268,7.3854527,User: user85<br>Type: 1min<br>Split: train
user85,1min,train,3958,165.4532,-78.67132,18.80979,7.38597,User: user85<br>Type: 1min<br>Split: train
user85,1min,train,3959,165.4532,-78.67132,12.040022,9.843163,User: user85<br>Type: 1min<br>Split: train
user85,1min,train,3960,165.4532,-78.67132,18.810036,7.3858395,User: user85<br>Type: 1min<br>Split: train
user85,1min,train,3961,165.4532,-78.67132,12.040267,9.843279,User: user85<br>Type: 1min<br>Split: train
user85,1min,train,3962,165.4532,-78.67132,12.024521,9.828189,User: user85<br>Type: 1min<br>Split: train
user85,1min,train,3963,165.4532,-78.67132,18.810314,7.3854356,User: user85<br>Type: 1min<br>Split: train
user85,1min,train,3964,165.4532,-78.67132,18.80999,7.3857336,User: user85<br>Type: 1min<br>Split: train
user86,1min,train,3965,81.66769,-186.85329,14.560369,-27.457895,User: user86<br>Type: 1min<br>Split: train
user86,1min,train,3966,81.66769,-186.85329,14.551002,-27.448572,User: user86<br>Type: 1min<br>Split: train
user86,1min,train,3967,81.66769,-186.85329,14.564375,-27.46193,User: user86<br>Type: 1min<br>Split: train
user86,1min,train,3968,81.66769,-186.85329,14.560361,-27.457893,User: user86<br>Type: 1min<br>Split: train
user86,1min,train,3969,81.66769,-186.85329,14.5602455,-27.457798,User: user86<br>Type: 1min<br>Split: train
user86,1min,train,3970,81.66769,-186.85329,14.560056,-27.457531,User: user86<br>Type: 1min<br>Split: train
user86,1min,train,3971,81.66769,-186.85329,14.563021,-27.459303,User: user86<br>Type: 1min<br>Split: train
user86,1min,train,3972,81.66769,-186.85329,14.553012,-27.450933,User: user86<br>Type: 1min<br>Split: train
user86,1min,train,3973,81.66769,-186.85329,14.563024,-27.46058,User: user86<br>Type: 1min<br>Split: train
user86,1min,train,3974,81.66769,-186.85329,14.56046,-27.458004,User: user86<br>Type: 1min<br>Split: train
user86,1min,train,3975,81.66769,-186.85329,14.560826,-27.45859,User: user86<br>Type: 1min<br>Split: train
user86,1min,train,3976,81.66769,-186.85329,14.5661955,-27.463787,User: user86<br>Type: 1min<br>Split: train
user86,1min,train,3977,81.66769,-186.85329,14.549992,-27.447659,User: user86<br>Type: 1min<br>Split: train
user86,1min,train,3978,81.66769,-186.85329,14.559824,-27.457287,User: user86<br>Type: 1min<br>Split: train
user86,1min,train,3979,81.66769,-186.85329,14.559864,-27.457315,User: user86<br>Type: 1min<br>Split: train
user86,1min,train,3980,81.66769,-186.85329,14.561644,-27.459461,User: user86<br>Type: 1min<br>Split: train
user86,1min,train,3981,81.66769,-186.85329,14.555349,-27.452873,User: user86<br>Type: 1min<br>Split: train
user86,1min,train,3982,81.66769,-186.85329,14.559291,-27.456867,User: user86<br>Type: 1min<br>Split: train
user86,1min,train,3983,81.66769,-186.85329,14.548911,-27.446438,User: user86<br>Type: 1min<br>Split: train
user86,1min,train,3984,81.66769,-186.85329,14.566051,-27.463333,User: user86<br>Type: 1min<br>Split: train
user86,1min,train,3985,81.66769,-186.85329,14.559578,-27.457052,User: user86<br>Type: 1min<br>Split: train
user86,1min,train,3986,81.66769,-186.85329,14.595965,-27.493593,User: user86<br>Type: 1min<br>Split: train
user86,1min,train,3987,81.66769,-186.85329,14.558185,-27.456537,User: user86<br>Type: 1min<br>Split: train
user86,1min,train,3988,81.66769,-186.85329,14.557693,-27.455248,User: user86<br>Type: 1min<br>Split: train
user86,1min,train,3989,81.66769,-186.85329,14.559494,-27.45701,User: user86<br>Type: 1min<br>Split: train
user86,1min,train,3990,81.66769,-186.85329,14.559535,-27.457018,User: user86<br>Type: 1min<br>Split: train
user86,1min,train,3991,81.66769,-186.85329,14.569569,-27.466993,User: user86<br>Type: 1min<br>Split: train
user86,1min,train,3992,81.66769,-186.85329,14.551546,-27.44907,User: user86<br>Type: 1min<br>Split: train
user86,1min,train,3993,81.66769,-186.85329,14.559554,-27.457085,User: user86<br>Type: 1min<br>Split: train
user86,1min,train,3994,81.66769,-186.85329,14.585264,-27.482716,User: user86<br>Type: 1min<br>Split: train
user86,1min,train,3995,81.66769,-186.85329,14.559846,-27.457285,User: user86<br>Type: 1min<br>Split: train
user86,1min,train,3996,81.66769,-186.85329,14.559773,-27.457216,User: user86<br>Type: 1min<br>Split: train
user86,1min,train,3997,81.66769,-186.85329,14.534069,-27.431484,User: user86<br>Type: 1min<br>Split: train
user86,1min,train,3998,81.66769,-186.85329,14.586279,-27.483948,User: user86<br>Type: 1min<br>Split: train
user86,1min,train,3999,81.66769,-186.85329,14.559084,-27.456999,User: user86<br>Type: 1min<br>Split: train
user86,1min,train,4000,81.66769,-186.85329,14.556619,-27.455198,User: user86<br>Type: 1min<br>Split: train
user86,1min,train,4001,81.66769,-186.85329,14.529408,-27.42987,User: user86<br>Type: 1min<br>Split: train
user86,1min,train,4002,81.66769,-186.85329,14.560103,-27.457634,User: user86<br>Type: 1min<br>Split: train
user86,1min,train,4003,81.66769,-186.85329,14.597372,-27.494415,User: user86<br>Type: 1min<br>Split: train
user86,1min,train,4004,81.66769,-186.85329,14.560877,-27.458416,User: user86<br>Type: 1min<br>Split: train
user86,1min,train,4005,81.66769,-186.85329,14.560846,-27.45835,User: user86<br>Type: 1min<br>Split: train
user86,1min,train,4006,81.66769,-186.85329,14.559425,-27.457005,User: user86<br>Type: 1min<br>Split: train
user86,1min,train,4007,81.66769,-186.85329,14.564642,-27.462124,User: user86<br>Type: 1min<br>Split: train
user87,1min,train,4008,157.66782,77.72832,22.299166,23.929798,User: user87<br>Type: 1min<br>Split: train
user87,1min,train,4009,157.66782,77.72832,22.32095,23.907972,User: user87<br>Type: 1min<br>Split: train
user87,1min,train,4010,157.66782,77.72832,22.317701,23.911287,User: user87<br>Type: 1min<br>Split: train
user87,1min,train,4011,157.66782,77.72832,22.321566,23.907352,User: user87<br>Type: 1min<br>Split: train
user87,1min,train,4012,157.66782,77.72832,22.314037,23.914848,User: user87<br>Type: 1min<br>Split: train
user87,1min,train,4013,157.66782,77.72832,22.316233,23.912748,User: user87<br>Type: 1min<br>Split: train
user87,1min,train,4014,157.66782,77.72832,22.32398,23.904924,User: user87<br>Type: 1min<br>Split: train
user87,1min,train,4015,157.66782,77.72832,22.314384,23.914547,User: user87<br>Type: 1min<br>Split: train
user87,1min,train,4016,157.66782,77.72832,22.315985,23.912992,User: user87<br>Type: 1min<br>Split: train
user87,1min,train,4017,157.66782,77.72832,22.316872,23.912088,User: user87<br>Type: 1min<br>Split: train
user87,1min,train,4018,157.66782,77.72832,22.316439,23.912514,User: user87<br>Type: 1min<br>Split: train
user87,1min,train,4019,157.66782,77.72832,22.316322,23.912622,User: user87<br>Type: 1min<br>Split: train
user87,1min,train,4020,157.66782,77.72832,22.315485,23.913486,User: user87<br>Type: 1min<br>Split: train
user87,1min,train,4021,157.66782,77.72832,22.316677,23.912296,User: user87<br>Type: 1min<br>Split: train
user87,1min,train,4022,157.66782,77.72832,22.274174,23.954851,User: user87<br>Type: 1min<br>Split: train
user87,1min,train,4023,157.66782,77.72832,22.313358,23.915619,User: user87<br>Type: 1min<br>Split: train
user87,1min,train,4024,157.66782,77.72832,22.320383,23.90869,User: user87<br>Type: 1min<br>Split: train
user87,1min,train,4025,157.66782,77.72832,22.323303,23.905695,User: user87<br>Type: 1min<br>Split: train
user87,1min,train,4026,157.66782,77.72832,22.332792,23.896305,User: user87<br>Type: 1min<br>Split: train
user87,1min,train,4027,157.66782,77.72832,22.307863,23.921156,User: user87<br>Type: 1min<br>Split: train
user87,1min,train,4028,157.66782,77.72832,22.299286,23.929878,User: user87<br>Type: 1min<br>Split: train
user87,1min,train,4029,157.66782,77.72832,22.303808,23.92533,User: user87<br>Type: 1min<br>Split: train
user87,1min,train,4030,157.66782,77.72832,22.318596,23.910685,User: user87<br>Type: 1min<br>Split: train
user87,1min,train,4031,157.66782,77.72832,22.31526,23.913828,User: user87<br>Type: 1min<br>Split: train
user87,1min,train,4032,157.66782,77.72832,22.308043,23.919336,User: user87<br>Type: 1min<br>Split: train
user87,1min,train,4033,157.66782,77.72832,22.333014,23.895975,User: user87<br>Type: 1min<br>Split: train
user87,1min,train,4034,157.66782,77.72832,22.315468,23.913649,User: user87<br>Type: 1min<br>Split: train
user87,1min,train,4035,157.66782,77.72832,22.315172,23.913794,User: user87<br>Type: 1min<br>Split: train
user87,1min,train,4036,157.66782,77.72832,22.358908,23.870888,User: user87<br>Type: 1min<br>Split: train
user87,1min,train,4037,157.66782,77.72832,22.314253,23.91468,User: user87<br>Type: 1min<br>Split: train
user87,1min,train,4038,157.66782,77.72832,22.317436,23.911522,User: user87<br>Type: 1min<br>Split: train
user87,1min,train,4039,157.66782,77.72832,22.315786,23.913193,User: user87<br>Type: 1min<br>Split: train
user87,1min,train,4040,157.66782,77.72832,22.339378,23.889545,User: user87<br>Type: 1min<br>Split: train
user87,1min,train,4041,157.66782,77.72832,22.3164,23.912647,User: user87<br>Type: 1min<br>Split: train
user87,1min,train,4042,157.66782,77.72832,22.315016,23.913914,User: user87<br>Type: 1min<br>Split: train
user87,1min,train,4043,157.66782,77.72832,22.299728,23.929455,User: user87<br>Type: 1min<br>Split: train
user87,1min,train,4044,157.66782,77.72832,22.311752,23.916704,User: user87<br>Type: 1min<br>Split: train
user87,1min,train,4045,157.66782,77.72832,22.315845,23.913128,User: user87<br>Type: 1min<br>Split: train
user87,1min,train,4046,157.66782,77.72832,22.315893,23.91316,User: user87<br>Type: 1min<br>Split: train
user87,1min,train,4047,157.66782,77.72832,22.329872,23.898998,User: user87<br>Type: 1min<br>Split: train
user87,1min,train,4048,157.66782,77.72832,22.304682,23.924639,User: user87<br>Type: 1min<br>Split: train
user87,1min,train,4049,157.66782,77.72832,22.341202,23.887836,User: user87<br>Type: 1min<br>Split: train
user87,1min,train,4050,157.66782,77.72832,22.316044,23.912916,User: user87<br>Type: 1min<br>Split: train
user87,1min,train,4051,157.66782,77.72832,22.320936,23.907076,User: user87<br>Type: 1min<br>Split: train
user87,1min,train,4052,157.66782,77.72832,22.31673,23.912395,User: user87<br>Type: 1min<br>Split: train
user87,1min,train,4053,157.66782,77.72832,22.315956,23.913239,User: user87<br>Type: 1min<br>Split: train
user87,1min,train,4054,157.66782,77.72832,22.319134,23.90951,User: user87<br>Type: 1min<br>Split: train
user87,1min,train,4055,157.66782,77.72832,22.30888,23.92012,User: user87<br>Type: 1min<br>Split: train
user88,1min,train,4056,0.9241818,-53.96285,11.266832,-22.772732,User: user88<br>Type: 1min<br>Split: train
user88,1min,train,4057,0.9241818,-53.96285,11.264972,-22.770947,User: user88<br>Type: 1min<br>Split: train
user88,1min,train,4058,0.9241818,-53.96285,11.272519,-22.778133,User: user88<br>Type: 1min<br>Split: train
user88,1min,train,4059,0.9241818,-53.96285,11.267147,-22.773033,User: user88<br>Type: 1min<br>Split: train
user88,1min,train,4060,1.4824324,-59.32224,11.273436,-22.779276,User: user88<br>Type: 1min<br>Split: train
user88,1min,train,4061,1.4824324,-59.32224,11.269447,-22.775333,User: user88<br>Type: 1min<br>Split: train
user88,1min,train,4062,-7.1569695,-58.159355,11.257087,-22.762812,User: user88<br>Type: 1min<br>Split: train
user88,1min,train,4063,-7.1569695,-58.159355,11.266966,-22.772875,User: user88<br>Type: 1min<br>Split: train
user88,1min,train,4064,1.4824324,-59.32224,11.259727,-22.76558,User: user88<br>Type: 1min<br>Split: train
user88,1min,train,4065,1.4824324,-59.32224,11.272421,-22.778328,User: user88<br>Type: 1min<br>Split: train
user88,1min,train,4066,1.4824324,-59.32224,11.266822,-22.7727,User: user88<br>Type: 1min<br>Split: train
user88,1min,train,4067,1.4824324,-59.32224,11.266503,-22.77239,User: user88<br>Type: 1min<br>Split: train
user88,1min,train,4068,1.4824324,-59.32224,11.25957,-22.765362,User: user88<br>Type: 1min<br>Split: train
user88,1min,train,4069,0.9241818,-53.96285,11.265309,-22.770739,User: user88<br>Type: 1min<br>Split: train
user88,1min,train,4070,1.4824324,-59.32224,11.260663,-22.766474,User: user88<br>Type: 1min<br>Split: train
user88,1min,train,4071,1.4824324,-59.32224,11.26536,-22.771303,User: user88<br>Type: 1min<br>Split: train
user88,1min,train,4072,1.4824324,-59.32224,11.268107,-22.77386,User: user88<br>Type: 1min<br>Split: train
user88,1min,train,4073,0.9241818,-53.96285,11.261877,-22.767796,User: user88<br>Type: 1min<br>Split: train
user88,1min,train,4074,0.9241818,-53.96285,11.247672,-22.753624,User: user88<br>Type: 1min<br>Split: train
user88,1min,train,4075,0.9241818,-53.96285,11.2512245,-22.757174,User: user88<br>Type: 1min<br>Split: train
user88,1min,train,4076,0.9241818,-53.96285,11.2487545,-22.754747,User: user88<br>Type: 1min<br>Split: train
user88,1min,train,4077,1.4824324,-59.32224,11.266431,-22.77232,User: user88<br>Type: 1min<br>Split: train
user88,1min,train,4078,0.9241818,-53.96285,11.269801,-22.77571,User: user88<br>Type: 1min<br>Split: train
user88,1min,train,4079,0.9241818,-53.96285,11.243401,-22.749323,User: user88<br>Type: 1min<br>Split: train
user88,1min,train,4080,0.9241818,-53.96285,11.266089,-22.772049,User: user88<br>Type: 1min<br>Split: train
user88,1min,train,4081,0.9241818,-53.96285,11.265598,-22.771496,User: user88<br>Type: 1min<br>Split: train
user88,1min,train,4082,0.9241818,-53.96285,11.265899,-22.77183,User: user88<br>Type: 1min<br>Split: train
user88,1min,train,4083,0.9241818,-53.96285,11.266207,-22.7722,User: user88<br>Type: 1min<br>Split: train
user88,1min,train,4084,0.9241818,-53.96285,11.246884,-22.750824,User: user88<br>Type: 1min<br>Split: train
user88,1min,train,4085,0.9241818,-53.96285,11.264662,-22.77048,User: user88<br>Type: 1min<br>Split: train
user88,1min,train,4086,0.9241818,-53.96285,11.265647,-22.771496,User: user88<br>Type: 1min<br>Split: train
user88,1min,train,4087,0.9241818,-53.96285,11.283362,-22.789326,User: user88<br>Type: 1min<br>Split: train
user88,1min,train,4088,0.9241818,-53.96285,11.289056,-22.794964,User: user88<br>Type: 1min<br>Split: train
user88,1min,train,4089,0.9241818,-53.96285,11.266626,-22.772442,User: user88<br>Type: 1min<br>Split: train
user88,1min,train,4090,0.9241818,-53.96285,11.265026,-22.770926,User: user88<br>Type: 1min<br>Split: train
user88,1min,train,4091,0.9241818,-53.96285,11.27293,-22.77935,User: user88<br>Type: 1min<br>Split: train
user88,1min,train,4092,0.9241818,-53.96285,11.284445,-22.790417,User: user88<br>Type: 1min<br>Split: train
user88,1min,train,4093,0.9241818,-53.96285,11.254558,-22.760412,User: user88<br>Type: 1min<br>Split: train
user88,1min,train,4094,-7.1569695,-58.159355,11.274029,-22.779905,User: user88<br>Type: 1min<br>Split: train
user88,1min,train,4095,-7.1569695,-58.159355,11.274629,-22.780554,User: user88<br>Type: 1min<br>Split: train
user88,1min,train,4096,0.9241818,-53.96285,11.260995,-22.766699,User: user88<br>Type: 1min<br>Split: train
user88,1min,train,4097,1.4824324,-59.32224,11.267259,-22.773186,User: user88<br>Type: 1min<br>Split: train
user88,1min,train,4098,1.4824324,-59.32224,11.268224,-22.77408,User: user88<br>Type: 1min<br>Split: train
user89,1min,train,4099,135.43289,4.7855973,19.811556,10.244825,User: user89<br>Type: 1min<br>Split: train
user89,1min,train,4100,135.43289,4.7855973,19.81334,10.243619,User: user89<br>Type: 1min<br>Split: train
user89,1min,train,4101,135.43289,4.7855973,19.81863,10.237468,User: user89<br>Type: 1min<br>Split: train
user89,1min,train,4102,135.43289,4.7855973,19.815332,10.2415695,User: user89<br>Type: 1min<br>Split: train
user89,1min,train,4103,135.43289,4.7855973,19.813282,10.240842,User: user89<br>Type: 1min<br>Split: train
user89,1min,train,4104,135.43289,4.7855973,19.813562,10.24273,User: user89<br>Type: 1min<br>Split: train
user89,1min,train,4105,135.43289,4.7855973,19.81146,10.244315,User: user89<br>Type: 1min<br>Split: train
user89,1min,train,4106,135.43289,4.7855973,19.823166,10.252444,User: user89<br>Type: 1min<br>Split: train
user89,1min,train,4107,135.43289,4.7855973,19.811647,10.2448225,User: user89<br>Type: 1min<br>Split: train
user89,1min,train,4108,135.43289,4.7855973,19.813438,10.243402,User: user89<br>Type: 1min<br>Split: train
user89,1min,train,4109,135.43289,4.7855973,19.809,10.247458,User: user89<br>Type: 1min<br>Split: train
user89,1min,train,4110,135.43289,4.7855973,19.809294,10.24523,User: user89<br>Type: 1min<br>Split: train
user89,1min,train,4111,135.43289,4.7855973,19.814196,10.244401,User: user89<br>Type: 1min<br>Split: train
user89,1min,train,4112,135.43289,4.7855973,19.80861,10.245471,User: user89<br>Type: 1min<br>Split: train
user89,1min,train,4113,135.43289,4.7855973,19.81958,10.237796,User: user89<br>Type: 1min<br>Split: train
user89,1min,train,4114,135.43289,4.7855973,19.828236,10.260161,User: user89<br>Type: 1min<br>Split: train
user89,1min,train,4115,135.43289,4.7855973,19.812983,10.245136,User: user89<br>Type: 1min<br>Split: train
user89,1min,train,4116,135.43289,4.7855973,19.812891,10.244791,User: user89<br>Type: 1min<br>Split: train
user89,1min,train,4117,135.43289,4.7855973,19.799377,10.231834,User: user89<br>Type: 1min<br>Split: train
user89,1min,train,4118,135.43289,4.7855973,19.814608,10.244127,User: user89<br>Type: 1min<br>Split: train
user89,1min,train,4119,135.43289,4.7855973,19.812439,10.244678,User: user89<br>Type: 1min<br>Split: train
user89,1min,train,4120,135.43289,4.7855973,19.812418,10.244956,User: user89<br>Type: 1min<br>Split: train
user89,1min,train,4121,135.43289,4.7855973,19.84635,10.276723,User: user89<br>Type: 1min<br>Split: train
user89,1min,train,4122,135.43289,4.7855973,19.812937,10.245203,User: user89<br>Type: 1min<br>Split: train
user89,1min,train,4123,135.43289,4.7855973,19.831146,10.248539,User: user89<br>Type: 1min<br>Split: train
user89,1min,train,4124,135.43289,4.7855973,19.813295,10.245762,User: user89<br>Type: 1min<br>Split: train
user89,1min,train,4125,135.43289,4.7855973,19.797462,10.230134,User: user89<br>Type: 1min<br>Split: train
user89,1min,train,4126,129.52863,-1.4828774,19.812632,10.245293,User: user89<br>Type: 1min<br>Split: train
user89,1min,train,4127,129.52863,-1.4828774,19.81247,10.245072,User: user89<br>Type: 1min<br>Split: train
user89,1min,train,4128,135.43289,4.7855973,19.81255,10.245146,User: user89<br>Type: 1min<br>Split: train
user89,1min,train,4129,135.43289,4.7855973,19.789902,10.221657,User: user89<br>Type: 1min<br>Split: train
user89,1min,train,4130,135.43289,4.7855973,19.81445,10.240308,User: user89<br>Type: 1min<br>Split: train
user89,1min,train,4131,135.43289,4.7855973,19.811926,10.24429,User: user89<br>Type: 1min<br>Split: train
user89,1min,train,4132,135.43289,4.7855973,19.827425,10.247258,User: user89<br>Type: 1min<br>Split: train
user89,1min,train,4133,135.43289,4.7855973,19.812443,10.244494,User: user89<br>Type: 1min<br>Split: train
user89,1min,train,4134,135.43289,4.7855973,19.805622,10.247823,User: user89<br>Type: 1min<br>Split: train
user89,1min,train,4135,135.43289,4.7855973,19.804892,10.23772,User: user89<br>Type: 1min<br>Split: train
user89,1min,train,4136,135.43289,4.7855973,19.818459,10.242739,User: user89<br>Type: 1min<br>Split: train
user89,1min,train,4137,135.43289,4.7855973,19.82753,10.264613,User: user89<br>Type: 1min<br>Split: train
user89,1min,train,4138,135.43289,4.7855973,19.839437,10.271277,User: user89<br>Type: 1min<br>Split: train
user89,1min,train,4139,135.43289,4.7855973,19.815155,10.239245,User: user89<br>Type: 1min<br>Split: train
user89,1min,train,4140,135.43289,4.7855973,19.813358,10.231212,User: user89<br>Type: 1min<br>Split: train
user9,1min,train,4141,119.405075,134.9676,8.132764,27.577219,User: user9<br>Type: 1min<br>Split: train
user9,1min,train,4142,119.405075,134.9676,8.129201,27.576832,User: user9<br>Type: 1min<br>Split: train
user9,1min,train,4143,119.405075,134.9676,8.132101,27.573992,User: user9<br>Type: 1min<br>Split: train
user9,1min,train,4144,119.405075,134.9676,8.129531,27.57649,User: user9<br>Type: 1min<br>Split: train
user9,1min,train,4145,119.405075,134.9676,8.127871,27.575115,User: user9<br>Type: 1min<br>Split: train
user9,1min,train,4146,119.405075,134.9676,8.129667,27.576508,User: user9<br>Type: 1min<br>Split: train
user9,1min,train,4147,119.405075,134.9676,8.127214,27.578424,User: user9<br>Type: 1min<br>Split: train
user9,1min,train,4148,119.405075,134.9676,8.129465,27.576588,User: user9<br>Type: 1min<br>Split: train
user9,1min,train,4149,119.405075,134.9676,8.128874,27.577631,User: user9<br>Type: 1min<br>Split: train
user9,1min,train,4150,119.405075,134.9676,8.129335,27.576637,User: user9<br>Type: 1min<br>Split: train
user9,1min,train,4151,119.405075,134.9676,8.128335,27.576597,User: user9<br>Type: 1min<br>Split: train
user9,1min,train,4152,119.405075,134.9676,8.131038,27.573757,User: user9<br>Type: 1min<br>Split: train
user9,1min,train,4153,119.405075,134.9676,8.128611,27.570864,User: user9<br>Type: 1min<br>Split: train
user9,1min,train,4154,119.405075,134.9676,8.128621,27.576664,User: user9<br>Type: 1min<br>Split: train
user9,1min,train,4155,119.405075,134.9676,8.111554,27.556858,User: user9<br>Type: 1min<br>Split: train
user9,1min,train,4156,119.405075,134.9676,8.132364,27.57814,User: user9<br>Type: 1min<br>Split: train
user9,1min,train,4157,119.405075,134.9676,8.129875,27.575901,User: user9<br>Type: 1min<br>Split: train
user9,1min,train,4158,119.405075,134.9676,8.130241,27.576094,User: user9<br>Type: 1min<br>Split: train
user9,1min,train,4159,119.405075,134.9676,8.136328,27.568726,User: user9<br>Type: 1min<br>Split: train
user9,1min,train,4160,119.405075,134.9676,8.138267,27.572525,User: user9<br>Type: 1min<br>Split: train
user9,1min,train,4161,119.405075,134.9676,8.13376,27.575106,User: user9<br>Type: 1min<br>Split: train
user9,1min,train,4162,119.405075,134.9676,8.124235,27.568419,User: user9<br>Type: 1min<br>Split: train
user9,1min,train,4163,119.405075,134.9676,8.13633,27.580317,User: user9<br>Type: 1min<br>Split: train
user9,1min,train,4164,119.405075,134.9676,8.145892,27.590572,User: user9<br>Type: 1min<br>Split: train
user9,1min,train,4165,119.405075,134.9676,8.130873,27.575258,User: user9<br>Type: 1min<br>Split: train
user9,1min,train,4166,119.405075,134.9676,8.131357,27.575544,User: user9<br>Type: 1min<br>Split: train
user9,1min,train,4167,119.405075,134.9676,8.153413,27.554188,User: user9<br>Type: 1min<br>Split: train
user9,1min,train,4168,119.405075,134.9676,8.138602,27.571667,User: user9<br>Type: 1min<br>Split: train
user9,1min,train,4169,119.405075,134.9676,8.131969,27.574804,User: user9<br>Type: 1min<br>Split: train
user9,1min,train,4170,119.405075,134.9676,8.10738,27.552265,User: user9<br>Type: 1min<br>Split: train
user9,1min,train,4171,119.405075,134.9676,8.117568,27.570198,User: user9<br>Type: 1min<br>Split: train
user9,1min,train,4172,119.405075,134.9676,8.130511,27.574274,User: user9<br>Type: 1min<br>Split: train
user9,1min,train,4173,119.405075,134.9676,8.140155,27.590303,User: user9<br>Type: 1min<br>Split: train
user9,1min,train,4174,119.405075,134.9676,8.143236,27.58662,User: user9<br>Type: 1min<br>Split: train
user9,1min,train,4175,119.405075,134.9676,8.113721,27.590094,User: user9<br>Type: 1min<br>Split: train
user9,1min,train,4176,119.405075,134.9676,8.122823,27.566647,User: user9<br>Type: 1min<br>Split: train
user9,1min,train,4177,119.405075,134.9676,8.130938,27.574623,User: user9<br>Type: 1min<br>Split: train
user9,1min,train,4178,119.405075,134.9676,8.078198,27.623728,User: user9<br>Type: 1min<br>Split: train
user9,1min,train,4179,119.405075,134.9676,8.130619,27.575468,User: user9<br>Type: 1min<br>Split: train
user9,1min,train,4180,119.405075,134.9676,8.119197,27.586948,User: user9<br>Type: 1min<br>Split: train
user9,1min,train,4181,119.405075,134.9676,8.1296625,27.57843,User: user9<br>Type: 1min<br>Split: train
user9,1min,train,4182,119.405075,134.9676,8.127985,27.573963,User: user9<br>Type: 1min<br>Split: train
user9,1min,train,4183,119.405075,134.9676,8.129897,27.57607,User: user9<br>Type: 1min<br>Split: train
user9,1min,train,4184,119.405075,134.9676,8.131144,27.574406,User: user9<br>Type: 1min<br>Split: train
user9,1min,train,4185,119.405075,134.9676,8.131669,27.575968,User: user9<br>Type: 1min<br>Split: train
user9,1min,train,4186,119.405075,134.9676,8.123142,27.582706,User: user9<br>Type: 1min<br>Split: train
user9,1min,train,4187,119.405075,134.9676,8.1297655,27.576004,User: user9<br>Type: 1min<br>Split: train
user1,3min,train,0,13.863741,76.31855,-12.897926,21.958937,User: user1<br>Type: 3min<br>Split: train
user10,3min,train,1,-1.3907136,97.334656,-3.5484507,19.758133,User: user10<br>Type: 3min<br>Split: train
user11,3min,train,2,-137.4076,-103.33537,-14.800076,-2.8563874,User: user11<br>Type: 3min<br>Split: train
user12,3min,train,3,-72.13619,-156.55666,-3.5175717,-13.415324,User: user12<br>Type: 3min<br>Split: train
user13,3min,train,4,-138.71892,46.876972,-2.3979669,12.165441,User: user13<br>Type: 3min<br>Split: train
user14,3min,train,5,-145.96432,107.237465,-23.857965,10.323579,User: user14<br>Type: 3min<br>Split: train
user15,3min,train,6,-108.41618,-112.25345,-12.2214,-2.353586,User: user15<br>Type: 3min<br>Split: train
user16,3min,train,7,-14.740286,205.85985,3.5054934,21.696575,User: user16<br>Type: 3min<br>Split: train
user17,3min,train,8,-195.68074,-15.931047,-24.157074,-3.142654,User: user17<br>Type: 3min<br>Split: train
user18,3min,train,9,-63.888412,73.953804,-15.662502,8.865945,User: user18<br>Type: 3min<br>Split: train
user19,3min,train,10,-166.4242,-96.49441,-11.28167,-9.608011,User: user19<br>Type: 3min<br>Split: train
user2,3min,train,11,60.334183,-131.87576,14.079656,0.60575205,User: user2<br>Type: 3min<br>Split: train
user20,3min,train,12,-105.06311,77.88808,-14.083983,2.5974545,User: user20<br>Type: 3min<br>Split: train
user21,3min,train,13,-60.06158,-23.163872,-20.790815,-15.259369,User: user21<br>Type: 3min<br>Split: train
user22,3min,train,14,-94.92357,6.672643,-5.452802,-1.3791333,User: user22<br>Type: 3min<br>Split: train
user23,3min,train,15,-98.451775,-20.052794,-20.412277,2.0002785,User: user23<br>Type: 3min<br>Split: train
user24,3min,train,16,-52.51017,5.934216,-5.6988587,6.0779862,User: user24<br>Type: 3min<br>Split: train
user25,3min,train,17,-132.98659,73.275345,-15.486786,0.9479656,User: user25<br>Type: 3min<br>Split: train
user26,3min,train,18,-73.31034,115.66984,1.0350783,11.895499,User: user26<br>Type: 3min<br>Split: train
user27,3min,train,19,154.21333,-52.922832,15.702501,3.821863,User: user27<br>Type: 3min<br>Split: train
user28,3min,train,20,-16.752575,142.8599,3.5394235,29.275263,User: user28<br>Type: 3min<br>Split: train
user29,3min,train,21,-164.6717,54.795074,6.347853,3.4597912,User: user29<br>Type: 3min<br>Split: train
user3,3min,train,22,-38.06489,53.211464,0.9592384,26.80097,User: user3<br>Type: 3min<br>Split: train
user30,3min,train,23,-133.4254,-133.25356,-3.5609372,-5.410241,User: user30<br>Type: 3min<br>Split: train
user31,3min,train,24,12.347404,-1.844164,16.323938,10.687852,User: user31<br>Type: 3min<br>Split: train
user32,3min,train,25,-52.54509,200.63278,1.379457,16.491447,User: user32<br>Type: 3min<br>Split: train
user33,3min,train,26,-121.60412,127.08609,-8.7237425,25.378887,User: user33<br>Type: 3min<br>Split: train
user34,3min,train,27,-42.164413,-38.25206,-17.834845,-0.9781419,User: user34<br>Type: 3min<br>Split: train
user35,3min,train,28,167.05638,-2.6472218,26.058277,21.98703,User: user35<br>Type: 3min<br>Split: train
user35,3min,train,29,-11.778402,-11.859678,4.215401,-1.1504594,User: user35<br>Type: 3min<br>Split: train
user35,3min,train,30,167.05638,-2.6472218,26.053572,21.982347,User: user35<br>Type: 3min<br>Split: train
user35,3min,train,31,-20.335432,-5.0037894,4.2087398,-1.1440196,User: user35<br>Type: 3min<br>Split: train
user36,3min,train,32,-196.6053,-46.669827,-19.089813,-2.6761065,User: user36<br>Type: 3min<br>Split: train
user37,3min,train,33,22.970564,107.643776,11.217175,14.059871,User: user37<br>Type: 3min<br>Split: train
user38,3min,train,34,-62.84318,171.02867,0.4977098,19.06355,User: user38<br>Type: 3min<br>Split: train
user39,3min,train,35,-83.50522,-99.28785,-3.338722,1.5752522,User: user39<br>Type: 3min<br>Split: train
user4,3min,train,36,-89.33292,51.406857,-11.511391,10.0284,User: user4<br>Type: 3min<br>Split: train
user40,3min,train,37,-71.57965,-4.132366,-27.577036,6.5446267,User: user40<br>Type: 3min<br>Split: train
user41,3min,train,38,-126.0254,163.50269,-13.019166,9.775098,User: user41<br>Type: 3min<br>Split: train
user42,3min,train,39,11.140395,147.74826,-8.401757,10.09155,User: user42<br>Type: 3min<br>Split: train
user43,3min,train,40,-38.40839,81.84102,-10.266403,18.636646,User: user43<br>Type: 3min<br>Split: train
user44,3min,train,41,-126.801575,-63.609825,-25.97213,0.65783036,User: user44<br>Type: 3min<br>Split: train
user45,3min,train,42,-23.608673,32.238403,-11.1084585,15.163867,User: user45<br>Type: 3min<br>Split: train
user46,3min,train,43,-9.6432085,-35.762337,-1.2122935,-8.949873,User: user46<br>Type: 3min<br>Split: train
user47,3min,train,44,53.44146,-4.4149036,17.848206,23.50525,User: user47<br>Type: 3min<br>Split: train
user48,3min,train,45,63.466167,45.12324,7.279221,20.960363,User: user48<br>Type: 3min<br>Split: train
user49,3min,train,46,142.51956,109.82349,14.262366,19.539547,User: user49<br>Type: 3min<br>Split: train
user5,3min,train,47,-144.17363,2.538802,7.1475706,-2.823122,User: user5<br>Type: 3min<br>Split: train
user50,3min,train,48,-165.25569,-29.547632,-6.9650135,-2.9491248,User: user50<br>Type: 3min<br>Split: train
user51,3min,train,49,-34.59145,-16.559484,-9.864474,1.9192259,User: user51<br>Type: 3min<br>Split: train
user52,3min,train,50,-137.88318,-23.181454,-20.28007,9.316178,User: user52<br>Type: 3min<br>Split: train
user53,3min,train,51,91.53717,-59.223194,2.8365345,-16.913744,User: user53<br>Type: 3min<br>Split: train
user54,3min,train,52,50.826115,-46.471756,28.261324,-3.4321835,User: user54<br>Type: 3min<br>Split: train
user55,3min,train,53,-12.099864,53.11249,12.074242,17.089848,User: user55<br>Type: 3min<br>Split: train
user56,3min,train,54,-116.01288,-83.58743,0.6294294,-6.578477,User: user56<br>Type: 3min<br>Split: train
user57,3min,train,55,-92.59654,180.8146,-5.7308707,15.453649,User: user57<br>Type: 3min<br>Split: train
user58,3min,train,56,-194.49309,-81.73398,-16.248846,-6.044168,User: user58<br>Type: 3min<br>Split: train
user59,3min,train,57,-42.905766,122.347595,-1.5428718,25.730816,User: user59<br>Type: 3min<br>Split: train
user6,3min,train,58,-143.42564,-76.430695,-20.46302,-6.6002455,User: user6<br>Type: 3min<br>Split: train
user60,3min,train,59,104.54602,92.16839,16.565554,7.996995,User: user60<br>Type: 3min<br>Split: train
user61,3min,train,60,13.136969,-132.71332,13.288757,-12.445959,User: user61<br>Type: 3min<br>Split: train
user62,3min,train,61,-161.29836,25.327385,-11.0272255,5.241952,User: user62<br>Type: 3min<br>Split: train
user62,3min,train,62,-102.156555,38.147057,-16.68133,3.7992015,User: user62<br>Type: 3min<br>Split: train
user62,3min,train,63,-161.29836,25.327385,-11.015072,5.2308125,User: user62<br>Type: 3min<br>Split: train
user62,3min,train,64,-105.7373,29.50931,-16.677328,3.7949784,User: user62<br>Type: 3min<br>Split: train
user63,3min,train,65,-76.3527,-55.018288,-11.396329,-4.0954676,User: user63<br>Type: 3min<br>Split: train
user64,3min,train,66,-165.83238,-130.14728,-15.209968,-10.607071,User: user64<br>Type: 3min<br>Split: train
user65,3min,train,67,31.86232,-94.33745,1.5728046,-18.570984,User: user65<br>Type: 3min<br>Split: train
user66,3min,train,68,-30.797297,-98.508545,21.995638,5.1287203,User: user66<br>Type: 3min<br>Split: train
user67,3min,train,69,-122.12124,97.05209,-1.6465508,14.610991,User: user67<br>Type: 3min<br>Split: train
user68,3min,train,70,-61.284966,-85.49953,0.78957963,-11.697767,User: user68<br>Type: 3min<br>Split: train
user69,3min,train,71,-101.18627,-143.4123,-5.6722364,-7.0970287,User: user69<br>Type: 3min<br>Split: train
user7,3min,train,72,-7.1419573,-177.19244,8.030499,-12.856661,User: user7<br>Type: 3min<br>Split: train
user70,3min,train,73,-53.917717,-110.53692,12.470258,5.4025464,User: user70<br>Type: 3min<br>Split: train
user71,3min,train,74,131.66515,-36.84476,18.99457,-1.8949361,User: user71<br>Type: 3min<br>Split: train
user72,3min,train,75,13.62859,22.772324,6.888166,0.35582477,User: user72<br>Type: 3min<br>Split: train
user73,3min,train,76,-22.528036,-53.160408,3.8188114,-8.4015465,User: user73<br>Type: 3min<br>Split: train
user74,3min,train,77,-152.19351,138.6777,-18.36741,20.253517,User: user74<br>Type: 3min<br>Split: train
user75,3min,train,78,117.40484,166.2063,15.52808,32.489895,User: user75<br>Type: 3min<br>Split: train
user76,3min,train,79,138.65271,-15.393615,14.069778,13.878484,User: user76<br>Type: 3min<br>Split: train
user77,3min,train,80,-142.63501,-48.656788,-10.138116,-6.466381,User: user77<br>Type: 3min<br>Split: train
user78,3min,train,81,-170.96631,-1.9590068,-12.924158,-0.2235736,User: user78<br>Type: 3min<br>Split: train
user79,3min,train,82,-30.512867,11.3816,6.110977,26.00595,User: user79<br>Type: 3min<br>Split: train
user8,3min,train,83,-129.58746,24.109426,-13.897355,6.6026087,User: user8<br>Type: 3min<br>Split: train
user80,3min,train,84,84.20569,-148.9275,10.357123,-13.287883,User: user80<br>Type: 3min<br>Split: train
user81,3min,train,85,-113.86219,54.042454,-3.568036,8.313509,User: user81<br>Type: 3min<br>Split: train
user82,3min,train,86,33.775627,-10.916876,13.90095,7.71673,User: user82<br>Type: 3min<br>Split: train
user83,3min,train,87,-25.770061,-124.25772,3.2840672,-4.0925145,User: user83<br>Type: 3min<br>Split: train
user84,3min,train,88,-97.5791,146.49004,-14.453172,24.313427,User: user84<br>Type: 3min<br>Split: train
user85,3min,train,89,136.38219,-81.04708,6.6416707,7.558724,User: user85<br>Type: 3min<br>Split: train
user86,3min,train,90,-46.58125,-171.89458,-0.78989124,-20.257542,User: user86<br>Type: 3min<br>Split: train
user87,3min,train,91,12.871375,46.512875,4.67763,19.041887,User: user87<br>Type: 3min<br>Split: train
user88,3min,train,92,15.223314,-78.70015,5.390474,-4.56713,User: user88<br>Type: 3min<br>Split: train
user89,3min,train,93,140.6399,-112.28211,19.222023,13.647494,User: user89<br>Type: 3min<br>Split: train
user9,3min,train,94,85.470345,69.392166,7.0058203,16.418499,User: user9<br>Type: 3min<br>Split: train
user11,3min,train,95,-137.4076,-103.33537,-14.796188,-2.8596835,User: user11<br>Type: 3min<br>Split: train
user16,3min,train,96,-14.740286,205.85985,3.4989076,21.689943,User: user16<br>Type: 3min<br>Split: train
user18,3min,train,97,-63.888412,73.953804,-15.667544,8.871039,User: user18<br>Type: 3min<br>Split: train
user19,3min,train,98,-166.4242,-96.49441,-11.281696,-9.608005,User: user19<br>Type: 3min<br>Split: train
user22,3min,train,99,-94.92357,6.672643,-5.4438004,-1.3697305,User: user22<br>Type: 3min<br>Split: train
user23,3min,train,100,-98.451775,-20.052794,-20.416304,1.9962362,User: user23<br>Type: 3min<br>Split: train
user25,3min,train,101,-132.98659,73.275345,-0.5450517,2.7012181,User: user25<br>Type: 3min<br>Split: train
user3,3min,train,102,-38.06489,53.211464,0.93220043,26.827965,User: user3<br>Type: 3min<br>Split: train
user32,3min,train,103,-52.54509,200.63278,1.1748315,16.695925,User: user32<br>Type: 3min<br>Split: train
user33,3min,train,104,-121.60412,127.08609,-8.74403,25.399147,User: user33<br>Type: 3min<br>Split: train
user35,3min,train,105,-9.899128,-6.2469883,4.2156153,-1.1582161,User: user35<br>Type: 3min<br>Split: train
user38,3min,train,106,-62.84318,171.02867,0.510471,19.080523,User: user38<br>Type: 3min<br>Split: train
user39,3min,train,107,-83.50522,-99.28785,-8.037734,-8.949224,User: user39<br>Type: 3min<br>Split: train
user4,3min,train,108,-89.33292,51.406857,-1.5910531,0.43592507,User: user4<br>Type: 3min<br>Split: train
user40,3min,train,109,-75.781364,-8.141219,-27.571814,6.54984,User: user40<br>Type: 3min<br>Split: train
user41,3min,train,110,-126.0254,163.50269,-5.8160367,8.005483,User: user41<br>Type: 3min<br>Split: train
user42,3min,train,111,11.140395,147.74826,-8.3979645,10.095339,User: user42<br>Type: 3min<br>Split: train
user45,3min,train,112,-28.594263,32.087917,-11.100755,15.156749,User: user45<br>Type: 3min<br>Split: train
user47,3min,train,113,53.44146,-4.4149036,17.83256,23.50719,User: user47<br>Type: 3min<br>Split: train
user5,3min,train,114,-144.17363,2.538802,-0.2798107,5.4996767,User: user5<br>Type: 3min<br>Split: train
user51,3min,train,115,-34.59145,-16.559484,-9.859933,1.9148974,User: user51<br>Type: 3min<br>Split: train
user52,3min,train,116,-137.88318,-23.181454,-20.286226,9.322317,User: user52<br>Type: 3min<br>Split: train
user53,3min,train,117,91.53717,-59.223194,20.870756,-10.381544,User: user53<br>Type: 3min<br>Split: train
user54,3min,train,118,50.826115,-46.471756,28.265545,-3.427874,User: user54<br>Type: 3min<br>Split: train
user55,3min,train,119,-12.099864,53.11249,11.990032,17.17423,User: user55<br>Type: 3min<br>Split: train
user57,3min,train,120,-92.59654,180.8146,-8.633248,14.830178,User: user57<br>Type: 3min<br>Split: train
user58,3min,train,121,-194.49309,-81.73398,-16.23513,-6.0308843,User: user58<br>Type: 3min<br>Split: train
user59,3min,train,122,-42.905766,122.347595,-3.5533493,24.323608,User: user59<br>Type: 3min<br>Split: train
user60,3min,train,123,104.54602,92.16839,3.7927876,15.133609,User: user60<br>Type: 3min<br>Split: train
user61,3min,train,124,13.136969,-132.71332,13.277884,-12.456886,User: user61<br>Type: 3min<br>Split: train
user62,3min,train,125,-161.29836,25.327385,-11.030214,5.2465844,User: user62<br>Type: 3min<br>Split: train
user63,3min,train,126,-76.3527,-55.018288,-11.396371,-4.0954003,User: user63<br>Type: 3min<br>Split: train
user67,3min,train,127,-122.12124,97.05209,-1.6633857,14.594013,User: user67<br>Type: 3min<br>Split: train
user70,3min,train,128,-53.917717,-110.53692,12.470227,5.402467,User: user70<br>Type: 3min<br>Split: train
user71,3min,train,129,131.66515,-36.84476,19.000145,-1.8881886,User: user71<br>Type: 3min<br>Split: train
user72,3min,train,130,13.62859,22.772324,6.888872,0.3564877,User: user72<br>Type: 3min<br>Split: train
user73,3min,train,131,-22.528036,-53.160408,3.6445193,-8.572316,User: user73<br>Type: 3min<br>Split: train
user75,3min,train,132,117.40484,166.2063,15.527712,32.489548,User: user75<br>Type: 3min<br>Split: train
user76,3min,train,133,138.65271,-15.393615,14.086259,13.894934,User: user76<br>Type: 3min<br>Split: train
user77,3min,train,134,-142.63501,-48.656788,-10.142512,-6.4707623,User: user77<br>Type: 3min<br>Split: train
user79,3min,train,135,-30.512867,11.3816,6.1114235,26.006897,User: user79<br>Type: 3min<br>Split: train
user80,3min,train,136,84.20569,-148.9275,10.357143,-13.287899,User: user80<br>Type: 3min<br>Split: train
user82,3min,train,137,29.121454,-13.748628,13.898636,7.718995,User: user82<br>Type: 3min<br>Split: train
user85,3min,train,138,136.38219,-81.04708,6.644425,7.562588,User: user85<br>Type: 3min<br>Split: train
user87,3min,train,139,12.871375,46.512875,4.6853056,19.048967,User: user87<br>Type: 3min<br>Split: train
user88,3min,train,140,10.523731,-81.482994,15.653377,-5.6564226,User: user88<br>Type: 3min<br>Split: train
user89,3min,train,141,140.6399,-112.28211,19.21058,13.659017,User: user89<br>Type: 3min<br>Split: train
user9,3min,train,142,75.78509,66.43162,7.003491,16.414154,User: user9<br>Type: 3min<br>Split: train
user12,3min,train,143,-72.13619,-156.55666,-3.8917463,-18.982977,User: user12<br>Type: 3min<br>Split: train
user14,3min,train,144,-145.96432,107.237465,-23.858093,10.323476,User: user14<br>Type: 3min<br>Split: train
user16,3min,train,145,-14.740286,205.85985,3.5050788,21.696377,User: user16<br>Type: 3min<br>Split: train
user17,3min,train,146,-195.68074,-15.931047,-18.545668,6.9630966,User: user17<br>Type: 3min<br>Split: train
user19,3min,train,147,-166.4242,-96.49441,-11.281713,-9.608008,User: user19<br>Type: 3min<br>Split: train
user20,3min,train,148,-105.06311,77.88808,-14.083346,2.597493,User: user20<br>Type: 3min<br>Split: train
user21,3min,train,149,-60.06158,-23.163872,-20.794485,-15.263067,User: user21<br>Type: 3min<br>Split: train
user22,3min,train,150,-94.92357,6.672643,-5.4533653,-1.379649,User: user22<br>Type: 3min<br>Split: train
user23,3min,train,151,-98.451775,-20.052794,-20.406542,2.0058692,User: user23<br>Type: 3min<br>Split: train
user24,3min,train,152,-52.51017,5.934216,-14.570876,16.322205,User: user24<br>Type: 3min<br>Split: train
user26,3min,train,153,-73.31034,115.66984,1.0407014,11.901416,User: user26<br>Type: 3min<br>Split: train
user27,3min,train,154,154.21333,-52.922832,15.702656,3.8217418,User: user27<br>Type: 3min<br>Split: train
user31,3min,train,155,7.127656,-0.07572798,16.30767,10.695916,User: user31<br>Type: 3min<br>Split: train
user32,3min,train,156,-52.54509,200.63278,1.3791221,16.49174,User: user32<br>Type: 3min<br>Split: train
user34,3min,train,157,-42.164413,-38.25206,-17.834944,-0.9782583,User: user34<br>Type: 3min<br>Split: train
user35,3min,train,158,-20.335432,-5.0037894,4.2173057,-1.153007,User: user35<br>Type: 3min<br>Split: train
user36,3min,train,159,-196.6053,-46.669827,-19.087711,-2.6778834,User: user36<br>Type: 3min<br>Split: train
user4,3min,train,160,-89.33292,51.406857,-11.511288,10.028441,User: user4<br>Type: 3min<br>Split: train
user44,3min,train,161,-126.801575,-63.609825,-25.96417,0.64965004,User: user44<br>Type: 3min<br>Split: train
user48,3min,train,162,63.466167,45.12324,7.281785,20.962954,User: user48<br>Type: 3min<br>Split: train
user51,3min,train,163,-34.59145,-16.559484,-9.854862,1.9098926,User: user51<br>Type: 3min<br>Split: train
user54,3min,train,164,50.826115,-46.471756,28.264929,-3.428243,User: user54<br>Type: 3min<br>Split: train
user56,3min,train,165,-116.01288,-83.58743,0.6375351,-6.586717,User: user56<br>Type: 3min<br>Split: train
user6,3min,train,166,-143.42564,-76.430695,-20.463623,-6.6008415,User: user6<br>Type: 3min<br>Split: train
user60,3min,train,167,104.54602,92.16839,16.56539,7.996997,User: user60<br>Type: 3min<br>Split: train
user62,3min,train,168,-161.29836,25.327385,-11.033036,5.2487226,User: user62<br>Type: 3min<br>Split: train
user62,3min,train,169,-105.7373,29.50931,-16.68401,3.8018064,User: user62<br>Type: 3min<br>Split: train
user66,3min,train,170,-30.797297,-98.508545,21.99819,5.12639,User: user66<br>Type: 3min<br>Split: train
user68,3min,train,171,-61.284966,-85.49953,0.60481256,-11.512617,User: user68<br>Type: 3min<br>Split: train
user69,3min,train,172,-101.18627,-143.4123,-5.673093,-7.0968227,User: user69<br>Type: 3min<br>Split: train
user7,3min,train,173,-7.1419573,-177.19244,-3.6404545,-3.471821,User: user7<br>Type: 3min<br>Split: train
user72,3min,train,174,13.62859,22.772324,6.88886,0.35647115,User: user72<br>Type: 3min<br>Split: train
user73,3min,train,175,-22.528036,-53.160408,3.6448746,-8.571874,User: user73<br>Type: 3min<br>Split: train
user74,3min,train,176,-152.19351,138.6777,-18.366636,20.257282,User: user74<br>Type: 3min<br>Split: train
user75,3min,train,177,117.40484,166.2063,15.528063,32.48989,User: user75<br>Type: 3min<br>Split: train
user76,3min,train,178,138.65271,-15.393615,14.092946,13.901665,User: user76<br>Type: 3min<br>Split: train
user77,3min,train,179,-142.63501,-48.656788,-10.024692,-6.3545322,User: user77<br>Type: 3min<br>Split: train
user79,3min,train,180,-30.512867,11.3816,6.113138,26.008621,User: user79<br>Type: 3min<br>Split: train
user8,3min,train,181,-129.58746,24.109426,-4.136501,17.181952,User: user8<br>Type: 3min<br>Split: train
user80,3min,train,182,84.20569,-148.9275,10.290139,-5.1291,User: user80<br>Type: 3min<br>Split: train
user82,3min,train,183,29.121454,-13.748628,13.910341,7.707548,User: user82<br>Type: 3min<br>Split: train
user84,3min,train,184,-97.5791,146.49004,-14.454554,24.312048,User: user84<br>Type: 3min<br>Split: train
user86,3min,train,185,-46.58125,-171.89458,-0.7932954,-20.254316,User: user86<br>Type: 3min<br>Split: train
user88,3min,train,186,15.223314,-78.70015,15.64751,-5.6503935,User: user88<br>Type: 3min<br>Split: train
user9,3min,train,187,75.78509,66.43162,7.0079517,16.421696,User: user9<br>Type: 3min<br>Split: train
user10,3min,train,188,-1.3907136,97.334656,-3.5492742,19.757246,User: user10<br>Type: 3min<br>Split: train
user17,3min,train,189,-195.68074,-15.931047,-24.159653,-3.1402981,User: user17<br>Type: 3min<br>Split: train
user18,3min,train,190,-68.75002,66.9487,-15.661603,8.865455,User: user18<br>Type: 3min<br>Split: train
user2,3min,train,191,60.334183,-131.87576,14.075617,0.601682,User: user2<br>Type: 3min<br>Split: train
user23,3min,train,192,-98.451775,-20.052794,-20.414381,1.9980346,User: user23<br>Type: 3min<br>Split: train
user26,3min,train,193,-73.31034,115.66984,1.040927,11.901233,User: user26<br>Type: 3min<br>Split: train
user27,3min,train,194,154.21333,-52.922832,15.707525,3.8167834,User: user27<br>Type: 3min<br>Split: train
user33,3min,train,195,-121.60412,127.08609,-8.732455,25.387657,User: user33<br>Type: 3min<br>Split: train
user35,3min,train,196,167.05638,-2.6472218,26.056427,21.985203,User: user35<br>Type: 3min<br>Split: train
user35,3min,train,197,-9.899128,-6.2469883,4.2216873,-1.1566614,User: user35<br>Type: 3min<br>Split: train
user36,3min,train,198,-196.6053,-46.669827,-19.065874,-2.6997523,User: user36<br>Type: 3min<br>Split: train
user37,3min,train,199,22.970564,107.643776,10.650977,13.629237,User: user37<br>Type: 3min<br>Split: train
user39,3min,train,200,-83.50522,-99.28785,-3.3391364,1.5741756,User: user39<br>Type: 3min<br>Split: train
user4,3min,train,201,-89.33292,51.406857,-11.511609,10.028112,User: user4<br>Type: 3min<br>Split: train
user43,3min,train,202,-38.40839,81.84102,-11.063212,19.515009,User: user43<br>Type: 3min<br>Split: train
user45,3min,train,203,-28.594263,32.087917,-11.110933,15.166999,User: user45<br>Type: 3min<br>Split: train
user47,3min,train,204,58.35414,-1.0038519,17.83788,23.493427,User: user47<br>Type: 3min<br>Split: train
user48,3min,train,205,63.466167,45.12324,7.269834,20.95112,User: user48<br>Type: 3min<br>Split: train
user49,3min,train,206,142.51956,109.82349,14.262211,19.539452,User: user49<br>Type: 3min<br>Split: train
user51,3min,train,207,-34.59145,-16.559484,-9.864859,1.9198182,User: user51<br>Type: 3min<br>Split: train
user52,3min,train,208,-137.88318,-23.181454,-24.001144,4.182363,User: user52<br>Type: 3min<br>Split: train
user54,3min,train,209,48.614914,-41.05999,28.283712,-3.4097462,User: user54<br>Type: 3min<br>Split: train
user55,3min,train,210,-12.099864,53.11249,12.003084,17.16114,User: user55<br>Type: 3min<br>Split: train
user57,3min,train,211,-92.59654,180.8146,-8.628943,14.825948,User: user57<br>Type: 3min<br>Split: train
user59,3min,train,212,-42.905766,122.347595,-1.5426943,25.730198,User: user59<br>Type: 3min<br>Split: train
user62,3min,train,213,-105.7373,29.50931,-16.672207,3.7907653,User: user62<br>Type: 3min<br>Split: train
user63,3min,train,214,-76.3527,-55.018288,-17.004385,-8.165185,User: user63<br>Type: 3min<br>Split: train
user64,3min,train,215,-165.83238,-130.14728,-15.288858,-10.528091,User: user64<br>Type: 3min<br>Split: train
user66,3min,train,216,-30.797297,-98.508545,21.992887,5.1317143,User: user66<br>Type: 3min<br>Split: train
user67,3min,train,217,-122.12124,97.05209,-1.6771907,14.58006,User: user67<br>Type: 3min<br>Split: train
user69,3min,train,218,-101.18627,-143.4123,-1.9752344,-1.7123033,User: user69<br>Type: 3min<br>Split: train
user70,3min,train,219,-53.917717,-110.53692,12.470265,5.402512,User: user70<br>Type: 3min<br>Split: train
user71,3min,train,220,131.66515,-36.84476,18.999922,-1.8891265,User: user71<br>Type: 3min<br>Split: train
user72,3min,train,221,13.62859,22.772324,6.888873,0.35650674,User: user72<br>Type: 3min<br>Split: train
user73,3min,train,222,-24.10208,-63.022884,3.803006,-8.417303,User: user73<br>Type: 3min<br>Split: train
user76,3min,train,223,147.56464,-18.857899,14.12845,13.936554,User: user76<br>Type: 3min<br>Split: train
user78,3min,train,224,-170.96631,-1.9590068,-12.921314,-0.23264693,User: user78<br>Type: 3min<br>Split: train
user79,3min,train,225,-30.512867,11.3816,6.117388,26.012854,User: user79<br>Type: 3min<br>Split: train
user8,3min,train,226,-129.58746,24.109426,-4.1353397,17.183525,User: user8<br>Type: 3min<br>Split: train
user83,3min,train,227,-25.770061,-124.25772,3.3261347,-4.0492663,User: user83<br>Type: 3min<br>Split: train
user84,3min,train,228,-97.5791,146.49004,-14.453156,24.31353,User: user84<br>Type: 3min<br>Split: train
user85,3min,train,229,136.38219,-81.04708,6.642065,7.5602503,User: user85<br>Type: 3min<br>Split: train
user86,3min,train,230,-46.58125,-171.89458,-0.7934946,-20.25463,User: user86<br>Type: 3min<br>Split: train
user87,3min,train,231,12.871375,46.512875,4.678207,19.041744,User: user87<br>Type: 3min<br>Split: train
user88,3min,train,232,15.223314,-78.70015,15.647581,-5.650368,User: user88<br>Type: 3min<br>Split: train
user1,3min,train,233,13.863741,76.31855,-12.899865,21.960842,User: user1<br>Type: 3min<br>Split: train
user10,3min,train,234,-1.3907136,97.334656,-3.5487714,19.757772,User: user10<br>Type: 3min<br>Split: train
user11,3min,train,235,-137.4076,-103.33537,-14.795923,-2.860097,User: user11<br>Type: 3min<br>Split: train
user13,3min,train,236,-138.71892,46.876972,-2.398931,12.166397,User: user13<br>Type: 3min<br>Split: train
user15,3min,train,237,-108.41618,-112.25345,2.906499,2.349739,User: user15<br>Type: 3min<br>Split: train
user16,3min,train,238,-14.740286,205.85985,3.605321,21.796488,User: user16<br>Type: 3min<br>Split: train
user17,3min,train,239,-195.68074,-15.931047,-24.160175,-3.1407678,User: user17<br>Type: 3min<br>Split: train
user19,3min,train,240,-166.4242,-96.49441,-2.2688115,-10.767586,User: user19<br>Type: 3min<br>Split: train
user2,3min,train,241,60.334183,-131.87576,14.073211,0.5992148,User: user2<br>Type: 3min<br>Split: train
user21,3min,train,242,-60.06158,-23.163872,-20.787518,-15.256516,User: user21<br>Type: 3min<br>Split: train
user22,3min,train,243,-94.92357,6.672643,-5.4524617,-1.378747,User: user22<br>Type: 3min<br>Split: train
user23,3min,train,244,-98.451775,-20.052794,-20.413872,2.0053804,User: user23<br>Type: 3min<br>Split: train
user24,3min,train,245,-52.51017,5.934216,-5.698771,6.078007,User: user24<br>Type: 3min<br>Split: train
user25,3min,train,246,-132.98659,73.275345,-15.486752,0.9479259,User: user25<br>Type: 3min<br>Split: train
user26,3min,train,247,-73.31034,115.66984,1.0488031,11.9093485,User: user26<br>Type: 3min<br>Split: train
user29,3min,train,248,-164.6717,54.795074,6.347821,3.4597878,User: user29<br>Type: 3min<br>Split: train
user30,3min,train,249,-133.4254,-133.25356,-16.562834,-15.192961,User: user30<br>Type: 3min<br>Split: train
user31,3min,train,250,7.127656,-0.07572798,16.310358,10.702411,User: user31<br>Type: 3min<br>Split: train
user32,3min,train,251,-52.54509,200.63278,1.3881786,16.482767,User: user32<br>Type: 3min<br>Split: train
user33,3min,train,252,-121.60412,127.08609,-8.736081,25.391188,User: user33<br>Type: 3min<br>Split: train
user34,3min,train,253,-46.07739,-41.95224,-17.83498,-0.97831833,User: user34<br>Type: 3min<br>Split: train
user35,3min,train,254,-20.335432,-5.0037894,4.220519,-1.156721,User: user35<br>Type: 3min<br>Split: train
user36,3min,train,255,-196.6053,-46.669827,-19.090475,-2.6761737,User: user36<br>Type: 3min<br>Split: train
user39,3min,train,256,-83.50522,-99.28785,-8.037773,-8.949262,User: user39<br>Type: 3min<br>Split: train
user40,3min,train,257,-75.781364,-8.141219,-27.57797,6.543679,User: user40<br>Type: 3min<br>Split: train
user42,3min,train,258,11.140395,147.74826,-8.401084,10.092046,User: user42<br>Type: 3min<br>Split: train
user43,3min,train,259,-38.40839,81.84102,-11.049804,19.501894,User: user43<br>Type: 3min<br>Split: train
user44,3min,train,260,-97.63191,-53.365215,-25.959606,0.64504325,User: user44<br>Type: 3min<br>Split: train
user46,3min,train,261,-9.6432085,-35.762337,-1.2278553,-8.965578,User: user46<br>Type: 3min<br>Split: train
user47,3min,train,262,58.35414,-1.0038519,17.842327,23.496525,User: user47<br>Type: 3min<br>Split: train
user54,3min,train,263,48.614914,-41.05999,28.26627,-3.4271986,User: user54<br>Type: 3min<br>Split: train
user56,3min,train,264,-116.01288,-83.58743,0.6021391,-6.5522685,User: user56<br>Type: 3min<br>Split: train
user57,3min,train,265,-92.59654,180.8146,-8.6280985,14.822269,User: user57<br>Type: 3min<br>Split: train
user58,3min,train,266,-194.49309,-81.73398,-16.25966,-6.054833,User: user58<br>Type: 3min<br>Split: train
user59,3min,train,267,-42.905766,122.347595,-3.5534291,24.323593,User: user59<br>Type: 3min<br>Split: train
user6,3min,train,268,-143.42564,-76.430695,-20.478544,-6.6157713,User: user6<br>Type: 3min<br>Split: train
user62,3min,train,269,-105.7373,29.50931,-16.681452,3.7992494,User: user62<br>Type: 3min<br>Split: train
user64,3min,train,270,-165.83238,-130.14728,-15.289374,-10.5275755,User: user64<br>Type: 3min<br>Split: train
user66,3min,train,271,-30.797297,-98.508545,21.994854,5.127633,User: user66<br>Type: 3min<br>Split: train
user68,3min,train,272,-61.284966,-85.49953,0.602622,-11.510424,User: user68<br>Type: 3min<br>Split: train
user7,3min,train,273,-7.1419573,-177.19244,-3.6404662,-3.4717505,User: user7<br>Type: 3min<br>Split: train
user70,3min,train,274,-53.917717,-110.53692,8.793493,-8.032151,User: user70<br>Type: 3min<br>Split: train
user72,3min,train,275,13.62859,22.772324,6.8890624,0.35650888,User: user72<br>Type: 3min<br>Split: train
user73,3min,train,276,-28.42152,-53.697807,3.6479409,-8.56885,User: user73<br>Type: 3min<br>Split: train
user74,3min,train,277,-152.19351,138.6777,-18.366076,20.255978,User: user74<br>Type: 3min<br>Split: train
user77,3min,train,278,-142.63501,-48.656788,-9.980528,-6.3110447,User: user77<br>Type: 3min<br>Split: train
user79,3min,train,279,-30.512867,11.3816,6.1127048,26.00813,User: user79<br>Type: 3min<br>Split: train
user81,3min,train,280,-113.86219,54.042454,-5.705787,12.343321,User: user81<br>Type: 3min<br>Split: train
user82,3min,train,281,29.121454,-13.748628,13.918611,7.6996984,User: user82<br>Type: 3min<br>Split: train
user83,3min,train,282,-25.770061,-124.25772,3.3202736,-4.055389,User: user83<br>Type: 3min<br>Split: train
user84,3min,train,283,-97.5791,146.49004,-14.443907,24.322561,User: user84<br>Type: 3min<br>Split: train
user85,3min,train,284,136.38219,-81.04708,6.6430306,7.561238,User: user85<br>Type: 3min<br>Split: train
user87,3min,train,285,12.871375,46.512875,4.6802073,19.042814,User: user87<br>Type: 3min<br>Split: train
user89,3min,train,286,140.6399,-112.28211,19.218431,13.6510315,User: user89<br>Type: 3min<br>Split: train
user12,3min,train,287,-72.13619,-156.55666,-3.8836262,-18.974913,User: user12<br>Type: 3min<br>Split: train
user19,3min,train,288,-166.4242,-96.49441,-11.280555,-9.600109,User: user19<br>Type: 3min<br>Split: train
user23,3min,train,289,-98.451775,-20.052794,-20.409945,2.002819,User: user23<br>Type: 3min<br>Split: train
user26,3min,train,290,-73.31034,115.66984,1.0408657,11.901622,User: user26<br>Type: 3min<br>Split: train
user27,3min,train,291,154.21333,-52.922832,15.700733,3.8236554,User: user27<br>Type: 3min<br>Split: train
user28,3min,train,292,-16.752575,142.8599,3.539004,29.274847,User: user28<br>Type: 3min<br>Split: train
user29,3min,train,293,-164.6717,54.795074,6.3477554,3.4597056,User: user29<br>Type: 3min<br>Split: train
user30,3min,train,294,-133.4254,-133.25356,-16.563019,-15.192738,User: user30<br>Type: 3min<br>Split: train
user31,3min,train,295,12.347404,-1.844164,16.31148,10.707001,User: user31<br>Type: 3min<br>Split: train
user34,3min,train,296,-46.07739,-41.95224,-7.219862,3.1278172,User: user34<br>Type: 3min<br>Split: train
user35,3min,train,297,167.05638,-2.6472218,26.057741,21.986504,User: user35<br>Type: 3min<br>Split: train
user38,3min,train,298,-62.84318,171.02867,0.49709588,19.068626,User: user38<br>Type: 3min<br>Split: train
user39,3min,train,299,-83.50522,-99.28785,-8.037753,-8.949302,User: user39<br>Type: 3min<br>Split: train
user4,3min,train,300,-89.33292,51.406857,-11.510851,10.028235,User: user4<br>Type: 3min<br>Split: train
user42,3min,train,301,11.140395,147.74826,-8.401821,10.0915985,User: user42<br>Type: 3min<br>Split: train
user43,3min,train,302,-38.40839,81.84102,-11.0606,19.505684,User: user43<br>Type: 3min<br>Split: train
user44,3min,train,303,-97.63191,-53.365215,-25.964062,0.6495344,User: user44<br>Type: 3min<br>Split: train
user45,3min,train,304,-22.06412,36.96605,-11.119317,15.175385,User: user45<br>Type: 3min<br>Split: train
user47,3min,train,305,58.35414,-1.0038519,17.842434,23.496445,User: user47<br>Type: 3min<br>Split: train
user49,3min,train,306,142.51956,109.82349,14.261869,19.539703,User: user49<br>Type: 3min<br>Split: train
user5,3min,train,307,-144.17363,2.538802,7.147533,-2.8230119,User: user5<br>Type: 3min<br>Split: train
user53,3min,train,308,91.53717,-59.223194,20.86371,-10.388345,User: user53<br>Type: 3min<br>Split: train
user55,3min,train,309,-12.099864,53.11249,12.076198,17.087921,User: user55<br>Type: 3min<br>Split: train
user57,3min,train,310,-92.59654,180.8146,-8.632943,14.8297205,User: user57<br>Type: 3min<br>Split: train
user6,3min,train,311,-143.42564,-76.430695,-20.458746,-6.595928,User: user6<br>Type: 3min<br>Split: train
user61,3min,train,312,13.136969,-132.71332,13.294291,-12.440607,User: user61<br>Type: 3min<br>Split: train
user62,3min,train,313,-105.7373,29.50931,-16.668348,3.7860477,User: user62<br>Type: 3min<br>Split: train
user63,3min,train,314,-76.3527,-55.018288,-11.396343,-4.095468,User: user63<br>Type: 3min<br>Split: train
user65,3min,train,315,31.86232,-94.33745,10.954647,-7.4023848,User: user65<br>Type: 3min<br>Split: train
user68,3min,train,316,-61.284966,-85.49953,0.5721321,-11.479685,User: user68<br>Type: 3min<br>Split: train
user69,3min,train,317,-101.18627,-143.4123,-1.9751723,-1.7122127,User: user69<br>Type: 3min<br>Split: train
user70,3min,train,318,-53.917717,-110.53692,8.798624,-8.036627,User: user70<br>Type: 3min<br>Split: train
user71,3min,train,319,131.66515,-36.84476,19.005873,-1.8736445,User: user71<br>Type: 3min<br>Split: train
user72,3min,train,320,13.62859,22.772324,6.891056,0.3586388,User: user72<br>Type: 3min<br>Split: train
user73,3min,train,321,-28.42152,-53.697807,3.6194804,-8.596815,User: user73<br>Type: 3min<br>Split: train
user77,3min,train,322,-142.63501,-48.656788,-9.985364,-6.3158026,User: user77<br>Type: 3min<br>Split: train
user80,3min,train,323,84.20569,-148.9275,10.294235,-5.1282954,User: user80<br>Type: 3min<br>Split: train
user81,3min,train,324,-113.86219,54.042454,-5.7057085,12.343369,User: user81<br>Type: 3min<br>Split: train
user82,3min,train,325,29.121454,-13.748628,13.912519,7.705286,User: user82<br>Type: 3min<br>Split: train
user83,3min,train,326,-25.770061,-124.25772,3.2872138,-4.0897164,User: user83<br>Type: 3min<br>Split: train
user84,3min,train,327,-97.5791,146.49004,-14.449103,24.317612,User: user84<br>Type: 3min<br>Split: train
user86,3min,train,328,-46.58125,-171.89458,-0.79328626,-20.254833,User: user86<br>Type: 3min<br>Split: train
user87,3min,train,329,12.871375,46.512875,4.6826606,19.045948,User: user87<br>Type: 3min<br>Split: train
user88,3min,train,330,15.223314,-78.70015,5.3909373,-4.5671825,User: user88<br>Type: 3min<br>Split: train
user89,3min,train,331,140.6399,-112.28211,19.221945,13.647665,User: user89<br>Type: 3min<br>Split: train
user9,3min,train,332,75.78509,66.43162,7.0017357,16.41412,User: user9<br>Type: 3min<br>Split: train
user1,3min,train,333,13.863741,76.31855,-12.896266,21.957335,User: user1<br>Type: 3min<br>Split: train
user11,3min,train,334,-137.4076,-103.33537,-14.792935,-2.864123,User: user11<br>Type: 3min<br>Split: train
user12,3min,train,335,-72.13619,-156.55666,-3.5177817,-13.415173,User: user12<br>Type: 3min<br>Split: train
user19,3min,train,336,-166.4242,-96.49441,-2.2689364,-10.76774,User: user19<br>Type: 3min<br>Split: train
user2,3min,train,337,60.334183,-131.87576,14.068382,0.5940523,User: user2<br>Type: 3min<br>Split: train
user20,3min,train,338,-105.06311,77.88808,-14.083375,2.5974987,User: user20<br>Type: 3min<br>Split: train
user21,3min,train,339,-60.06158,-23.163872,-20.792555,-15.261184,User: user21<br>Type: 3min<br>Split: train
user23,3min,train,340,-98.451775,-20.052794,-20.412767,1.9999783,User: user23<br>Type: 3min<br>Split: train
user24,3min,train,341,-52.40137,0.21165341,-14.573742,16.325178,User: user24<br>Type: 3min<br>Split: train
user25,3min,train,342,-132.98659,73.275345,-15.486758,0.94802964,User: user25<br>Type: 3min<br>Split: train
user26,3min,train,343,-73.31034,115.66984,1.0408858,11.901638,User: user26<br>Type: 3min<br>Split: train
user27,3min,train,344,154.21333,-52.922832,15.697269,3.8270364,User: user27<br>Type: 3min<br>Split: train
user30,3min,train,345,-133.4254,-133.25356,-16.562874,-15.192907,User: user30<br>Type: 3min<br>Split: train
user33,3min,train,346,-121.60412,127.08609,-8.728812,25.384026,User: user33<br>Type: 3min<br>Split: train
user35,3min,train,347,167.05638,-2.6472218,26.058046,21.986813,User: user35<br>Type: 3min<br>Split: train
user35,3min,train,348,-11.778402,-11.859678,4.220633,-1.1575018,User: user35<br>Type: 3min<br>Split: train
user38,3min,train,349,-62.84318,171.02867,0.4903637,19.060913,User: user38<br>Type: 3min<br>Split: train
user4,3min,train,350,-93.08352,58.8252,-1.5912317,0.436181,User: user4<br>Type: 3min<br>Split: train
user40,3min,train,351,-83.30343,-6.816241,-27.583542,6.538099,User: user40<br>Type: 3min<br>Split: train
user41,3min,train,352,-126.0254,163.50269,-5.8159447,8.00541,User: user41<br>Type: 3min<br>Split: train
user42,3min,train,353,11.140395,147.74826,-8.396103,10.097257,User: user42<br>Type: 3min<br>Split: train
user50,3min,train,354,-165.25569,-29.547632,-6.9650183,-2.9491193,User: user50<br>Type: 3min<br>Split: train
user53,3min,train,355,91.53717,-59.223194,20.865068,-10.386959,User: user53<br>Type: 3min<br>Split: train
user54,3min,train,356,50.826115,-46.471756,28.268509,-3.4249506,User: user54<br>Type: 3min<br>Split: train
user55,3min,train,357,-7.6376166,56.571766,11.990377,17.173899,User: user55<br>Type: 3min<br>Split: train
user56,3min,train,358,-116.01288,-83.58743,0.6122253,-6.561754,User: user56<br>Type: 3min<br>Split: train
user57,3min,train,359,-92.59654,180.8146,-5.730806,15.453644,User: user57<br>Type: 3min<br>Split: train
user58,3min,train,360,-194.49309,-81.73398,-16.231834,-6.027484,User: user58<br>Type: 3min<br>Split: train
user6,3min,train,361,-143.42564,-76.430695,-20.46386,-6.601085,User: user6<br>Type: 3min<br>Split: train
user62,3min,train,362,-105.7373,29.50931,-16.674059,3.7907257,User: user62<br>Type: 3min<br>Split: train
user63,3min,train,363,-76.3527,-55.018288,-17.003895,-8.165523,User: user63<br>Type: 3min<br>Split: train
user64,3min,train,364,-165.83238,-130.14728,-15.292779,-10.524638,User: user64<br>Type: 3min<br>Split: train
user66,3min,train,365,-30.797297,-98.508545,21.996996,5.127358,User: user66<br>Type: 3min<br>Split: train
user68,3min,train,366,-61.284966,-85.49953,0.668792,-11.576629,User: user68<br>Type: 3min<br>Split: train
user7,3min,train,367,-7.1419573,-177.19244,-3.6397047,-3.472615,User: user7<br>Type: 3min<br>Split: train
user70,3min,train,368,-53.917717,-110.53692,8.793822,-8.032412,User: user70<br>Type: 3min<br>Split: train
user71,3min,train,369,131.66515,-36.84476,18.99722,-1.8908478,User: user71<br>Type: 3min<br>Split: train
user72,3min,train,370,13.62859,22.772324,6.8894486,0.35702607,User: user72<br>Type: 3min<br>Split: train
user73,3min,train,371,-28.42152,-53.697807,3.6137307,-8.602148,User: user73<br>Type: 3min<br>Split: train
user74,3min,train,372,-152.19351,138.6777,-18.36454,20.257053,User: user74<br>Type: 3min<br>Split: train
user75,3min,train,373,117.40484,166.2063,15.516567,32.47835,User: user75<br>Type: 3min<br>Split: train
user76,3min,train,374,138.65271,-15.393615,14.0868025,13.895549,User: user76<br>Type: 3min<br>Split: train
user77,3min,train,375,-142.63501,-48.656788,-9.982591,-6.3129826,User: user77<br>Type: 3min<br>Split: train
user78,3min,train,376,-170.96631,-1.9590068,-12.920597,-0.22734591,User: user78<br>Type: 3min<br>Split: train
user8,3min,train,377,-129.58746,24.109426,-13.8974495,6.6026616,User: user8<br>Type: 3min<br>Split: train
user80,3min,train,378,84.20569,-148.9275,10.35686,-13.28793,User: user80<br>Type: 3min<br>Split: train
user83,3min,train,379,-25.770061,-124.25772,3.2967062,-4.0825872,User: user83<br>Type: 3min<br>Split: train
user85,3min,train,380,136.38219,-81.04708,6.636743,7.555095,User: user85<br>Type: 3min<br>Split: train
user89,3min,train,381,140.6399,-112.28211,19.221596,13.647907,User: user89<br>Type: 3min<br>Split: train
user9,3min,train,382,85.470345,69.392166,6.9883356,16.39938,User: user9<br>Type: 3min<br>Split: train
user1,3min,train,383,15.5723505,67.43697,-12.898077,21.9591,User: user1<br>Type: 3min<br>Split: train
user10,3min,train,384,-1.3907136,97.334656,-3.5486245,19.757858,User: user10<br>Type: 3min<br>Split: train
user13,3min,train,385,-138.71892,46.876972,-2.3984919,12.165611,User: user13<br>Type: 3min<br>Split: train
user14,3min,train,386,-145.96432,107.237465,-23.854279,10.329672,User: user14<br>Type: 3min<br>Split: train
user16,3min,train,387,-14.740286,205.85985,3.504957,21.696066,User: user16<br>Type: 3min<br>Split: train
user17,3min,train,388,-195.68074,-15.931047,-18.545675,6.9631376,User: user17<br>Type: 3min<br>Split: train
user19,3min,train,389,-166.4242,-96.49441,-2.2680728,-10.766665,User: user19<br>Type: 3min<br>Split: train
user20,3min,train,390,-105.06311,77.88808,-14.083285,2.5973883,User: user20<br>Type: 3min<br>Split: train
user23,3min,train,391,-98.451775,-20.052794,-20.410952,2.0018206,User: user23<br>Type: 3min<br>Split: train
user24,3min,train,392,-52.40137,0.21165341,-5.6988454,6.0780954,User: user24<br>Type: 3min<br>Split: train
user26,3min,train,393,-73.31034,115.66984,1.0194713,11.879212,User: user26<br>Type: 3min<br>Split: train
user27,3min,train,394,154.21333,-52.922832,15.693883,3.8306112,User: user27<br>Type: 3min<br>Split: train
user3,3min,train,395,-33.07321,53.066944,0.9604188,26.799797,User: user3<br>Type: 3min<br>Split: train
user30,3min,train,396,-133.4254,-133.25356,-16.551449,-15.203719,User: user30<br>Type: 3min<br>Split: train
user33,3min,train,397,-121.60412,127.08609,-8.733432,25.389236,User: user33<br>Type: 3min<br>Split: train
user35,3min,train,398,-11.778402,-11.859678,4.2190337,-1.1551436,User: user35<br>Type: 3min<br>Split: train
user37,3min,train,399,22.970564,107.643776,11.216582,14.059444,User: user37<br>Type: 3min<br>Split: train
user39,3min,train,400,-83.50522,-99.28785,-8.037781,-8.949297,User: user39<br>Type: 3min<br>Split: train
user4,3min,train,401,-89.33292,51.406857,-1.5913458,0.43604255,User: user4<br>Type: 3min<br>Split: train
user40,3min,train,402,-76.4712,-2.9430878,-27.574816,6.546868,User: user40<br>Type: 3min<br>Split: train
user43,3min,train,403,-38.40839,81.84102,-11.062791,19.514454,User: user43<br>Type: 3min<br>Split: train
user47,3min,train,404,53.44146,-4.4149036,17.842922,23.496614,User: user47<br>Type: 3min<br>Split: train
user5,3min,train,405,-144.17363,2.538802,-0.2804785,5.4983387,User: user5<br>Type: 3min<br>Split: train
user50,3min,train,406,-165.25569,-29.547632,-8.789289,-3.527018,User: user50<br>Type: 3min<br>Split: train
user53,3min,train,407,91.53717,-59.223194,2.8366783,-16.913673,User: user53<br>Type: 3min<br>Split: train
user56,3min,train,408,-116.01288,-83.58743,0.61390007,-6.5632153,User: user56<br>Type: 3min<br>Split: train
user57,3min,train,409,-92.59654,180.8146,-8.633065,14.829958,User: user57<br>Type: 3min<br>Split: train
user59,3min,train,410,-42.905766,122.347595,-3.5539289,24.323748,User: user59<br>Type: 3min<br>Split: train
user60,3min,train,411,104.54602,92.16839,3.7932458,15.133633,User: user60<br>Type: 3min<br>Split: train
user62,3min,train,412,-105.7373,29.50931,-16.67988,3.7976801,User: user62<br>Type: 3min<br>Split: train
user63,3min,train,413,-76.3527,-55.018288,-17.004478,-8.164699,User: user63<br>Type: 3min<br>Split: train
user65,3min,train,414,41.84453,-92.8349,1.572708,-18.571001,User: user65<br>Type: 3min<br>Split: train
user66,3min,train,415,-30.797297,-98.508545,22.001554,5.122867,User: user66<br>Type: 3min<br>Split: train
user68,3min,train,416,-61.284966,-85.49953,0.66910577,-11.577014,User: user68<br>Type: 3min<br>Split: train
user70,3min,train,417,-53.917717,-110.53692,12.470218,5.4022336,User: user70<br>Type: 3min<br>Split: train
user74,3min,train,418,-152.19351,138.6777,-18.363276,20.257383,User: user74<br>Type: 3min<br>Split: train
user75,3min,train,419,117.40484,166.2063,15.527776,32.48965,User: user75<br>Type: 3min<br>Split: train
user76,3min,train,420,138.65271,-15.393615,14.072224,13.88062,User: user76<br>Type: 3min<br>Split: train
user77,3min,train,421,-142.63501,-48.656788,-9.991789,-6.322161,User: user77<br>Type: 3min<br>Split: train
user78,3min,train,422,-170.96631,-1.9590068,-12.927321,-0.22611804,User: user78<br>Type: 3min<br>Split: train
user8,3min,train,423,-129.58746,24.109426,-4.1284046,17.188389,User: user8<br>Type: 3min<br>Split: train
user81,3min,train,424,-113.86219,54.042454,-3.5680232,8.31345,User: user81<br>Type: 3min<br>Split: train
user82,3min,train,425,33.775627,-10.916876,13.91445,7.703327,User: user82<br>Type: 3min<br>Split: train
user83,3min,train,426,-25.770061,-124.25772,3.3206108,-4.055045,User: user83<br>Type: 3min<br>Split: train
user84,3min,train,427,-97.5791,146.49004,-14.447414,24.31922,User: user84<br>Type: 3min<br>Split: train
user88,3min,train,428,15.223314,-78.70015,15.646284,-5.6517663,User: user88<br>Type: 3min<br>Split: train
user89,3min,train,429,140.6399,-112.28211,19.221899,13.647631,User: user89<br>Type: 3min<br>Split: train
user1,3min,train,430,13.863741,76.31855,-12.891119,21.953136,User: user1<br>Type: 3min<br>Split: train
user10,3min,train,431,-1.3907136,97.334656,-3.5530996,19.752047,User: user10<br>Type: 3min<br>Split: train
user13,3min,train,432,-138.71892,46.876972,-2.3932006,12.160483,User: user13<br>Type: 3min<br>Split: train
user14,3min,train,433,-145.96432,107.237465,-23.857916,10.323751,User: user14<br>Type: 3min<br>Split: train
user17,3min,train,434,-195.68074,-15.931047,-24.157328,-3.1424816,User: user17<br>Type: 3min<br>Split: train
user19,3min,train,435,-166.4242,-96.49441,-2.2676766,-10.76699,User: user19<br>Type: 3min<br>Split: train
user2,3min,train,436,60.334183,-131.87576,14.072994,0.5988795,User: user2<br>Type: 3min<br>Split: train
user20,3min,train,437,-105.06311,77.88808,-14.083395,2.5974293,User: user20<br>Type: 3min<br>Split: train
user28,3min,train,438,-16.752575,142.8599,3.5449605,29.281412,User: user28<br>Type: 3min<br>Split: train
user29,3min,train,439,-164.6717,54.795074,-1.7783606,9.717852,User: user29<br>Type: 3min<br>Split: train
user3,3min,train,440,-33.07321,53.066944,0.9280191,26.83223,User: user3<br>Type: 3min<br>Split: train
user30,3min,train,441,-133.4254,-133.25356,-16.562729,-15.192957,User: user30<br>Type: 3min<br>Split: train
user32,3min,train,442,-52.54509,200.63278,1.1759008,16.694555,User: user32<br>Type: 3min<br>Split: train
user33,3min,train,443,-121.60412,127.08609,-8.738459,25.393566,User: user33<br>Type: 3min<br>Split: train
user34,3min,train,444,-42.164413,-38.25206,-7.2197022,3.1278355,User: user34<br>Type: 3min<br>Split: train
user35,3min,train,445,167.05638,-2.6472218,26.05391,21.982761,User: user35<br>Type: 3min<br>Split: train
user36,3min,train,446,-196.6053,-46.669827,-19.096466,-2.6694834,User: user36<br>Type: 3min<br>Split: train
user37,3min,train,447,22.970564,107.643776,10.666909,13.6425085,User: user37<br>Type: 3min<br>Split: train
user40,3min,train,448,-76.4712,-2.9430878,-27.563187,6.558441,User: user40<br>Type: 3min<br>Split: train
user44,3min,train,449,-97.63191,-53.365215,-25.964367,0.6498261,User: user44<br>Type: 3min<br>Split: train
user45,3min,train,450,-27.081148,36.82445,-11.1085825,15.164661,User: user45<br>Type: 3min<br>Split: train
user48,3min,train,451,63.466167,45.12324,7.264593,20.945816,User: user48<br>Type: 3min<br>Split: train
user49,3min,train,452,142.51956,109.82349,14.261927,19.539482,User: user49<br>Type: 3min<br>Split: train
user5,3min,train,453,-144.17363,2.538802,7.137741,-2.8328521,User: user5<br>Type: 3min<br>Split: train
user51,3min,train,454,-34.59145,-16.559484,-9.850689,1.9056102,User: user51<br>Type: 3min<br>Split: train
user52,3min,train,455,-137.88318,-23.181454,-24.001144,4.1823506,User: user52<br>Type: 3min<br>Split: train
user54,3min,train,456,48.614914,-41.05999,28.285767,-3.407759,User: user54<br>Type: 3min<br>Split: train
user57,3min,train,457,-92.59654,180.8146,-8.632936,14.829787,User: user57<br>Type: 3min<br>Split: train
user58,3min,train,458,-194.49309,-81.73398,-16.234577,-6.030354,User: user58<br>Type: 3min<br>Split: train
user59,3min,train,459,-42.905766,122.347595,-3.553374,24.323631,User: user59<br>Type: 3min<br>Split: train
user61,3min,train,460,13.136969,-132.71332,13.277252,-12.457363,User: user61<br>Type: 3min<br>Split: train
user62,3min,train,461,-161.29836,25.327385,-11.030832,5.2461057,User: user62<br>Type: 3min<br>Split: train
user62,3min,train,462,-105.7373,29.50931,-16.675016,3.79272,User: user62<br>Type: 3min<br>Split: train
user63,3min,train,463,-76.3527,-55.018288,-17.004131,-8.165345,User: user63<br>Type: 3min<br>Split: train
user64,3min,train,464,-165.83238,-130.14728,-15.302948,-10.513996,User: user64<br>Type: 3min<br>Split: train
user66,3min,train,465,-30.797297,-98.508545,21.994173,5.1305027,User: user66<br>Type: 3min<br>Split: train
user69,3min,train,466,-101.18627,-143.4123,-1.975307,-1.7122704,User: user69<br>Type: 3min<br>Split: train
user7,3min,train,467,-7.1419573,-177.19244,8.03718,-12.848693,User: user7<br>Type: 3min<br>Split: train
user70,3min,train,468,-53.917717,-110.53692,8.793565,-8.032096,User: user70<br>Type: 3min<br>Split: train
user71,3min,train,469,131.66515,-36.84476,18.99008,-1.898027,User: user71<br>Type: 3min<br>Split: train
user74,3min,train,470,-152.19351,138.6777,-18.351017,20.270933,User: user74<br>Type: 3min<br>Split: train
user76,3min,train,471,138.65271,-15.393615,14.07252,13.881092,User: user76<br>Type: 3min<br>Split: train
user77,3min,train,472,-142.63501,-48.656788,-9.988273,-6.319002,User: user77<br>Type: 3min<br>Split: train
user82,3min,train,473,33.775627,-10.916876,13.908757,7.7089767,User: user82<br>Type: 3min<br>Split: train
user84,3min,train,474,-97.5791,146.49004,-14.4526825,24.31405,User: user84<br>Type: 3min<br>Split: train
user85,3min,train,475,136.38219,-81.04708,6.63717,7.5553174,User: user85<br>Type: 3min<br>Split: train
user86,3min,train,476,-46.58125,-171.89458,-0.79281664,-20.254587,User: user86<br>Type: 3min<br>Split: train
user87,3min,train,477,12.871375,46.512875,4.673867,19.037388,User: user87<br>Type: 3min<br>Split: train
user88,3min,train,478,8.297126,-72.547134,15.647445,-5.6505313,User: user88<br>Type: 3min<br>Split: train
user9,3min,train,479,85.470345,69.392166,7.01494,16.429478,User: user9<br>Type: 3min<br>Split: train
user10,3min,train,480,-1.3907136,97.334656,-3.555815,19.751728,User: user10<br>Type: 3min<br>Split: train
user12,3min,train,481,-72.13619,-156.55666,-3.8946974,-18.986834,User: user12<br>Type: 3min<br>Split: train
user16,3min,train,482,-14.740286,205.85985,3.6013987,21.792404,User: user16<br>Type: 3min<br>Split: train
user18,3min,train,483,-63.888412,73.953804,-15.660238,8.867634,User: user18<br>Type: 3min<br>Split: train
user19,3min,train,484,-166.4242,-96.49441,-2.2687492,-10.767548,User: user19<br>Type: 3min<br>Split: train
user20,3min,train,485,-105.06311,77.88808,-14.083296,2.5973508,User: user20<br>Type: 3min<br>Split: train
user21,3min,train,486,-60.06158,-23.163872,-20.785738,-15.260919,User: user21<br>Type: 3min<br>Split: train
user24,3min,train,487,-52.51017,5.934216,-5.6988544,6.078156,User: user24<br>Type: 3min<br>Split: train
user25,3min,train,488,-132.98659,73.275345,-0.54471195,2.7011561,User: user25<br>Type: 3min<br>Split: train
user26,3min,train,489,-73.31034,115.66984,1.0404692,11.900616,User: user26<br>Type: 3min<br>Split: train
user28,3min,train,490,-16.752575,142.8599,3.5324662,29.268736,User: user28<br>Type: 3min<br>Split: train
user29,3min,train,491,-164.6717,54.795074,-1.7793494,9.719534,User: user29<br>Type: 3min<br>Split: train
user3,3min,train,492,-33.07321,53.066944,0.97211593,26.788446,User: user3<br>Type: 3min<br>Split: train
user32,3min,train,493,-52.54509,200.63278,1.3792595,16.491371,User: user32<br>Type: 3min<br>Split: train
user34,3min,train,494,-42.164413,-38.25206,-17.834805,-0.97814786,User: user34<br>Type: 3min<br>Split: train
user37,3min,train,495,22.970564,107.643776,10.650635,13.628906,User: user37<br>Type: 3min<br>Split: train
user38,3min,train,496,-62.84318,171.02867,0.49858716,19.06958,User: user38<br>Type: 3min<br>Split: train
user39,3min,train,497,-83.50522,-99.28785,-3.3384967,1.5749693,User: user39<br>Type: 3min<br>Split: train
user41,3min,train,498,-126.0254,163.50269,-13.020329,9.776598,User: user41<br>Type: 3min<br>Split: train
user42,3min,train,499,11.140395,147.74826,-8.419621,10.073982,User: user42<br>Type: 3min<br>Split: train
user44,3min,train,500,-126.801575,-63.609825,-25.965166,0.6505747,User: user44<br>Type: 3min<br>Split: train
user47,3min,train,501,53.44146,-4.4149036,17.843742,23.495335,User: user47<br>Type: 3min<br>Split: train
user49,3min,train,502,142.51956,109.82349,14.26191,19.539616,User: user49<br>Type: 3min<br>Split: train
user51,3min,train,503,-34.59145,-16.559484,-9.876197,1.9311507,User: user51<br>Type: 3min<br>Split: train
user52,3min,train,504,-137.88318,-23.181454,-24.00115,4.182346,User: user52<br>Type: 3min<br>Split: train
user54,3min,train,505,48.614914,-41.05999,28.266281,-3.4271722,User: user54<br>Type: 3min<br>Split: train
user56,3min,train,506,-116.01288,-83.58743,0.59728295,-6.546355,User: user56<br>Type: 3min<br>Split: train
user58,3min,train,507,-194.49309,-81.73398,-16.231419,-6.027038,User: user58<br>Type: 3min<br>Split: train
user6,3min,train,508,-143.42564,-76.430695,-20.463861,-6.6010823,User: user6<br>Type: 3min<br>Split: train
user62,3min,train,509,-161.29836,25.327385,-11.029266,5.244476,User: user62<br>Type: 3min<br>Split: train
user64,3min,train,510,-165.83238,-130.14728,-15.256601,-10.56054,User: user64<br>Type: 3min<br>Split: train
user66,3min,train,511,-30.797297,-98.508545,22.003025,5.121302,User: user66<br>Type: 3min<br>Split: train
user68,3min,train,512,-61.284966,-85.49953,0.67467695,-11.582726,User: user68<br>Type: 3min<br>Split: train
user69,3min,train,513,-101.18627,-143.4123,-5.673151,-7.096812,User: user69<br>Type: 3min<br>Split: train
user7,3min,train,514,-7.1419573,-177.19244,8.030116,-12.857135,User: user7<br>Type: 3min<br>Split: train
user70,3min,train,515,-53.917717,-110.53692,8.7930155,-8.031153,User: user70<br>Type: 3min<br>Split: train
user71,3min,train,516,131.66515,-36.84476,18.99835,-1.8898461,User: user71<br>Type: 3min<br>Split: train
user72,3min,train,517,13.62859,22.772324,6.8840027,0.351631,User: user72<br>Type: 3min<br>Split: train
user74,3min,train,518,-152.19351,138.6777,-18.362417,20.25738,User: user74<br>Type: 3min<br>Split: train
user77,3min,train,519,-142.63501,-48.656788,-9.990863,-6.3206153,User: user77<br>Type: 3min<br>Split: train
user79,3min,train,520,-30.512867,11.3816,6.1160436,26.011421,User: user79<br>Type: 3min<br>Split: train
user85,3min,train,521,136.38219,-81.04708,6.6485457,7.566751,User: user85<br>Type: 3min<br>Split: train
user87,3min,train,522,12.871375,46.512875,4.68389,19.036242,User: user87<br>Type: 3min<br>Split: train
user88,3min,train,523,15.223314,-78.70015,5.390978,-4.567189,User: user88<br>Type: 3min<br>Split: train
user1,3min,train,524,13.863741,76.31855,-12.892986,21.954092,User: user1<br>Type: 3min<br>Split: train
user11,3min,train,525,-137.4076,-103.33537,-14.795702,-2.8603072,User: user11<br>Type: 3min<br>Split: train
user12,3min,train,526,-72.13619,-156.55666,-3.8884869,-18.980593,User: user12<br>Type: 3min<br>Split: train
user13,3min,train,527,-138.71892,46.876972,-2.39642,12.163845,User: user13<br>Type: 3min<br>Split: train
user14,3min,train,528,-145.96432,107.237465,-23.872492,10.339805,User: user14<br>Type: 3min<br>Split: train
user16,3min,train,529,-14.740286,205.85985,3.6124036,21.803528,User: user16<br>Type: 3min<br>Split: train
user19,3min,train,530,-166.4242,-96.49441,-11.282763,-9.607862,User: user19<br>Type: 3min<br>Split: train
user2,3min,train,531,60.334183,-131.87576,14.0735655,0.5999038,User: user2<br>Type: 3min<br>Split: train
user21,3min,train,532,-54.6782,-24.618101,-20.796015,-15.26486,User: user21<br>Type: 3min<br>Split: train
user25,3min,train,533,-132.98659,73.275345,-15.487357,0.94859415,User: user25<br>Type: 3min<br>Split: train
user26,3min,train,534,-73.31034,115.66984,1.0405775,11.8999195,User: user26<br>Type: 3min<br>Split: train
user27,3min,train,535,154.21333,-52.922832,15.7015295,3.8230093,User: user27<br>Type: 3min<br>Split: train
user28,3min,train,536,-16.752575,142.8599,3.5337458,29.269701,User: user28<br>Type: 3min<br>Split: train
user30,3min,train,537,-133.4254,-133.25356,-16.557182,-15.198706,User: user30<br>Type: 3min<br>Split: train
user31,3min,train,538,12.347404,-1.844164,16.311764,10.700474,User: user31<br>Type: 3min<br>Split: train
user32,3min,train,539,-52.54509,200.63278,1.3893209,16.481613,User: user32<br>Type: 3min<br>Split: train
user35,3min,train,540,-9.899128,-6.2469883,4.2228346,-1.1592786,User: user35<br>Type: 3min<br>Split: train
user36,3min,train,541,-196.6053,-46.669827,-19.085072,-2.6801777,User: user36<br>Type: 3min<br>Split: train
user41,3min,train,542,-126.0254,163.50269,-5.815872,8.005277,User: user41<br>Type: 3min<br>Split: train
user43,3min,train,543,-31.597916,88.53738,-10.261552,18.63271,User: user43<br>Type: 3min<br>Split: train
user46,3min,train,544,-11.69883,-30.652655,-1.2230686,-8.960645,User: user46<br>Type: 3min<br>Split: train
user47,3min,train,545,53.44146,-4.4149036,17.847342,23.501337,User: user47<br>Type: 3min<br>Split: train
user49,3min,train,546,142.51956,109.82349,14.264897,19.541481,User: user49<br>Type: 3min<br>Split: train
user5,3min,train,547,-144.17363,2.538802,-0.28042707,5.4982576,User: user5<br>Type: 3min<br>Split: train
user50,3min,train,548,-165.25569,-29.547632,-6.9656186,-2.949046,User: user50<br>Type: 3min<br>Split: train
user51,3min,train,549,-34.59145,-16.559484,-9.870973,1.9258071,User: user51<br>Type: 3min<br>Split: train
user53,3min,train,550,91.53717,-59.223194,20.870167,-10.381945,User: user53<br>Type: 3min<br>Split: train
user54,3min,train,551,48.614914,-41.05999,28.271988,-3.4214234,User: user54<br>Type: 3min<br>Split: train
user55,3min,train,552,-7.6376166,56.571766,11.9815445,17.182833,User: user55<br>Type: 3min<br>Split: train
user58,3min,train,553,-194.49309,-81.73398,-16.261007,-6.0561743,User: user58<br>Type: 3min<br>Split: train
user59,3min,train,554,-42.905766,122.347595,-1.5426999,25.73008,User: user59<br>Type: 3min<br>Split: train
user60,3min,train,555,104.54602,92.16839,16.565437,7.996966,User: user60<br>Type: 3min<br>Split: train
user61,3min,train,556,13.136969,-132.71332,3.608933,-14.250468,User: user61<br>Type: 3min<br>Split: train
user62,3min,train,557,-161.29836,25.327385,-11.028031,5.244232,User: user62<br>Type: 3min<br>Split: train
user63,3min,train,558,-76.3527,-55.018288,-17.004705,-8.1647625,User: user63<br>Type: 3min<br>Split: train
user64,3min,train,559,-165.83238,-130.14728,-15.212318,-10.604735,User: user64<br>Type: 3min<br>Split: train
user65,3min,train,560,31.86232,-94.33745,10.953653,-7.4066734,User: user65<br>Type: 3min<br>Split: train
user67,3min,train,561,-122.12124,97.05209,-1.6709092,14.58642,User: user67<br>Type: 3min<br>Split: train
user68,3min,train,562,-61.284966,-85.49953,0.8767903,-11.785067,User: user68<br>Type: 3min<br>Split: train
user79,3min,train,563,-30.512867,11.3816,6.107719,26.00312,User: user79<br>Type: 3min<br>Split: train
user80,3min,train,564,84.20569,-148.9275,10.290682,-5.1297317,User: user80<br>Type: 3min<br>Split: train
user81,3min,train,565,-113.86219,54.042454,-3.5674975,8.312998,User: user81<br>Type: 3min<br>Split: train
user82,3min,train,566,33.775627,-10.916876,13.915193,7.704091,User: user82<br>Type: 3min<br>Split: train
user83,3min,train,567,-25.770061,-124.25772,3.3095984,-4.0668364,User: user83<br>Type: 3min<br>Split: train
user84,3min,train,568,-97.5791,146.49004,-14.451812,24.315067,User: user84<br>Type: 3min<br>Split: train
user85,3min,train,569,136.38219,-81.04708,6.641224,7.5594435,User: user85<br>Type: 3min<br>Split: train
user86,3min,train,570,-46.58125,-171.89458,-0.7929659,-20.254677,User: user86<br>Type: 3min<br>Split: train
user88,3min,train,571,10.523731,-81.482994,5.390685,-4.567426,User: user88<br>Type: 3min<br>Split: train
user89,3min,train,572,140.6399,-112.28211,19.221655,13.647869,User: user89<br>Type: 3min<br>Split: train
user9,3min,train,573,75.78509,66.43162,7.0015793,16.415579,User: user9<br>Type: 3min<br>Split: train
user10,3min,train,574,5.495733,92.13192,-3.549476,19.749153,User: user10<br>Type: 3min<br>Split: train
user12,3min,train,575,-72.13619,-156.55666,-3.5172186,-13.415387,User: user12<br>Type: 3min<br>Split: train
user14,3min,train,576,-145.96432,107.237465,-23.85833,10.324314,User: user14<br>Type: 3min<br>Split: train
user16,3min,train,577,-14.740286,205.85985,3.50055,21.69159,User: user16<br>Type: 3min<br>Split: train
user23,3min,train,578,-98.451775,-20.052794,-20.413109,1.9996258,User: user23<br>Type: 3min<br>Split: train
user24,3min,train,579,-52.51017,5.934216,-14.572436,16.32349,User: user24<br>Type: 3min<br>Split: train
user3,3min,train,580,-33.07321,53.066944,0.9608983,26.7993,User: user3<br>Type: 3min<br>Split: train
user30,3min,train,581,-133.4254,-133.25356,-3.5611155,-5.4109755,User: user30<br>Type: 3min<br>Split: train
user32,3min,train,582,-52.54509,200.63278,1.3806059,16.490194,User: user32<br>Type: 3min<br>Split: train
user34,3min,train,583,-42.164413,-38.25206,-7.219015,3.12713,User: user34<br>Type: 3min<br>Split: train
user35,3min,train,584,167.05638,-2.6472218,26.057705,21.986555,User: user35<br>Type: 3min<br>Split: train
user35,3min,train,585,-11.778402,-11.859678,4.220075,-1.1587726,User: user35<br>Type: 3min<br>Split: train
user36,3min,train,586,-196.6053,-46.669827,-19.098711,-2.6670444,User: user36<br>Type: 3min<br>Split: train
user37,3min,train,587,22.970564,107.643776,11.213458,14.056664,User: user37<br>Type: 3min<br>Split: train
user39,3min,train,588,-83.50522,-99.28785,-3.3235223,1.5603172,User: user39<br>Type: 3min<br>Split: train
user42,3min,train,589,11.140395,147.74826,-8.40213,10.090949,User: user42<br>Type: 3min<br>Split: train
user43,3min,train,590,-38.40839,81.84102,-10.25748,18.627913,User: user43<br>Type: 3min<br>Split: train
user44,3min,train,591,-97.63191,-53.365215,-25.964233,0.6496785,User: user44<br>Type: 3min<br>Split: train
user46,3min,train,592,-9.6432085,-35.762337,-1.2234844,-8.960991,User: user46<br>Type: 3min<br>Split: train
user48,3min,train,593,59.70417,48.95577,7.2624083,20.943607,User: user48<br>Type: 3min<br>Split: train
user51,3min,train,594,-34.59145,-16.559484,-9.863886,1.9188145,User: user51<br>Type: 3min<br>Split: train
user53,3min,train,595,91.53717,-59.223194,2.8365006,-16.913855,User: user53<br>Type: 3min<br>Split: train
user56,3min,train,596,-116.01288,-83.58743,0.59756225,-6.546955,User: user56<br>Type: 3min<br>Split: train
user58,3min,train,597,-194.49309,-81.73398,-16.22268,-6.018205,User: user58<br>Type: 3min<br>Split: train
user59,3min,train,598,-42.905766,122.347595,-1.5443105,25.728245,User: user59<br>Type: 3min<br>Split: train
user6,3min,train,599,-143.42564,-76.430695,-20.46321,-6.600425,User: user6<br>Type: 3min<br>Split: train
user60,3min,train,600,104.54602,92.16839,16.550505,8.012107,User: user60<br>Type: 3min<br>Split: train
user65,3min,train,601,31.86232,-94.33745,1.5727102,-18.570896,User: user65<br>Type: 3min<br>Split: train
user69,3min,train,602,-101.18627,-143.4123,-1.9821911,-1.719785,User: user69<br>Type: 3min<br>Split: train
user70,3min,train,603,-53.917717,-110.53692,8.793108,-8.031865,User: user70<br>Type: 3min<br>Split: train
user71,3min,train,604,131.66515,-36.84476,19.009596,-1.8783325,User: user71<br>Type: 3min<br>Split: train
user72,3min,train,605,13.62859,22.772324,6.8891916,0.35684186,User: user72<br>Type: 3min<br>Split: train
user73,3min,train,606,-24.10208,-63.022884,3.6142197,-8.602221,User: user73<br>Type: 3min<br>Split: train
user74,3min,train,607,-152.19351,138.6777,-18.362478,20.255857,User: user74<br>Type: 3min<br>Split: train
user76,3min,train,608,155.25519,-24.52458,14.085766,13.894451,User: user76<br>Type: 3min<br>Split: train
user77,3min,train,609,-142.63501,-48.656788,-9.983379,-6.313739,User: user77<br>Type: 3min<br>Split: train
user80,3min,train,610,84.20569,-148.9275,10.290698,-5.129616,User: user80<br>Type: 3min<br>Split: train
user83,3min,train,611,-25.770061,-124.25772,3.321301,-4.054142,User: user83<br>Type: 3min<br>Split: train
user10,3min,train,612,-1.3907136,97.334656,-3.5493662,19.757584,User: user10<br>Type: 3min<br>Split: train
user11,3min,train,613,-137.4076,-103.33537,-14.796024,-2.8601038,User: user11<br>Type: 3min<br>Split: train
user13,3min,train,614,-138.71892,46.876972,-2.393262,12.161014,User: user13<br>Type: 3min<br>Split: train
user14,3min,train,615,-145.96432,107.237465,-23.855597,10.332707,User: user14<br>Type: 3min<br>Split: train
user15,3min,train,616,-108.41618,-112.25345,2.9056685,2.3509147,User: user15<br>Type: 3min<br>Split: train
user16,3min,train,617,-14.740286,205.85985,3.5043495,21.695404,User: user16<br>Type: 3min<br>Split: train
user17,3min,train,618,-195.68074,-15.931047,-18.54545,6.9631042,User: user17<br>Type: 3min<br>Split: train
user20,3min,train,619,-105.06311,77.88808,-8.960915,7.7680984,User: user20<br>Type: 3min<br>Split: train
user26,3min,train,620,-73.31034,115.66984,1.0434963,11.903684,User: user26<br>Type: 3min<br>Split: train
user27,3min,train,621,154.21333,-52.922832,15.70267,3.8217547,User: user27<br>Type: 3min<br>Split: train
user28,3min,train,622,-16.752575,142.8599,3.5396256,29.275465,User: user28<br>Type: 3min<br>Split: train
user29,3min,train,623,-164.6717,54.795074,-1.779261,9.719386,User: user29<br>Type: 3min<br>Split: train
user31,3min,train,624,7.127656,-0.07572798,16.31939,10.692795,User: user31<br>Type: 3min<br>Split: train
user34,3min,train,625,-42.164413,-38.25206,-7.219645,3.1277113,User: user34<br>Type: 3min<br>Split: train
user36,3min,train,626,-196.6053,-46.669827,-19.085213,-2.6799977,User: user36<br>Type: 3min<br>Split: train
user37,3min,train,627,22.970564,107.643776,11.217712,14.060214,User: user37<br>Type: 3min<br>Split: train
user38,3min,train,628,-62.84318,171.02867,0.4991209,19.069218,User: user38<br>Type: 3min<br>Split: train
user39,3min,train,629,-83.50522,-99.28785,-3.3381653,1.574409,User: user39<br>Type: 3min<br>Split: train
user40,3min,train,630,-75.781364,-8.141219,-27.572361,6.5493226,User: user40<br>Type: 3min<br>Split: train
user41,3min,train,631,-126.0254,163.50269,-13.020275,9.776809,User: user41<br>Type: 3min<br>Split: train
user42,3min,train,632,11.140395,147.74826,-8.39531,10.098226,User: user42<br>Type: 3min<br>Split: train
user55,3min,train,633,-7.6376166,56.571766,11.989172,17.175179,User: user55<br>Type: 3min<br>Split: train
user57,3min,train,634,-92.59654,180.8146,-5.7308397,15.453685,User: user57<br>Type: 3min<br>Split: train
user58,3min,train,635,-194.49309,-81.73398,-16.259483,-6.054639,User: user58<br>Type: 3min<br>Split: train
user59,3min,train,636,-42.905766,122.347595,-1.542695,25.730099,User: user59<br>Type: 3min<br>Split: train
user61,3min,train,637,13.136969,-132.71332,13.339061,-12.395848,User: user61<br>Type: 3min<br>Split: train
user62,3min,train,638,-102.156555,38.147057,-16.67724,3.794902,User: user62<br>Type: 3min<br>Split: train
user63,3min,train,639,-76.3527,-55.018288,-17.007093,-8.163341,User: user63<br>Type: 3min<br>Split: train
user65,3min,train,640,31.86232,-94.33745,10.953999,-7.402152,User: user65<br>Type: 3min<br>Split: train
user66,3min,train,641,-30.797297,-98.508545,22.011923,5.112635,User: user66<br>Type: 3min<br>Split: train
user68,3min,train,642,-61.284966,-85.49953,0.8771188,-11.785289,User: user68<br>Type: 3min<br>Split: train
user7,3min,train,643,-7.1419573,-177.19244,-3.6404324,-3.4718297,User: user7<br>Type: 3min<br>Split: train
user70,3min,train,644,-53.917717,-110.53692,12.4709425,5.4028716,User: user70<br>Type: 3min<br>Split: train
user71,3min,train,645,131.66515,-36.84476,18.997364,-1.8908387,User: user71<br>Type: 3min<br>Split: train
user73,3min,train,646,-22.528036,-53.160408,3.7197042,-8.49876,User: user73<br>Type: 3min<br>Split: train
user75,3min,train,647,117.40484,166.2063,15.530594,32.492455,User: user75<br>Type: 3min<br>Split: train
user76,3min,train,648,155.25519,-24.52458,14.085673,13.894328,User: user76<br>Type: 3min<br>Split: train
user77,3min,train,649,-142.63501,-48.656788,-10.141094,-6.4695215,User: user77<br>Type: 3min<br>Split: train
user79,3min,train,650,-30.512867,11.3816,6.118354,26.013893,User: user79<br>Type: 3min<br>Split: train
user82,3min,train,651,29.121454,-13.748628,13.9114485,7.7062945,User: user82<br>Type: 3min<br>Split: train
user83,3min,train,652,-25.770061,-124.25772,3.3144703,-4.060826,User: user83<br>Type: 3min<br>Split: train
user85,3min,train,653,136.38219,-81.04708,6.637062,7.555644,User: user85<br>Type: 3min<br>Split: train
user89,3min,train,654,140.6399,-112.28211,19.222187,13.647186,User: user89<br>Type: 3min<br>Split: train
user11,3min,train,655,-137.4076,-103.33537,-14.795718,-2.86031,User: user11<br>Type: 3min<br>Split: train
user14,3min,train,656,-145.96432,107.237465,-23.858196,10.324615,User: user14<br>Type: 3min<br>Split: train
user16,3min,train,657,-14.740286,205.85985,3.6208065,21.811794,User: user16<br>Type: 3min<br>Split: train
user17,3min,train,658,-195.68074,-15.931047,-18.545671,6.963118,User: user17<br>Type: 3min<br>Split: train
user19,3min,train,659,-166.4242,-96.49441,-11.281781,-9.607704,User: user19<br>Type: 3min<br>Split: train
user2,3min,train,660,60.334183,-131.87576,14.076987,0.602777,User: user2<br>Type: 3min<br>Split: train
user22,3min,train,661,-94.92357,6.672643,-5.4454207,-1.3716778,User: user22<br>Type: 3min<br>Split: train
user30,3min,train,662,-133.4254,-133.25356,-3.5611305,-5.4109716,User: user30<br>Type: 3min<br>Split: train
user32,3min,train,663,-52.54509,200.63278,1.3951541,16.476597,User: user32<br>Type: 3min<br>Split: train
user33,3min,train,664,-121.60412,127.08609,-8.741674,25.396809,User: user33<br>Type: 3min<br>Split: train
user38,3min,train,665,-62.84318,171.02867,0.49580947,19.066856,User: user38<br>Type: 3min<br>Split: train
user40,3min,train,666,-75.781364,-8.141219,-27.572096,6.54939,User: user40<br>Type: 3min<br>Split: train
user41,3min,train,667,-126.0254,163.50269,-5.815934,8.005295,User: user41<br>Type: 3min<br>Split: train
user45,3min,train,668,-28.594263,32.087917,-11.108709,15.164874,User: user45<br>Type: 3min<br>Split: train
user46,3min,train,669,-9.6432085,-35.762337,-1.2230453,-8.960643,User: user46<br>Type: 3min<br>Split: train
user48,3min,train,670,54.93492,40.243313,7.2748632,20.956226,User: user48<br>Type: 3min<br>Split: train
user49,3min,train,671,142.51956,109.82349,14.273022,19.547508,User: user49<br>Type: 3min<br>Split: train
user50,3min,train,672,-165.25569,-29.547632,-8.789469,-3.5271635,User: user50<br>Type: 3min<br>Split: train
user52,3min,train,673,-137.88318,-23.181454,-20.27882,9.314917,User: user52<br>Type: 3min<br>Split: train
user53,3min,train,674,91.53717,-59.223194,20.87016,-10.381948,User: user53<br>Type: 3min<br>Split: train
user55,3min,train,675,-7.6376166,56.571766,11.979432,17.18491,User: user55<br>Type: 3min<br>Split: train
user56,3min,train,676,-116.01288,-83.58743,0.5915717,-6.5413413,User: user56<br>Type: 3min<br>Split: train
user59,3min,train,677,-42.905766,122.347595,-3.546485,24.31717,User: user59<br>Type: 3min<br>Split: train
user6,3min,train,678,-143.42564,-76.430695,-20.473923,-6.6115227,User: user6<br>Type: 3min<br>Split: train
user61,3min,train,679,13.136969,-132.71332,13.277993,-12.456763,User: user61<br>Type: 3min<br>Split: train
user62,3min,train,680,-161.29836,25.327385,-11.032759,5.2388577,User: user62<br>Type: 3min<br>Split: train
user64,3min,train,681,-165.83238,-130.14728,-15.215393,-10.601659,User: user64<br>Type: 3min<br>Split: train
user65,3min,train,682,31.86232,-94.33745,10.954683,-7.4025807,User: user65<br>Type: 3min<br>Split: train
user67,3min,train,683,-122.12124,97.05209,-1.646664,14.610903,User: user67<br>Type: 3min<br>Split: train
user68,3min,train,684,-61.284966,-85.49953,0.6530801,-11.561064,User: user68<br>Type: 3min<br>Split: train
user7,3min,train,685,-7.1419573,-177.19244,-3.6404295,-3.4717717,User: user7<br>Type: 3min<br>Split: train
user70,3min,train,686,-53.917717,-110.53692,8.79299,-8.031481,User: user70<br>Type: 3min<br>Split: train
user71,3min,train,687,131.66515,-36.84476,18.998283,-1.8893203,User: user71<br>Type: 3min<br>Split: train
user75,3min,train,688,117.40484,166.2063,15.5098,32.47163,User: user75<br>Type: 3min<br>Split: train
user77,3min,train,689,-142.63501,-48.656788,-10.150818,-6.4791055,User: user77<br>Type: 3min<br>Split: train
user83,3min,train,690,-25.770061,-124.25772,3.3099718,-4.0663576,User: user83<br>Type: 3min<br>Split: train
user84,3min,train,691,-97.5791,146.49004,-14.452326,24.314442,User: user84<br>Type: 3min<br>Split: train
user88,3min,train,692,10.523731,-81.482994,15.647452,-5.650638,User: user88<br>Type: 3min<br>Split: train
user89,3min,train,693,140.6399,-112.28211,19.221243,13.648348,User: user89<br>Type: 3min<br>Split: train
user9,3min,train,694,75.78509,66.43162,7.0002255,16.412493,User: user9<br>Type: 3min<br>Split: train
user12,3min,train,695,-72.13619,-156.55666,-3.5176013,-13.415269,User: user12<br>Type: 3min<br>Split: train
user14,3min,train,696,-145.96432,107.237465,-23.85813,10.324614,User: user14<br>Type: 3min<br>Split: train
user17,3min,train,697,-195.68074,-15.931047,-24.157316,-3.1425278,User: user17<br>Type: 3min<br>Split: train
user18,3min,train,698,-63.888412,73.953804,-15.674759,8.859993,User: user18<br>Type: 3min<br>Split: train
user20,3min,train,699,-105.06311,77.88808,-8.961698,7.7689543,User: user20<br>Type: 3min<br>Split: train
user22,3min,train,700,-94.92357,6.672643,-5.455382,-1.3816483,User: user22<br>Type: 3min<br>Split: train
user23,3min,train,701,-98.451775,-20.052794,-20.409357,2.0034113,User: user23<br>Type: 3min<br>Split: train
user26,3min,train,702,-73.31034,115.66984,1.046983,11.913484,User: user26<br>Type: 3min<br>Split: train
user28,3min,train,703,-25.982513,138.95264,3.5290813,29.26488,User: user28<br>Type: 3min<br>Split: train
user31,3min,train,704,12.347404,-1.844164,16.32435,10.690566,User: user31<br>Type: 3min<br>Split: train
user34,3min,train,705,-46.07739,-41.95224,-17.834883,-0.9781868,User: user34<br>Type: 3min<br>Split: train
user39,3min,train,706,-83.50522,-99.28785,-3.337901,1.5744725,User: user39<br>Type: 3min<br>Split: train
user43,3min,train,707,-38.40839,81.84102,-10.256434,18.626802,User: user43<br>Type: 3min<br>Split: train
user45,3min,train,708,-22.06412,36.96605,-11.108702,15.164766,User: user45<br>Type: 3min<br>Split: train
user46,3min,train,709,-9.6432085,-35.762337,-1.2234879,-8.961055,User: user46<br>Type: 3min<br>Split: train
user48,3min,train,710,59.70417,48.95577,7.2913213,20.972519,User: user48<br>Type: 3min<br>Split: train
user49,3min,train,711,142.51956,109.82349,14.26729,19.54493,User: user49<br>Type: 3min<br>Split: train
user50,3min,train,712,-165.25569,-29.547632,-6.965067,-2.9490852,User: user50<br>Type: 3min<br>Split: train
user51,3min,train,713,-34.59145,-16.559484,-9.861434,1.916395,User: user51<br>Type: 3min<br>Split: train
user53,3min,train,714,91.53717,-59.223194,2.8366709,-16.913677,User: user53<br>Type: 3min<br>Split: train
user56,3min,train,715,-116.01288,-83.58743,0.5960437,-6.5452995,User: user56<br>Type: 3min<br>Split: train
user57,3min,train,716,-92.59654,180.8146,-8.634044,14.830863,User: user57<br>Type: 3min<br>Split: train
user59,3min,train,717,-42.905766,122.347595,-1.5431008,25.729805,User: user59<br>Type: 3min<br>Split: train
user60,3min,train,718,104.54602,92.16839,16.56521,7.997028,User: user60<br>Type: 3min<br>Split: train
user61,3min,train,719,13.136969,-132.71332,13.285159,-12.449753,User: user61<br>Type: 3min<br>Split: train
user62,3min,train,720,-161.29836,25.327385,-11.010473,5.2257347,User: user62<br>Type: 3min<br>Split: train
user62,3min,train,721,-105.7373,29.50931,-16.67741,3.7951007,User: user62<br>Type: 3min<br>Split: train
user64,3min,train,722,-165.83238,-130.14728,-15.210961,-10.606065,User: user64<br>Type: 3min<br>Split: train
user66,3min,train,723,-30.797297,-98.508545,21.991856,5.132645,User: user66<br>Type: 3min<br>Split: train
user67,3min,train,724,-122.12124,97.05209,-1.6669463,14.589533,User: user67<br>Type: 3min<br>Split: train
user68,3min,train,725,-61.284966,-85.49953,0.5725629,-11.480388,User: user68<br>Type: 3min<br>Split: train
user69,3min,train,726,-101.18627,-143.4123,-1.9753915,-1.7125273,User: user69<br>Type: 3min<br>Split: train
user7,3min,train,727,-7.1419573,-177.19244,-3.6405613,-3.4718137,User: user7<br>Type: 3min<br>Split: train
user71,3min,train,728,131.66515,-36.84476,18.99474,-1.8925258,User: user71<br>Type: 3min<br>Split: train
user73,3min,train,729,-28.42152,-53.697807,3.726016,-8.49236,User: user73<br>Type: 3min<br>Split: train
user74,3min,train,730,-152.19351,138.6777,-18.362364,20.258856,User: user74<br>Type: 3min<br>Split: train
user75,3min,train,731,117.40484,166.2063,15.521535,32.483387,User: user75<br>Type: 3min<br>Split: train
user76,3min,train,732,155.25519,-24.52458,14.183384,13.99094,User: user76<br>Type: 3min<br>Split: train
user78,3min,train,733,-170.96631,-1.9590068,-12.919448,-0.22649173,User: user78<br>Type: 3min<br>Split: train
user80,3min,train,734,84.20569,-148.9275,10.290685,-5.1295276,User: user80<br>Type: 3min<br>Split: train
user85,3min,train,735,136.38219,-81.04708,6.6414437,7.5597887,User: user85<br>Type: 3min<br>Split: train
user88,3min,train,736,15.223314,-78.70015,15.64787,-5.651081,User: user88<br>Type: 3min<br>Split: train
user89,3min,train,737,140.6399,-112.28211,19.21261,13.6565275,User: user89<br>Type: 3min<br>Split: train
user1,3min,train,738,13.863741,76.31855,-12.89531,21.956383,User: user1<br>Type: 3min<br>Split: train
user10,3min,train,739,-1.3907136,97.334656,-3.5496142,19.755068,User: user10<br>Type: 3min<br>Split: train
user11,3min,train,740,-137.4076,-103.33537,-14.795785,-2.8601594,User: user11<br>Type: 3min<br>Split: train
user12,3min,train,741,-72.13619,-156.55666,-3.5173895,-13.41555,User: user12<br>Type: 3min<br>Split: train
user13,3min,train,742,-138.71892,46.876972,-2.394327,12.162481,User: user13<br>Type: 3min<br>Split: train
user14,3min,train,743,-145.96432,107.237465,-23.858994,10.324221,User: user14<br>Type: 3min<br>Split: train
user15,3min,train,744,-108.41618,-112.25345,-12.221163,-2.3538146,User: user15<br>Type: 3min<br>Split: train
user2,3min,train,745,60.334183,-131.87576,14.075198,0.6013246,User: user2<br>Type: 3min<br>Split: train
user24,3min,train,746,-52.51017,5.934216,-5.698857,6.0780883,User: user24<br>Type: 3min<br>Split: train
user26,3min,train,747,-73.31034,115.66984,1.0474845,11.907957,User: user26<br>Type: 3min<br>Split: train
user3,3min,train,748,-31.38292,57.521156,0.93145156,26.828781,User: user3<br>Type: 3min<br>Split: train
user31,3min,train,749,12.347404,-1.844164,16.312635,10.69961,User: user31<br>Type: 3min<br>Split: train
user34,3min,train,750,-46.07739,-41.95224,-7.219625,3.1277533,User: user34<br>Type: 3min<br>Split: train
user35,3min,train,751,-9.899128,-6.2469883,4.2187686,-1.1557121,User: user35<br>Type: 3min<br>Split: train
user36,3min,train,752,-196.6053,-46.669827,-19.093552,-2.6766431,User: user36<br>Type: 3min<br>Split: train
user37,3min,train,753,22.970564,107.643776,11.213566,14.056786,User: user37<br>Type: 3min<br>Split: train
user38,3min,train,754,-62.84318,171.02867,0.4956424,19.066803,User: user38<br>Type: 3min<br>Split: train
user39,3min,train,755,-83.50522,-99.28785,-8.037782,-8.949287,User: user39<br>Type: 3min<br>Split: train
user4,3min,train,756,-89.33292,51.406857,-1.5909047,0.43577692,User: user4<br>Type: 3min<br>Split: train
user40,3min,train,757,-70.77144,-8.9134865,-27.57286,6.5486712,User: user40<br>Type: 3min<br>Split: train
user42,3min,train,758,11.140395,147.74826,-8.405688,10.087934,User: user42<br>Type: 3min<br>Split: train
user43,3min,train,759,-38.40839,81.84102,-11.062883,19.514551,User: user43<br>Type: 3min<br>Split: train
user44,3min,train,760,-97.63191,-53.365215,-25.964409,0.6498403,User: user44<br>Type: 3min<br>Split: train
user45,3min,train,761,-23.608673,32.238403,-11.108114,15.16421,User: user45<br>Type: 3min<br>Split: train
user46,3min,train,762,-9.6432085,-35.762337,-1.2368358,-8.974315,User: user46<br>Type: 3min<br>Split: train
user47,3min,train,763,53.44146,-4.4149036,17.84292,23.497692,User: user47<br>Type: 3min<br>Split: train
user48,3min,train,764,63.466167,45.12324,7.2633576,20.944485,User: user48<br>Type: 3min<br>Split: train
user49,3min,train,765,142.51956,109.82349,14.263011,19.543756,User: user49<br>Type: 3min<br>Split: train
user53,3min,train,766,83.402824,-52.540257,20.87013,-10.381974,User: user53<br>Type: 3min<br>Split: train
user54,3min,train,767,41.798813,-47.438316,28.255548,-3.4378831,User: user54<br>Type: 3min<br>Split: train
user57,3min,train,768,-92.59654,180.8146,-5.728511,15.45825,User: user57<br>Type: 3min<br>Split: train
user58,3min,train,769,-194.49309,-81.73398,-16.23749,-6.032932,User: user58<br>Type: 3min<br>Split: train
user60,3min,train,770,104.54602,92.16839,3.7932465,15.133668,User: user60<br>Type: 3min<br>Split: train
user61,3min,train,771,13.136969,-132.71332,13.310721,-12.424178,User: user61<br>Type: 3min<br>Split: train
user62,3min,train,772,-161.29836,25.327385,-11.02704,5.2416344,User: user62<br>Type: 3min<br>Split: train
user63,3min,train,773,-76.3527,-55.018288,-17.004107,-8.165569,User: user63<br>Type: 3min<br>Split: train
user64,3min,train,774,-165.83238,-130.14728,-15.200738,-10.616278,User: user64<br>Type: 3min<br>Split: train
user65,3min,train,775,31.86232,-94.33745,10.951868,-7.400627,User: user65<br>Type: 3min<br>Split: train
user66,3min,train,776,-30.797297,-98.508545,21.99476,5.129148,User: user66<br>Type: 3min<br>Split: train
user67,3min,train,777,-122.12124,97.05209,-1.6466578,14.610859,User: user67<br>Type: 3min<br>Split: train
user68,3min,train,778,-61.284966,-85.49953,0.88292533,-11.791131,User: user68<br>Type: 3min<br>Split: train
user69,3min,train,779,-101.18627,-143.4123,-5.6730194,-7.0969787,User: user69<br>Type: 3min<br>Split: train
user7,3min,train,780,-7.1419573,-177.19244,8.029639,-12.8575535,User: user7<br>Type: 3min<br>Split: train
user70,3min,train,781,-53.917717,-110.53692,8.792944,-8.031563,User: user70<br>Type: 3min<br>Split: train
user71,3min,train,782,131.66515,-36.84476,19.000319,-1.8874028,User: user71<br>Type: 3min<br>Split: train
user75,3min,train,783,117.40484,166.2063,15.5282345,32.490135,User: user75<br>Type: 3min<br>Split: train
user79,3min,train,784,-30.512867,11.3816,6.1121206,26.007528,User: user79<br>Type: 3min<br>Split: train
user83,3min,train,785,-25.770061,-124.25772,3.3220637,-4.0534325,User: user83<br>Type: 3min<br>Split: train
user84,3min,train,786,-97.5791,146.49004,-14.452223,24.314503,User: user84<br>Type: 3min<br>Split: train
user87,3min,train,787,12.871375,46.512875,4.674993,19.045042,User: user87<br>Type: 3min<br>Split: train
user88,3min,train,788,15.223314,-78.70015,15.647463,-5.650625,User: user88<br>Type: 3min<br>Split: train
user89,3min,train,789,140.6399,-112.28211,19.224535,13.644904,User: user89<br>Type: 3min<br>Split: train
user10,3min,train,790,-1.3907136,97.334656,-3.5618997,19.744452,User: user10<br>Type: 3min<br>Split: train
user15,3min,train,791,-108.41618,-112.25345,-12.220836,-2.3540041,User: user15<br>Type: 3min<br>Split: train
user16,3min,train,792,-14.740286,205.85985,3.6023057,21.793348,User: user16<br>Type: 3min<br>Split: train
user18,3min,train,793,-63.888412,73.953804,-15.663173,8.866403,User: user18<br>Type: 3min<br>Split: train
user22,3min,train,794,-94.92357,6.672643,-5.4515877,-1.3778924,User: user22<br>Type: 3min<br>Split: train
user24,3min,train,795,-52.40137,0.21165341,-14.572379,16.323246,User: user24<br>Type: 3min<br>Split: train
user25,3min,train,796,-132.98659,73.275345,-15.486256,0.9469714,User: user25<br>Type: 3min<br>Split: train
user26,3min,train,797,-73.31034,115.66984,1.0514516,11.913496,User: user26<br>Type: 3min<br>Split: train
user29,3min,train,798,-164.6717,54.795074,-1.7892224,9.729432,User: user29<br>Type: 3min<br>Split: train
user3,3min,train,799,-32.380524,65.15644,0.9367111,26.82347,User: user3<br>Type: 3min<br>Split: train
user32,3min,train,800,-52.54509,200.63278,1.1751426,16.695805,User: user32<br>Type: 3min<br>Split: train
user34,3min,train,801,-42.164413,-38.25206,-17.835,-0.9782767,User: user34<br>Type: 3min<br>Split: train
user37,3min,train,802,22.970564,107.643776,10.644884,13.624608,User: user37<br>Type: 3min<br>Split: train
user43,3min,train,803,-38.40839,81.84102,-11.062774,19.514433,User: user43<br>Type: 3min<br>Split: train
user46,3min,train,804,-9.6432085,-35.762337,-1.2373992,-8.974968,User: user46<br>Type: 3min<br>Split: train
user48,3min,train,805,63.466167,45.12324,7.283508,20.9647,User: user48<br>Type: 3min<br>Split: train
user5,3min,train,806,-144.17363,2.538802,7.1427627,-2.827711,User: user5<br>Type: 3min<br>Split: train
user51,3min,train,807,-34.59145,-16.559484,-9.861472,1.9163853,User: user51<br>Type: 3min<br>Split: train
user52,3min,train,808,-137.88318,-23.181454,-20.285133,9.321005,User: user52<br>Type: 3min<br>Split: train
user53,3min,train,809,91.53717,-59.223194,20.86977,-10.382372,User: user53<br>Type: 3min<br>Split: train
user54,3min,train,810,48.614914,-41.05999,28.27388,-3.4194956,User: user54<br>Type: 3min<br>Split: train
user55,3min,train,811,-12.099864,53.11249,11.993331,17.17104,User: user55<br>Type: 3min<br>Split: train
user56,3min,train,812,-116.01288,-83.58743,0.59736127,-6.546761,User: user56<br>Type: 3min<br>Split: train
user57,3min,train,813,-92.59654,180.8146,-5.730715,15.453895,User: user57<br>Type: 3min<br>Split: train
user58,3min,train,814,-194.49309,-81.73398,-16.27069,-6.0660954,User: user58<br>Type: 3min<br>Split: train
user59,3min,train,815,-42.905766,122.347595,-1.543026,25.729853,User: user59<br>Type: 3min<br>Split: train
user6,3min,train,816,-143.42564,-76.430695,-20.464182,-6.6013827,User: user6<br>Type: 3min<br>Split: train
user60,3min,train,817,104.54602,92.16839,3.7959332,15.133967,User: user60<br>Type: 3min<br>Split: train
user61,3min,train,818,13.136969,-132.71332,13.311475,-12.423331,User: user61<br>Type: 3min<br>Split: train
user62,3min,train,819,-161.29836,25.327385,-11.030388,5.2454176,User: user62<br>Type: 3min<br>Split: train
user65,3min,train,820,31.86232,-94.33745,10.954532,-7.4024224,User: user65<br>Type: 3min<br>Split: train
user7,3min,train,821,-7.1419573,-177.19244,8.030105,-12.856993,User: user7<br>Type: 3min<br>Split: train
user73,3min,train,822,-22.528036,-53.160408,3.615237,-8.6006775,User: user73<br>Type: 3min<br>Split: train
user74,3min,train,823,-152.19351,138.6777,-18.36348,20.264643,User: user74<br>Type: 3min<br>Split: train
user77,3min,train,824,-142.63501,-48.656788,-10.141284,-6.4696193,User: user77<br>Type: 3min<br>Split: train
user78,3min,train,825,-170.96631,-1.9590068,-12.914164,-0.23392326,User: user78<br>Type: 3min<br>Split: train
user80,3min,train,826,84.20569,-148.9275,10.357108,-13.287975,User: user80<br>Type: 3min<br>Split: train
user84,3min,train,827,-97.5791,146.49004,-14.451358,24.315355,User: user84<br>Type: 3min<br>Split: train
user85,3min,train,828,136.38219,-81.04708,6.635722,7.5544443,User: user85<br>Type: 3min<br>Split: train
user86,3min,train,829,-46.58125,-171.89458,-0.797253,-20.250048,User: user86<br>Type: 3min<br>Split: train
user89,3min,train,830,140.6399,-112.28211,19.2219,13.647545,User: user89<br>Type: 3min<br>Split: train
user9,3min,train,831,85.470345,69.392166,6.9937916,16.421274,User: user9<br>Type: 3min<br>Split: train
user10,3min,train,832,-1.3907136,97.334656,-3.5566876,19.748049,User: user10<br>Type: 3min<br>Split: train
user12,3min,train,833,-72.13619,-156.55666,-3.8917508,-18.983381,User: user12<br>Type: 3min<br>Split: train
user14,3min,train,834,-145.96432,107.237465,-23.862078,10.320558,User: user14<br>Type: 3min<br>Split: train
user17,3min,train,835,-195.68074,-15.931047,-24.163174,-3.1364717,User: user17<br>Type: 3min<br>Split: train
user20,3min,train,836,-105.06311,77.88808,-8.960676,7.768187,User: user20<br>Type: 3min<br>Split: train
user21,3min,train,837,-60.06158,-23.163872,-20.791393,-15.260284,User: user21<br>Type: 3min<br>Split: train
user25,3min,train,838,-132.98659,73.275345,-0.54464567,2.700997,User: user25<br>Type: 3min<br>Split: train
user29,3min,train,839,-164.6717,54.795074,-1.779607,9.719893,User: user29<br>Type: 3min<br>Split: train
user3,3min,train,840,-36.397167,58.08161,0.9281434,26.832159,User: user3<br>Type: 3min<br>Split: train
user30,3min,train,841,-133.4254,-133.25356,-3.561096,-5.4109845,User: user30<br>Type: 3min<br>Split: train
user31,3min,train,842,12.347404,-1.844164,16.31067,10.695551,User: user31<br>Type: 3min<br>Split: train
user32,3min,train,843,-52.54509,200.63278,1.1751522,16.695557,User: user32<br>Type: 3min<br>Split: train
user33,3min,train,844,-121.60412,127.08609,-8.7331505,25.38829,User: user33<br>Type: 3min<br>Split: train
user34,3min,train,845,-46.07739,-41.95224,-17.835094,-0.9783065,User: user34<br>Type: 3min<br>Split: train
user35,3min,train,846,167.05638,-2.6472218,26.061348,21.987988,User: user35<br>Type: 3min<br>Split: train
user35,3min,train,847,-9.899128,-6.2469883,4.2146926,-1.1526601,User: user35<br>Type: 3min<br>Split: train
user36,3min,train,848,-196.6053,-46.669827,-19.085169,-2.6801116,User: user36<br>Type: 3min<br>Split: train
user39,3min,train,849,-83.50522,-99.28785,-8.037769,-8.949328,User: user39<br>Type: 3min<br>Split: train
user4,3min,train,850,-89.33292,51.406857,-11.511123,10.028312,User: user4<br>Type: 3min<br>Split: train
user40,3min,train,851,-71.57965,-4.132366,-27.571518,6.550002,User: user40<br>Type: 3min<br>Split: train
user41,3min,train,852,-126.0254,163.50269,-5.81608,8.005232,User: user41<br>Type: 3min<br>Split: train
user46,3min,train,853,-11.69883,-30.652655,-1.2236918,-8.961487,User: user46<br>Type: 3min<br>Split: train
user5,3min,train,854,-144.17363,2.538802,-0.2804275,5.498501,User: user5<br>Type: 3min<br>Split: train
user51,3min,train,855,-34.59145,-16.559484,-9.864044,1.9188386,User: user51<br>Type: 3min<br>Split: train
user52,3min,train,856,-137.88318,-23.181454,-20.286528,9.322667,User: user52<br>Type: 3min<br>Split: train
user57,3min,train,857,-92.59654,180.8146,-5.730694,15.453944,User: user57<br>Type: 3min<br>Split: train
user58,3min,train,858,-194.49309,-81.73398,-16.252724,-6.0478296,User: user58<br>Type: 3min<br>Split: train
user59,3min,train,859,-42.905766,122.347595,-3.5517256,24.32346,User: user59<br>Type: 3min<br>Split: train
user6,3min,train,860,-143.42564,-76.430695,-20.466532,-6.603814,User: user6<br>Type: 3min<br>Split: train
user60,3min,train,861,104.54602,92.16839,3.796496,15.133967,User: user60<br>Type: 3min<br>Split: train
user63,3min,train,862,-76.3527,-55.018288,-11.396359,-4.095487,User: user63<br>Type: 3min<br>Split: train
user67,3min,train,863,-122.12124,97.05209,-1.6820529,14.575436,User: user67<br>Type: 3min<br>Split: train
user71,3min,train,864,131.66515,-36.84476,18.986856,-1.8998616,User: user71<br>Type: 3min<br>Split: train
user73,3min,train,865,-28.42152,-53.697807,3.8522224,-8.369036,User: user73<br>Type: 3min<br>Split: train
user74,3min,train,866,-152.19351,138.6777,-18.371946,20.262285,User: user74<br>Type: 3min<br>Split: train
user75,3min,train,867,117.40484,166.2063,15.528021,32.489876,User: user75<br>Type: 3min<br>Split: train
user76,3min,train,868,155.25519,-24.52458,14.175295,13.98285,User: user76<br>Type: 3min<br>Split: train
user8,3min,train,869,-129.58746,24.109426,-4.135054,17.183626,User: user8<br>Type: 3min<br>Split: train
user81,3min,train,870,-113.86219,54.042454,-3.5668721,8.319854,User: user81<br>Type: 3min<br>Split: train
user82,3min,train,871,29.121454,-13.748628,13.910499,7.707871,User: user82<br>Type: 3min<br>Split: train
user84,3min,train,872,-97.5791,146.49004,-14.448607,24.318134,User: user84<br>Type: 3min<br>Split: train
user87,3min,train,873,12.871375,46.512875,4.68069,19.039227,User: user87<br>Type: 3min<br>Split: train
user88,3min,train,874,15.223314,-78.70015,5.3908854,-4.5672445,User: user88<br>Type: 3min<br>Split: train
user89,3min,train,875,140.6399,-112.28211,19.213451,13.655989,User: user89<br>Type: 3min<br>Split: train
user13,3min,train,876,-138.71892,46.876972,-2.4116738,12.18262,User: user13<br>Type: 3min<br>Split: train
user15,3min,train,877,-108.41618,-112.25345,2.9057329,2.3508751,User: user15<br>Type: 3min<br>Split: train
user21,3min,train,878,-54.6782,-24.618101,-20.789162,-15.258341,User: user21<br>Type: 3min<br>Split: train
user23,3min,train,879,-98.451775,-20.052794,-20.403107,2.0096812,User: user23<br>Type: 3min<br>Split: train
user24,3min,train,880,-52.40137,0.21165341,-5.698842,6.078048,User: user24<br>Type: 3min<br>Split: train
user27,3min,train,881,154.21333,-52.922832,15.697053,3.8272963,User: user27<br>Type: 3min<br>Split: train
user28,3min,train,882,-16.752575,142.8599,3.5358503,29.27169,User: user28<br>Type: 3min<br>Split: train
user29,3min,train,883,-164.6717,54.795074,6.3478613,3.4597957,User: user29<br>Type: 3min<br>Split: train
user30,3min,train,884,-133.4254,-133.25356,-16.562286,-15.193542,User: user30<br>Type: 3min<br>Split: train
user31,3min,train,885,12.347404,-1.844164,16.316074,10.695933,User: user31<br>Type: 3min<br>Split: train
user32,3min,train,886,-52.54509,200.63278,1.1662318,16.70461,User: user32<br>Type: 3min<br>Split: train
user35,3min,train,887,167.05638,-2.6472218,26.057884,21.98663,User: user35<br>Type: 3min<br>Split: train
user35,3min,train,888,-9.899128,-6.2469883,4.2182813,-1.1553237,User: user35<br>Type: 3min<br>Split: train
user40,3min,train,889,-76.4712,-2.9430878,-27.57196,6.5496078,User: user40<br>Type: 3min<br>Split: train
user42,3min,train,890,11.140395,147.74826,-8.407988,10.085657,User: user42<br>Type: 3min<br>Split: train
user48,3min,train,891,63.466167,45.12324,7.2909927,20.972115,User: user48<br>Type: 3min<br>Split: train
user54,3min,train,892,48.614914,-41.05999,28.250477,-3.442178,User: user54<br>Type: 3min<br>Split: train
user56,3min,train,893,-116.01288,-83.58743,0.5793306,-6.5287657,User: user56<br>Type: 3min<br>Split: train
user58,3min,train,894,-194.49309,-81.73398,-16.237621,-6.0331573,User: user58<br>Type: 3min<br>Split: train
user59,3min,train,895,-52.860874,116.49881,-1.5431423,25.729832,User: user59<br>Type: 3min<br>Split: train
user6,3min,train,896,-143.42564,-76.430695,-20.470627,-6.607833,User: user6<br>Type: 3min<br>Split: train
user62,3min,train,897,-161.29836,25.327385,-11.0304,5.2402716,User: user62<br>Type: 3min<br>Split: train
user62,3min,train,898,-105.7373,29.50931,-16.67922,3.796961,User: user62<br>Type: 3min<br>Split: train
user63,3min,train,899,-76.3527,-55.018288,-17.003952,-8.165824,User: user63<br>Type: 3min<br>Split: train
user64,3min,train,900,-165.83238,-130.14728,-15.279637,-10.540052,User: user64<br>Type: 3min<br>Split: train
user65,3min,train,901,31.86232,-94.33745,1.5727623,-18.570904,User: user65<br>Type: 3min<br>Split: train
user68,3min,train,902,-61.284966,-85.49953,0.5729851,-11.480545,User: user68<br>Type: 3min<br>Split: train
user69,3min,train,903,-101.18627,-143.4123,-1.9760793,-1.7132342,User: user69<br>Type: 3min<br>Split: train
user7,3min,train,904,-7.1419573,-177.19244,8.030293,-12.856859,User: user7<br>Type: 3min<br>Split: train
user72,3min,train,905,13.62859,22.772324,6.8888884,0.3564257,User: user72<br>Type: 3min<br>Split: train
user73,3min,train,906,-28.42152,-53.697807,3.71914,-8.4993925,User: user73<br>Type: 3min<br>Split: train
user75,3min,train,907,117.40484,166.2063,15.532531,32.494396,User: user75<br>Type: 3min<br>Split: train
user77,3min,train,908,-142.63501,-48.656788,-9.983456,-6.3142214,User: user77<br>Type: 3min<br>Split: train
user79,3min,train,909,-30.512867,11.3816,6.1067877,26.002014,User: user79<br>Type: 3min<br>Split: train
user83,3min,train,910,-25.770061,-124.25772,3.3214545,-4.0539737,User: user83<br>Type: 3min<br>Split: train
user84,3min,train,911,-97.5791,146.49004,-14.454869,24.31194,User: user84<br>Type: 3min<br>Split: train
user86,3min,train,912,-46.58125,-171.89458,-0.795066,-20.251036,User: user86<br>Type: 3min<br>Split: train
user88,3min,train,913,15.223314,-78.70015,15.648578,-5.649429,User: user88<br>Type: 3min<br>Split: train
user9,3min,train,914,75.78509,66.43162,7.002044,16.414705,User: user9<br>Type: 3min<br>Split: train
user12,3min,train,915,-72.13619,-156.55666,-3.517999,-13.41509,User: user12<br>Type: 3min<br>Split: train
user16,3min,train,916,-14.740286,205.85985,3.4911497,21.682276,User: user16<br>Type: 3min<br>Split: train
user18,3min,train,917,-63.888412,73.953804,-15.663824,8.866623,User: user18<br>Type: 3min<br>Split: train
user2,3min,train,918,60.334183,-131.87576,14.075761,0.60162795,User: user2<br>Type: 3min<br>Split: train
user21,3min,train,919,-60.06158,-23.163872,-20.79118,-15.260018,User: user21<br>Type: 3min<br>Split: train
user23,3min,train,920,-98.451775,-20.052794,-20.405865,2.0069425,User: user23<br>Type: 3min<br>Split: train
user28,3min,train,921,-16.752575,142.8599,3.5382533,29.274069,User: user28<br>Type: 3min<br>Split: train
user3,3min,train,922,-36.397167,58.08161,0.9277921,26.832653,User: user3<br>Type: 3min<br>Split: train
user30,3min,train,923,-133.4254,-133.25356,-16.562271,-15.193597,User: user30<br>Type: 3min<br>Split: train
user31,3min,train,924,12.347404,-1.844164,16.312714,10.699366,User: user31<br>Type: 3min<br>Split: train
user32,3min,train,925,-52.54509,200.63278,1.1741276,16.696672,User: user32<br>Type: 3min<br>Split: train
user35,3min,train,926,-20.335432,-5.0037894,4.2179823,-1.1551737,User: user35<br>Type: 3min<br>Split: train
user36,3min,train,927,-196.6053,-46.669827,-19.088102,-2.6772885,User: user36<br>Type: 3min<br>Split: train
user42,3min,train,928,11.140395,147.74826,-8.393695,10.099654,User: user42<br>Type: 3min<br>Split: train
user43,3min,train,929,-38.40839,81.84102,-11.062887,19.514595,User: user43<br>Type: 3min<br>Split: train
user45,3min,train,930,-27.081148,36.82445,-11.108628,15.164701,User: user45<br>Type: 3min<br>Split: train
user51,3min,train,931,-34.59145,-16.559484,-9.858797,1.9136509,User: user51<br>Type: 3min<br>Split: train
user52,3min,train,932,-137.88318,-23.181454,-24.001179,4.182319,User: user52<br>Type: 3min<br>Split: train
user53,3min,train,933,91.53717,-59.223194,20.870079,-10.3820305,User: user53<br>Type: 3min<br>Split: train
user56,3min,train,934,-116.01288,-83.58743,0.5988794,-6.547376,User: user56<br>Type: 3min<br>Split: train
user58,3min,train,935,-194.49309,-81.73398,-16.247412,-6.0467305,User: user58<br>Type: 3min<br>Split: train
user59,3min,train,936,-42.905766,122.347595,-1.541506,25.722147,User: user59<br>Type: 3min<br>Split: train
user6,3min,train,937,-143.42564,-76.430695,-20.444641,-6.5819225,User: user6<br>Type: 3min<br>Split: train
user60,3min,train,938,104.54602,92.16839,3.7936678,15.133742,User: user60<br>Type: 3min<br>Split: train
user62,3min,train,939,-161.29836,25.327385,-11.029778,5.2445197,User: user62<br>Type: 3min<br>Split: train
user63,3min,train,940,-76.3527,-55.018288,-11.396201,-4.095805,User: user63<br>Type: 3min<br>Split: train
user66,3min,train,941,-30.797297,-98.508545,21.991089,5.1286626,User: user66<br>Type: 3min<br>Split: train
user68,3min,train,942,-61.284966,-85.49953,0.89375854,-11.801968,User: user68<br>Type: 3min<br>Split: train
user7,3min,train,943,-7.1419573,-177.19244,8.03024,-12.85705,User: user7<br>Type: 3min<br>Split: train
user70,3min,train,944,-53.917717,-110.53692,8.799833,-8.03658,User: user70<br>Type: 3min<br>Split: train
user71,3min,train,945,131.66515,-36.84476,18.998419,-1.8892169,User: user71<br>Type: 3min<br>Split: train
user73,3min,train,946,-28.42152,-53.697807,3.861796,-8.359628,User: user73<br>Type: 3min<br>Split: train
user74,3min,train,947,-152.19351,138.6777,-18.365604,20.259981,User: user74<br>Type: 3min<br>Split: train
user76,3min,train,948,155.25519,-24.52458,14.062757,13.871042,User: user76<br>Type: 3min<br>Split: train
user77,3min,train,949,-142.63501,-48.656788,-10.141455,-6.4696083,User: user77<br>Type: 3min<br>Split: train
user81,3min,train,950,-113.86219,54.042454,-5.7057695,12.343338,User: user81<br>Type: 3min<br>Split: train
user83,3min,train,951,-25.770061,-124.25772,3.321774,-4.0536447,User: user83<br>Type: 3min<br>Split: train
user84,3min,train,952,-97.5791,146.49004,-14.454905,24.311806,User: user84<br>Type: 3min<br>Split: train
user85,3min,train,953,136.38219,-81.04708,6.640797,7.5593915,User: user85<br>Type: 3min<br>Split: train
user86,3min,train,954,-46.58125,-171.89458,-0.8096586,-20.23696,User: user86<br>Type: 3min<br>Split: train
user87,3min,train,955,12.871375,46.512875,4.668439,19.030907,User: user87<br>Type: 3min<br>Split: train
user88,3min,train,956,15.223314,-78.70015,15.647069,-5.651008,User: user88<br>Type: 3min<br>Split: train
user89,3min,train,957,140.6399,-112.28211,19.216726,13.652713,User: user89<br>Type: 3min<br>Split: train
user9,3min,train,958,85.470345,69.392166,7.001952,16.413315,User: user9<br>Type: 3min<br>Split: train
user1,3min,train,959,15.5723505,67.43697,-12.881726,21.942875,User: user1<br>Type: 3min<br>Split: train
user15,3min,train,960,-108.41618,-112.25345,2.9052694,2.3517208,User: user15<br>Type: 3min<br>Split: train
user16,3min,train,961,-14.740286,205.85985,3.494606,21.685678,User: user16<br>Type: 3min<br>Split: train
user18,3min,train,962,-63.888412,73.953804,-15.663136,8.866348,User: user18<br>Type: 3min<br>Split: train
user19,3min,train,963,-166.4242,-96.49441,-2.266835,-10.765902,User: user19<br>Type: 3min<br>Split: train
user22,3min,train,964,-94.92357,6.672643,-5.4516673,-1.377873,User: user22<br>Type: 3min<br>Split: train
user23,3min,train,965,-98.451775,-20.052794,-20.41187,2.0008638,User: user23<br>Type: 3min<br>Split: train
user28,3min,train,966,-16.752575,142.8599,3.5337095,29.269491,User: user28<br>Type: 3min<br>Split: train
user3,3min,train,967,-36.397167,58.08161,0.9602992,26.79998,User: user3<br>Type: 3min<br>Split: train
user30,3min,train,968,-133.4254,-133.25356,-16.553299,-15.202346,User: user30<br>Type: 3min<br>Split: train
user31,3min,train,969,12.347404,-1.844164,16.312687,10.699293,User: user31<br>Type: 3min<br>Split: train
user35,3min,train,970,167.05638,-2.6472218,26.057251,21.986086,User: user35<br>Type: 3min<br>Split: train
user36,3min,train,971,-196.6053,-46.669827,-19.085175,-2.6801345,User: user36<br>Type: 3min<br>Split: train
user4,3min,train,972,-89.33292,51.406857,-11.501396,10.037575,User: user4<br>Type: 3min<br>Split: train
user40,3min,train,973,-75.781364,-8.141219,-27.571632,6.549905,User: user40<br>Type: 3min<br>Split: train
user41,3min,train,974,-126.0254,163.50269,-5.818276,8.005287,User: user41<br>Type: 3min<br>Split: train
user43,3min,train,975,-38.40839,81.84102,-10.256191,18.626488,User: user43<br>Type: 3min<br>Split: train
user44,3min,train,976,-126.801575,-63.609825,-25.964167,0.6495256,User: user44<br>Type: 3min<br>Split: train
user46,3min,train,977,-9.6432085,-35.762337,-1.2249199,-8.962485,User: user46<br>Type: 3min<br>Split: train
user47,3min,train,978,53.44146,-4.4149036,17.8429,23.49622,User: user47<br>Type: 3min<br>Split: train
user48,3min,train,979,63.466167,45.12324,7.25972,20.940916,User: user48<br>Type: 3min<br>Split: train
user50,3min,train,980,-165.25569,-29.547632,-8.789107,-3.5270236,User: user50<br>Type: 3min<br>Split: train
user51,3min,train,981,-34.59145,-16.559484,-9.861886,1.916692,User: user51<br>Type: 3min<br>Split: train
user53,3min,train,982,91.53717,-59.223194,2.8366208,-16.91376,User: user53<br>Type: 3min<br>Split: train
user57,3min,train,983,-92.59654,180.8146,-5.730462,15.455974,User: user57<br>Type: 3min<br>Split: train
user61,3min,train,984,13.136969,-132.71332,13.310888,-12.424101,User: user61<br>Type: 3min<br>Split: train
user62,3min,train,985,-161.29836,25.327385,-11.043311,5.232541,User: user62<br>Type: 3min<br>Split: train
user62,3min,train,986,-105.7373,29.50931,-16.671638,3.7884707,User: user62<br>Type: 3min<br>Split: train
user63,3min,train,987,-76.3527,-55.018288,-11.39633,-4.0954924,User: user63<br>Type: 3min<br>Split: train
user65,3min,train,988,31.86232,-94.33745,1.5729,-18.570843,User: user65<br>Type: 3min<br>Split: train
user68,3min,train,989,-61.284966,-85.49953,0.57119983,-11.478774,User: user68<br>Type: 3min<br>Split: train
user70,3min,train,990,-53.917717,-110.53692,12.46934,5.4012127,User: user70<br>Type: 3min<br>Split: train
user74,3min,train,991,-152.19351,138.6777,-18.364267,20.25822,User: user74<br>Type: 3min<br>Split: train
user75,3min,train,992,117.40484,166.2063,15.527864,32.489716,User: user75<br>Type: 3min<br>Split: train
user78,3min,train,993,-170.96631,-1.9590068,-12.914817,-0.2321988,User: user78<br>Type: 3min<br>Split: train
user80,3min,train,994,84.20569,-148.9275,10.357205,-13.288006,User: user80<br>Type: 3min<br>Split: train
user81,3min,train,995,-113.86219,54.042454,-5.705717,12.343333,User: user81<br>Type: 3min<br>Split: train
user82,3min,train,996,33.775627,-10.916876,13.911466,7.706408,User: user82<br>Type: 3min<br>Split: train
user83,3min,train,997,-25.770061,-124.25772,3.323981,-4.051398,User: user83<br>Type: 3min<br>Split: train
user85,3min,train,998,136.38219,-81.04708,6.64827,7.5669527,User: user85<br>Type: 3min<br>Split: train
user87,3min,train,999,12.871375,46.512875,4.6835027,19.03519,User: user87<br>Type: 3min<br>Split: train
user89,3min,train,1000,140.6399,-112.28211,19.216166,13.653333,User: user89<br>Type: 3min<br>Split: train
user15,3min,train,1001,-108.41618,-112.25345,-12.221045,-2.3540516,User: user15<br>Type: 3min<br>Split: train
user17,3min,train,1002,-195.68074,-15.931047,-24.157328,-3.1424615,User: user17<br>Type: 3min<br>Split: train
user18,3min,train,1003,-63.888412,73.953804,-15.65633,8.86093,User: user18<br>Type: 3min<br>Split: train
user20,3min,train,1004,-105.06311,77.88808,-14.083278,2.5973969,User: user20<br>Type: 3min<br>Split: train
user21,3min,train,1005,-60.06158,-23.163872,-20.80926,-15.278477,User: user21<br>Type: 3min<br>Split: train
user24,3min,train,1006,-52.51017,5.934216,-14.572488,16.323652,User: user24<br>Type: 3min<br>Split: train
user25,3min,train,1007,-132.98659,73.275345,-0.5449218,2.701041,User: user25<br>Type: 3min<br>Split: train
user26,3min,train,1008,-73.31034,115.66984,1.0448596,11.905649,User: user26<br>Type: 3min<br>Split: train
user27,3min,train,1009,154.21333,-52.922832,15.701157,3.8232512,User: user27<br>Type: 3min<br>Split: train
user29,3min,train,1010,-164.6717,54.795074,6.3477693,3.459659,User: user29<br>Type: 3min<br>Split: train
user30,3min,train,1011,-133.4254,-133.25356,-3.5612419,-5.4109516,User: user30<br>Type: 3min<br>Split: train
user31,3min,train,1012,12.347404,-1.844164,16.313307,10.698798,User: user31<br>Type: 3min<br>Split: train
user36,3min,train,1013,-196.6053,-46.669827,-19.0803,-2.6824787,User: user36<br>Type: 3min<br>Split: train
user39,3min,train,1014,-83.50522,-99.28785,-8.0377865,-8.949348,User: user39<br>Type: 3min<br>Split: train
user40,3min,train,1015,-76.4712,-2.9430878,-27.572012,6.549597,User: user40<br>Type: 3min<br>Split: train
user42,3min,train,1016,11.140395,147.74826,-8.402449,10.090996,User: user42<br>Type: 3min<br>Split: train
user44,3min,train,1017,-97.63191,-53.365215,-25.970976,0.656436,User: user44<br>Type: 3min<br>Split: train
user45,3min,train,1018,-22.06412,36.96605,-11.103135,15.159316,User: user45<br>Type: 3min<br>Split: train
user47,3min,train,1019,53.44146,-4.4149036,17.844309,23.498772,User: user47<br>Type: 3min<br>Split: train
user48,3min,train,1020,59.70417,48.95577,7.2805767,20.961807,User: user48<br>Type: 3min<br>Split: train
user49,3min,train,1021,142.51956,109.82349,14.258602,19.541409,User: user49<br>Type: 3min<br>Split: train
user51,3min,train,1022,-34.00116,-6.956563,-9.867136,1.9221963,User: user51<br>Type: 3min<br>Split: train
user53,3min,train,1023,83.402824,-52.540257,20.870083,-10.382021,User: user53<br>Type: 3min<br>Split: train
user55,3min,train,1024,-12.099864,53.11249,11.987669,17.176558,User: user55<br>Type: 3min<br>Split: train
user56,3min,train,1025,-116.01288,-83.58743,0.5900185,-6.539353,User: user56<br>Type: 3min<br>Split: train
user58,3min,train,1026,-194.49309,-81.73398,-16.239012,-6.034722,User: user58<br>Type: 3min<br>Split: train
user60,3min,train,1027,104.54602,92.16839,3.7935655,15.133734,User: user60<br>Type: 3min<br>Split: train
user62,3min,train,1028,-161.29836,25.327385,-11.028808,5.2422094,User: user62<br>Type: 3min<br>Split: train
user62,3min,train,1029,-105.7373,29.50931,-16.677322,3.7953277,User: user62<br>Type: 3min<br>Split: train
user63,3min,train,1030,-76.3527,-55.018288,-17.010468,-8.158986,User: user63<br>Type: 3min<br>Split: train
user66,3min,train,1031,-30.797297,-98.508545,21.998934,5.123724,User: user66<br>Type: 3min<br>Split: train
user7,3min,train,1032,-7.1419573,-177.19244,-3.640679,-3.4717817,User: user7<br>Type: 3min<br>Split: train
user71,3min,train,1033,131.66515,-36.84476,19.001448,-1.8866563,User: user71<br>Type: 3min<br>Split: train
user72,3min,train,1034,13.62859,22.772324,6.88156,0.34915248,User: user72<br>Type: 3min<br>Split: train
user75,3min,train,1035,117.40484,166.2063,15.519171,32.481007,User: user75<br>Type: 3min<br>Split: train
user78,3min,train,1036,-170.96631,-1.9590068,-12.92091,-0.22725451,User: user78<br>Type: 3min<br>Split: train
user79,3min,train,1037,-30.512867,11.3816,6.112061,26.00736,User: user79<br>Type: 3min<br>Split: train
user82,3min,train,1038,33.775627,-10.916876,13.914964,7.7029047,User: user82<br>Type: 3min<br>Split: train
user83,3min,train,1039,-25.770061,-124.25772,3.2953463,-4.08127,User: user83<br>Type: 3min<br>Split: train
user85,3min,train,1040,136.38219,-81.04708,6.6353645,7.5540123,User: user85<br>Type: 3min<br>Split: train
user86,3min,train,1041,-46.58125,-171.89458,-0.7915983,-20.255754,User: user86<br>Type: 3min<br>Split: train
user87,3min,train,1042,12.871375,46.512875,4.664064,19.026508,User: user87<br>Type: 3min<br>Split: train
user1,3min,train,1043,13.863741,76.31855,-12.8965845,21.957624,User: user1<br>Type: 3min<br>Split: train
user11,3min,train,1044,-137.4076,-103.33537,-14.795028,-2.8610795,User: user11<br>Type: 3min<br>Split: train
user12,3min,train,1045,-72.13619,-156.55666,-3.5175052,-13.415527,User: user12<br>Type: 3min<br>Split: train
user16,3min,train,1046,-14.740286,205.85985,3.4900572,21.681612,User: user16<br>Type: 3min<br>Split: train
user18,3min,train,1047,-63.888412,73.953804,-15.656434,8.8602085,User: user18<br>Type: 3min<br>Split: train
user23,3min,train,1048,-98.451775,-20.052794,-20.422033,1.9907031,User: user23<br>Type: 3min<br>Split: train
user26,3min,train,1049,-73.31034,115.66984,1.0414168,11.902015,User: user26<br>Type: 3min<br>Split: train
user28,3min,train,1050,-16.752575,142.8599,3.5388186,29.274485,User: user28<br>Type: 3min<br>Split: train
user30,3min,train,1051,-133.4254,-133.25356,-3.5611246,-5.411207,User: user30<br>Type: 3min<br>Split: train
user31,3min,train,1052,7.127656,-0.07572798,16.313925,10.6981735,User: user31<br>Type: 3min<br>Split: train
user32,3min,train,1053,-52.54509,200.63278,1.1542583,16.716475,User: user32<br>Type: 3min<br>Split: train
user33,3min,train,1054,-121.60412,127.08609,-8.741864,25.396837,User: user33<br>Type: 3min<br>Split: train
user34,3min,train,1055,-151.443,-116.06773,-7.2196417,3.1277447,User: user34<br>Type: 3min<br>Split: train
user35,3min,train,1056,167.05638,-2.6472218,26.058086,21.98681,User: user35<br>Type: 3min<br>Split: train
user37,3min,train,1057,22.970564,107.643776,10.64651,13.624963,User: user37<br>Type: 3min<br>Split: train
user45,3min,train,1058,-28.594263,32.087917,-11.1077175,15.163852,User: user45<br>Type: 3min<br>Split: train
user46,3min,train,1059,-11.69883,-30.652655,-1.2239152,-8.961506,User: user46<br>Type: 3min<br>Split: train
user51,3min,train,1060,-34.59145,-16.559484,-9.854711,1.9095032,User: user51<br>Type: 3min<br>Split: train
user52,3min,train,1061,-137.88318,-23.181454,-20.286755,9.3229,User: user52<br>Type: 3min<br>Split: train
user54,3min,train,1062,48.614914,-41.05999,28.2551,-3.438221,User: user54<br>Type: 3min<br>Split: train
user56,3min,train,1063,-116.01288,-83.58743,0.63321865,-6.5828695,User: user56<br>Type: 3min<br>Split: train
user58,3min,train,1064,-194.49309,-81.73398,-16.22076,-6.0163593,User: user58<br>Type: 3min<br>Split: train
user59,3min,train,1065,-42.905766,122.347595,-1.542903,25.729654,User: user59<br>Type: 3min<br>Split: train
user62,3min,train,1066,-105.7373,29.50931,-16.67695,3.7949288,User: user62<br>Type: 3min<br>Split: train
user63,3min,train,1067,-76.3527,-55.018288,-17.00437,-8.164991,User: user63<br>Type: 3min<br>Split: train
user64,3min,train,1068,-165.83238,-130.14728,-15.210169,-10.606893,User: user64<br>Type: 3min<br>Split: train
user65,3min,train,1069,31.86232,-94.33745,10.954642,-7.4029875,User: user65<br>Type: 3min<br>Split: train
user66,3min,train,1070,-30.797297,-98.508545,22.000381,5.1245375,User: user66<br>Type: 3min<br>Split: train
user69,3min,train,1071,-101.18627,-143.4123,-1.971573,-1.7086445,User: user69<br>Type: 3min<br>Split: train
user7,3min,train,1072,-7.1419573,-177.19244,8.030191,-12.857026,User: user7<br>Type: 3min<br>Split: train
user70,3min,train,1073,-53.917717,-110.53692,8.794379,-8.032934,User: user70<br>Type: 3min<br>Split: train
user71,3min,train,1074,131.66515,-36.84476,18.981266,-1.8875841,User: user71<br>Type: 3min<br>Split: train
user73,3min,train,1075,-28.42152,-53.697807,3.8610504,-8.360324,User: user73<br>Type: 3min<br>Split: train
user74,3min,train,1076,-152.19351,138.6777,-18.356155,20.249365,User: user74<br>Type: 3min<br>Split: train
user76,3min,train,1077,155.25519,-24.52458,14.175159,13.982494,User: user76<br>Type: 3min<br>Split: train
user79,3min,train,1078,-30.512867,11.3816,6.1116204,26.007843,User: user79<br>Type: 3min<br>Split: train
user8,3min,train,1079,-129.58746,24.109426,-4.135123,17.183605,User: user8<br>Type: 3min<br>Split: train
user80,3min,train,1080,84.20569,-148.9275,10.357052,-13.28793,User: user80<br>Type: 3min<br>Split: train
user82,3min,train,1081,29.121454,-13.748628,13.912586,7.705618,User: user82<br>Type: 3min<br>Split: train
user84,3min,train,1082,-97.5791,146.49004,-14.457047,24.309692,User: user84<br>Type: 3min<br>Split: train
user85,3min,train,1083,136.38219,-81.04708,6.6412673,7.559779,User: user85<br>Type: 3min<br>Split: train
user86,3min,train,1084,-46.58125,-171.89458,-0.8029459,-20.24451,User: user86<br>Type: 3min<br>Split: train
user87,3min,train,1085,13.01546,52.540264,4.672863,19.035131,User: user87<br>Type: 3min<br>Split: train
user89,3min,train,1086,140.6399,-112.28211,19.245996,13.623602,User: user89<br>Type: 3min<br>Split: train
user9,3min,train,1087,85.470345,69.392166,7.0044794,16.410194,User: user9<br>Type: 3min<br>Split: train
user1,3min,train,1088,13.863741,76.31855,-12.875226,21.936295,User: user1<br>Type: 3min<br>Split: train
user12,3min,train,1089,-72.13619,-156.55666,-3.881707,-18.992893,User: user12<br>Type: 3min<br>Split: train
user14,3min,train,1090,-145.96432,107.237465,-23.8666,10.316335,User: user14<br>Type: 3min<br>Split: train
user21,3min,train,1091,-60.06158,-23.163872,-20.790936,-15.259793,User: user21<br>Type: 3min<br>Split: train
user22,3min,train,1092,-94.92357,6.672643,-5.4451942,-1.3714131,User: user22<br>Type: 3min<br>Split: train
user23,3min,train,1093,-98.451775,-20.052794,-20.41492,1.9982023,User: user23<br>Type: 3min<br>Split: train
user26,3min,train,1094,-73.31034,115.66984,1.0212688,11.882172,User: user26<br>Type: 3min<br>Split: train
user27,3min,train,1095,154.21333,-52.922832,15.699533,3.824811,User: user27<br>Type: 3min<br>Split: train
user29,3min,train,1096,-164.6717,54.795074,-1.7800084,9.720384,User: user29<br>Type: 3min<br>Split: train
user30,3min,train,1097,-133.4254,-133.25356,-16.561907,-15.193902,User: user30<br>Type: 3min<br>Split: train
user33,3min,train,1098,-121.60412,127.08609,-8.738923,25.393936,User: user33<br>Type: 3min<br>Split: train
user35,3min,train,1099,-9.899128,-6.2469883,4.226274,-1.1633017,User: user35<br>Type: 3min<br>Split: train
user36,3min,train,1100,-196.6053,-46.669827,-19.091928,-2.6744835,User: user36<br>Type: 3min<br>Split: train
user37,3min,train,1101,22.970564,107.643776,11.217513,14.059149,User: user37<br>Type: 3min<br>Split: train
user4,3min,train,1102,-89.33292,51.406857,-1.5910637,0.43628037,User: user4<br>Type: 3min<br>Split: train
user41,3min,train,1103,-126.0254,163.50269,-13.020438,9.776658,User: user41<br>Type: 3min<br>Split: train
user42,3min,train,1104,11.140395,147.74826,-8.402658,10.090915,User: user42<br>Type: 3min<br>Split: train
user43,3min,train,1105,-38.40839,81.84102,-11.062904,19.514542,User: user43<br>Type: 3min<br>Split: train
user46,3min,train,1106,-9.6432085,-35.762337,-1.2234625,-8.961022,User: user46<br>Type: 3min<br>Split: train
user49,3min,train,1107,142.51956,109.82349,14.261466,19.540377,User: user49<br>Type: 3min<br>Split: train
user5,3min,train,1108,-144.17363,2.538802,7.142368,-2.8278139,User: user5<br>Type: 3min<br>Split: train
user52,3min,train,1109,-137.88318,-23.181454,-24.001148,4.182365,User: user52<br>Type: 3min<br>Split: train
user53,3min,train,1110,91.53717,-59.223194,20.874529,-10.377615,User: user53<br>Type: 3min<br>Split: train
user55,3min,train,1111,-7.6376166,56.571766,12.084329,17.079853,User: user55<br>Type: 3min<br>Split: train
user57,3min,train,1112,-92.59654,180.8146,-8.634432,14.831048,User: user57<br>Type: 3min<br>Split: train
user58,3min,train,1113,-194.49309,-81.73398,-16.280834,-6.0760336,User: user58<br>Type: 3min<br>Split: train
user60,3min,train,1114,104.54602,92.16839,16.56522,7.997056,User: user60<br>Type: 3min<br>Split: train
user62,3min,train,1115,-161.29836,25.327385,-11.024677,5.2380753,User: user62<br>Type: 3min<br>Split: train
user62,3min,train,1116,-105.7373,29.50931,-16.643429,3.7608888,User: user62<br>Type: 3min<br>Split: train
user63,3min,train,1117,-76.3527,-55.018288,-17.00469,-8.164871,User: user63<br>Type: 3min<br>Split: train
user65,3min,train,1118,41.84453,-92.8349,10.954289,-7.4024234,User: user65<br>Type: 3min<br>Split: train
user66,3min,train,1119,-30.797297,-98.508545,21.991846,5.1292963,User: user66<br>Type: 3min<br>Split: train
user68,3min,train,1120,-61.284966,-85.49953,0.87416315,-11.78251,User: user68<br>Type: 3min<br>Split: train
user7,3min,train,1121,-7.1419573,-177.19244,8.030218,-12.856897,User: user7<br>Type: 3min<br>Split: train
user70,3min,train,1122,-53.917717,-110.53692,8.788516,-8.027164,User: user70<br>Type: 3min<br>Split: train
user73,3min,train,1123,-22.528036,-53.160408,3.853966,-8.367306,User: user73<br>Type: 3min<br>Split: train
user79,3min,train,1124,-30.512867,11.3816,6.1117525,26.007172,User: user79<br>Type: 3min<br>Split: train
user8,3min,train,1125,-129.58746,24.109426,-4.135017,17.183605,User: user8<br>Type: 3min<br>Split: train
user80,3min,train,1126,84.20569,-148.9275,10.290783,-5.129757,User: user80<br>Type: 3min<br>Split: train
user82,3min,train,1127,33.775627,-10.916876,13.920051,7.697922,User: user82<br>Type: 3min<br>Split: train
user83,3min,train,1128,-25.770061,-124.25772,3.3162494,-4.059598,User: user83<br>Type: 3min<br>Split: train
user84,3min,train,1129,-97.5791,146.49004,-14.46075,24.306149,User: user84<br>Type: 3min<br>Split: train
user87,3min,train,1130,12.871375,46.512875,4.6630707,19.026222,User: user87<br>Type: 3min<br>Split: train
user89,3min,train,1131,140.6399,-112.28211,19.221518,13.647906,User: user89<br>Type: 3min<br>Split: train
user9,3min,train,1132,75.78509,66.43162,7.0019693,16.414297,User: user9<br>Type: 3min<br>Split: train
user1,3min,train,1133,13.863741,76.31855,-12.896303,21.957363,User: user1<br>Type: 3min<br>Split: train
user10,3min,train,1134,-1.3907136,97.334656,-3.5503962,19.75652,User: user10<br>Type: 3min<br>Split: train
user13,3min,train,1135,-138.71892,46.876972,-2.3937798,12.161399,User: user13<br>Type: 3min<br>Split: train
user15,3min,train,1136,-108.41618,-112.25345,-12.221404,-2.353856,User: user15<br>Type: 3min<br>Split: train
user17,3min,train,1137,-195.68074,-15.931047,-18.546705,6.962624,User: user17<br>Type: 3min<br>Split: train
user19,3min,train,1138,-166.4242,-96.49441,-2.2686832,-10.767392,User: user19<br>Type: 3min<br>Split: train
user2,3min,train,1139,60.334183,-131.87576,14.073067,0.59981287,User: user2<br>Type: 3min<br>Split: train
user21,3min,train,1140,-60.06158,-23.163872,-20.782099,-15.250947,User: user21<br>Type: 3min<br>Split: train
user22,3min,train,1141,-94.92357,6.672643,-5.445911,-1.3722795,User: user22<br>Type: 3min<br>Split: train
user24,3min,train,1142,-52.40137,0.21165341,-14.572367,16.323116,User: user24<br>Type: 3min<br>Split: train
user25,3min,train,1143,-132.98659,73.275345,-15.486684,0.947527,User: user25<br>Type: 3min<br>Split: train
user26,3min,train,1144,-73.31034,115.66984,1.0410315,11.902356,User: user26<br>Type: 3min<br>Split: train
user28,3min,train,1145,-16.752575,142.8599,3.5443559,29.278814,User: user28<br>Type: 3min<br>Split: train
user31,3min,train,1146,12.347404,-1.844164,16.316126,10.695438,User: user31<br>Type: 3min<br>Split: train
user32,3min,train,1147,-52.54509,200.63278,1.192056,16.679054,User: user32<br>Type: 3min<br>Split: train
user33,3min,train,1148,-121.60412,127.08609,-8.736854,25.39198,User: user33<br>Type: 3min<br>Split: train
user35,3min,train,1149,167.05638,-2.6472218,26.07376,22.002554,User: user35<br>Type: 3min<br>Split: train
user36,3min,train,1150,-196.6053,-46.669827,-19.082573,-2.6829312,User: user36<br>Type: 3min<br>Split: train
user37,3min,train,1151,22.970564,107.643776,11.147151,14.003652,User: user37<br>Type: 3min<br>Split: train
user38,3min,train,1152,-62.84318,171.02867,0.5008305,19.072239,User: user38<br>Type: 3min<br>Split: train
user4,3min,train,1153,-89.33292,51.406857,-1.5920957,0.43437225,User: user4<br>Type: 3min<br>Split: train
user41,3min,train,1154,-126.0254,163.50269,-13.020311,9.776742,User: user41<br>Type: 3min<br>Split: train
user46,3min,train,1155,-9.6432085,-35.762337,-1.2179024,-8.955585,User: user46<br>Type: 3min<br>Split: train
user48,3min,train,1156,63.466167,45.12324,7.261808,20.942831,User: user48<br>Type: 3min<br>Split: train
user49,3min,train,1157,142.51956,109.82349,14.266388,19.544945,User: user49<br>Type: 3min<br>Split: train
user5,3min,train,1158,-144.17363,2.538802,-0.2798983,5.4989276,User: user5<br>Type: 3min<br>Split: train
user51,3min,train,1159,-34.59145,-16.559484,-9.8913765,1.9459774,User: user51<br>Type: 3min<br>Split: train
user52,3min,train,1160,-137.88318,-23.181454,-20.29018,9.326022,User: user52<br>Type: 3min<br>Split: train
user53,3min,train,1161,91.53717,-59.223194,2.8350718,-16.915771,User: user53<br>Type: 3min<br>Split: train
user54,3min,train,1162,48.614914,-41.05999,28.274574,-3.4188595,User: user54<br>Type: 3min<br>Split: train
user55,3min,train,1163,-7.6376166,56.571766,11.988811,17.175545,User: user55<br>Type: 3min<br>Split: train
user57,3min,train,1164,-92.59654,180.8146,-8.633074,14.829943,User: user57<br>Type: 3min<br>Split: train
user6,3min,train,1165,-143.42564,-76.430695,-20.459032,-6.5961695,User: user6<br>Type: 3min<br>Split: train
user61,3min,train,1166,13.136969,-132.71332,3.6084797,-14.250286,User: user61<br>Type: 3min<br>Split: train
user62,3min,train,1167,-161.29836,25.327385,-11.035387,5.249237,User: user62<br>Type: 3min<br>Split: train
user63,3min,train,1168,-76.3527,-55.018288,-17.0046,-8.165079,User: user63<br>Type: 3min<br>Split: train
user68,3min,train,1169,-61.284966,-85.49953,0.8777551,-11.7860565,User: user68<br>Type: 3min<br>Split: train
user69,3min,train,1170,-101.18627,-143.4123,-5.6731052,-7.0968313,User: user69<br>Type: 3min<br>Split: train
user70,3min,train,1171,-53.917717,-110.53692,12.47014,5.402392,User: user70<br>Type: 3min<br>Split: train
user71,3min,train,1172,131.66515,-36.84476,19.004425,-1.8953872,User: user71<br>Type: 3min<br>Split: train
user72,3min,train,1173,13.62859,22.772324,6.891039,0.35838345,User: user72<br>Type: 3min<br>Split: train
user73,3min,train,1174,-22.528036,-53.160408,3.6203053,-8.595846,User: user73<br>Type: 3min<br>Split: train
user74,3min,train,1175,-152.19351,138.6777,-18.36171,20.257355,User: user74<br>Type: 3min<br>Split: train
user75,3min,train,1176,117.40484,166.2063,15.525092,32.48697,User: user75<br>Type: 3min<br>Split: train
user8,3min,train,1177,-129.58746,24.109426,-4.1434917,17.178082,User: user8<br>Type: 3min<br>Split: train
user80,3min,train,1178,84.20569,-148.9275,10.357395,-13.288159,User: user80<br>Type: 3min<br>Split: train
user81,3min,train,1179,-113.86219,54.042454,-5.705817,12.343361,User: user81<br>Type: 3min<br>Split: train
user82,3min,train,1180,33.775627,-10.916876,13.903709,7.714185,User: user82<br>Type: 3min<br>Split: train
user85,3min,train,1181,136.38219,-81.04708,6.6048684,7.522808,User: user85<br>Type: 3min<br>Split: train
user88,3min,train,1182,8.297126,-72.547134,15.647364,-5.6506114,User: user88<br>Type: 3min<br>Split: train
user12,3min,train,1183,-72.13619,-156.55666,-3.5170434,-13.415791,User: user12<br>Type: 3min<br>Split: train
user14,3min,train,1184,-145.96432,107.237465,-23.858738,10.3240385,User: user14<br>Type: 3min<br>Split: train
user2,3min,train,1185,60.334183,-131.87576,14.089138,0.6157821,User: user2<br>Type: 3min<br>Split: train
user20,3min,train,1186,-105.06311,77.88808,-8.961901,7.768158,User: user20<br>Type: 3min<br>Split: train
user21,3min,train,1187,-60.06158,-23.163872,-20.791378,-15.260212,User: user21<br>Type: 3min<br>Split: train
user23,3min,train,1188,-98.451775,-20.052794,-20.38634,2.0268881,User: user23<br>Type: 3min<br>Split: train
user26,3min,train,1189,-73.31034,115.66984,1.0547054,11.918575,User: user26<br>Type: 3min<br>Split: train
user28,3min,train,1190,-16.752575,142.8599,3.5409305,29.276485,User: user28<br>Type: 3min<br>Split: train
user3,3min,train,1191,-36.397167,58.08161,0.9679228,26.792356,User: user3<br>Type: 3min<br>Split: train
user32,3min,train,1192,-52.54509,200.63278,1.1731867,16.697847,User: user32<br>Type: 3min<br>Split: train
user33,3min,train,1193,-121.60412,127.08609,-8.730785,25.385975,User: user33<br>Type: 3min<br>Split: train
user34,3min,train,1194,-46.07739,-41.95224,-7.2198224,3.127778,User: user34<br>Type: 3min<br>Split: train
user36,3min,train,1195,-196.6053,-46.669827,-19.096733,-2.674081,User: user36<br>Type: 3min<br>Split: train
user39,3min,train,1196,-83.50522,-99.28785,-8.037779,-8.949215,User: user39<br>Type: 3min<br>Split: train
user41,3min,train,1197,-126.0254,163.50269,-5.8159866,8.005257,User: user41<br>Type: 3min<br>Split: train
user42,3min,train,1198,11.140395,147.74826,-8.406032,10.087333,User: user42<br>Type: 3min<br>Split: train
user45,3min,train,1199,-27.081148,36.82445,-11.107931,15.164293,User: user45<br>Type: 3min<br>Split: train
user46,3min,train,1200,-9.6432085,-35.762337,-1.223318,-8.96097,User: user46<br>Type: 3min<br>Split: train
user48,3min,train,1201,63.466167,45.12324,7.270295,20.951437,User: user48<br>Type: 3min<br>Split: train
user5,3min,train,1202,-144.17363,2.538802,7.144033,-2.8263824,User: user5<br>Type: 3min<br>Split: train
user50,3min,train,1203,-165.25569,-29.547632,-8.78918,-3.5270886,User: user50<br>Type: 3min<br>Split: train
user52,3min,train,1204,-137.88318,-23.181454,-20.286657,9.3227825,User: user52<br>Type: 3min<br>Split: train
user54,3min,train,1205,48.614914,-41.05999,28.26244,-3.4309485,User: user54<br>Type: 3min<br>Split: train
user56,3min,train,1206,-116.01288,-83.58743,0.59894073,-6.548338,User: user56<br>Type: 3min<br>Split: train
user59,3min,train,1207,-42.905766,122.347595,-3.5520742,24.323599,User: user59<br>Type: 3min<br>Split: train
user61,3min,train,1208,13.136969,-132.71332,3.6082792,-14.250138,User: user61<br>Type: 3min<br>Split: train
user62,3min,train,1209,-161.29836,25.327385,-11.009469,5.2231016,User: user62<br>Type: 3min<br>Split: train
user62,3min,train,1210,-105.7373,29.50931,-16.677248,3.7937884,User: user62<br>Type: 3min<br>Split: train
user63,3min,train,1211,-76.3527,-55.018288,-17.00706,-8.162652,User: user63<br>Type: 3min<br>Split: train
user64,3min,train,1212,-165.83238,-130.14728,-15.210809,-10.606282,User: user64<br>Type: 3min<br>Split: train
user71,3min,train,1213,131.66515,-36.84476,19.013433,-1.873911,User: user71<br>Type: 3min<br>Split: train
user72,3min,train,1214,15.829001,14.02123,6.8842854,0.3514965,User: user72<br>Type: 3min<br>Split: train
user75,3min,train,1215,110.52524,173.62537,15.515114,32.476955,User: user75<br>Type: 3min<br>Split: train
user76,3min,train,1216,155.25519,-24.52458,14.175919,13.983313,User: user76<br>Type: 3min<br>Split: train
user77,3min,train,1217,-142.63501,-48.656788,-10.141469,-6.469729,User: user77<br>Type: 3min<br>Split: train
user84,3min,train,1218,-97.5791,146.49004,-14.475397,24.291391,User: user84<br>Type: 3min<br>Split: train
user85,3min,train,1219,136.38219,-81.04708,6.616658,7.58808,User: user85<br>Type: 3min<br>Split: train
user87,3min,train,1220,12.871375,46.512875,4.6738157,19.039648,User: user87<br>Type: 3min<br>Split: train
user88,3min,train,1221,15.223314,-78.70015,5.391073,-4.567172,User: user88<br>Type: 3min<br>Split: train
user89,3min,train,1222,140.6399,-112.28211,19.229773,13.639725,User: user89<br>Type: 3min<br>Split: train
user9,3min,train,1223,75.78509,66.43162,7.0099826,16.406277,User: user9<br>Type: 3min<br>Split: train
user1,3min,train,1224,13.863741,76.31855,-12.903546,21.964561,User: user1<br>Type: 3min<br>Split: train
user11,3min,train,1225,-137.4076,-103.33537,-14.795836,-2.8601444,User: user11<br>Type: 3min<br>Split: train
user13,3min,train,1226,-138.71892,46.876972,-2.4004345,12.168034,User: user13<br>Type: 3min<br>Split: train
user16,3min,train,1227,-14.740286,205.85985,3.6136382,21.80459,User: user16<br>Type: 3min<br>Split: train
user17,3min,train,1228,-195.68074,-15.931047,-18.545723,6.9630857,User: user17<br>Type: 3min<br>Split: train
user2,3min,train,1229,60.334183,-131.87576,14.073294,0.59991854,User: user2<br>Type: 3min<br>Split: train
user21,3min,train,1230,-60.06158,-23.163872,-20.788,-15.257216,User: user21<br>Type: 3min<br>Split: train
user23,3min,train,1231,-98.451775,-20.052794,-20.412388,2.0006387,User: user23<br>Type: 3min<br>Split: train
user24,3min,train,1232,-52.51017,5.934216,-14.571865,16.323206,User: user24<br>Type: 3min<br>Split: train
user26,3min,train,1233,-73.31034,115.66984,1.0397365,11.900688,User: user26<br>Type: 3min<br>Split: train
user28,3min,train,1234,-16.752575,142.8599,3.549555,29.285112,User: user28<br>Type: 3min<br>Split: train
user29,3min,train,1235,-164.6717,54.795074,6.347826,3.459792,User: user29<br>Type: 3min<br>Split: train
user33,3min,train,1236,-121.60412,127.08609,-8.727446,25.382786,User: user33<br>Type: 3min<br>Split: train
user34,3min,train,1237,-42.164413,-38.25206,-7.2189283,3.127492,User: user34<br>Type: 3min<br>Split: train
user35,3min,train,1238,167.05638,-2.6472218,26.059517,21.986967,User: user35<br>Type: 3min<br>Split: train
user35,3min,train,1239,-11.778402,-11.859678,4.2123103,-1.1416104,User: user35<br>Type: 3min<br>Split: train
user37,3min,train,1240,22.970564,107.643776,11.21644,14.059137,User: user37<br>Type: 3min<br>Split: train
user38,3min,train,1241,-62.84318,171.02867,0.49397352,19.065184,User: user38<br>Type: 3min<br>Split: train
user39,3min,train,1242,-83.50522,-99.28785,-3.338023,1.5745305,User: user39<br>Type: 3min<br>Split: train
user41,3min,train,1243,-126.0254,163.50269,-13.01969,9.777476,User: user41<br>Type: 3min<br>Split: train
user42,3min,train,1244,11.140395,147.74826,-8.401145,10.091943,User: user42<br>Type: 3min<br>Split: train
user45,3min,train,1245,-23.608673,32.238403,-11.113201,15.169623,User: user45<br>Type: 3min<br>Split: train
user47,3min,train,1246,57.813705,-12.545794,17.84385,23.497435,User: user47<br>Type: 3min<br>Split: train
user48,3min,train,1247,54.93492,40.243313,7.274213,20.955452,User: user48<br>Type: 3min<br>Split: train
user49,3min,train,1248,142.51956,109.82349,14.257242,19.53647,User: user49<br>Type: 3min<br>Split: train
user5,3min,train,1249,-144.17363,2.538802,-0.28046557,5.4986324,User: user5<br>Type: 3min<br>Split: train
user52,3min,train,1250,-137.88318,-23.181454,-20.286669,9.3227215,User: user52<br>Type: 3min<br>Split: train
user53,3min,train,1251,91.53717,-59.223194,2.8471332,-16.90311,User: user53<br>Type: 3min<br>Split: train
user55,3min,train,1252,-12.099864,53.11249,12.074937,17.089005,User: user55<br>Type: 3min<br>Split: train
user56,3min,train,1253,-116.01288,-83.58743,0.64628136,-6.595332,User: user56<br>Type: 3min<br>Split: train
user6,3min,train,1254,-143.42564,-76.430695,-20.46364,-6.6008415,User: user6<br>Type: 3min<br>Split: train
user60,3min,train,1255,104.54602,92.16839,16.56516,7.9972134,User: user60<br>Type: 3min<br>Split: train
user62,3min,train,1256,-161.29836,25.327385,-11.029863,5.2433686,User: user62<br>Type: 3min<br>Split: train
user63,3min,train,1257,-76.3527,-55.018288,-11.396277,-4.0955205,User: user63<br>Type: 3min<br>Split: train
user64,3min,train,1258,-165.83238,-130.14728,-15.290003,-10.527098,User: user64<br>Type: 3min<br>Split: train
user66,3min,train,1259,-30.797297,-98.508545,22.001225,5.122441,User: user66<br>Type: 3min<br>Split: train
user7,3min,train,1260,-7.1419573,-177.19244,-3.640643,-3.4722219,User: user7<br>Type: 3min<br>Split: train
user70,3min,train,1261,-53.917717,-110.53692,8.793368,-8.032106,User: user70<br>Type: 3min<br>Split: train
user72,3min,train,1262,13.62859,22.772324,6.8844275,0.35183427,User: user72<br>Type: 3min<br>Split: train
user73,3min,train,1263,-22.528036,-53.160408,3.6180627,-8.598057,User: user73<br>Type: 3min<br>Split: train
user78,3min,train,1264,-170.96631,-1.9590068,-12.919364,-0.22970502,User: user78<br>Type: 3min<br>Split: train
user79,3min,train,1265,-30.512867,11.3816,6.0995436,25.994751,User: user79<br>Type: 3min<br>Split: train
user8,3min,train,1266,-129.58746,24.109426,-4.1352563,17.183344,User: user8<br>Type: 3min<br>Split: train
user82,3min,train,1267,33.775627,-10.916876,13.909468,7.7082076,User: user82<br>Type: 3min<br>Split: train
user84,3min,train,1268,-97.5791,146.49004,-14.463098,24.304882,User: user84<br>Type: 3min<br>Split: train
user85,3min,train,1269,136.38219,-81.04708,6.642836,7.561104,User: user85<br>Type: 3min<br>Split: train
user87,3min,train,1270,13.01546,52.540264,4.6748033,19.03493,User: user87<br>Type: 3min<br>Split: train
user88,3min,train,1271,15.223314,-78.70015,5.3906593,-4.567231,User: user88<br>Type: 3min<br>Split: train
user12,3min,train,1272,-72.13619,-156.55666,-3.5165951,-13.416037,User: user12<br>Type: 3min<br>Split: train
user13,3min,train,1273,-138.71892,46.876972,-2.4096694,12.177357,User: user13<br>Type: 3min<br>Split: train
user14,3min,train,1274,-145.96432,107.237465,-23.853403,10.329308,User: user14<br>Type: 3min<br>Split: train
user15,3min,train,1275,-108.41618,-112.25345,-12.220199,-2.356911,User: user15<br>Type: 3min<br>Split: train
user16,3min,train,1276,-14.740286,205.85985,3.6028404,21.793957,User: user16<br>Type: 3min<br>Split: train
user17,3min,train,1277,-195.68074,-15.931047,-24.157623,-3.1422033,User: user17<br>Type: 3min<br>Split: train
user18,3min,train,1278,-68.75002,66.9487,-15.664924,8.868526,User: user18<br>Type: 3min<br>Split: train
user19,3min,train,1279,-166.4242,-96.49441,-2.2732222,-10.772193,User: user19<br>Type: 3min<br>Split: train
user2,3min,train,1280,60.334183,-131.87576,14.061242,0.5880146,User: user2<br>Type: 3min<br>Split: train
user22,3min,train,1281,-94.92357,6.672643,-5.4511514,-1.377565,User: user22<br>Type: 3min<br>Split: train
user23,3min,train,1282,-98.451775,-20.052794,-20.381666,2.0317838,User: user23<br>Type: 3min<br>Split: train
user26,3min,train,1283,-73.31034,115.66984,1.0362613,11.893349,User: user26<br>Type: 3min<br>Split: train
user28,3min,train,1284,-16.752575,142.8599,3.5386424,29.274614,User: user28<br>Type: 3min<br>Split: train
user3,3min,train,1285,-38.06489,53.211464,0.9679733,26.792356,User: user3<br>Type: 3min<br>Split: train
user31,3min,train,1286,12.347404,-1.844164,16.31275,10.696472,User: user31<br>Type: 3min<br>Split: train
user32,3min,train,1287,-52.54509,200.63278,1.1726401,16.698175,User: user32<br>Type: 3min<br>Split: train
user36,3min,train,1288,-196.6053,-46.669827,-19.084372,-2.6807108,User: user36<br>Type: 3min<br>Split: train
user37,3min,train,1289,22.970564,107.643776,10.658416,13.635614,User: user37<br>Type: 3min<br>Split: train
user38,3min,train,1290,-62.84318,171.02867,0.488688,19.060078,User: user38<br>Type: 3min<br>Split: train
user40,3min,train,1291,-70.77144,-8.9134865,-27.561008,6.5608377,User: user40<br>Type: 3min<br>Split: train
user44,3min,train,1292,-97.63191,-53.365215,-25.964094,0.64950985,User: user44<br>Type: 3min<br>Split: train
user45,3min,train,1293,-28.594263,32.087917,-11.108242,15.164569,User: user45<br>Type: 3min<br>Split: train
user46,3min,train,1294,-11.69883,-30.652655,-1.2194731,-8.956763,User: user46<br>Type: 3min<br>Split: train
user47,3min,train,1295,58.35414,-1.0038519,17.838718,23.49279,User: user47<br>Type: 3min<br>Split: train
user49,3min,train,1296,142.51956,109.82349,14.259145,19.53219,User: user49<br>Type: 3min<br>Split: train
user50,3min,train,1297,-165.25569,-29.547632,-6.965144,-2.9490943,User: user50<br>Type: 3min<br>Split: train
user51,3min,train,1298,-34.59145,-16.559484,-9.861992,1.9166582,User: user51<br>Type: 3min<br>Split: train
user54,3min,train,1299,48.614914,-41.05999,28.26781,-3.426319,User: user54<br>Type: 3min<br>Split: train
user57,3min,train,1300,-92.59654,180.8146,-8.633121,14.829948,User: user57<br>Type: 3min<br>Split: train
user61,3min,train,1301,13.136969,-132.71332,13.254637,-12.480188,User: user61<br>Type: 3min<br>Split: train
user62,3min,train,1302,-105.7373,29.50931,-16.676548,3.794062,User: user62<br>Type: 3min<br>Split: train
user65,3min,train,1303,31.86232,-94.33745,1.5688688,-18.56756,User: user65<br>Type: 3min<br>Split: train
user66,3min,train,1304,-30.797297,-98.508545,22.001585,5.1222,User: user66<br>Type: 3min<br>Split: train
user68,3min,train,1305,-61.284966,-85.49953,0.6634408,-11.571622,User: user68<br>Type: 3min<br>Split: train
user69,3min,train,1306,-101.18627,-143.4123,-1.9701017,-1.7071282,User: user69<br>Type: 3min<br>Split: train
user70,3min,train,1307,-53.917717,-110.53692,12.470323,5.4024086,User: user70<br>Type: 3min<br>Split: train
user73,3min,train,1308,-28.42152,-53.697807,3.714224,-8.50416,User: user73<br>Type: 3min<br>Split: train
user74,3min,train,1309,-152.19351,138.6777,-18.349566,20.259792,User: user74<br>Type: 3min<br>Split: train
user75,3min,train,1310,110.52524,173.62537,15.527574,32.489437,User: user75<br>Type: 3min<br>Split: train
user78,3min,train,1311,-170.96631,-1.9590068,-12.921075,-0.22689047,User: user78<br>Type: 3min<br>Split: train
user79,3min,train,1312,-30.512867,11.3816,6.121708,26.016031,User: user79<br>Type: 3min<br>Split: train
user8,3min,train,1313,-129.58746,24.109426,-13.897365,6.6025996,User: user8<br>Type: 3min<br>Split: train
user80,3min,train,1314,84.20569,-148.9275,10.294809,-5.127802,User: user80<br>Type: 3min<br>Split: train
user82,3min,train,1315,33.775627,-10.916876,13.910872,7.707172,User: user82<br>Type: 3min<br>Split: train
user83,3min,train,1316,-25.770061,-124.25772,3.2803726,-4.0968575,User: user83<br>Type: 3min<br>Split: train
user84,3min,train,1317,-97.5791,146.49004,-14.455462,24.310293,User: user84<br>Type: 3min<br>Split: train
user1,3min,train,1318,13.863741,76.31855,-12.896509,21.957575,User: user1<br>Type: 3min<br>Split: train
user10,3min,train,1319,-1.3907136,97.334656,-3.550146,19.757034,User: user10<br>Type: 3min<br>Split: train
user11,3min,train,1320,-137.4076,-103.33537,-14.796385,-2.859615,User: user11<br>Type: 3min<br>Split: train
user12,3min,train,1321,-72.13619,-156.55666,-3.9016824,-18.99361,User: user12<br>Type: 3min<br>Split: train
user13,3min,train,1322,-138.71892,46.876972,-2.3949096,12.162386,User: user13<br>Type: 3min<br>Split: train
user16,3min,train,1323,-14.740286,205.85985,3.6109543,21.802776,User: user16<br>Type: 3min<br>Split: train
user17,3min,train,1324,-195.68074,-15.931047,-24.157644,-3.1421814,User: user17<br>Type: 3min<br>Split: train
user19,3min,train,1325,-166.4242,-96.49441,-2.2688072,-10.767518,User: user19<br>Type: 3min<br>Split: train
user2,3min,train,1326,60.334183,-131.87576,14.064046,0.5905788,User: user2<br>Type: 3min<br>Split: train
user22,3min,train,1327,-94.92357,6.672643,-5.456632,-1.3830717,User: user22<br>Type: 3min<br>Split: train
user25,3min,train,1328,-132.98659,73.275345,-0.54523945,2.7012448,User: user25<br>Type: 3min<br>Split: train
user27,3min,train,1329,154.21333,-52.922832,15.70687,3.8176136,User: user27<br>Type: 3min<br>Split: train
user28,3min,train,1330,-16.752575,142.8599,3.5451624,29.282019,User: user28<br>Type: 3min<br>Split: train
user29,3min,train,1331,-164.6717,54.795074,-1.7713898,9.7101965,User: user29<br>Type: 3min<br>Split: train
user33,3min,train,1332,-121.60412,127.08609,-8.732853,25.387909,User: user33<br>Type: 3min<br>Split: train
user35,3min,train,1333,167.05638,-2.6472218,26.068975,21.997679,User: user35<br>Type: 3min<br>Split: train
user35,3min,train,1334,-11.778402,-11.859678,4.194544,-1.1755894,User: user35<br>Type: 3min<br>Split: train
user43,3min,train,1335,-38.40839,81.84102,-11.063144,19.514824,User: user43<br>Type: 3min<br>Split: train
user47,3min,train,1336,53.44146,-4.4149036,17.8335,23.483963,User: user47<br>Type: 3min<br>Split: train
user49,3min,train,1337,142.51956,109.82349,14.261621,19.540096,User: user49<br>Type: 3min<br>Split: train
user51,3min,train,1338,-34.59145,-16.559484,-9.882915,1.9394897,User: user51<br>Type: 3min<br>Split: train
user53,3min,train,1339,91.53717,-59.223194,2.8290284,-16.921398,User: user53<br>Type: 3min<br>Split: train
user54,3min,train,1340,48.614914,-41.05999,28.29954,-3.3948562,User: user54<br>Type: 3min<br>Split: train
user55,3min,train,1341,-7.6376166,56.571766,12.09641,17.06748,User: user55<br>Type: 3min<br>Split: train
user56,3min,train,1342,-73.93065,-71.13253,0.61159563,-6.561066,User: user56<br>Type: 3min<br>Split: train
user57,3min,train,1343,-92.59654,180.8146,-8.633244,14.830174,User: user57<br>Type: 3min<br>Split: train
user58,3min,train,1344,-194.49309,-81.73398,-16.241106,-6.036876,User: user58<br>Type: 3min<br>Split: train
user59,3min,train,1345,-42.905766,122.347595,-1.54318,25.729656,User: user59<br>Type: 3min<br>Split: train
user61,3min,train,1346,13.136969,-132.71332,13.31074,-12.424072,User: user61<br>Type: 3min<br>Split: train
user62,3min,train,1347,-161.29836,25.327385,-11.028209,5.243304,User: user62<br>Type: 3min<br>Split: train
user62,3min,train,1348,-105.7373,29.50931,-16.714321,3.8305755,User: user62<br>Type: 3min<br>Split: train
user63,3min,train,1349,-76.3527,-55.018288,-11.396336,-4.095554,User: user63<br>Type: 3min<br>Split: train
user64,3min,train,1350,-165.83238,-130.14728,-15.3012705,-10.515918,User: user64<br>Type: 3min<br>Split: train
user65,3min,train,1351,31.86232,-94.33745,10.954079,-7.4021645,User: user65<br>Type: 3min<br>Split: train
user69,3min,train,1352,-101.18627,-143.4123,-5.6729803,-7.096789,User: user69<br>Type: 3min<br>Split: train
user7,3min,train,1353,-7.1419573,-177.19244,8.030453,-12.856791,User: user7<br>Type: 3min<br>Split: train
user70,3min,train,1354,-53.917717,-110.53692,8.788792,-8.027561,User: user70<br>Type: 3min<br>Split: train
user71,3min,train,1355,131.66515,-36.84476,18.995111,-1.8919791,User: user71<br>Type: 3min<br>Split: train
user73,3min,train,1356,-22.528036,-53.160408,3.7218113,-8.496684,User: user73<br>Type: 3min<br>Split: train
user78,3min,train,1357,-170.96631,-1.9590068,-12.921369,-0.22714232,User: user78<br>Type: 3min<br>Split: train
user79,3min,train,1358,-30.512867,11.3816,6.1221323,26.017645,User: user79<br>Type: 3min<br>Split: train
user8,3min,train,1359,-129.58746,24.109426,-13.89735,6.602516,User: user8<br>Type: 3min<br>Split: train
user81,3min,train,1360,-113.86219,54.042454,-3.5679965,8.313722,User: user81<br>Type: 3min<br>Split: train
user82,3min,train,1361,33.775627,-10.916876,13.906959,7.7107797,User: user82<br>Type: 3min<br>Split: train
user83,3min,train,1362,-25.770061,-124.25772,3.3415627,-4.0339484,User: user83<br>Type: 3min<br>Split: train
user84,3min,train,1363,-97.5791,146.49004,-14.460597,24.306334,User: user84<br>Type: 3min<br>Split: train
user85,3min,train,1364,136.38219,-81.04708,6.625145,7.543474,User: user85<br>Type: 3min<br>Split: train
user89,3min,train,1365,140.6399,-112.28211,19.244167,13.6252575,User: user89<br>Type: 3min<br>Split: train
user1,3min,train,1366,13.863741,76.31855,-12.896228,21.957306,User: user1<br>Type: 3min<br>Split: train
user13,3min,train,1367,-138.71892,46.876972,-2.40062,12.166094,User: user13<br>Type: 3min<br>Split: train
user15,3min,train,1368,-108.41618,-112.25345,-12.221277,-2.353544,User: user15<br>Type: 3min<br>Split: train
user17,3min,train,1369,-195.68074,-15.931047,-18.54559,6.963018,User: user17<br>Type: 3min<br>Split: train
user19,3min,train,1370,-166.4242,-96.49441,-11.281928,-9.607652,User: user19<br>Type: 3min<br>Split: train
user2,3min,train,1371,60.334183,-131.87576,14.072604,0.5995099,User: user2<br>Type: 3min<br>Split: train
user20,3min,train,1372,-105.06311,77.88808,-8.96018,7.768317,User: user20<br>Type: 3min<br>Split: train
user21,3min,train,1373,-60.06158,-23.163872,-20.791294,-15.263216,User: user21<br>Type: 3min<br>Split: train
user23,3min,train,1374,-91.27516,-27.560137,-20.423304,1.9899201,User: user23<br>Type: 3min<br>Split: train
user29,3min,train,1375,-164.6717,54.795074,6.347783,3.4597127,User: user29<br>Type: 3min<br>Split: train
user30,3min,train,1376,-133.4254,-133.25356,-3.5612035,-5.410973,User: user30<br>Type: 3min<br>Split: train
user31,3min,train,1377,12.347404,-1.844164,16.317043,10.707456,User: user31<br>Type: 3min<br>Split: train
user34,3min,train,1378,-46.07739,-41.95224,-17.835012,-0.9781952,User: user34<br>Type: 3min<br>Split: train
user36,3min,train,1379,-196.6053,-46.669827,-19.10176,-2.6643765,User: user36<br>Type: 3min<br>Split: train
user37,3min,train,1380,22.970564,107.643776,11.215683,14.058736,User: user37<br>Type: 3min<br>Split: train
user38,3min,train,1381,-62.84318,171.02867,0.4955008,19.066332,User: user38<br>Type: 3min<br>Split: train
user39,3min,train,1382,-83.50522,-99.28785,-8.037816,-8.949291,User: user39<br>Type: 3min<br>Split: train
user44,3min,train,1383,-97.63191,-53.365215,-25.9655,0.6504946,User: user44<br>Type: 3min<br>Split: train
user45,3min,train,1384,-27.081148,36.82445,-11.10829,15.164539,User: user45<br>Type: 3min<br>Split: train
user47,3min,train,1385,58.35414,-1.0038519,17.855751,23.508234,User: user47<br>Type: 3min<br>Split: train
user48,3min,train,1386,63.466167,45.12324,7.2525086,20.933624,User: user48<br>Type: 3min<br>Split: train
user5,3min,train,1387,-144.17363,2.538802,7.139636,-2.8307586,User: user5<br>Type: 3min<br>Split: train
user52,3min,train,1388,-137.88318,-23.181454,-24.00118,4.1823153,User: user52<br>Type: 3min<br>Split: train
user55,3min,train,1389,-12.099864,53.11249,12.08617,17.078146,User: user55<br>Type: 3min<br>Split: train
user57,3min,train,1390,-92.59654,180.8146,-5.7306714,15.454158,User: user57<br>Type: 3min<br>Split: train
user59,3min,train,1391,-42.905766,122.347595,-1.5428466,25.729635,User: user59<br>Type: 3min<br>Split: train
user6,3min,train,1392,-143.42564,-76.430695,-20.463333,-6.600589,User: user6<br>Type: 3min<br>Split: train
user63,3min,train,1393,-76.3527,-55.018288,-17.012638,-8.157657,User: user63<br>Type: 3min<br>Split: train
user65,3min,train,1394,31.86232,-94.33745,1.572703,-18.570795,User: user65<br>Type: 3min<br>Split: train
user66,3min,train,1395,-30.797297,-98.508545,22.008896,5.1148324,User: user66<br>Type: 3min<br>Split: train
user69,3min,train,1396,-101.18627,-143.4123,-5.673309,-7.096811,User: user69<br>Type: 3min<br>Split: train
user72,3min,train,1397,13.62859,22.772324,6.8881555,0.35535538,User: user72<br>Type: 3min<br>Split: train
user74,3min,train,1398,-152.19351,138.6777,-18.34784,20.243938,User: user74<br>Type: 3min<br>Split: train
user75,3min,train,1399,117.40484,166.2063,15.525202,32.487087,User: user75<br>Type: 3min<br>Split: train
user77,3min,train,1400,-142.63501,-48.656788,-9.989425,-6.3197684,User: user77<br>Type: 3min<br>Split: train
user78,3min,train,1401,-170.96631,-1.9590068,-12.920611,-0.22796561,User: user78<br>Type: 3min<br>Split: train
user8,3min,train,1402,-129.58746,24.109426,-13.897611,6.602647,User: user8<br>Type: 3min<br>Split: train
user81,3min,train,1403,-113.86219,54.042454,-5.7057157,12.343509,User: user81<br>Type: 3min<br>Split: train
user82,3min,train,1404,33.775627,-10.916876,13.909444,7.708341,User: user82<br>Type: 3min<br>Split: train
user85,3min,train,1405,136.38219,-81.04708,6.6476836,7.5657735,User: user85<br>Type: 3min<br>Split: train
user86,3min,train,1406,-48.896404,-221.54514,-0.78807,-20.259207,User: user86<br>Type: 3min<br>Split: train
user89,3min,train,1407,140.6399,-112.28211,19.210594,13.657064,User: user89<br>Type: 3min<br>Split: train
user9,3min,train,1408,75.78509,66.43162,7.0024133,16.414892,User: user9<br>Type: 3min<br>Split: train
user16,3min,train,1409,-14.740286,205.85985,3.494208,21.685495,User: user16<br>Type: 3min<br>Split: train
user2,3min,train,1410,60.334183,-131.87576,14.094642,0.62195957,User: user2<br>Type: 3min<br>Split: train
user23,3min,train,1411,-98.451775,-20.052794,-20.41246,2.000537,User: user23<br>Type: 3min<br>Split: train
user24,3min,train,1412,-52.40137,0.21165341,-14.572326,16.322151,User: user24<br>Type: 3min<br>Split: train
user25,3min,train,1413,-132.98659,73.275345,-15.486459,0.9476843,User: user25<br>Type: 3min<br>Split: train
user27,3min,train,1414,154.21333,-52.922832,15.697935,3.8249178,User: user27<br>Type: 3min<br>Split: train
user28,3min,train,1415,-16.752575,142.8599,3.5450025,29.281029,User: user28<br>Type: 3min<br>Split: train
user32,3min,train,1416,-52.54509,200.63278,1.3776281,16.493233,User: user32<br>Type: 3min<br>Split: train
user34,3min,train,1417,-46.07739,-41.95224,-7.2189655,3.1276696,User: user34<br>Type: 3min<br>Split: train
user37,3min,train,1418,22.970564,107.643776,11.220032,14.062882,User: user37<br>Type: 3min<br>Split: train
user38,3min,train,1419,-62.84318,171.02867,0.48311517,19.080149,User: user38<br>Type: 3min<br>Split: train
user39,3min,train,1420,-83.50522,-99.28785,-3.3381715,1.5746422,User: user39<br>Type: 3min<br>Split: train
user43,3min,train,1421,-38.40839,81.84102,-10.257323,18.627699,User: user43<br>Type: 3min<br>Split: train
user46,3min,train,1422,-9.6432085,-35.762337,-1.211954,-8.949505,User: user46<br>Type: 3min<br>Split: train
user49,3min,train,1423,142.51956,109.82349,14.263191,19.539585,User: user49<br>Type: 3min<br>Split: train
user50,3min,train,1424,-165.25569,-29.547632,-6.9651217,-2.9491374,User: user50<br>Type: 3min<br>Split: train
user51,3min,train,1425,-34.59145,-16.559484,-9.8621435,1.9171134,User: user51<br>Type: 3min<br>Split: train
user52,3min,train,1426,-137.88318,-23.181454,-20.286648,9.322687,User: user52<br>Type: 3min<br>Split: train
user53,3min,train,1427,91.53717,-59.223194,20.869024,-10.38244,User: user53<br>Type: 3min<br>Split: train
user54,3min,train,1428,48.614914,-41.05999,28.236874,-3.4571419,User: user54<br>Type: 3min<br>Split: train
user57,3min,train,1429,-92.59654,180.8146,-8.633678,14.831599,User: user57<br>Type: 3min<br>Split: train
user59,3min,train,1430,-42.905766,122.347595,-1.5427315,25.729845,User: user59<br>Type: 3min<br>Split: train
user6,3min,train,1431,-143.42564,-76.430695,-20.502363,-6.6395507,User: user6<br>Type: 3min<br>Split: train
user60,3min,train,1432,104.54602,92.16839,16.565266,7.997244,User: user60<br>Type: 3min<br>Split: train
user61,3min,train,1433,13.136969,-132.71332,3.6058462,-14.249076,User: user61<br>Type: 3min<br>Split: train
user62,3min,train,1434,-161.29836,25.327385,-11.006235,5.2202644,User: user62<br>Type: 3min<br>Split: train
user62,3min,train,1435,-105.7373,29.50931,-16.676632,3.7952409,User: user62<br>Type: 3min<br>Split: train
user63,3min,train,1436,-76.3527,-55.018288,-17.004765,-8.164899,User: user63<br>Type: 3min<br>Split: train
user64,3min,train,1437,-165.83238,-130.14728,-15.302834,-10.514308,User: user64<br>Type: 3min<br>Split: train
user65,3min,train,1438,41.84453,-92.8349,1.5723224,-18.570692,User: user65<br>Type: 3min<br>Split: train
user66,3min,train,1439,-30.797297,-98.508545,21.998503,5.125027,User: user66<br>Type: 3min<br>Split: train
user67,3min,train,1440,-122.12124,97.05209,-1.6705421,14.586994,User: user67<br>Type: 3min<br>Split: train
user69,3min,train,1441,-101.18627,-143.4123,-1.9750968,-1.71201,User: user69<br>Type: 3min<br>Split: train
user7,3min,train,1442,-7.1419573,-177.19244,8.030198,-12.856979,User: user7<br>Type: 3min<br>Split: train
user70,3min,train,1443,-53.917717,-110.53692,12.470095,5.4023337,User: user70<br>Type: 3min<br>Split: train
user72,3min,train,1444,13.62859,22.772324,6.864648,0.3319194,User: user72<br>Type: 3min<br>Split: train
user76,3min,train,1445,155.25519,-24.52458,14.186137,13.993685,User: user76<br>Type: 3min<br>Split: train
user77,3min,train,1446,-142.63501,-48.656788,-10.141427,-6.469797,User: user77<br>Type: 3min<br>Split: train
user78,3min,train,1447,-170.96631,-1.9590068,-12.941069,-0.20754616,User: user78<br>Type: 3min<br>Split: train
user8,3min,train,1448,-129.58746,24.109426,-13.897279,6.6024675,User: user8<br>Type: 3min<br>Split: train
user81,3min,train,1449,-113.86219,54.042454,-5.705709,12.343311,User: user81<br>Type: 3min<br>Split: train
user83,3min,train,1450,-25.770061,-124.25772,3.2992647,-4.07785,User: user83<br>Type: 3min<br>Split: train
user85,3min,train,1451,136.38219,-81.04708,6.642682,7.5609946,User: user85<br>Type: 3min<br>Split: train
user86,3min,train,1452,-46.58125,-171.89458,-0.7924219,-20.255178,User: user86<br>Type: 3min<br>Split: train
user87,3min,train,1453,12.871375,46.512875,4.676821,19.039284,User: user87<br>Type: 3min<br>Split: train
user88,3min,train,1454,15.223314,-78.70015,15.647379,-5.6507645,User: user88<br>Type: 3min<br>Split: train
user9,3min,train,1455,75.78509,66.43162,7.024254,16.392002,User: user9<br>Type: 3min<br>Split: train
user1,3min,train,1456,13.863741,76.31855,-12.8967085,21.957726,User: user1<br>Type: 3min<br>Split: train
user10,3min,train,1457,-1.3907136,97.334656,-3.548991,19.75817,User: user10<br>Type: 3min<br>Split: train
user12,3min,train,1458,-72.13619,-156.55666,-3.5191226,-13.414254,User: user12<br>Type: 3min<br>Split: train
user14,3min,train,1459,-145.96432,107.237465,-23.86171,10.321019,User: user14<br>Type: 3min<br>Split: train
user15,3min,train,1460,-108.41618,-112.25345,2.9054334,2.3506572,User: user15<br>Type: 3min<br>Split: train
user16,3min,train,1461,-14.740286,205.85985,3.6289918,21.82037,User: user16<br>Type: 3min<br>Split: train
user17,3min,train,1462,-195.68074,-15.931047,-18.545666,6.9630966,User: user17<br>Type: 3min<br>Split: train
user20,3min,train,1463,-105.06311,77.88808,-14.083321,2.597372,User: user20<br>Type: 3min<br>Split: train
user24,3min,train,1464,-52.40137,0.21165341,-5.69869,6.0779996,User: user24<br>Type: 3min<br>Split: train
user25,3min,train,1465,-132.98659,73.275345,-0.5447627,2.7011409,User: user25<br>Type: 3min<br>Split: train
user26,3min,train,1466,-73.31034,115.66984,1.0550003,11.916001,User: user26<br>Type: 3min<br>Split: train
user27,3min,train,1467,154.21333,-52.922832,15.695246,3.8290095,User: user27<br>Type: 3min<br>Split: train
user3,3min,train,1468,-33.07321,53.066944,0.97637796,26.784054,User: user3<br>Type: 3min<br>Split: train
user30,3min,train,1469,-133.4254,-133.25356,-3.5610766,-5.410609,User: user30<br>Type: 3min<br>Split: train
user31,3min,train,1470,6.9227357,-8.480797,16.327984,10.68207,User: user31<br>Type: 3min<br>Split: train
user32,3min,train,1471,-52.54509,200.63278,1.2347932,16.636005,User: user32<br>Type: 3min<br>Split: train
user34,3min,train,1472,-42.164413,-38.25206,-7.2195106,3.1278298,User: user34<br>Type: 3min<br>Split: train
user35,3min,train,1473,167.05638,-2.6472218,26.060543,21.988882,User: user35<br>Type: 3min<br>Split: train
user35,3min,train,1474,-9.899128,-6.2469883,4.2182713,-1.1541507,User: user35<br>Type: 3min<br>Split: train
user39,3min,train,1475,-83.50522,-99.28785,-8.037822,-8.949372,User: user39<br>Type: 3min<br>Split: train
user40,3min,train,1476,-70.77144,-8.9134865,-27.564932,6.556612,User: user40<br>Type: 3min<br>Split: train
user42,3min,train,1477,11.140395,147.74826,-8.41847,10.078472,User: user42<br>Type: 3min<br>Split: train
user48,3min,train,1478,63.466167,45.12324,7.2817135,20.962746,User: user48<br>Type: 3min<br>Split: train
user5,3min,train,1479,-144.17363,2.538802,7.142667,-2.8279073,User: user5<br>Type: 3min<br>Split: train
user50,3min,train,1480,-165.25569,-29.547632,-8.789235,-3.52711,User: user50<br>Type: 3min<br>Split: train
user51,3min,train,1481,-34.59145,-16.559484,-9.857877,1.9129846,User: user51<br>Type: 3min<br>Split: train
user54,3min,train,1482,48.614914,-41.05999,28.276268,-3.4177923,User: user54<br>Type: 3min<br>Split: train
user55,3min,train,1483,-12.099864,53.11249,11.9886465,17.175573,User: user55<br>Type: 3min<br>Split: train
user61,3min,train,1484,13.136969,-132.71332,13.310793,-12.424177,User: user61<br>Type: 3min<br>Split: train
user62,3min,train,1485,-105.7373,29.50931,-16.676619,3.79432,User: user62<br>Type: 3min<br>Split: train
user63,3min,train,1486,-76.3527,-55.018288,-16.993174,-8.188885,User: user63<br>Type: 3min<br>Split: train
user68,3min,train,1487,-61.284966,-85.49953,0.57278,-11.480459,User: user68<br>Type: 3min<br>Split: train
user72,3min,train,1488,13.62859,22.772324,6.918517,0.38583878,User: user72<br>Type: 3min<br>Split: train
user74,3min,train,1489,-152.19351,138.6777,-18.3989,20.295216,User: user74<br>Type: 3min<br>Split: train
user75,3min,train,1490,117.40484,166.2063,15.5256815,32.48755,User: user75<br>Type: 3min<br>Split: train
user77,3min,train,1491,-142.63501,-48.656788,-9.9893265,-6.319673,User: user77<br>Type: 3min<br>Split: train
user79,3min,train,1492,-30.512867,11.3816,6.096883,25.992083,User: user79<br>Type: 3min<br>Split: train
user82,3min,train,1493,33.775627,-10.916876,13.918435,7.700418,User: user82<br>Type: 3min<br>Split: train
user84,3min,train,1494,-97.5791,146.49004,-14.433486,24.333214,User: user84<br>Type: 3min<br>Split: train
user87,3min,train,1495,12.871375,46.512875,4.6504054,19.014217,User: user87<br>Type: 3min<br>Split: train
user88,3min,train,1496,15.223314,-78.70015,15.646961,-5.6516623,User: user88<br>Type: 3min<br>Split: train
user89,3min,train,1497,140.6399,-112.28211,19.2103,13.659083,User: user89<br>Type: 3min<br>Split: train
user9,3min,train,1498,75.78509,66.43162,7.0021234,16.413673,User: user9<br>Type: 3min<br>Split: train
user11,3min,train,1499,-137.4076,-103.33537,-14.795976,-2.8599827,User: user11<br>Type: 3min<br>Split: train
user13,3min,train,1500,-138.71892,46.876972,-2.3985918,12.165523,User: user13<br>Type: 3min<br>Split: train
user15,3min,train,1501,-108.41618,-112.25345,2.905599,2.3511474,User: user15<br>Type: 3min<br>Split: train
user16,3min,train,1502,-14.740286,205.85985,3.5658588,21.757196,User: user16<br>Type: 3min<br>Split: train
user18,3min,train,1503,-68.75002,66.9487,-15.663976,8.867612,User: user18<br>Type: 3min<br>Split: train
user21,3min,train,1504,-60.06158,-23.163872,-20.792553,-15.26156,User: user21<br>Type: 3min<br>Split: train
user22,3min,train,1505,-94.92357,6.672643,-5.461388,-1.3872573,User: user22<br>Type: 3min<br>Split: train
user24,3min,train,1506,-52.40137,0.21165341,-5.699437,6.0781975,User: user24<br>Type: 3min<br>Split: train
user25,3min,train,1507,-132.98659,73.275345,-15.488476,0.9495565,User: user25<br>Type: 3min<br>Split: train
user28,3min,train,1508,-16.752575,142.8599,3.5275571,29.264826,User: user28<br>Type: 3min<br>Split: train
user3,3min,train,1509,-33.07321,53.066944,0.9350244,26.825151,User: user3<br>Type: 3min<br>Split: train
user30,3min,train,1510,-133.4254,-133.25356,-16.561895,-15.19391,User: user30<br>Type: 3min<br>Split: train
user31,3min,train,1511,7.127656,-0.07572798,16.308218,10.701731,User: user31<br>Type: 3min<br>Split: train
user33,3min,train,1512,-121.60412,127.08609,-8.736849,25.391838,User: user33<br>Type: 3min<br>Split: train
user35,3min,train,1513,167.05638,-2.6472218,26.059065,21.987732,User: user35<br>Type: 3min<br>Split: train
user35,3min,train,1514,-11.778402,-11.859678,4.2312045,-1.1666794,User: user35<br>Type: 3min<br>Split: train
user36,3min,train,1515,-196.6053,-46.669827,-19.088196,-2.6787124,User: user36<br>Type: 3min<br>Split: train
user38,3min,train,1516,-62.84318,171.02867,0.4950945,19.066158,User: user38<br>Type: 3min<br>Split: train
user39,3min,train,1517,-83.50522,-99.28785,-3.338128,1.5743986,User: user39<br>Type: 3min<br>Split: train
user40,3min,train,1518,-70.77144,-8.9134865,-27.579657,6.5425997,User: user40<br>Type: 3min<br>Split: train
user45,3min,train,1519,-27.081148,36.82445,-11.108549,15.164549,User: user45<br>Type: 3min<br>Split: train
user47,3min,train,1520,58.35414,-1.0038519,17.820482,23.479431,User: user47<br>Type: 3min<br>Split: train
user49,3min,train,1521,142.51956,109.82349,14.262207,19.54014,User: user49<br>Type: 3min<br>Split: train
user5,3min,train,1522,-144.17363,2.538802,-0.28041184,5.498496,User: user5<br>Type: 3min<br>Split: train
user50,3min,train,1523,-165.25569,-29.547632,-8.789228,-3.5271022,User: user50<br>Type: 3min<br>Split: train
user51,3min,train,1524,-34.59145,-16.559484,-9.87353,1.9286385,User: user51<br>Type: 3min<br>Split: train
user52,3min,train,1525,-137.88318,-23.181454,-20.286625,9.322703,User: user52<br>Type: 3min<br>Split: train
user53,3min,train,1526,91.53717,-59.223194,2.8482966,-16.90194,User: user53<br>Type: 3min<br>Split: train
user54,3min,train,1527,50.826115,-46.471756,28.26698,-3.4270177,User: user54<br>Type: 3min<br>Split: train
user55,3min,train,1528,-12.099864,53.11249,12.079626,17.081446,User: user55<br>Type: 3min<br>Split: train
user57,3min,train,1529,-92.59654,180.8146,-5.7307105,15.454479,User: user57<br>Type: 3min<br>Split: train
user61,3min,train,1530,13.136969,-132.71332,3.6083696,-14.250216,User: user61<br>Type: 3min<br>Split: train
user62,3min,train,1531,-161.29836,25.327385,-11.027552,5.2413597,User: user62<br>Type: 3min<br>Split: train
user62,3min,train,1532,-105.7373,29.50931,-16.694218,3.8061423,User: user62<br>Type: 3min<br>Split: train
user65,3min,train,1533,31.86232,-94.33745,1.5724988,-18.570938,User: user65<br>Type: 3min<br>Split: train
user67,3min,train,1534,-122.12124,97.05209,-1.6741738,14.583218,User: user67<br>Type: 3min<br>Split: train
user68,3min,train,1535,-69.76248,-80.18108,0.6621611,-11.570401,User: user68<br>Type: 3min<br>Split: train
user69,3min,train,1536,-101.18627,-143.4123,-5.673438,-7.0967007,User: user69<br>Type: 3min<br>Split: train
user70,3min,train,1537,-53.917717,-110.53692,8.791662,-8.030085,User: user70<br>Type: 3min<br>Split: train
user71,3min,train,1538,131.66515,-36.84476,19.013319,-1.8744884,User: user71<br>Type: 3min<br>Split: train
user72,3min,train,1539,13.62859,22.772324,6.8875227,0.35505807,User: user72<br>Type: 3min<br>Split: train
user75,3min,train,1540,117.40484,166.2063,15.5326805,32.494442,User: user75<br>Type: 3min<br>Split: train
user76,3min,train,1541,155.25519,-24.52458,14.076544,13.885122,User: user76<br>Type: 3min<br>Split: train
user78,3min,train,1542,-170.96631,-1.9590068,-12.921183,-0.2274353,User: user78<br>Type: 3min<br>Split: train
user79,3min,train,1543,-30.512867,11.3816,6.0843415,25.98024,User: user79<br>Type: 3min<br>Split: train
user8,3min,train,1544,-129.58746,24.109426,-4.1341043,17.185087,User: user8<br>Type: 3min<br>Split: train
user82,3min,train,1545,29.121454,-13.748628,13.906586,7.711344,User: user82<br>Type: 3min<br>Split: train
user83,3min,train,1546,-25.770061,-124.25772,3.3032897,-4.0722494,User: user83<br>Type: 3min<br>Split: train
user85,3min,train,1547,136.38219,-81.04708,6.6397696,7.558059,User: user85<br>Type: 3min<br>Split: train
user86,3min,train,1548,-46.58125,-171.89458,-0.7936725,-20.253817,User: user86<br>Type: 3min<br>Split: train
user89,3min,train,1549,140.6399,-112.28211,19.24599,13.62363,User: user89<br>Type: 3min<br>Split: train
user1,3min,train,1550,18.920324,76.693565,-12.918981,21.980087,User: user1<br>Type: 3min<br>Split: train
user10,3min,train,1551,-1.3907136,97.334656,-3.550705,19.756523,User: user10<br>Type: 3min<br>Split: train
user11,3min,train,1552,-137.4076,-103.33537,-14.79342,-2.863586,User: user11<br>Type: 3min<br>Split: train
user14,3min,train,1553,-145.96432,107.237465,-23.858786,10.324294,User: user14<br>Type: 3min<br>Split: train
user18,3min,train,1554,-63.888412,73.953804,-15.652162,8.855712,User: user18<br>Type: 3min<br>Split: train
user2,3min,train,1555,60.334183,-131.87576,14.054184,0.6167486,User: user2<br>Type: 3min<br>Split: train
user22,3min,train,1556,-94.92357,6.672643,-5.450564,-1.3769561,User: user22<br>Type: 3min<br>Split: train
user23,3min,train,1557,-98.451775,-20.052794,-20.407343,2.0061111,User: user23<br>Type: 3min<br>Split: train
user27,3min,train,1558,154.21333,-52.922832,15.702081,3.8223665,User: user27<br>Type: 3min<br>Split: train
user28,3min,train,1559,-16.752575,142.8599,3.538311,29.274202,User: user28<br>Type: 3min<br>Split: train
user29,3min,train,1560,-164.6717,54.795074,-1.779597,9.719862,User: user29<br>Type: 3min<br>Split: train
user3,3min,train,1561,-38.06489,53.211464,0.90197283,26.858322,User: user3<br>Type: 3min<br>Split: train
user30,3min,train,1562,-133.4254,-133.25356,-16.56177,-15.194126,User: user30<br>Type: 3min<br>Split: train
user31,3min,train,1563,12.347404,-1.844164,16.317385,10.688575,User: user31<br>Type: 3min<br>Split: train
user34,3min,train,1564,-42.164413,-38.25206,-7.2194924,3.1277814,User: user34<br>Type: 3min<br>Split: train
user35,3min,train,1565,167.05638,-2.6472218,26.059023,21.987633,User: user35<br>Type: 3min<br>Split: train
user35,3min,train,1566,-20.335432,-5.0037894,4.218258,-1.1540053,User: user35<br>Type: 3min<br>Split: train
user36,3min,train,1567,-196.6053,-46.669827,-19.085365,-2.680223,User: user36<br>Type: 3min<br>Split: train
user37,3min,train,1568,22.970564,107.643776,10.649474,13.627852,User: user37<br>Type: 3min<br>Split: train
user4,3min,train,1569,-89.33292,51.406857,-11.511037,10.028632,User: user4<br>Type: 3min<br>Split: train
user40,3min,train,1570,-71.57965,-4.132366,-27.56621,6.5553603,User: user40<br>Type: 3min<br>Split: train
user41,3min,train,1571,-126.0254,163.50269,-5.8161435,8.005326,User: user41<br>Type: 3min<br>Split: train
user42,3min,train,1572,11.140395,147.74826,-8.401312,10.0922575,User: user42<br>Type: 3min<br>Split: train
user43,3min,train,1573,-38.40839,81.84102,-10.257934,18.628448,User: user43<br>Type: 3min<br>Split: train
user48,3min,train,1574,63.466167,45.12324,7.284122,20.965261,User: user48<br>Type: 3min<br>Split: train
user52,3min,train,1575,-137.88318,-23.181454,-20.2866,9.322571,User: user52<br>Type: 3min<br>Split: train
user53,3min,train,1576,91.53717,-59.223194,20.876017,-10.376055,User: user53<br>Type: 3min<br>Split: train
user54,3min,train,1577,50.826115,-46.471756,28.264227,-3.4298148,User: user54<br>Type: 3min<br>Split: train
user55,3min,train,1578,-12.099864,53.11249,12.076708,17.08701,User: user55<br>Type: 3min<br>Split: train
user56,3min,train,1579,-116.01288,-83.58743,0.63020813,-6.5788083,User: user56<br>Type: 3min<br>Split: train
user57,3min,train,1580,-92.59654,180.8146,-5.7306023,15.454211,User: user57<br>Type: 3min<br>Split: train
user58,3min,train,1581,-194.49309,-81.73398,-16.259699,-6.054509,User: user58<br>Type: 3min<br>Split: train
user59,3min,train,1582,-42.905766,122.347595,-3.5520654,24.323767,User: user59<br>Type: 3min<br>Split: train
user6,3min,train,1583,-143.42564,-76.430695,-20.477312,-6.614637,User: user6<br>Type: 3min<br>Split: train
user60,3min,train,1584,104.54602,92.16839,3.7935505,15.134073,User: user60<br>Type: 3min<br>Split: train
user62,3min,train,1585,-105.7373,29.50931,-16.646559,3.763422,User: user62<br>Type: 3min<br>Split: train
user63,3min,train,1586,-76.3527,-55.018288,-11.396396,-4.095541,User: user63<br>Type: 3min<br>Split: train
user65,3min,train,1587,31.86232,-94.33745,10.954057,-7.4021416,User: user65<br>Type: 3min<br>Split: train
user66,3min,train,1588,-30.797297,-98.508545,21.996523,5.127135,User: user66<br>Type: 3min<br>Split: train
user68,3min,train,1589,-61.284966,-85.49953,0.59117985,-11.497996,User: user68<br>Type: 3min<br>Split: train
user7,3min,train,1590,-7.1419573,-177.19244,8.029996,-12.857124,User: user7<br>Type: 3min<br>Split: train
user72,3min,train,1591,13.62859,22.772324,6.888086,0.35526833,User: user72<br>Type: 3min<br>Split: train
user76,3min,train,1592,155.25519,-24.52458,14.175616,13.983032,User: user76<br>Type: 3min<br>Split: train
user79,3min,train,1593,-30.512867,11.3816,6.1110168,26.006954,User: user79<br>Type: 3min<br>Split: train
user8,3min,train,1594,-129.58746,24.109426,-4.135012,17.184402,User: user8<br>Type: 3min<br>Split: train
user80,3min,train,1595,84.20569,-148.9275,10.353663,-13.29172,User: user80<br>Type: 3min<br>Split: train
user84,3min,train,1596,-97.5791,146.49004,-14.466373,24.300222,User: user84<br>Type: 3min<br>Split: train
user85,3min,train,1597,136.38219,-81.04708,6.6477814,7.5665417,User: user85<br>Type: 3min<br>Split: train
user88,3min,train,1598,8.297126,-72.547134,5.390871,-4.567243,User: user88<br>Type: 3min<br>Split: train
user9,3min,train,1599,85.470345,69.392166,7.005886,16.410843,User: user9<br>Type: 3min<br>Split: train
user1,3min,train,1600,13.863741,76.31855,-12.888541,21.949532,User: user1<br>Type: 3min<br>Split: train
user11,3min,train,1601,-137.4076,-103.33537,-14.796485,-2.8594966,User: user11<br>Type: 3min<br>Split: train
user12,3min,train,1602,-72.13619,-156.55666,-3.8918219,-18.984034,User: user12<br>Type: 3min<br>Split: train
user15,3min,train,1603,-108.41618,-112.25345,-12.220873,-2.354553,User: user15<br>Type: 3min<br>Split: train
user16,3min,train,1604,-14.740286,205.85985,3.609587,21.800776,User: user16<br>Type: 3min<br>Split: train
user18,3min,train,1605,-63.888412,73.953804,-15.670622,8.873891,User: user18<br>Type: 3min<br>Split: train
user22,3min,train,1606,-94.92357,6.672643,-5.456312,-1.3826492,User: user22<br>Type: 3min<br>Split: train
user24,3min,train,1607,-52.51017,5.934216,-5.6955404,6.0790777,User: user24<br>Type: 3min<br>Split: train
user26,3min,train,1608,-73.31034,115.66984,1.0594935,11.921454,User: user26<br>Type: 3min<br>Split: train
user28,3min,train,1609,-16.752575,142.8599,3.5385191,29.27457,User: user28<br>Type: 3min<br>Split: train
user29,3min,train,1610,-164.6717,54.795074,6.3468757,3.461209,User: user29<br>Type: 3min<br>Split: train
user31,3min,train,1611,12.347404,-1.844164,16.31349,10.69652,User: user31<br>Type: 3min<br>Split: train
user32,3min,train,1612,-52.54509,200.63278,1.2171402,16.65338,User: user32<br>Type: 3min<br>Split: train
user34,3min,train,1613,-42.164413,-38.25206,-7.2190533,3.127072,User: user34<br>Type: 3min<br>Split: train
user35,3min,train,1614,-11.778402,-11.859678,4.221822,-1.1566436,User: user35<br>Type: 3min<br>Split: train
user36,3min,train,1615,-196.6053,-46.669827,-19.087517,-2.678046,User: user36<br>Type: 3min<br>Split: train
user38,3min,train,1616,-62.84318,171.02867,0.48445433,19.07924,User: user38<br>Type: 3min<br>Split: train
user4,3min,train,1617,-89.33292,51.406857,-11.511108,10.028595,User: user4<br>Type: 3min<br>Split: train
user40,3min,train,1618,-71.57965,-4.132366,-27.592772,6.5288463,User: user40<br>Type: 3min<br>Split: train
user42,3min,train,1619,11.140395,147.74826,-8.401459,10.091991,User: user42<br>Type: 3min<br>Split: train
user44,3min,train,1620,-97.63191,-53.365215,-25.964546,0.6498663,User: user44<br>Type: 3min<br>Split: train
user46,3min,train,1621,-9.6432085,-35.762337,-1.2114723,-8.948746,User: user46<br>Type: 3min<br>Split: train
user47,3min,train,1622,58.35414,-1.0038519,17.88612,23.536396,User: user47<br>Type: 3min<br>Split: train
user48,3min,train,1623,63.466167,45.12324,7.2887726,20.969913,User: user48<br>Type: 3min<br>Split: train
user49,3min,train,1624,142.51956,109.82349,14.262367,19.53994,User: user49<br>Type: 3min<br>Split: train
user51,3min,train,1625,-34.59145,-16.559484,-9.8583,1.9131511,User: user51<br>Type: 3min<br>Split: train
user52,3min,train,1626,-137.88318,-23.181454,-24.00119,4.182309,User: user52<br>Type: 3min<br>Split: train
user56,3min,train,1627,-116.01288,-83.58743,0.58578277,-6.5351615,User: user56<br>Type: 3min<br>Split: train
user57,3min,train,1628,-92.59654,180.8146,-8.633265,14.830127,User: user57<br>Type: 3min<br>Split: train
user58,3min,train,1629,-194.49309,-81.73398,-16.232082,-6.02768,User: user58<br>Type: 3min<br>Split: train
user59,3min,train,1630,-52.860874,116.49881,-1.54317,25.729998,User: user59<br>Type: 3min<br>Split: train
user61,3min,train,1631,-8.19417,-127.5769,3.6088526,-14.250768,User: user61<br>Type: 3min<br>Split: train
user62,3min,train,1632,-161.29836,25.327385,-11.000178,5.213945,User: user62<br>Type: 3min<br>Split: train
user62,3min,train,1633,-105.7373,29.50931,-16.67834,3.795416,User: user62<br>Type: 3min<br>Split: train
user64,3min,train,1634,-165.83238,-130.14728,-15.303463,-10.513608,User: user64<br>Type: 3min<br>Split: train
user66,3min,train,1635,-30.797297,-98.508545,21.98858,5.1394343,User: user66<br>Type: 3min<br>Split: train
user68,3min,train,1636,-61.284966,-85.49953,0.57304776,-11.480707,User: user68<br>Type: 3min<br>Split: train
user7,3min,train,1637,-7.1419573,-177.19244,-3.640573,-3.4714143,User: user7<br>Type: 3min<br>Split: train
user74,3min,train,1638,-152.19351,138.6777,-18.347618,20.272856,User: user74<br>Type: 3min<br>Split: train
user76,3min,train,1639,155.25519,-24.52458,14.076155,13.8847,User: user76<br>Type: 3min<br>Split: train
user77,3min,train,1640,-142.63501,-48.656788,-10.14139,-6.4695992,User: user77<br>Type: 3min<br>Split: train
user78,3min,train,1641,-170.96631,-1.9590068,-12.91777,-0.22997905,User: user78<br>Type: 3min<br>Split: train
user79,3min,train,1642,-30.512867,11.3816,6.1238647,26.019924,User: user79<br>Type: 3min<br>Split: train
user8,3min,train,1643,-129.58746,24.109426,-13.897398,6.6025515,User: user8<br>Type: 3min<br>Split: train
user83,3min,train,1644,-25.770061,-124.25772,3.3199983,-4.055517,User: user83<br>Type: 3min<br>Split: train
user86,3min,train,1645,-46.58125,-171.89458,-0.79182506,-20.254213,User: user86<br>Type: 3min<br>Split: train
user87,3min,train,1646,12.871375,46.512875,4.676226,19.038937,User: user87<br>Type: 3min<br>Split: train
user88,3min,train,1647,15.223314,-78.70015,15.647325,-5.6507125,User: user88<br>Type: 3min<br>Split: train
user89,3min,train,1648,140.6399,-112.28211,19.20078,13.668807,User: user89<br>Type: 3min<br>Split: train
user11,3min,train,1649,-137.4076,-103.33537,-14.796728,-2.86033,User: user11<br>Type: 3min<br>Split: train
user12,3min,train,1650,-72.13619,-156.55666,-3.8918514,-18.984005,User: user12<br>Type: 3min<br>Split: train
user16,3min,train,1651,-14.740286,205.85985,3.618746,21.810925,User: user16<br>Type: 3min<br>Split: train
user17,3min,train,1652,-195.68074,-15.931047,-24.15765,-3.1422222,User: user17<br>Type: 3min<br>Split: train
user19,3min,train,1653,-166.4242,-96.49441,-2.2688475,-10.767708,User: user19<br>Type: 3min<br>Split: train
user2,3min,train,1654,60.334183,-131.87576,14.09718,0.62329024,User: user2<br>Type: 3min<br>Split: train
user20,3min,train,1655,-105.06311,77.88808,-8.961195,7.76838,User: user20<br>Type: 3min<br>Split: train
user25,3min,train,1656,-132.98659,73.275345,-0.5446207,2.7009528,User: user25<br>Type: 3min<br>Split: train
user28,3min,train,1657,-16.752575,142.8599,3.538556,29.274357,User: user28<br>Type: 3min<br>Split: train
user31,3min,train,1658,12.347404,-1.844164,16.32645,10.689212,User: user31<br>Type: 3min<br>Split: train
user32,3min,train,1659,-52.54509,200.63278,1.1805477,16.689976,User: user32<br>Type: 3min<br>Split: train
user33,3min,train,1660,-121.60412,127.08609,-8.719684,25.374891,User: user33<br>Type: 3min<br>Split: train
user34,3min,train,1661,-42.164413,-38.25206,-7.2195835,3.1275403,User: user34<br>Type: 3min<br>Split: train
user35,3min,train,1662,167.05638,-2.6472218,26.058258,21.986776,User: user35<br>Type: 3min<br>Split: train
user35,3min,train,1663,-20.335432,-5.0037894,4.2193875,-1.1547985,User: user35<br>Type: 3min<br>Split: train
user36,3min,train,1664,-196.6053,-46.669827,-19.081251,-2.6845272,User: user36<br>Type: 3min<br>Split: train
user39,3min,train,1665,-83.50522,-99.28785,-8.037708,-8.949191,User: user39<br>Type: 3min<br>Split: train
user45,3min,train,1666,-28.594263,32.087917,-11.098229,15.154407,User: user45<br>Type: 3min<br>Split: train
user46,3min,train,1667,-9.6432085,-35.762337,-1.2467904,-8.983774,User: user46<br>Type: 3min<br>Split: train
user48,3min,train,1668,59.70417,48.95577,7.294468,20.975657,User: user48<br>Type: 3min<br>Split: train
user52,3min,train,1669,-137.88318,-23.181454,-20.28654,9.322511,User: user52<br>Type: 3min<br>Split: train
user54,3min,train,1670,50.826115,-46.471756,28.25493,-3.4235528,User: user54<br>Type: 3min<br>Split: train
user56,3min,train,1671,-116.01288,-83.58743,0.5949736,-6.544359,User: user56<br>Type: 3min<br>Split: train
user58,3min,train,1672,-194.49309,-81.73398,-16.23244,-6.0282025,User: user58<br>Type: 3min<br>Split: train
user59,3min,train,1673,-42.905766,122.347595,-3.552764,24.3237,User: user59<br>Type: 3min<br>Split: train
user61,3min,train,1674,13.136969,-132.71332,13.277747,-12.457112,User: user61<br>Type: 3min<br>Split: train
user62,3min,train,1675,-105.7373,29.50931,-16.67759,3.79473,User: user62<br>Type: 3min<br>Split: train
user63,3min,train,1676,-76.3527,-55.018288,-17.00511,-8.164619,User: user63<br>Type: 3min<br>Split: train
user64,3min,train,1677,-165.83238,-130.14728,-15.198578,-10.618188,User: user64<br>Type: 3min<br>Split: train
user66,3min,train,1678,-30.797297,-98.508545,22.018185,5.105948,User: user66<br>Type: 3min<br>Split: train
user69,3min,train,1679,-101.18627,-143.4123,-5.673893,-7.096608,User: user69<br>Type: 3min<br>Split: train
user71,3min,train,1680,131.66515,-36.84476,19.004938,-1.8969649,User: user71<br>Type: 3min<br>Split: train
user72,3min,train,1681,13.62859,22.772324,6.8877597,0.3550287,User: user72<br>Type: 3min<br>Split: train
user73,3min,train,1682,-22.528036,-53.160408,3.6160796,-8.600156,User: user73<br>Type: 3min<br>Split: train
user74,3min,train,1683,-152.19351,138.6777,-18.354902,20.255077,User: user74<br>Type: 3min<br>Split: train
user75,3min,train,1684,117.40484,166.2063,15.541425,32.503284,User: user75<br>Type: 3min<br>Split: train
user76,3min,train,1685,155.25519,-24.52458,14.175841,13.983275,User: user76<br>Type: 3min<br>Split: train
user77,3min,train,1686,-142.63501,-48.656788,-9.983609,-6.314809,User: user77<br>Type: 3min<br>Split: train
user78,3min,train,1687,-170.96631,-1.9590068,-12.920508,-0.2270539,User: user78<br>Type: 3min<br>Split: train
user81,3min,train,1688,-113.86219,54.042454,-5.705758,12.343327,User: user81<br>Type: 3min<br>Split: train
user82,3min,train,1689,29.121454,-13.748628,13.910362,7.7075276,User: user82<br>Type: 3min<br>Split: train
user88,3min,train,1690,10.523731,-81.482994,15.647753,-5.650844,User: user88<br>Type: 3min<br>Split: train
user9,3min,train,1691,75.78509,66.43162,7.014709,16.426674,User: user9<br>Type: 3min<br>Split: train
user11,3min,train,1692,-137.4076,-103.33537,-14.778977,-2.8790705,User: user11<br>Type: 3min<br>Split: train
user12,3min,train,1693,-72.13619,-156.55666,-3.8831775,-18.975424,User: user12<br>Type: 3min<br>Split: train
user14,3min,train,1694,-145.96432,107.237465,-23.858719,10.324238,User: user14<br>Type: 3min<br>Split: train
user18,3min,train,1695,-68.75002,66.9487,-15.661833,8.86583,User: user18<br>Type: 3min<br>Split: train
user19,3min,train,1696,-166.4242,-96.49441,-11.281785,-9.607668,User: user19<br>Type: 3min<br>Split: train
user2,3min,train,1697,60.334183,-131.87576,14.082575,0.5846482,User: user2<br>Type: 3min<br>Split: train
user21,3min,train,1698,-60.06158,-23.163872,-20.792536,-15.261621,User: user21<br>Type: 3min<br>Split: train
user24,3min,train,1699,-52.40137,0.21165341,-14.57262,16.323551,User: user24<br>Type: 3min<br>Split: train
user25,3min,train,1700,-132.98659,73.275345,-15.497674,0.9570817,User: user25<br>Type: 3min<br>Split: train
user26,3min,train,1701,-73.31034,115.66984,1.0337818,11.895022,User: user26<br>Type: 3min<br>Split: train
user27,3min,train,1702,154.21333,-52.922832,15.693876,3.8236313,User: user27<br>Type: 3min<br>Split: train
user28,3min,train,1703,-16.752575,142.8599,3.5376623,29.27406,User: user28<br>Type: 3min<br>Split: train
user29,3min,train,1704,-164.6717,54.795074,-1.7824533,9.722552,User: user29<br>Type: 3min<br>Split: train
user3,3min,train,1705,-36.397167,58.08161,0.9665445,26.793842,User: user3<br>Type: 3min<br>Split: train
user31,3min,train,1706,12.347404,-1.844164,16.33702,10.673685,User: user31<br>Type: 3min<br>Split: train
user32,3min,train,1707,-52.54509,200.63278,1.3854195,16.485632,User: user32<br>Type: 3min<br>Split: train
user35,3min,train,1708,167.05638,-2.6472218,26.077768,22.006481,User: user35<br>Type: 3min<br>Split: train
user35,3min,train,1709,-11.778402,-11.859678,4.2182255,-1.1507968,User: user35<br>Type: 3min<br>Split: train
user36,3min,train,1710,-196.6053,-46.669827,-19.062159,-2.704343,User: user36<br>Type: 3min<br>Split: train
user37,3min,train,1711,22.970564,107.643776,11.209406,14.052072,User: user37<br>Type: 3min<br>Split: train
user38,3min,train,1712,-62.84318,171.02867,0.4942833,19.066349,User: user38<br>Type: 3min<br>Split: train
user4,3min,train,1713,-89.33292,51.406857,-11.496257,10.044223,User: user4<br>Type: 3min<br>Split: train
user42,3min,train,1714,11.140395,147.74826,-8.391612,10.103283,User: user42<br>Type: 3min<br>Split: train
user43,3min,train,1715,-38.40839,81.84102,-11.062527,19.513975,User: user43<br>Type: 3min<br>Split: train
user5,3min,train,1716,-144.17363,2.538802,7.1423697,-2.827435,User: user5<br>Type: 3min<br>Split: train
user51,3min,train,1717,-34.59145,-16.559484,-9.86136,1.9166105,User: user51<br>Type: 3min<br>Split: train
user55,3min,train,1718,-12.099864,53.11249,12.076674,17.087355,User: user55<br>Type: 3min<br>Split: train
user56,3min,train,1719,-116.01288,-83.58743,0.6022616,-6.5510826,User: user56<br>Type: 3min<br>Split: train
user59,3min,train,1720,-42.905766,122.347595,-3.5529833,24.323635,User: user59<br>Type: 3min<br>Split: train
user6,3min,train,1721,-143.42564,-76.430695,-20.463497,-6.600713,User: user6<br>Type: 3min<br>Split: train
user61,3min,train,1722,13.136969,-132.71332,13.310757,-12.424199,User: user61<br>Type: 3min<br>Split: train
user62,3min,train,1723,-161.29836,25.327385,-11.027288,5.241161,User: user62<br>Type: 3min<br>Split: train
user62,3min,train,1724,-105.7373,29.50931,-16.677765,3.7949545,User: user62<br>Type: 3min<br>Split: train
user64,3min,train,1725,-165.83238,-130.14728,-15.201275,-10.615658,User: user64<br>Type: 3min<br>Split: train
user65,3min,train,1726,41.84453,-92.8349,1.5726262,-18.570816,User: user65<br>Type: 3min<br>Split: train
user66,3min,train,1727,-30.797297,-98.508545,22.011587,5.114507,User: user66<br>Type: 3min<br>Split: train
user67,3min,train,1728,-122.12124,97.05209,-1.6713713,14.58596,User: user67<br>Type: 3min<br>Split: train
user68,3min,train,1729,-61.284966,-85.49953,0.56355846,-11.471316,User: user68<br>Type: 3min<br>Split: train
user71,3min,train,1730,131.66515,-36.84476,19.001509,-1.8864868,User: user71<br>Type: 3min<br>Split: train
user78,3min,train,1731,-170.96631,-1.9590068,-12.918209,-0.22905545,User: user78<br>Type: 3min<br>Split: train
user8,3min,train,1732,-129.58746,24.109426,-4.135372,17.1836,User: user8<br>Type: 3min<br>Split: train
user82,3min,train,1733,33.775627,-10.916876,13.9105015,7.707417,User: user82<br>Type: 3min<br>Split: train
user83,3min,train,1734,-25.770061,-124.25772,3.3377326,-4.0376797,User: user83<br>Type: 3min<br>Split: train
user85,3min,train,1735,136.38219,-81.04708,6.671051,7.5893865,User: user85<br>Type: 3min<br>Split: train
user89,3min,train,1736,140.6399,-112.28211,19.206276,13.6633,User: user89<br>Type: 3min<br>Split: train
user9,3min,train,1737,75.78509,66.43162,7.0024915,16.413834,User: user9<br>Type: 3min<br>Split: train
user1,3min,train,1738,18.920324,76.693565,-12.859829,21.921007,User: user1<br>Type: 3min<br>Split: train
user11,3min,train,1739,-137.4076,-103.33537,-14.796232,-2.8603182,User: user11<br>Type: 3min<br>Split: train
user12,3min,train,1740,-72.13619,-156.55666,-3.5170803,-13.415622,User: user12<br>Type: 3min<br>Split: train
user13,3min,train,1741,-138.71892,46.876972,-2.384936,12.152591,User: user13<br>Type: 3min<br>Split: train
user14,3min,train,1742,-145.96432,107.237465,-23.844824,10.338317,User: user14<br>Type: 3min<br>Split: train
user18,3min,train,1743,-63.888412,73.953804,-15.690806,8.894876,User: user18<br>Type: 3min<br>Split: train
user19,3min,train,1744,-166.4242,-96.49441,-2.2685912,-10.767607,User: user19<br>Type: 3min<br>Split: train
user22,3min,train,1745,-94.92357,6.672643,-5.438609,-1.3647809,User: user22<br>Type: 3min<br>Split: train
user23,3min,train,1746,-98.451775,-20.052794,-20.399109,2.0138628,User: user23<br>Type: 3min<br>Split: train
user25,3min,train,1747,-132.98659,73.275345,-15.497499,0.9584207,User: user25<br>Type: 3min<br>Split: train
user27,3min,train,1748,154.21333,-52.922832,15.701964,3.8243916,User: user27<br>Type: 3min<br>Split: train
user28,3min,train,1749,-16.752575,142.8599,3.537594,29.272566,User: user28<br>Type: 3min<br>Split: train
user30,3min,train,1750,-133.4254,-133.25356,-3.56195,-5.4117494,User: user30<br>Type: 3min<br>Split: train
user35,3min,train,1751,167.05638,-2.6472218,26.044207,21.972805,User: user35<br>Type: 3min<br>Split: train
user36,3min,train,1752,-196.6053,-46.669827,-19.0533,-2.7120192,User: user36<br>Type: 3min<br>Split: train
user39,3min,train,1753,-83.50522,-99.28785,-8.037774,-8.949316,User: user39<br>Type: 3min<br>Split: train
user42,3min,train,1754,11.140395,147.74826,-8.405027,10.088563,User: user42<br>Type: 3min<br>Split: train
user44,3min,train,1755,-126.801575,-63.609825,-25.967703,0.6528534,User: user44<br>Type: 3min<br>Split: train
user46,3min,train,1756,-9.6432085,-35.762337,-1.223069,-8.960587,User: user46<br>Type: 3min<br>Split: train
user47,3min,train,1757,58.35414,-1.0038519,17.831482,23.484236,User: user47<br>Type: 3min<br>Split: train
user48,3min,train,1758,54.93492,40.243313,7.275662,20.956844,User: user48<br>Type: 3min<br>Split: train
user5,3min,train,1759,-144.17363,2.538802,-0.27941447,5.4991302,User: user5<br>Type: 3min<br>Split: train
user50,3min,train,1760,-165.25569,-29.547632,-6.9650755,-2.9491472,User: user50<br>Type: 3min<br>Split: train
user53,3min,train,1761,91.53717,-59.223194,20.870499,-10.381617,User: user53<br>Type: 3min<br>Split: train
user56,3min,train,1762,-116.01288,-83.58743,0.64496315,-6.594269,User: user56<br>Type: 3min<br>Split: train
user58,3min,train,1763,-194.49309,-81.73398,-16.235603,-6.031201,User: user58<br>Type: 3min<br>Split: train
user59,3min,train,1764,-42.905766,122.347595,-3.5523522,24.323288,User: user59<br>Type: 3min<br>Split: train
user62,3min,train,1765,-161.29836,25.327385,-11.029684,5.243516,User: user62<br>Type: 3min<br>Split: train
user62,3min,train,1766,-105.7373,29.50931,-16.677612,3.794954,User: user62<br>Type: 3min<br>Split: train
user64,3min,train,1767,-165.83238,-130.14728,-15.209575,-10.607823,User: user64<br>Type: 3min<br>Split: train
user71,3min,train,1768,131.66515,-36.84476,18.99878,-1.8889954,User: user71<br>Type: 3min<br>Split: train
user73,3min,train,1769,-22.528036,-53.160408,3.8542285,-8.3670435,User: user73<br>Type: 3min<br>Split: train
user76,3min,train,1770,155.25519,-24.52458,14.08481,13.89341,User: user76<br>Type: 3min<br>Split: train
user8,3min,train,1771,-129.58746,24.109426,-4.1352654,17.18368,User: user8<br>Type: 3min<br>Split: train
user80,3min,train,1772,84.20569,-148.9275,10.290843,-5.129685,User: user80<br>Type: 3min<br>Split: train
user83,3min,train,1773,-25.770061,-124.25772,3.3109255,-4.0643783,User: user83<br>Type: 3min<br>Split: train
user84,3min,train,1774,-97.5791,146.49004,-14.44121,24.325274,User: user84<br>Type: 3min<br>Split: train
user85,3min,train,1775,136.38219,-81.04708,6.621549,7.5389833,User: user85<br>Type: 3min<br>Split: train
user86,3min,train,1776,-46.58125,-171.89458,-0.79279906,-20.254475,User: user86<br>Type: 3min<br>Split: train
user87,3min,train,1777,12.871375,46.512875,4.678868,19.041615,User: user87<br>Type: 3min<br>Split: train
user10,3min,train,1778,-1.3907136,97.334656,-3.5493054,19.757475,User: user10<br>Type: 3min<br>Split: train
user14,3min,train,1779,-145.96432,107.237465,-23.85914,10.324083,User: user14<br>Type: 3min<br>Split: train
user15,3min,train,1780,-108.41618,-112.25345,-12.222834,-2.3461754,User: user15<br>Type: 3min<br>Split: train
user2,3min,train,1781,60.334183,-131.87576,14.0743065,0.60031444,User: user2<br>Type: 3min<br>Split: train
user20,3min,train,1782,-105.06311,77.88808,-8.961236,7.7682147,User: user20<br>Type: 3min<br>Split: train
user21,3min,train,1783,-60.06158,-23.163872,-20.791334,-15.260365,User: user21<br>Type: 3min<br>Split: train
user22,3min,train,1784,-94.92357,6.672643,-5.4476027,-1.372582,User: user22<br>Type: 3min<br>Split: train
user28,3min,train,1785,-16.752575,142.8599,3.539861,29.275938,User: user28<br>Type: 3min<br>Split: train
user29,3min,train,1786,-164.6717,54.795074,-1.7801539,9.720762,User: user29<br>Type: 3min<br>Split: train
user30,3min,train,1787,-133.4254,-133.25356,-16.562035,-15.193887,User: user30<br>Type: 3min<br>Split: train
user31,3min,train,1788,7.127656,-0.07572798,16.314144,10.697004,User: user31<br>Type: 3min<br>Split: train
user32,3min,train,1789,-52.54509,200.63278,1.3826317,16.488192,User: user32<br>Type: 3min<br>Split: train
user33,3min,train,1790,-121.60412,127.08609,-8.722204,25.377361,User: user33<br>Type: 3min<br>Split: train
user35,3min,train,1791,167.05638,-2.6472218,26.053234,21.981659,User: user35<br>Type: 3min<br>Split: train
user38,3min,train,1792,-62.84318,171.02867,0.49489716,19.06664,User: user38<br>Type: 3min<br>Split: train
user4,3min,train,1793,-89.33292,51.406857,-11.510522,10.029118,User: user4<br>Type: 3min<br>Split: train
user41,3min,train,1794,-126.0254,163.50269,-13.0207615,9.776522,User: user41<br>Type: 3min<br>Split: train
user43,3min,train,1795,-38.40839,81.84102,-11.063501,19.515299,User: user43<br>Type: 3min<br>Split: train
user44,3min,train,1796,-97.63191,-53.365215,-25.966604,0.65202826,User: user44<br>Type: 3min<br>Split: train
user45,3min,train,1797,-28.594263,32.087917,-11.10317,15.159375,User: user45<br>Type: 3min<br>Split: train
user47,3min,train,1798,58.35414,-1.0038519,17.843504,23.496367,User: user47<br>Type: 3min<br>Split: train
user49,3min,train,1799,142.51956,109.82349,14.26572,19.540749,User: user49<br>Type: 3min<br>Split: train
user5,3min,train,1800,-144.17363,2.538802,7.1424894,-2.8279448,User: user5<br>Type: 3min<br>Split: train
user50,3min,train,1801,-165.25569,-29.547632,-8.789105,-3.5271583,User: user50<br>Type: 3min<br>Split: train
user53,3min,train,1802,91.53717,-59.223194,20.871248,-10.379806,User: user53<br>Type: 3min<br>Split: train
user54,3min,train,1803,48.614914,-41.05999,28.278868,-3.4145331,User: user54<br>Type: 3min<br>Split: train
user56,3min,train,1804,-116.01288,-83.58743,0.5569581,-6.5058184,User: user56<br>Type: 3min<br>Split: train
user59,3min,train,1805,-42.905766,122.347595,-3.5529354,24.323622,User: user59<br>Type: 3min<br>Split: train
user6,3min,train,1806,-143.42564,-76.430695,-20.445356,-6.58249,User: user6<br>Type: 3min<br>Split: train
user62,3min,train,1807,-161.29836,25.327385,-11.028868,5.2425213,User: user62<br>Type: 3min<br>Split: train
user64,3min,train,1808,-165.83238,-130.14728,-15.2890005,-10.528252,User: user64<br>Type: 3min<br>Split: train
user69,3min,train,1809,-101.18627,-143.4123,-1.9888786,-1.7260647,User: user69<br>Type: 3min<br>Split: train
user70,3min,train,1810,-53.917717,-110.53692,12.470044,5.4022684,User: user70<br>Type: 3min<br>Split: train
user71,3min,train,1811,131.66515,-36.84476,19.001564,-1.8864807,User: user71<br>Type: 3min<br>Split: train
user72,3min,train,1812,13.62859,22.772324,6.932645,0.40119132,User: user72<br>Type: 3min<br>Split: train
user73,3min,train,1813,-22.528036,-53.160408,3.704977,-8.513446,User: user73<br>Type: 3min<br>Split: train
user74,3min,train,1814,-152.19351,138.6777,-18.387484,20.232706,User: user74<br>Type: 3min<br>Split: train
user75,3min,train,1815,117.40484,166.2063,15.524331,32.48625,User: user75<br>Type: 3min<br>Split: train
user77,3min,train,1816,-142.63501,-48.656788,-9.98736,-6.3175545,User: user77<br>Type: 3min<br>Split: train
user80,3min,train,1817,84.20569,-148.9275,10.35728,-13.288431,User: user80<br>Type: 3min<br>Split: train
user81,3min,train,1818,-113.86219,54.042454,-3.5682306,8.313763,User: user81<br>Type: 3min<br>Split: train
user83,3min,train,1819,-25.770061,-124.25772,3.3105888,-4.065642,User: user83<br>Type: 3min<br>Split: train
user84,3min,train,1820,-97.5791,146.49004,-14.453687,24.31315,User: user84<br>Type: 3min<br>Split: train
user87,3min,train,1821,12.871375,46.512875,4.6609807,19.06843,User: user87<br>Type: 3min<br>Split: train
user88,3min,train,1822,8.297126,-72.547134,5.3901424,-4.567536,User: user88<br>Type: 3min<br>Split: train
user89,3min,train,1823,140.6399,-112.28211,19.215189,13.645592,User: user89<br>Type: 3min<br>Split: train
user9,3min,train,1824,75.78509,66.43162,6.998704,16.41017,User: user9<br>Type: 3min<br>Split: train
user1,3min,train,1825,18.920324,76.693565,-12.894931,21.956041,User: user1<br>Type: 3min<br>Split: train
user10,3min,train,1826,-1.3907136,97.334656,-3.5628004,19.742811,User: user10<br>Type: 3min<br>Split: train
user11,3min,train,1827,-137.4076,-103.33537,-14.796109,-2.8604834,User: user11<br>Type: 3min<br>Split: train
user12,3min,train,1828,-72.13619,-156.55666,-3.8883238,-18.980724,User: user12<br>Type: 3min<br>Split: train
user15,3min,train,1829,-108.41618,-112.25345,2.9056418,2.350958,User: user15<br>Type: 3min<br>Split: train
user20,3min,train,1830,-105.06311,77.88808,-8.940511,7.744985,User: user20<br>Type: 3min<br>Split: train
user21,3min,train,1831,-54.6782,-24.618101,-20.784327,-15.253223,User: user21<br>Type: 3min<br>Split: train
user23,3min,train,1832,-98.451775,-20.052794,-20.431416,1.9814562,User: user23<br>Type: 3min<br>Split: train
user24,3min,train,1833,-52.51017,5.934216,-14.572657,16.3232,User: user24<br>Type: 3min<br>Split: train
user27,3min,train,1834,154.21333,-52.922832,15.675224,3.8490944,User: user27<br>Type: 3min<br>Split: train
user28,3min,train,1835,-16.752575,142.8599,3.5408432,29.271059,User: user28<br>Type: 3min<br>Split: train
user3,3min,train,1836,-31.38292,57.521156,0.9678626,26.792412,User: user3<br>Type: 3min<br>Split: train
user32,3min,train,1837,-52.54509,200.63278,1.1758957,16.69472,User: user32<br>Type: 3min<br>Split: train
user35,3min,train,1838,-11.778402,-11.859678,4.2193656,-1.1544721,User: user35<br>Type: 3min<br>Split: train
user36,3min,train,1839,-196.6053,-46.669827,-19.090776,-2.6755376,User: user36<br>Type: 3min<br>Split: train
user40,3min,train,1840,-71.57965,-4.132366,-27.566912,6.5546308,User: user40<br>Type: 3min<br>Split: train
user41,3min,train,1841,-126.0254,163.50269,-13.021017,9.776491,User: user41<br>Type: 3min<br>Split: train
user51,3min,train,1842,-39.53016,-13.958741,-9.8614855,1.9162847,User: user51<br>Type: 3min<br>Split: train
user52,3min,train,1843,-137.88318,-23.181454,-24.001173,4.182285,User: user52<br>Type: 3min<br>Split: train
user54,3min,train,1844,48.614914,-41.05999,28.240108,-3.4532745,User: user54<br>Type: 3min<br>Split: train
user55,3min,train,1845,-12.099864,53.11249,11.985881,17.178766,User: user55<br>Type: 3min<br>Split: train
user58,3min,train,1846,-194.49309,-81.73398,-16.240211,-6.03565,User: user58<br>Type: 3min<br>Split: train
user59,3min,train,1847,-42.905766,122.347595,-3.562196,24.33289,User: user59<br>Type: 3min<br>Split: train
user6,3min,train,1848,-143.42564,-76.430695,-20.463362,-6.600563,User: user6<br>Type: 3min<br>Split: train
user61,3min,train,1849,13.136969,-132.71332,13.31051,-12.424409,User: user61<br>Type: 3min<br>Split: train
user65,3min,train,1850,31.86232,-94.33745,1.5725821,-18.570866,User: user65<br>Type: 3min<br>Split: train
user66,3min,train,1851,-30.797297,-98.508545,21.997288,5.1276293,User: user66<br>Type: 3min<br>Split: train
user67,3min,train,1852,-122.12124,97.05209,-1.6481,14.609516,User: user67<br>Type: 3min<br>Split: train
user69,3min,train,1853,-101.18627,-143.4123,-1.9638734,-1.701027,User: user69<br>Type: 3min<br>Split: train
user7,3min,train,1854,-7.1419573,-177.19244,-3.64054,-3.4718866,User: user7<br>Type: 3min<br>Split: train
user70,3min,train,1855,-53.917717,-110.53692,12.470284,5.402269,User: user70<br>Type: 3min<br>Split: train
user73,3min,train,1856,-28.42152,-53.697807,3.6167872,-8.599318,User: user73<br>Type: 3min<br>Split: train
user77,3min,train,1857,-142.63501,-48.656788,-9.986882,-6.3172297,User: user77<br>Type: 3min<br>Split: train
user79,3min,train,1858,-30.512867,11.3816,6.1105657,26.006422,User: user79<br>Type: 3min<br>Split: train
user80,3min,train,1859,84.20569,-148.9275,10.357696,-13.28831,User: user80<br>Type: 3min<br>Split: train
user81,3min,train,1860,-113.86219,54.042454,-5.7056293,12.342886,User: user81<br>Type: 3min<br>Split: train
user87,3min,train,1861,12.871375,46.512875,4.6760783,19.039293,User: user87<br>Type: 3min<br>Split: train
user89,3min,train,1862,140.6399,-112.28211,19.21347,13.655998,User: user89<br>Type: 3min<br>Split: train
user9,3min,train,1863,75.78509,66.43162,6.9953036,16.422237,User: user9<br>Type: 3min<br>Split: train
user10,3min,train,1864,-1.3907136,97.334656,-3.5489771,19.760576,User: user10<br>Type: 3min<br>Split: train
user12,3min,train,1865,-72.13619,-156.55666,-3.5170689,-13.415746,User: user12<br>Type: 3min<br>Split: train
user16,3min,train,1866,-14.740286,205.85985,3.6340017,21.825272,User: user16<br>Type: 3min<br>Split: train
user17,3min,train,1867,-195.68074,-15.931047,-24.151716,-3.1482668,User: user17<br>Type: 3min<br>Split: train
user18,3min,train,1868,-63.888412,73.953804,-15.644798,8.849641,User: user18<br>Type: 3min<br>Split: train
user19,3min,train,1869,-166.4242,-96.49441,-11.270108,-9.619612,User: user19<br>Type: 3min<br>Split: train
user2,3min,train,1870,60.334183,-131.87576,14.07428,0.6003001,User: user2<br>Type: 3min<br>Split: train
user20,3min,train,1871,-105.06311,77.88808,-14.083338,2.597416,User: user20<br>Type: 3min<br>Split: train
user21,3min,train,1872,-54.6782,-24.618101,-20.791965,-15.2612,User: user21<br>Type: 3min<br>Split: train
user23,3min,train,1873,-98.451775,-20.052794,-20.39746,2.0157287,User: user23<br>Type: 3min<br>Split: train
user27,3min,train,1874,154.21333,-52.922832,15.687223,3.8369837,User: user27<br>Type: 3min<br>Split: train
user3,3min,train,1875,-36.397167,58.08161,0.928502,26.831863,User: user3<br>Type: 3min<br>Split: train
user30,3min,train,1876,-133.4254,-133.25356,-16.561302,-15.194613,User: user30<br>Type: 3min<br>Split: train
user33,3min,train,1877,-121.60412,127.08609,-8.736247,25.391544,User: user33<br>Type: 3min<br>Split: train
user38,3min,train,1878,-62.84318,171.02867,0.49642226,19.068905,User: user38<br>Type: 3min<br>Split: train
user39,3min,train,1879,-83.50522,-99.28785,-8.03773,-8.949429,User: user39<br>Type: 3min<br>Split: train
user4,3min,train,1880,-89.33292,51.406857,-11.510202,10.0293045,User: user4<br>Type: 3min<br>Split: train
user40,3min,train,1881,-75.781364,-8.141219,-27.570652,6.5510416,User: user40<br>Type: 3min<br>Split: train
user47,3min,train,1882,58.35414,-1.0038519,17.85187,23.487833,User: user47<br>Type: 3min<br>Split: train
user48,3min,train,1883,63.466167,45.12324,7.2597213,20.940825,User: user48<br>Type: 3min<br>Split: train
user49,3min,train,1884,142.51956,109.82349,14.265141,19.541752,User: user49<br>Type: 3min<br>Split: train
user5,3min,train,1885,-144.17363,2.538802,7.1426277,-2.8278084,User: user5<br>Type: 3min<br>Split: train
user53,3min,train,1886,83.402824,-52.540257,20.87043,-10.38156,User: user53<br>Type: 3min<br>Split: train
user55,3min,train,1887,-4.798623,48.326736,12.003155,17.161093,User: user55<br>Type: 3min<br>Split: train
user56,3min,train,1888,-116.01288,-83.58743,0.6012966,-6.550845,User: user56<br>Type: 3min<br>Split: train
user57,3min,train,1889,-92.59654,180.8146,-8.633175,14.830141,User: user57<br>Type: 3min<br>Split: train
user58,3min,train,1890,-194.49309,-81.73398,-16.234886,-6.030465,User: user58<br>Type: 3min<br>Split: train
user59,3min,train,1891,-42.905766,122.347595,-3.5532715,24.323898,User: user59<br>Type: 3min<br>Split: train
user6,3min,train,1892,-143.42564,-76.430695,-20.469069,-6.6066437,User: user6<br>Type: 3min<br>Split: train
user61,3min,train,1893,13.136969,-132.71332,3.6083298,-14.250245,User: user61<br>Type: 3min<br>Split: train
user62,3min,train,1894,-161.29836,25.327385,-11.027935,5.241348,User: user62<br>Type: 3min<br>Split: train
user62,3min,train,1895,-105.7373,29.50931,-16.677443,3.7947516,User: user62<br>Type: 3min<br>Split: train
user64,3min,train,1896,-165.83238,-130.14728,-15.290538,-10.526586,User: user64<br>Type: 3min<br>Split: train
user65,3min,train,1897,31.86232,-94.33745,10.95416,-7.402129,User: user65<br>Type: 3min<br>Split: train
user66,3min,train,1898,-30.797297,-98.508545,21.974829,5.1495914,User: user66<br>Type: 3min<br>Split: train
user71,3min,train,1899,131.66515,-36.84476,19.008423,-1.8779408,User: user71<br>Type: 3min<br>Split: train
user72,3min,train,1900,13.62859,22.772324,6.888583,0.3560443,User: user72<br>Type: 3min<br>Split: train
user73,3min,train,1901,-28.42152,-53.697807,3.617133,-8.599091,User: user73<br>Type: 3min<br>Split: train
user74,3min,train,1902,-152.19351,138.6777,-18.373762,20.26996,User: user74<br>Type: 3min<br>Split: train
user75,3min,train,1903,117.40484,166.2063,15.525521,32.48736,User: user75<br>Type: 3min<br>Split: train
user78,3min,train,1904,-170.96631,-1.9590068,-12.920362,-0.22713079,User: user78<br>Type: 3min<br>Split: train
user8,3min,train,1905,-129.58746,24.109426,-13.897395,6.602565,User: user8<br>Type: 3min<br>Split: train
user80,3min,train,1906,84.20569,-148.9275,10.357846,-13.288316,User: user80<br>Type: 3min<br>Split: train
user82,3min,train,1907,29.121454,-13.748628,13.910424,7.7072544,User: user82<br>Type: 3min<br>Split: train
user83,3min,train,1908,-25.770061,-124.25772,3.3237813,-4.0517597,User: user83<br>Type: 3min<br>Split: train
user84,3min,train,1909,-97.5791,146.49004,-14.454481,24.312422,User: user84<br>Type: 3min<br>Split: train
user85,3min,train,1910,136.38219,-81.04708,6.6393013,7.557638,User: user85<br>Type: 3min<br>Split: train
user88,3min,train,1911,15.223314,-78.70015,5.3911257,-4.567308,User: user88<br>Type: 3min<br>Split: train
user89,3min,train,1912,140.6399,-112.28211,19.200493,13.6689825,User: user89<br>Type: 3min<br>Split: train
user9,3min,train,1913,75.78509,66.43162,7.007003,16.412502,User: user9<br>Type: 3min<br>Split: train
user14,3min,train,1914,-145.96432,107.237465,-23.859018,10.323983,User: user14<br>Type: 3min<br>Split: train
user15,3min,train,1915,-108.41618,-112.25345,-12.221258,-2.3537698,User: user15<br>Type: 3min<br>Split: train
user18,3min,train,1916,-63.888412,73.953804,-15.678022,8.853363,User: user18<br>Type: 3min<br>Split: train
user19,3min,train,1917,-166.4242,-96.49441,-2.2687764,-10.767611,User: user19<br>Type: 3min<br>Split: train
user20,3min,train,1918,-105.06311,77.88808,-14.083768,2.5974724,User: user20<br>Type: 3min<br>Split: train
user22,3min,train,1919,-94.92357,6.672643,-5.45352,-1.3794926,User: user22<br>Type: 3min<br>Split: train
user23,3min,train,1920,-98.451775,-20.052794,-20.412327,2.0008032,User: user23<br>Type: 3min<br>Split: train
user24,3min,train,1921,-52.51017,5.934216,-5.6987762,6.0780363,User: user24<br>Type: 3min<br>Split: train
user25,3min,train,1922,-132.98659,73.275345,-0.54463077,2.700973,User: user25<br>Type: 3min<br>Split: train
user28,3min,train,1923,-16.752575,142.8599,3.5156631,29.251436,User: user28<br>Type: 3min<br>Split: train
user32,3min,train,1924,-52.54509,200.63278,1.1751821,16.695225,User: user32<br>Type: 3min<br>Split: train
user37,3min,train,1925,22.970564,107.643776,10.643133,13.62165,User: user37<br>Type: 3min<br>Split: train
user39,3min,train,1926,-83.50522,-99.28785,-8.037714,-8.949337,User: user39<br>Type: 3min<br>Split: train
user40,3min,train,1927,-76.4712,-2.9430878,-27.579664,6.5421243,User: user40<br>Type: 3min<br>Split: train
user44,3min,train,1928,-97.63191,-53.365215,-25.960194,0.6457693,User: user44<br>Type: 3min<br>Split: train
user47,3min,train,1929,53.44146,-4.4149036,17.86671,23.478565,User: user47<br>Type: 3min<br>Split: train
user49,3min,train,1930,142.51956,109.82349,14.245343,19.520908,User: user49<br>Type: 3min<br>Split: train
user50,3min,train,1931,-165.25569,-29.547632,-6.9651203,-2.9491992,User: user50<br>Type: 3min<br>Split: train
user53,3min,train,1932,91.53717,-59.223194,20.860231,-10.376256,User: user53<br>Type: 3min<br>Split: train
user57,3min,train,1933,-92.59654,180.8146,-8.633172,14.830182,User: user57<br>Type: 3min<br>Split: train
user59,3min,train,1934,-42.905766,122.347595,-1.5334678,25.73471,User: user59<br>Type: 3min<br>Split: train
user61,3min,train,1935,13.136969,-132.71332,13.309978,-12.425143,User: user61<br>Type: 3min<br>Split: train
user62,3min,train,1936,-161.29836,25.327385,-11.027924,5.2414007,User: user62<br>Type: 3min<br>Split: train
user62,3min,train,1937,-105.7373,29.50931,-16.668892,3.793519,User: user62<br>Type: 3min<br>Split: train
user64,3min,train,1938,-165.83238,-130.14728,-15.290183,-10.526969,User: user64<br>Type: 3min<br>Split: train
user65,3min,train,1939,31.86232,-94.33745,10.954284,-7.4021506,User: user65<br>Type: 3min<br>Split: train
user66,3min,train,1940,-30.797297,-98.508545,21.986713,5.1381598,User: user66<br>Type: 3min<br>Split: train
user69,3min,train,1941,-101.18627,-143.4123,-5.673513,-7.096759,User: user69<br>Type: 3min<br>Split: train
user70,3min,train,1942,-53.917717,-110.53692,8.793494,-8.031702,User: user70<br>Type: 3min<br>Split: train
user71,3min,train,1943,131.66515,-36.84476,18.978683,-1.9088788,User: user71<br>Type: 3min<br>Split: train
user72,3min,train,1944,13.62859,22.772324,6.888841,0.35613078,User: user72<br>Type: 3min<br>Split: train
user73,3min,train,1945,-22.528036,-53.160408,3.6241364,-8.592076,User: user73<br>Type: 3min<br>Split: train
user74,3min,train,1946,-152.19351,138.6777,-18.3652,20.261658,User: user74<br>Type: 3min<br>Split: train
user76,3min,train,1947,155.25519,-24.52458,14.084781,13.893392,User: user76<br>Type: 3min<br>Split: train
user77,3min,train,1948,-142.63501,-48.656788,-10.141412,-6.4696813,User: user77<br>Type: 3min<br>Split: train
user8,3min,train,1949,-129.58746,24.109426,-4.135199,17.183432,User: user8<br>Type: 3min<br>Split: train
user80,3min,train,1950,84.20569,-148.9275,10.290883,-5.129713,User: user80<br>Type: 3min<br>Split: train
user83,3min,train,1951,-25.770061,-124.25772,3.2911284,-4.085913,User: user83<br>Type: 3min<br>Split: train
user85,3min,train,1952,136.38219,-81.04708,6.6456385,7.5635567,User: user85<br>Type: 3min<br>Split: train
user86,3min,train,1953,-46.58125,-171.89458,-0.7934738,-20.253523,User: user86<br>Type: 3min<br>Split: train
user88,3min,train,1954,10.523731,-81.482994,15.647996,-5.6503534,User: user88<br>Type: 3min<br>Split: train
user89,3min,train,1955,140.6399,-112.28211,19.22055,13.648782,User: user89<br>Type: 3min<br>Split: train
user9,3min,train,1956,75.78509,66.43162,7.002343,16.413437,User: user9<br>Type: 3min<br>Split: train
user1,3min,train,1957,13.863741,76.31855,-12.897345,21.957926,User: user1<br>Type: 3min<br>Split: train
user10,3min,train,1958,-1.3907136,97.334656,-3.5495195,19.757275,User: user10<br>Type: 3min<br>Split: train
user14,3min,train,1959,-145.96432,107.237465,-23.859358,10.323623,User: user14<br>Type: 3min<br>Split: train
user19,3min,train,1960,-166.4242,-96.49441,-11.281477,-9.608005,User: user19<br>Type: 3min<br>Split: train
user2,3min,train,1961,60.334183,-131.87576,14.06029,0.6142564,User: user2<br>Type: 3min<br>Split: train
user20,3min,train,1962,-105.06311,77.88808,-8.955775,7.769259,User: user20<br>Type: 3min<br>Split: train
user21,3min,train,1963,-54.6782,-24.618101,-20.791885,-15.260985,User: user21<br>Type: 3min<br>Split: train
user22,3min,train,1964,-94.92357,6.672643,-5.4280653,-1.3543149,User: user22<br>Type: 3min<br>Split: train
user24,3min,train,1965,-52.51017,5.934216,-14.572639,16.324575,User: user24<br>Type: 3min<br>Split: train
user25,3min,train,1966,-132.98659,73.275345,-0.5447127,2.7007053,User: user25<br>Type: 3min<br>Split: train
user26,3min,train,1967,-73.31034,115.66984,1.0411016,11.902294,User: user26<br>Type: 3min<br>Split: train
user27,3min,train,1968,154.21333,-52.922832,15.701056,3.823368,User: user27<br>Type: 3min<br>Split: train
user28,3min,train,1969,-16.752575,142.8599,3.522863,29.25852,User: user28<br>Type: 3min<br>Split: train
user30,3min,train,1970,-133.4254,-133.25356,-16.56179,-15.194166,User: user30<br>Type: 3min<br>Split: train
user31,3min,train,1971,12.347404,-1.844164,16.309877,10.70096,User: user31<br>Type: 3min<br>Split: train
user32,3min,train,1972,-52.54509,200.63278,1.1653306,16.705446,User: user32<br>Type: 3min<br>Split: train
user35,3min,train,1973,167.05638,-2.6472218,26.059605,21.988186,User: user35<br>Type: 3min<br>Split: train
user36,3min,train,1974,-196.6053,-46.669827,-19.084896,-2.6799872,User: user36<br>Type: 3min<br>Split: train
user37,3min,train,1975,22.970564,107.643776,10.647814,13.626754,User: user37<br>Type: 3min<br>Split: train
user38,3min,train,1976,-62.84318,171.02867,0.50962913,19.081623,User: user38<br>Type: 3min<br>Split: train
user39,3min,train,1977,-83.50522,-99.28785,-3.338026,1.5745122,User: user39<br>Type: 3min<br>Split: train
user4,3min,train,1978,-89.33292,51.406857,-11.510091,10.029353,User: user4<br>Type: 3min<br>Split: train
user40,3min,train,1979,-75.781364,-8.141219,-27.57026,6.5515776,User: user40<br>Type: 3min<br>Split: train
user44,3min,train,1980,-97.63191,-53.365215,-25.95724,0.64197415,User: user44<br>Type: 3min<br>Split: train
user45,3min,train,1981,-23.608673,32.238403,-11.107739,15.163719,User: user45<br>Type: 3min<br>Split: train
user51,3min,train,1982,-34.00116,-6.956563,-9.865903,1.9206333,User: user51<br>Type: 3min<br>Split: train
user52,3min,train,1983,-133.299,-13.996157,-20.286621,9.322635,User: user52<br>Type: 3min<br>Split: train
user58,3min,train,1984,-194.49309,-81.73398,-16.24637,-6.041894,User: user58<br>Type: 3min<br>Split: train
user59,3min,train,1985,-42.905766,122.347595,-1.5429442,25.736929,User: user59<br>Type: 3min<br>Split: train
user60,3min,train,1986,104.54602,92.16839,16.56515,7.9970303,User: user60<br>Type: 3min<br>Split: train
user62,3min,train,1987,-161.29836,25.327385,-11.023998,5.2401214,User: user62<br>Type: 3min<br>Split: train
user62,3min,train,1988,-105.7373,29.50931,-16.67683,3.7943292,User: user62<br>Type: 3min<br>Split: train
user65,3min,train,1989,31.86232,-94.33745,10.954369,-7.4020877,User: user65<br>Type: 3min<br>Split: train
user66,3min,train,1990,-30.797297,-98.508545,21.995764,5.1274414,User: user66<br>Type: 3min<br>Split: train
user67,3min,train,1991,-122.12124,97.05209,-1.682214,14.574953,User: user67<br>Type: 3min<br>Split: train
user68,3min,train,1992,-61.284966,-85.49953,0.5726873,-11.480402,User: user68<br>Type: 3min<br>Split: train
user69,3min,train,1993,-101.18627,-143.4123,-1.9753169,-1.7124265,User: user69<br>Type: 3min<br>Split: train
user70,3min,train,1994,-53.917717,-110.53692,8.780012,-8.045774,User: user70<br>Type: 3min<br>Split: train
user74,3min,train,1995,-152.19351,138.6777,-18.397394,20.2233,User: user74<br>Type: 3min<br>Split: train
user75,3min,train,1996,117.40484,166.2063,15.526693,32.488598,User: user75<br>Type: 3min<br>Split: train
user76,3min,train,1997,155.25519,-24.52458,14.175949,13.983312,User: user76<br>Type: 3min<br>Split: train
user78,3min,train,1998,-170.96631,-1.9590068,-12.908737,-0.22595513,User: user78<br>Type: 3min<br>Split: train
user79,3min,train,1999,-30.512867,11.3816,6.1104994,26.006483,User: user79<br>Type: 3min<br>Split: train
user8,3min,train,2000,-129.58746,24.109426,-13.897353,6.602607,User: user8<br>Type: 3min<br>Split: train
user80,3min,train,2001,84.20569,-148.9275,10.290834,-5.1297293,User: user80<br>Type: 3min<br>Split: train
user81,3min,train,2002,-113.86219,54.042454,-3.5556364,8.302045,User: user81<br>Type: 3min<br>Split: train
user83,3min,train,2003,-25.770061,-124.25772,3.3108613,-4.0663166,User: user83<br>Type: 3min<br>Split: train
user85,3min,train,2004,136.38219,-81.04708,6.6459627,7.5611324,User: user85<br>Type: 3min<br>Split: train
user87,3min,train,2005,12.871375,46.512875,4.6636376,19.026983,User: user87<br>Type: 3min<br>Split: train
user88,3min,train,2006,10.523731,-81.482994,5.387937,-4.5631695,User: user88<br>Type: 3min<br>Split: train
user89,3min,train,2007,140.6399,-112.28211,19.197844,13.671551,User: user89<br>Type: 3min<br>Split: train
user10,3min,train,2008,-1.3907136,97.334656,-3.5496745,19.757254,User: user10<br>Type: 3min<br>Split: train
user12,3min,train,2009,-72.13619,-156.55666,-3.89139,-18.983454,User: user12<br>Type: 3min<br>Split: train
user13,3min,train,2010,-138.71892,46.876972,-2.4153662,12.182998,User: user13<br>Type: 3min<br>Split: train
user16,3min,train,2011,-14.740286,205.85985,3.503052,21.694412,User: user16<br>Type: 3min<br>Split: train
user17,3min,train,2012,-195.68074,-15.931047,-18.54571,6.9630604,User: user17<br>Type: 3min<br>Split: train
user2,3min,train,2013,60.334183,-131.87576,14.061385,0.58734226,User: user2<br>Type: 3min<br>Split: train
user21,3min,train,2014,-55.038788,-15.146535,-20.787947,-15.257106,User: user21<br>Type: 3min<br>Split: train
user22,3min,train,2015,-94.92357,6.672643,-5.4536886,-1.3807807,User: user22<br>Type: 3min<br>Split: train
user23,3min,train,2016,-98.451775,-20.052794,-20.416294,1.9967161,User: user23<br>Type: 3min<br>Split: train
user24,3min,train,2017,-52.51017,5.934216,-14.572419,16.323278,User: user24<br>Type: 3min<br>Split: train
user25,3min,train,2018,-132.98659,73.275345,-15.487884,0.94890344,User: user25<br>Type: 3min<br>Split: train
user28,3min,train,2019,-16.752575,142.8599,3.537503,29.272852,User: user28<br>Type: 3min<br>Split: train
user29,3min,train,2020,-164.6717,54.795074,6.345712,3.462351,User: user29<br>Type: 3min<br>Split: train
user3,3min,train,2021,-31.38292,57.521156,0.92822886,26.832119,User: user3<br>Type: 3min<br>Split: train
user30,3min,train,2022,-133.4254,-133.25356,-16.551004,-15.205904,User: user30<br>Type: 3min<br>Split: train
user33,3min,train,2023,-121.60412,127.08609,-8.724013,25.37922,User: user33<br>Type: 3min<br>Split: train
user35,3min,train,2024,167.05638,-2.6472218,26.04946,21.97814,User: user35<br>Type: 3min<br>Split: train
user36,3min,train,2025,-196.6053,-46.669827,-19.090923,-2.675446,User: user36<br>Type: 3min<br>Split: train
user37,3min,train,2026,22.970564,107.643776,11.218017,14.060705,User: user37<br>Type: 3min<br>Split: train
user38,3min,train,2027,-62.84318,171.02867,0.4873402,19.058075,User: user38<br>Type: 3min<br>Split: train
user39,3min,train,2028,-83.50522,-99.28785,-8.037729,-8.949277,User: user39<br>Type: 3min<br>Split: train
user4,3min,train,2029,-89.33292,51.406857,-11.510099,10.0292845,User: user4<br>Type: 3min<br>Split: train
user40,3min,train,2030,-76.4712,-2.9430878,-27.546833,6.574891,User: user40<br>Type: 3min<br>Split: train
user42,3min,train,2031,11.140395,147.74826,-8.400989,10.092566,User: user42<br>Type: 3min<br>Split: train
user43,3min,train,2032,-38.40839,81.84102,-10.257363,18.627747,User: user43<br>Type: 3min<br>Split: train
user50,3min,train,2033,-165.25569,-29.547632,-8.78927,-3.5272553,User: user50<br>Type: 3min<br>Split: train
user52,3min,train,2034,-137.88318,-23.181454,-24.001177,4.1822853,User: user52<br>Type: 3min<br>Split: train
user53,3min,train,2035,91.53717,-59.223194,20.87017,-10.381779,User: user53<br>Type: 3min<br>Split: train
user54,3min,train,2036,50.826115,-46.471756,28.251316,-3.442076,User: user54<br>Type: 3min<br>Split: train
user57,3min,train,2037,-92.59654,180.8146,-5.730249,15.454863,User: user57<br>Type: 3min<br>Split: train
user58,3min,train,2038,-194.49309,-81.73398,-16.259554,-6.055037,User: user58<br>Type: 3min<br>Split: train
user59,3min,train,2039,-42.905766,122.347595,-1.5421786,25.729387,User: user59<br>Type: 3min<br>Split: train
user6,3min,train,2040,-143.42564,-76.430695,-20.463598,-6.6006937,User: user6<br>Type: 3min<br>Split: train
user60,3min,train,2041,104.54602,92.16839,16.565168,7.9970865,User: user60<br>Type: 3min<br>Split: train
user62,3min,train,2042,-161.29836,25.327385,-11.031132,5.2448497,User: user62<br>Type: 3min<br>Split: train
user63,3min,train,2043,-76.3527,-55.018288,-17.00555,-8.164396,User: user63<br>Type: 3min<br>Split: train
user64,3min,train,2044,-165.83238,-130.14728,-15.1988,-10.618436,User: user64<br>Type: 3min<br>Split: train
user66,3min,train,2045,-30.797297,-98.508545,21.993595,5.1321697,User: user66<br>Type: 3min<br>Split: train
user70,3min,train,2046,-53.917717,-110.53692,12.469951,5.4022245,User: user70<br>Type: 3min<br>Split: train
user71,3min,train,2047,131.66515,-36.84476,19.021105,-1.8762144,User: user71<br>Type: 3min<br>Split: train
user72,3min,train,2048,13.62859,22.772324,6.888596,0.35580444,User: user72<br>Type: 3min<br>Split: train
user73,3min,train,2049,-22.528036,-53.160408,3.6978319,-8.5206175,User: user73<br>Type: 3min<br>Split: train
user74,3min,train,2050,-152.19351,138.6777,-18.347004,20.274273,User: user74<br>Type: 3min<br>Split: train
user75,3min,train,2051,117.40484,166.2063,15.524976,32.486813,User: user75<br>Type: 3min<br>Split: train
user76,3min,train,2052,155.25519,-24.52458,14.175954,13.983279,User: user76<br>Type: 3min<br>Split: train
user78,3min,train,2053,-170.96631,-1.9590068,-12.919743,-0.22713107,User: user78<br>Type: 3min<br>Split: train
user81,3min,train,2054,-113.86219,54.042454,-3.5667684,8.312442,User: user81<br>Type: 3min<br>Split: train
user85,3min,train,2055,136.38219,-81.04708,6.6400185,7.558345,User: user85<br>Type: 3min<br>Split: train
user9,3min,train,2056,75.78509,66.43162,7.005414,16.41369,User: user9<br>Type: 3min<br>Split: train
user10,3min,train,2057,-1.3907136,97.334656,-3.5500934,19.757614,User: user10<br>Type: 3min<br>Split: train
user14,3min,train,2058,-145.96432,107.237465,-23.859373,10.323712,User: user14<br>Type: 3min<br>Split: train
user15,3min,train,2059,-108.41618,-112.25345,2.9054632,2.3513143,User: user15<br>Type: 3min<br>Split: train
user17,3min,train,2060,-195.68074,-15.931047,-18.545673,6.963057,User: user17<br>Type: 3min<br>Split: train
user18,3min,train,2061,-63.888412,73.953804,-15.650411,8.881254,User: user18<br>Type: 3min<br>Split: train
user2,3min,train,2062,60.334183,-131.87576,14.074243,0.60008675,User: user2<br>Type: 3min<br>Split: train
user20,3min,train,2063,-105.06311,77.88808,-8.960851,7.7680492,User: user20<br>Type: 3min<br>Split: train
user21,3min,train,2064,-60.06158,-23.163872,-20.803946,-15.272981,User: user21<br>Type: 3min<br>Split: train
user22,3min,train,2065,-94.92357,6.672643,-5.4273624,-1.3628733,User: user22<br>Type: 3min<br>Split: train
user25,3min,train,2066,-132.98659,73.275345,-15.487338,0.94850457,User: user25<br>Type: 3min<br>Split: train
user26,3min,train,2067,-73.31034,115.66984,1.0371602,11.906121,User: user26<br>Type: 3min<br>Split: train
user30,3min,train,2068,-133.4254,-133.25356,-3.5610912,-5.4105644,User: user30<br>Type: 3min<br>Split: train
user32,3min,train,2069,-52.54509,200.63278,1.3767186,16.493748,User: user32<br>Type: 3min<br>Split: train
user33,3min,train,2070,-121.60412,127.08609,-8.737554,25.392628,User: user33<br>Type: 3min<br>Split: train
user40,3min,train,2071,-75.781364,-8.141219,-27.574244,6.547453,User: user40<br>Type: 3min<br>Split: train
user41,3min,train,2072,-126.0254,163.50269,-5.815158,8.003045,User: user41<br>Type: 3min<br>Split: train
user42,3min,train,2073,11.140395,147.74826,-8.400769,10.092235,User: user42<br>Type: 3min<br>Split: train
user43,3min,train,2074,-38.40839,81.84102,-10.257421,18.62785,User: user43<br>Type: 3min<br>Split: train
user44,3min,train,2075,-97.63191,-53.365215,-25.973896,0.659186,User: user44<br>Type: 3min<br>Split: train
user45,3min,train,2076,-23.608673,32.238403,-11.124423,15.180542,User: user45<br>Type: 3min<br>Split: train
user46,3min,train,2077,-9.6432085,-35.762337,-1.2227397,-8.960287,User: user46<br>Type: 3min<br>Split: train
user47,3min,train,2078,57.813705,-12.545794,17.84257,23.49706,User: user47<br>Type: 3min<br>Split: train
user52,3min,train,2079,-133.299,-13.996157,-24.00118,4.182281,User: user52<br>Type: 3min<br>Split: train
user53,3min,train,2080,91.53717,-59.223194,2.8366513,-16.913923,User: user53<br>Type: 3min<br>Split: train
user55,3min,train,2081,-12.099864,53.11249,11.987491,17.176643,User: user55<br>Type: 3min<br>Split: train
user57,3min,train,2082,-92.59654,180.8146,-8.632758,14.829788,User: user57<br>Type: 3min<br>Split: train
user60,3min,train,2083,104.54602,92.16839,16.56613,7.995006,User: user60<br>Type: 3min<br>Split: train
user61,3min,train,2084,13.136969,-132.71332,13.306552,-12.428164,User: user61<br>Type: 3min<br>Split: train
user62,3min,train,2085,-161.29836,25.327385,-11.027785,5.2416177,User: user62<br>Type: 3min<br>Split: train
user65,3min,train,2086,31.86232,-94.33745,1.5726092,-18.570898,User: user65<br>Type: 3min<br>Split: train
user66,3min,train,2087,-30.797297,-98.508545,21.982418,5.1426935,User: user66<br>Type: 3min<br>Split: train
user67,3min,train,2088,-122.12124,97.05209,-1.6504371,14.607666,User: user67<br>Type: 3min<br>Split: train
user69,3min,train,2089,-101.18627,-143.4123,-5.6739726,-7.0967765,User: user69<br>Type: 3min<br>Split: train
user71,3min,train,2090,131.66515,-36.84476,18.997149,-1.8908242,User: user71<br>Type: 3min<br>Split: train
user73,3min,train,2091,-22.528036,-53.160408,3.6222887,-8.593979,User: user73<br>Type: 3min<br>Split: train
user75,3min,train,2092,117.40484,166.2063,15.535847,32.497692,User: user75<br>Type: 3min<br>Split: train
user79,3min,train,2093,-30.512867,11.3816,6.106028,26.002039,User: user79<br>Type: 3min<br>Split: train
user8,3min,train,2094,-129.58746,24.109426,-4.13512,17.183582,User: user8<br>Type: 3min<br>Split: train
user85,3min,train,2095,136.38219,-81.04708,6.6267896,7.5451527,User: user85<br>Type: 3min<br>Split: train
user86,3min,train,2096,-46.58125,-171.89458,-0.7934042,-20.254404,User: user86<br>Type: 3min<br>Split: train
user87,3min,train,2097,12.871375,46.512875,4.684148,19.030756,User: user87<br>Type: 3min<br>Split: train
user88,3min,train,2098,10.523731,-81.482994,15.64827,-5.6505246,User: user88<br>Type: 3min<br>Split: train
user89,3min,train,2099,140.6399,-112.28211,19.19731,13.672328,User: user89<br>Type: 3min<br>Split: train
user1,3min,train,2100,13.863741,76.31855,-12.912094,21.973152,User: user1<br>Type: 3min<br>Split: train
user12,3min,train,2101,-72.13619,-156.55666,-3.891285,-18.983519,User: user12<br>Type: 3min<br>Split: train
user13,3min,train,2102,-138.71892,46.876972,-2.396107,12.163677,User: user13<br>Type: 3min<br>Split: train
user14,3min,train,2103,-145.96432,107.237465,-23.859167,10.323836,User: user14<br>Type: 3min<br>Split: train
user15,3min,train,2104,-108.41618,-112.25345,-12.217565,-2.3541756,User: user15<br>Type: 3min<br>Split: train
user19,3min,train,2105,-166.4242,-96.49441,-11.281346,-9.607998,User: user19<br>Type: 3min<br>Split: train
user2,3min,train,2106,60.334183,-131.87576,14.072946,0.5989255,User: user2<br>Type: 3min<br>Split: train
user20,3min,train,2107,-105.06311,77.88808,-8.960589,7.7677693,User: user20<br>Type: 3min<br>Split: train
user21,3min,train,2108,-60.06158,-23.163872,-20.79202,-15.261205,User: user21<br>Type: 3min<br>Split: train
user23,3min,train,2109,-98.451775,-20.052794,-20.409756,2.003039,User: user23<br>Type: 3min<br>Split: train
user25,3min,train,2110,-132.98659,73.275345,-0.5448724,2.7012525,User: user25<br>Type: 3min<br>Split: train
user26,3min,train,2111,-73.31034,115.66984,1.0509405,11.91009,User: user26<br>Type: 3min<br>Split: train
user29,3min,train,2112,-164.6717,54.795074,6.347741,3.4601235,User: user29<br>Type: 3min<br>Split: train
user3,3min,train,2113,-31.38292,57.521156,0.9283847,26.83192,User: user3<br>Type: 3min<br>Split: train
user30,3min,train,2114,-133.4254,-133.25356,-3.561102,-5.4113746,User: user30<br>Type: 3min<br>Split: train
user31,3min,train,2115,12.347404,-1.844164,16.31411,10.696826,User: user31<br>Type: 3min<br>Split: train
user32,3min,train,2116,-52.54509,200.63278,1.1900598,16.680792,User: user32<br>Type: 3min<br>Split: train
user33,3min,train,2117,-121.60412,127.08609,-8.75,25.40516,User: user33<br>Type: 3min<br>Split: train
user34,3min,train,2118,-42.164413,-38.25206,-17.83519,-0.97829896,User: user34<br>Type: 3min<br>Split: train
user35,3min,train,2119,167.05638,-2.6472218,26.036419,21.964872,User: user35<br>Type: 3min<br>Split: train
user36,3min,train,2120,-196.6053,-46.669827,-19.09098,-2.6759648,User: user36<br>Type: 3min<br>Split: train
user38,3min,train,2121,-62.84318,171.02867,0.48187524,19.078772,User: user38<br>Type: 3min<br>Split: train
user4,3min,train,2122,-89.33292,51.406857,-1.5982958,0.44345322,User: user4<br>Type: 3min<br>Split: train
user41,3min,train,2123,-126.0254,163.50269,-5.8162017,8.005175,User: user41<br>Type: 3min<br>Split: train
user42,3min,train,2124,11.140395,147.74826,-8.411874,10.082946,User: user42<br>Type: 3min<br>Split: train
user43,3min,train,2125,-38.40839,81.84102,-11.063068,19.51479,User: user43<br>Type: 3min<br>Split: train
user47,3min,train,2126,53.44146,-4.4149036,17.843346,23.500782,User: user47<br>Type: 3min<br>Split: train
user5,3min,train,2127,-144.17363,2.538802,7.142239,-2.828119,User: user5<br>Type: 3min<br>Split: train
user50,3min,train,2128,-165.25569,-29.547632,-8.78649,-3.5270917,User: user50<br>Type: 3min<br>Split: train
user51,3min,train,2129,-39.53016,-13.958741,-9.869334,1.9242004,User: user51<br>Type: 3min<br>Split: train
user52,3min,train,2130,-137.88318,-23.181454,-24.001192,4.1822844,User: user52<br>Type: 3min<br>Split: train
user54,3min,train,2131,50.826115,-46.471756,28.259663,-3.4342294,User: user54<br>Type: 3min<br>Split: train
user57,3min,train,2132,-92.59654,180.8146,-5.730594,15.454278,User: user57<br>Type: 3min<br>Split: train
user6,3min,train,2133,-143.42564,-76.430695,-20.48232,-6.619413,User: user6<br>Type: 3min<br>Split: train
user61,3min,train,2134,13.136969,-132.71332,3.6082911,-14.250201,User: user61<br>Type: 3min<br>Split: train
user62,3min,train,2135,-161.29836,25.327385,-11.013248,5.226835,User: user62<br>Type: 3min<br>Split: train
user62,3min,train,2136,-105.7373,29.50931,-16.646349,3.8179638,User: user62<br>Type: 3min<br>Split: train
user63,3min,train,2137,-76.3527,-55.018288,-17.012157,-8.158272,User: user63<br>Type: 3min<br>Split: train
user65,3min,train,2138,31.86232,-94.33745,10.954136,-7.4026875,User: user65<br>Type: 3min<br>Split: train
user66,3min,train,2139,-30.797297,-98.508545,21.997623,5.127015,User: user66<br>Type: 3min<br>Split: train
user67,3min,train,2140,-122.12124,97.05209,-1.6561995,14.600939,User: user67<br>Type: 3min<br>Split: train
user71,3min,train,2141,131.66515,-36.84476,19.023062,-1.9148049,User: user71<br>Type: 3min<br>Split: train
user76,3min,train,2142,147.56464,-18.857899,14.128878,13.936875,User: user76<br>Type: 3min<br>Split: train
user77,3min,train,2143,-142.63501,-48.656788,-10.136593,-6.464701,User: user77<br>Type: 3min<br>Split: train
user79,3min,train,2144,-30.512867,11.3816,6.0848885,25.98089,User: user79<br>Type: 3min<br>Split: train
user8,3min,train,2145,-129.58746,24.109426,-13.897429,6.6025314,User: user8<br>Type: 3min<br>Split: train
user80,3min,train,2146,84.20569,-148.9275,10.290552,-5.128474,User: user80<br>Type: 3min<br>Split: train
user81,3min,train,2147,-113.86219,54.042454,-3.5677142,8.313303,User: user81<br>Type: 3min<br>Split: train
user84,3min,train,2148,-97.5791,146.49004,-14.459493,24.307123,User: user84<br>Type: 3min<br>Split: train
user85,3min,train,2149,136.38219,-81.04708,6.6392417,7.5571504,User: user85<br>Type: 3min<br>Split: train
user86,3min,train,2150,-46.58125,-171.89458,-0.7906059,-20.256914,User: user86<br>Type: 3min<br>Split: train
user87,3min,train,2151,12.871375,46.512875,4.640204,18.999647,User: user87<br>Type: 3min<br>Split: train
user9,3min,train,2152,75.78509,66.43162,7.0018706,16.413801,User: user9<br>Type: 3min<br>Split: train
user1,3min,train,2153,13.863741,76.31855,-12.877961,21.93993,User: user1<br>Type: 3min<br>Split: train
user10,3min,train,2154,-1.3907136,97.334656,-3.549437,19.757496,User: user10<br>Type: 3min<br>Split: train
user12,3min,train,2155,-72.13619,-156.55666,-3.903853,-18.996105,User: user12<br>Type: 3min<br>Split: train
user15,3min,train,2156,-108.41618,-112.25345,2.904348,2.3497574,User: user15<br>Type: 3min<br>Split: train
user16,3min,train,2157,-14.740286,205.85985,3.603996,21.795248,User: user16<br>Type: 3min<br>Split: train
user19,3min,train,2158,-166.4242,-96.49441,-11.281557,-9.607947,User: user19<br>Type: 3min<br>Split: train
user2,3min,train,2159,60.334183,-131.87576,14.0407915,0.56789523,User: user2<br>Type: 3min<br>Split: train
user21,3min,train,2160,-60.06158,-23.163872,-20.788647,-15.2605,User: user21<br>Type: 3min<br>Split: train
user25,3min,train,2161,-132.98659,73.275345,-15.48486,0.9453601,User: user25<br>Type: 3min<br>Split: train
user26,3min,train,2162,-73.31034,115.66984,1.0413469,11.902966,User: user26<br>Type: 3min<br>Split: train
user27,3min,train,2163,154.21333,-52.922832,15.699139,3.825349,User: user27<br>Type: 3min<br>Split: train
user3,3min,train,2164,-31.38292,57.521156,0.92834705,26.83187,User: user3<br>Type: 3min<br>Split: train
user30,3min,train,2165,-133.4254,-133.25356,-16.562105,-15.193722,User: user30<br>Type: 3min<br>Split: train
user31,3min,train,2166,7.127656,-0.07572798,16.314049,10.696784,User: user31<br>Type: 3min<br>Split: train
user32,3min,train,2167,-52.54509,200.63278,1.3783054,16.492353,User: user32<br>Type: 3min<br>Split: train
user35,3min,train,2168,167.05638,-2.6472218,26.047325,21.97585,User: user35<br>Type: 3min<br>Split: train
user35,3min,train,2169,-9.899128,-6.2469883,4.2451453,-1.1778057,User: user35<br>Type: 3min<br>Split: train
user36,3min,train,2170,-196.6053,-46.669827,-19.078575,-2.6869903,User: user36<br>Type: 3min<br>Split: train
user38,3min,train,2171,-62.84318,171.02867,0.49432585,19.06663,User: user38<br>Type: 3min<br>Split: train
user39,3min,train,2172,-83.50522,-99.28785,-3.3378437,1.5743454,User: user39<br>Type: 3min<br>Split: train
user42,3min,train,2173,11.140395,147.74826,-8.408901,10.085652,User: user42<br>Type: 3min<br>Split: train
user43,3min,train,2174,-31.597916,88.53738,-10.267443,18.638983,User: user43<br>Type: 3min<br>Split: train
user44,3min,train,2175,-106.68294,-69.123314,-25.989489,0.6747959,User: user44<br>Type: 3min<br>Split: train
user46,3min,train,2176,-9.6432085,-35.762337,-1.210747,-8.9499,User: user46<br>Type: 3min<br>Split: train
user47,3min,train,2177,53.44146,-4.4149036,17.814756,23.524624,User: user47<br>Type: 3min<br>Split: train
user48,3min,train,2178,63.466167,45.12324,7.2328634,20.914114,User: user48<br>Type: 3min<br>Split: train
user51,3min,train,2179,-39.53016,-13.958741,-9.912432,1.9673778,User: user51<br>Type: 3min<br>Split: train
user53,3min,train,2180,91.53717,-59.223194,2.836709,-16.91369,User: user53<br>Type: 3min<br>Split: train
user54,3min,train,2181,50.826115,-46.471756,28.258432,-3.4352932,User: user54<br>Type: 3min<br>Split: train
user55,3min,train,2182,-12.099864,53.11249,11.98781,17.176428,User: user55<br>Type: 3min<br>Split: train
user56,3min,train,2183,-116.01288,-83.58743,0.59920317,-6.54827,User: user56<br>Type: 3min<br>Split: train
user59,3min,train,2184,-42.905766,122.347595,-3.5531886,24.323858,User: user59<br>Type: 3min<br>Split: train
user6,3min,train,2185,-143.42564,-76.430695,-20.464115,-6.601287,User: user6<br>Type: 3min<br>Split: train
user60,3min,train,2186,104.54602,92.16839,3.793558,15.133871,User: user60<br>Type: 3min<br>Split: train
user64,3min,train,2187,-165.83238,-130.14728,-15.209296,-10.607946,User: user64<br>Type: 3min<br>Split: train
user65,3min,train,2188,31.86232,-94.33745,10.954085,-7.4020534,User: user65<br>Type: 3min<br>Split: train
user66,3min,train,2189,-30.797297,-98.508545,21.985134,5.1399117,User: user66<br>Type: 3min<br>Split: train
user67,3min,train,2190,-122.12124,97.05209,-1.646381,14.611275,User: user67<br>Type: 3min<br>Split: train
user69,3min,train,2191,-101.18627,-143.4123,-1.9754435,-1.7125872,User: user69<br>Type: 3min<br>Split: train
user71,3min,train,2192,131.66515,-36.84476,18.998201,-1.8903615,User: user71<br>Type: 3min<br>Split: train
user72,3min,train,2193,13.62859,22.772324,6.8757277,0.34220505,User: user72<br>Type: 3min<br>Split: train
user78,3min,train,2194,-170.96631,-1.9590068,-12.919795,-0.22726475,User: user78<br>Type: 3min<br>Split: train
user79,3min,train,2195,-30.512867,11.3816,6.1026325,25.998808,User: user79<br>Type: 3min<br>Split: train
user8,3min,train,2196,-129.58746,24.109426,-13.897285,6.602487,User: user8<br>Type: 3min<br>Split: train
user81,3min,train,2197,-113.86219,54.042454,-3.5679708,8.313602,User: user81<br>Type: 3min<br>Split: train
user82,3min,train,2198,33.775627,-10.916876,13.910616,7.707155,User: user82<br>Type: 3min<br>Split: train
user87,3min,train,2199,12.871375,46.512875,4.6837435,19.046043,User: user87<br>Type: 3min<br>Split: train
user10,3min,train,2200,-1.3907136,97.334656,-3.5206587,19.733418,User: user10<br>Type: 3min<br>Split: train
user11,3min,train,2201,-137.4076,-103.33537,-14.795908,-2.860594,User: user11<br>Type: 3min<br>Split: train
user13,3min,train,2202,-138.71892,46.876972,-2.4132159,12.181001,User: user13<br>Type: 3min<br>Split: train
user16,3min,train,2203,-14.740286,205.85985,3.4945638,21.685865,User: user16<br>Type: 3min<br>Split: train
user19,3min,train,2204,-166.4242,-96.49441,-2.2687638,-10.767569,User: user19<br>Type: 3min<br>Split: train
user2,3min,train,2205,60.334183,-131.87576,14.082552,0.6089318,User: user2<br>Type: 3min<br>Split: train
user20,3min,train,2206,-105.06311,77.88808,-8.963687,7.771688,User: user20<br>Type: 3min<br>Split: train
user21,3min,train,2207,-55.038788,-15.146535,-20.805317,-15.267977,User: user21<br>Type: 3min<br>Split: train
user27,3min,train,2208,154.21333,-52.922832,15.70095,3.8237624,User: user27<br>Type: 3min<br>Split: train
user29,3min,train,2209,-164.6717,54.795074,-1.7796189,9.7200165,User: user29<br>Type: 3min<br>Split: train
user3,3min,train,2210,-36.397167,58.08161,0.9097316,26.850693,User: user3<br>Type: 3min<br>Split: train
user31,3min,train,2211,12.347404,-1.844164,16.313293,10.697389,User: user31<br>Type: 3min<br>Split: train
user32,3min,train,2212,-52.54509,200.63278,1.1927664,16.678335,User: user32<br>Type: 3min<br>Split: train
user33,3min,train,2213,-121.60412,127.08609,-8.735073,25.390055,User: user33<br>Type: 3min<br>Split: train
user35,3min,train,2214,167.05638,-2.6472218,26.070904,21.998917,User: user35<br>Type: 3min<br>Split: train
user35,3min,train,2215,-9.899128,-6.2469883,4.2313094,-1.1702508,User: user35<br>Type: 3min<br>Split: train
user39,3min,train,2216,-83.50522,-99.28785,-8.037754,-8.949628,User: user39<br>Type: 3min<br>Split: train
user4,3min,train,2217,-89.33292,51.406857,-1.5914857,0.43610737,User: user4<br>Type: 3min<br>Split: train
user41,3min,train,2218,-126.0254,163.50269,-5.8149686,8.003213,User: user41<br>Type: 3min<br>Split: train
user42,3min,train,2219,11.140395,147.74826,-8.402117,10.091485,User: user42<br>Type: 3min<br>Split: train
user43,3min,train,2220,-38.40839,81.84102,-10.25751,18.627731,User: user43<br>Type: 3min<br>Split: train
user47,3min,train,2221,53.44146,-4.4149036,17.842817,23.498825,User: user47<br>Type: 3min<br>Split: train
user5,3min,train,2222,-144.17363,2.538802,-0.28038502,5.4984484,User: user5<br>Type: 3min<br>Split: train
user52,3min,train,2223,-137.88318,-23.181454,-20.286366,9.322344,User: user52<br>Type: 3min<br>Split: train
user55,3min,train,2224,-12.099864,53.11249,12.075966,17.087984,User: user55<br>Type: 3min<br>Split: train
user57,3min,train,2225,-92.59654,180.8146,-5.730605,15.454338,User: user57<br>Type: 3min<br>Split: train
user59,3min,train,2226,-42.905766,122.347595,-1.5343237,25.73641,User: user59<br>Type: 3min<br>Split: train
user60,3min,train,2227,104.54602,92.16839,3.7937357,15.13362,User: user60<br>Type: 3min<br>Split: train
user63,3min,train,2228,-76.3527,-55.018288,-17.019527,-8.149436,User: user63<br>Type: 3min<br>Split: train
user66,3min,train,2229,-30.797297,-98.508545,21.984213,5.140793,User: user66<br>Type: 3min<br>Split: train
user67,3min,train,2230,-122.12124,97.05209,-1.6709764,14.586401,User: user67<br>Type: 3min<br>Split: train
user68,3min,train,2231,-61.284966,-85.49953,0.66349405,-11.571751,User: user68<br>Type: 3min<br>Split: train
user69,3min,train,2232,-101.18627,-143.4123,-5.6735525,-7.0967793,User: user69<br>Type: 3min<br>Split: train
user70,3min,train,2233,-53.917717,-110.53692,12.470084,5.4020534,User: user70<br>Type: 3min<br>Split: train
user71,3min,train,2234,131.66515,-36.84476,18.995224,-1.901258,User: user71<br>Type: 3min<br>Split: train
user73,3min,train,2235,-22.528036,-53.160408,3.606131,-8.610164,User: user73<br>Type: 3min<br>Split: train
user74,3min,train,2236,-152.19351,138.6777,-18.363106,20.258331,User: user74<br>Type: 3min<br>Split: train
user75,3min,train,2237,117.40484,166.2063,15.52739,32.489216,User: user75<br>Type: 3min<br>Split: train
user82,3min,train,2238,27.51096,-4.6638694,13.939903,7.6776943,User: user82<br>Type: 3min<br>Split: train
user83,3min,train,2239,-25.770061,-124.25772,3.3301764,-4.0451875,User: user83<br>Type: 3min<br>Split: train
user87,3min,train,2240,12.871375,46.512875,4.6718907,19.033304,User: user87<br>Type: 3min<br>Split: train
user88,3min,train,2241,15.223314,-78.70015,5.3907514,-4.567169,User: user88<br>Type: 3min<br>Split: train
user10,3min,train,2242,-1.3907136,97.334656,-3.549334,19.757502,User: user10<br>Type: 3min<br>Split: train
user11,3min,train,2243,-137.4076,-103.33537,-14.804275,-2.8546937,User: user11<br>Type: 3min<br>Split: train
user12,3min,train,2244,-72.13619,-156.55666,-3.5171728,-13.4156885,User: user12<br>Type: 3min<br>Split: train
user13,3min,train,2245,-138.71892,46.876972,-2.37934,12.175393,User: user13<br>Type: 3min<br>Split: train
user15,3min,train,2246,-108.41618,-112.25345,2.9054651,2.3508265,User: user15<br>Type: 3min<br>Split: train
user16,3min,train,2247,-14.740286,205.85985,3.5028813,21.694366,User: user16<br>Type: 3min<br>Split: train
user17,3min,train,2248,-195.68074,-15.931047,-18.54575,6.9630127,User: user17<br>Type: 3min<br>Split: train
user19,3min,train,2249,-166.4242,-96.49441,-11.279281,-9.61664,User: user19<br>Type: 3min<br>Split: train
user22,3min,train,2250,-94.92357,6.672643,-5.4376106,-1.3640712,User: user22<br>Type: 3min<br>Split: train
user23,3min,train,2251,-98.451775,-20.052794,-20.420418,1.992319,User: user23<br>Type: 3min<br>Split: train
user26,3min,train,2252,-73.31034,115.66984,1.0521927,11.913667,User: user26<br>Type: 3min<br>Split: train
user30,3min,train,2253,-133.4254,-133.25356,-16.562122,-15.19376,User: user30<br>Type: 3min<br>Split: train
user31,3min,train,2254,12.347404,-1.844164,16.313578,10.697116,User: user31<br>Type: 3min<br>Split: train
user32,3min,train,2255,-52.54509,200.63278,1.1695056,16.701199,User: user32<br>Type: 3min<br>Split: train
user35,3min,train,2256,167.05638,-2.6472218,26.058542,21.987148,User: user35<br>Type: 3min<br>Split: train
user37,3min,train,2257,22.970564,107.643776,10.634467,13.614274,User: user37<br>Type: 3min<br>Split: train
user39,3min,train,2258,-83.50522,-99.28785,-8.03779,-8.949304,User: user39<br>Type: 3min<br>Split: train
user4,3min,train,2259,-89.33292,51.406857,-11.510093,10.029508,User: user4<br>Type: 3min<br>Split: train
user41,3min,train,2260,-126.0254,163.50269,-13.021252,9.776514,User: user41<br>Type: 3min<br>Split: train
user44,3min,train,2261,-126.801575,-63.609825,-25.95548,0.64095676,User: user44<br>Type: 3min<br>Split: train
user45,3min,train,2262,-27.081148,36.82445,-11.108882,15.164897,User: user45<br>Type: 3min<br>Split: train
user47,3min,train,2263,53.44146,-4.4149036,17.862446,23.508305,User: user47<br>Type: 3min<br>Split: train
user52,3min,train,2264,-137.88318,-23.181454,-24.001213,4.1822696,User: user52<br>Type: 3min<br>Split: train
user53,3min,train,2265,91.53717,-59.223194,20.872158,-10.380373,User: user53<br>Type: 3min<br>Split: train
user55,3min,train,2266,-12.099864,53.11249,11.96572,17.198961,User: user55<br>Type: 3min<br>Split: train
user56,3min,train,2267,-116.01288,-83.58743,0.64236987,-6.5916677,User: user56<br>Type: 3min<br>Split: train
user57,3min,train,2268,-92.59654,180.8146,-8.599541,14.793936,User: user57<br>Type: 3min<br>Split: train
user61,3min,train,2269,13.136969,-132.71332,13.310861,-12.424131,User: user61<br>Type: 3min<br>Split: train
user62,3min,train,2270,-161.29836,25.327385,-11.029502,5.2433987,User: user62<br>Type: 3min<br>Split: train
user65,3min,train,2271,41.84453,-92.8349,10.9294,-7.3803616,User: user65<br>Type: 3min<br>Split: train
user66,3min,train,2272,-30.797297,-98.508545,22.007637,5.1174607,User: user66<br>Type: 3min<br>Split: train
user75,3min,train,2273,117.40484,166.2063,15.526146,32.487988,User: user75<br>Type: 3min<br>Split: train
user77,3min,train,2274,-142.63501,-48.656788,-9.988424,-6.3188457,User: user77<br>Type: 3min<br>Split: train
user79,3min,train,2275,-30.512867,11.3816,6.1095896,26.005732,User: user79<br>Type: 3min<br>Split: train
user8,3min,train,2276,-129.58746,24.109426,-13.897312,6.602453,User: user8<br>Type: 3min<br>Split: train
user80,3min,train,2277,84.20569,-148.9275,10.357641,-13.288342,User: user80<br>Type: 3min<br>Split: train
user81,3min,train,2278,-113.86219,54.042454,-3.5678084,8.313503,User: user81<br>Type: 3min<br>Split: train
user82,3min,train,2279,29.121454,-13.748628,13.912861,7.7050033,User: user82<br>Type: 3min<br>Split: train
user83,3min,train,2280,-25.770061,-124.25772,3.26518,-4.1122155,User: user83<br>Type: 3min<br>Split: train
user86,3min,train,2281,-46.58125,-171.89458,-0.8001285,-20.248556,User: user86<br>Type: 3min<br>Split: train
user87,3min,train,2282,13.01546,52.540264,4.6787887,19.0413,User: user87<br>Type: 3min<br>Split: train
user12,3min,train,2283,-72.13619,-156.55666,-3.517074,-13.415742,User: user12<br>Type: 3min<br>Split: train
user14,3min,train,2284,-145.96432,107.237465,-23.86152,10.321366,User: user14<br>Type: 3min<br>Split: train
user16,3min,train,2285,-14.740286,205.85985,3.4982789,21.689848,User: user16<br>Type: 3min<br>Split: train
user2,3min,train,2286,60.334183,-131.87576,14.073515,0.5995442,User: user2<br>Type: 3min<br>Split: train
user22,3min,train,2287,-94.92357,6.672643,-5.45267,-1.3790298,User: user22<br>Type: 3min<br>Split: train
user23,3min,train,2288,-98.451775,-20.052794,-20.403278,2.0067134,User: user23<br>Type: 3min<br>Split: train
user26,3min,train,2289,-73.31034,115.66984,1.0416569,11.902959,User: user26<br>Type: 3min<br>Split: train
user30,3min,train,2290,-133.4254,-133.25356,-3.5611742,-5.4109664,User: user30<br>Type: 3min<br>Split: train
user31,3min,train,2291,12.347404,-1.844164,16.313793,10.696508,User: user31<br>Type: 3min<br>Split: train
user33,3min,train,2292,-121.60412,127.08609,-8.745573,25.400644,User: user33<br>Type: 3min<br>Split: train
user34,3min,train,2293,-42.164413,-38.25206,-7.2196136,3.1277351,User: user34<br>Type: 3min<br>Split: train
user35,3min,train,2294,-11.778402,-11.859678,4.2285686,-1.1616142,User: user35<br>Type: 3min<br>Split: train
user38,3min,train,2295,-62.84318,171.02867,0.50804687,19.079964,User: user38<br>Type: 3min<br>Split: train
user41,3min,train,2296,-126.0254,163.50269,-13.020838,9.776541,User: user41<br>Type: 3min<br>Split: train
user42,3min,train,2297,11.140395,147.74826,-8.402158,10.091732,User: user42<br>Type: 3min<br>Split: train
user43,3min,train,2298,-38.40839,81.84102,-10.257161,18.627626,User: user43<br>Type: 3min<br>Split: train
user45,3min,train,2299,-23.608673,32.238403,-11.108966,15.165068,User: user45<br>Type: 3min<br>Split: train
user47,3min,train,2300,53.44146,-4.4149036,17.843042,23.496384,User: user47<br>Type: 3min<br>Split: train
user49,3min,train,2301,142.51956,109.82349,14.262935,19.539595,User: user49<br>Type: 3min<br>Split: train
user5,3min,train,2302,-144.17363,2.538802,-0.28004068,5.4988976,User: user5<br>Type: 3min<br>Split: train
user51,3min,train,2303,-34.00116,-6.956563,-9.849302,1.9037672,User: user51<br>Type: 3min<br>Split: train
user54,3min,train,2304,50.826115,-46.471756,28.295145,-3.3981469,User: user54<br>Type: 3min<br>Split: train
user55,3min,train,2305,-12.099864,53.11249,12.10955,17.054419,User: user55<br>Type: 3min<br>Split: train
user56,3min,train,2306,-116.01288,-83.58743,0.6005869,-6.5497937,User: user56<br>Type: 3min<br>Split: train
user57,3min,train,2307,-92.59654,180.8146,-8.632481,14.829455,User: user57<br>Type: 3min<br>Split: train
user59,3min,train,2308,-42.905766,122.347595,-1.5404055,25.729673,User: user59<br>Type: 3min<br>Split: train
user6,3min,train,2309,-143.42564,-76.430695,-20.466112,-6.603249,User: user6<br>Type: 3min<br>Split: train
user62,3min,train,2310,-161.29836,25.327385,-11.027322,5.240863,User: user62<br>Type: 3min<br>Split: train
user63,3min,train,2311,-76.3527,-55.018288,-11.396299,-4.095634,User: user63<br>Type: 3min<br>Split: train
user64,3min,train,2312,-165.83238,-130.14728,-15.198904,-10.618168,User: user64<br>Type: 3min<br>Split: train
user65,3min,train,2313,31.86232,-94.33745,1.5724717,-18.571035,User: user65<br>Type: 3min<br>Split: train
user68,3min,train,2314,-61.284966,-85.49953,0.88097614,-11.789337,User: user68<br>Type: 3min<br>Split: train
user69,3min,train,2315,-101.18627,-143.4123,-1.9749471,-1.712067,User: user69<br>Type: 3min<br>Split: train
user7,3min,train,2316,-7.1419573,-177.19244,-3.64055,-3.4714649,User: user7<br>Type: 3min<br>Split: train
user71,3min,train,2317,131.66515,-36.84476,18.983175,-1.8727177,User: user71<br>Type: 3min<br>Split: train
user72,3min,train,2318,13.62859,22.772324,6.8886123,0.3561101,User: user72<br>Type: 3min<br>Split: train
user73,3min,train,2319,-22.528036,-53.160408,3.8445158,-8.37682,User: user73<br>Type: 3min<br>Split: train
user74,3min,train,2320,-152.19351,138.6777,-18.372612,20.258314,User: user74<br>Type: 3min<br>Split: train
user75,3min,train,2321,106.063484,191.95088,15.541883,32.503757,User: user75<br>Type: 3min<br>Split: train
user77,3min,train,2322,-142.63501,-48.656788,-10.141085,-6.469461,User: user77<br>Type: 3min<br>Split: train
user78,3min,train,2323,-170.96631,-1.9590068,-12.946213,-0.2518146,User: user78<br>Type: 3min<br>Split: train
user79,3min,train,2324,-30.512867,11.3816,6.1144013,26.010862,User: user79<br>Type: 3min<br>Split: train
user82,3min,train,2325,33.775627,-10.916876,13.911199,7.706603,User: user82<br>Type: 3min<br>Split: train
user84,3min,train,2326,-97.5791,146.49004,-14.450674,24.316893,User: user84<br>Type: 3min<br>Split: train
user85,3min,train,2327,136.38219,-81.04708,6.656114,7.574326,User: user85<br>Type: 3min<br>Split: train
user87,3min,train,2328,12.871375,46.512875,4.677032,19.039753,User: user87<br>Type: 3min<br>Split: train
user89,3min,train,2329,140.6399,-112.28211,19.22113,13.648324,User: user89<br>Type: 3min<br>Split: train
user9,3min,train,2330,75.78509,66.43162,6.996617,16.410837,User: user9<br>Type: 3min<br>Split: train
user1,3min,train,2331,12.82839,71.60498,-12.888641,21.950037,User: user1<br>Type: 3min<br>Split: train
user10,3min,train,2332,-1.3907136,97.334656,-3.5486956,19.75724,User: user10<br>Type: 3min<br>Split: train
user11,3min,train,2333,-137.4076,-103.33537,-14.81464,-2.828846,User: user11<br>Type: 3min<br>Split: train
user12,3min,train,2334,-72.13619,-156.55666,-3.8803692,-18.972666,User: user12<br>Type: 3min<br>Split: train
user13,3min,train,2335,-138.71892,46.876972,-2.3947325,12.162002,User: user13<br>Type: 3min<br>Split: train
user19,3min,train,2336,-166.4242,-96.49441,-11.290425,-9.600494,User: user19<br>Type: 3min<br>Split: train
user20,3min,train,2337,-105.06311,77.88808,-8.960751,7.767904,User: user20<br>Type: 3min<br>Split: train
user21,3min,train,2338,-54.6782,-24.618101,-20.792389,-15.261041,User: user21<br>Type: 3min<br>Split: train
user23,3min,train,2339,-98.451775,-20.052794,-20.41161,2.0012717,User: user23<br>Type: 3min<br>Split: train
user28,3min,train,2340,-16.752575,142.8599,3.5371568,29.272707,User: user28<br>Type: 3min<br>Split: train
user3,3min,train,2341,-36.397167,58.08161,0.9003831,26.86007,User: user3<br>Type: 3min<br>Split: train
user35,3min,train,2342,-11.778402,-11.859678,4.219266,-1.1546259,User: user35<br>Type: 3min<br>Split: train
user36,3min,train,2343,-196.6053,-46.669827,-19.079277,-2.6867332,User: user36<br>Type: 3min<br>Split: train
user38,3min,train,2344,-62.84318,171.02867,0.48751718,19.05977,User: user38<br>Type: 3min<br>Split: train
user41,3min,train,2345,-126.0254,163.50269,-5.8162403,8.00483,User: user41<br>Type: 3min<br>Split: train
user43,3min,train,2346,-38.40839,81.84102,-10.257515,18.627956,User: user43<br>Type: 3min<br>Split: train
user48,3min,train,2347,63.466167,45.12324,7.281198,20.96323,User: user48<br>Type: 3min<br>Split: train
user49,3min,train,2348,142.51956,109.82349,14.248311,19.524948,User: user49<br>Type: 3min<br>Split: train
user50,3min,train,2349,-165.25569,-29.547632,-6.9648395,-2.9490523,User: user50<br>Type: 3min<br>Split: train
user51,3min,train,2350,-39.53016,-13.958741,-9.86272,1.9175116,User: user51<br>Type: 3min<br>Split: train
user56,3min,train,2351,-116.01288,-83.58743,0.6343135,-6.583764,User: user56<br>Type: 3min<br>Split: train
user57,3min,train,2352,-92.59654,180.8146,-8.6324625,14.829456,User: user57<br>Type: 3min<br>Split: train
user59,3min,train,2353,-42.905766,122.347595,-3.553572,24.323505,User: user59<br>Type: 3min<br>Split: train
user6,3min,train,2354,-143.42564,-76.430695,-20.463804,-6.6009874,User: user6<br>Type: 3min<br>Split: train
user60,3min,train,2355,104.54602,92.16839,16.557667,8.005203,User: user60<br>Type: 3min<br>Split: train
user66,3min,train,2356,-30.797297,-98.508545,21.997555,5.1275716,User: user66<br>Type: 3min<br>Split: train
user68,3min,train,2357,-61.284966,-85.49953,0.88475704,-11.793014,User: user68<br>Type: 3min<br>Split: train
user69,3min,train,2358,-101.18627,-143.4123,-1.9668578,-1.7039666,User: user69<br>Type: 3min<br>Split: train
user7,3min,train,2359,-7.1419573,-177.19244,8.030112,-12.857184,User: user7<br>Type: 3min<br>Split: train
user72,3min,train,2360,13.62859,22.772324,6.8919773,0.36136338,User: user72<br>Type: 3min<br>Split: train
user76,3min,train,2361,155.25519,-24.52458,14.176569,13.983814,User: user76<br>Type: 3min<br>Split: train
user81,3min,train,2362,-113.86219,54.042454,-3.5644143,8.312078,User: user81<br>Type: 3min<br>Split: train
user83,3min,train,2363,-25.770061,-124.25772,3.2876651,-4.0897865,User: user83<br>Type: 3min<br>Split: train
user84,3min,train,2364,-97.5791,146.49004,-14.460283,24.307198,User: user84<br>Type: 3min<br>Split: train
user89,3min,train,2365,140.6399,-112.28211,19.214964,13.65451,User: user89<br>Type: 3min<br>Split: train
user13,3min,train,2366,-138.71892,46.876972,-2.3949234,12.162051,User: user13<br>Type: 3min<br>Split: train
user14,3min,train,2367,-145.96432,107.237465,-23.85913,10.323746,User: user14<br>Type: 3min<br>Split: train
user16,3min,train,2368,-14.740286,205.85985,3.4968271,21.687984,User: user16<br>Type: 3min<br>Split: train
user18,3min,train,2369,-63.888412,73.953804,-15.653181,8.8568535,User: user18<br>Type: 3min<br>Split: train
user19,3min,train,2370,-166.4242,-96.49441,-2.2688482,-10.767644,User: user19<br>Type: 3min<br>Split: train
user21,3min,train,2371,-54.6782,-24.618101,-20.794514,-15.263577,User: user21<br>Type: 3min<br>Split: train
user25,3min,train,2372,-132.98659,73.275345,-0.5437454,2.7009618,User: user25<br>Type: 3min<br>Split: train
user26,3min,train,2373,-73.31034,115.66984,1.0384223,11.905583,User: user26<br>Type: 3min<br>Split: train
user27,3min,train,2374,154.21333,-52.922832,15.700838,3.823523,User: user27<br>Type: 3min<br>Split: train
user28,3min,train,2375,-16.752575,142.8599,3.5422134,29.277967,User: user28<br>Type: 3min<br>Split: train
user29,3min,train,2376,-164.6717,54.795074,-1.7797112,9.720135,User: user29<br>Type: 3min<br>Split: train
user31,3min,train,2377,12.347404,-1.844164,16.335024,10.675693,User: user31<br>Type: 3min<br>Split: train
user32,3min,train,2378,-52.54509,200.63278,1.1782765,16.692472,User: user32<br>Type: 3min<br>Split: train
user34,3min,train,2379,-42.164413,-38.25206,-7.2207227,3.1290977,User: user34<br>Type: 3min<br>Split: train
user35,3min,train,2380,-11.778402,-11.859678,4.206668,-1.1412512,User: user35<br>Type: 3min<br>Split: train
user37,3min,train,2381,22.970564,107.643776,11.212753,14.056053,User: user37<br>Type: 3min<br>Split: train
user38,3min,train,2382,-62.84318,171.02867,0.47162795,19.084587,User: user38<br>Type: 3min<br>Split: train
user39,3min,train,2383,-83.50522,-99.28785,-8.037778,-8.949211,User: user39<br>Type: 3min<br>Split: train
user4,3min,train,2384,-89.33292,51.406857,-1.5914364,0.4360262,User: user4<br>Type: 3min<br>Split: train
user48,3min,train,2385,63.466167,45.12324,7.2709966,20.952314,User: user48<br>Type: 3min<br>Split: train
user49,3min,train,2386,142.51956,109.82349,14.262092,19.540493,User: user49<br>Type: 3min<br>Split: train
user51,3min,train,2387,-39.53016,-13.958741,-9.862508,1.9173514,User: user51<br>Type: 3min<br>Split: train
user55,3min,train,2388,-12.099864,53.11249,11.9637165,17.200623,User: user55<br>Type: 3min<br>Split: train
user57,3min,train,2389,-92.59654,180.8146,-8.652019,14.848981,User: user57<br>Type: 3min<br>Split: train
user58,3min,train,2390,-194.49309,-81.73398,-16.261429,-6.05732,User: user58<br>Type: 3min<br>Split: train
user59,3min,train,2391,-42.905766,122.347595,-1.5441447,25.729654,User: user59<br>Type: 3min<br>Split: train
user6,3min,train,2392,-143.42564,-76.430695,-20.470655,-6.607979,User: user6<br>Type: 3min<br>Split: train
user62,3min,train,2393,-161.29836,25.327385,-11.032119,5.2457485,User: user62<br>Type: 3min<br>Split: train
user62,3min,train,2394,-105.7373,29.50931,-16.699478,3.8179097,User: user62<br>Type: 3min<br>Split: train
user63,3min,train,2395,-76.3527,-55.018288,-17.005445,-8.16413,User: user63<br>Type: 3min<br>Split: train
user65,3min,train,2396,31.86232,-94.33745,1.5725911,-18.570879,User: user65<br>Type: 3min<br>Split: train
user66,3min,train,2397,-30.797297,-98.508545,21.99728,5.1272917,User: user66<br>Type: 3min<br>Split: train
user67,3min,train,2398,-122.12124,97.05209,-1.6531787,14.604393,User: user67<br>Type: 3min<br>Split: train
user68,3min,train,2399,-69.76248,-80.18108,0.66670644,-11.574698,User: user68<br>Type: 3min<br>Split: train
user69,3min,train,2400,-101.18627,-143.4123,-5.672979,-7.0968328,User: user69<br>Type: 3min<br>Split: train
user70,3min,train,2401,-53.917717,-110.53692,12.470062,5.402026,User: user70<br>Type: 3min<br>Split: train
user71,3min,train,2402,131.66515,-36.84476,18.985077,-1.9031922,User: user71<br>Type: 3min<br>Split: train
user73,3min,train,2403,-28.42152,-53.697807,3.8681204,-8.353104,User: user73<br>Type: 3min<br>Split: train
user74,3min,train,2404,-152.19351,138.6777,-18.360622,20.257183,User: user74<br>Type: 3min<br>Split: train
user75,3min,train,2405,106.063484,191.95088,15.527041,32.488953,User: user75<br>Type: 3min<br>Split: train
user76,3min,train,2406,155.25519,-24.52458,14.085951,13.894542,User: user76<br>Type: 3min<br>Split: train
user78,3min,train,2407,-170.96631,-1.9590068,-12.926136,-0.2218994,User: user78<br>Type: 3min<br>Split: train
user79,3min,train,2408,-30.512867,11.3816,6.1097717,26.005947,User: user79<br>Type: 3min<br>Split: train
user80,3min,train,2409,84.20569,-148.9275,10.357446,-13.288468,User: user80<br>Type: 3min<br>Split: train
user81,3min,train,2410,-113.86219,54.042454,-5.705641,12.343776,User: user81<br>Type: 3min<br>Split: train
user84,3min,train,2411,-97.5791,146.49004,-14.442252,24.324469,User: user84<br>Type: 3min<br>Split: train
user86,3min,train,2412,-46.58125,-171.89458,-0.7927612,-20.254452,User: user86<br>Type: 3min<br>Split: train
user87,3min,train,2413,12.871375,46.512875,4.6881795,19.049454,User: user87<br>Type: 3min<br>Split: train
user89,3min,train,2414,140.6399,-112.28211,19.223248,13.646154,User: user89<br>Type: 3min<br>Split: train
user1,3min,train,2415,13.863741,76.31855,-12.895385,21.956522,User: user1<br>Type: 3min<br>Split: train
user10,3min,train,2416,-1.3907136,97.334656,-3.5492868,19.7575,User: user10<br>Type: 3min<br>Split: train
user12,3min,train,2417,-72.13619,-156.55666,-3.5171902,-13.415648,User: user12<br>Type: 3min<br>Split: train
user14,3min,train,2418,-145.96432,107.237465,-23.84846,10.334168,User: user14<br>Type: 3min<br>Split: train
user15,3min,train,2419,-108.41618,-112.25345,-12.220545,-2.354462,User: user15<br>Type: 3min<br>Split: train
user16,3min,train,2420,-14.740286,205.85985,3.606556,21.797476,User: user16<br>Type: 3min<br>Split: train
user2,3min,train,2421,60.334183,-131.87576,14.073386,0.5997516,User: user2<br>Type: 3min<br>Split: train
user23,3min,train,2422,-98.451775,-20.052794,-20.423927,1.9890301,User: user23<br>Type: 3min<br>Split: train
user24,3min,train,2423,-52.51017,5.934216,-5.6987376,6.077577,User: user24<br>Type: 3min<br>Split: train
user27,3min,train,2424,154.21333,-52.922832,15.701386,3.824617,User: user27<br>Type: 3min<br>Split: train
user28,3min,train,2425,-16.752575,142.8599,3.5522754,29.287989,User: user28<br>Type: 3min<br>Split: train
user29,3min,train,2426,-164.6717,54.795074,6.347695,3.4599838,User: user29<br>Type: 3min<br>Split: train
user31,3min,train,2427,12.347404,-1.844164,16.314207,10.696507,User: user31<br>Type: 3min<br>Split: train
user35,3min,train,2428,167.05638,-2.6472218,26.094522,22.023346,User: user35<br>Type: 3min<br>Split: train
user35,3min,train,2429,-11.778402,-11.859678,4.225964,-1.1618305,User: user35<br>Type: 3min<br>Split: train
user36,3min,train,2430,-196.6053,-46.669827,-19.088182,-2.6773875,User: user36<br>Type: 3min<br>Split: train
user37,3min,train,2431,22.970564,107.643776,10.660777,13.636946,User: user37<br>Type: 3min<br>Split: train
user4,3min,train,2432,-89.33292,51.406857,-11.5101185,10.029594,User: user4<br>Type: 3min<br>Split: train
user40,3min,train,2433,-75.781364,-8.141219,-27.570398,6.551259,User: user40<br>Type: 3min<br>Split: train
user42,3min,train,2434,11.140395,147.74826,-8.410639,10.091355,User: user42<br>Type: 3min<br>Split: train
user43,3min,train,2435,-38.40839,81.84102,-11.062945,19.514685,User: user43<br>Type: 3min<br>Split: train
user45,3min,train,2436,-23.608673,32.238403,-11.10929,15.165172,User: user45<br>Type: 3min<br>Split: train
user47,3min,train,2437,53.44146,-4.4149036,17.873491,23.518644,User: user47<br>Type: 3min<br>Split: train
user49,3min,train,2438,142.51956,109.82349,14.259068,19.543606,User: user49<br>Type: 3min<br>Split: train
user5,3min,train,2439,-144.17363,2.538802,-0.28052482,5.4985585,User: user5<br>Type: 3min<br>Split: train
user51,3min,train,2440,-39.53016,-13.958741,-9.8611555,1.9156722,User: user51<br>Type: 3min<br>Split: train
user53,3min,train,2441,91.53717,-59.223194,2.8366978,-16.91373,User: user53<br>Type: 3min<br>Split: train
user54,3min,train,2442,50.826115,-46.471756,28.265486,-3.427985,User: user54<br>Type: 3min<br>Split: train
user57,3min,train,2443,-92.59654,180.8146,-5.730769,15.454192,User: user57<br>Type: 3min<br>Split: train
user59,3min,train,2444,-42.905766,122.347595,-1.554665,25.745264,User: user59<br>Type: 3min<br>Split: train
user62,3min,train,2445,-161.29836,25.327385,-11.025356,5.2373905,User: user62<br>Type: 3min<br>Split: train
user63,3min,train,2446,-76.3527,-55.018288,-11.39621,-4.095735,User: user63<br>Type: 3min<br>Split: train
user67,3min,train,2447,-122.12124,97.05209,-1.6833992,14.573648,User: user67<br>Type: 3min<br>Split: train
user68,3min,train,2448,-61.284966,-85.49953,0.87853235,-11.786833,User: user68<br>Type: 3min<br>Split: train
user69,3min,train,2449,-101.18627,-143.4123,-5.6628094,-7.099981,User: user69<br>Type: 3min<br>Split: train
user71,3min,train,2450,131.66515,-36.84476,19.017633,-1.8706764,User: user71<br>Type: 3min<br>Split: train
user72,3min,train,2451,13.62859,22.772324,6.888364,0.35579076,User: user72<br>Type: 3min<br>Split: train
user73,3min,train,2452,-28.42152,-53.697807,3.8667297,-8.354495,User: user73<br>Type: 3min<br>Split: train
user74,3min,train,2453,-152.19351,138.6777,-18.363525,20.258787,User: user74<br>Type: 3min<br>Split: train
user76,3min,train,2454,155.25519,-24.52458,14.173157,13.979926,User: user76<br>Type: 3min<br>Split: train
user79,3min,train,2455,-30.512867,11.3816,6.109811,26.005564,User: user79<br>Type: 3min<br>Split: train
user8,3min,train,2456,-129.58746,24.109426,-13.897213,6.602373,User: user8<br>Type: 3min<br>Split: train
user81,3min,train,2457,-113.86219,54.042454,-3.5663197,8.320098,User: user81<br>Type: 3min<br>Split: train
user83,3min,train,2458,-25.770061,-124.25772,3.2745724,-4.102686,User: user83<br>Type: 3min<br>Split: train
user85,3min,train,2459,136.38219,-81.04708,6.6534033,7.57136,User: user85<br>Type: 3min<br>Split: train
user89,3min,train,2460,140.6399,-112.28211,19.23971,13.630957,User: user89<br>Type: 3min<br>Split: train
user9,3min,train,2461,75.78509,66.43162,7.001536,16.413845,User: user9<br>Type: 3min<br>Split: train
user12,3min,train,2462,-72.13619,-156.55666,-3.5183163,-13.414997,User: user12<br>Type: 3min<br>Split: train
user13,3min,train,2463,-138.71892,46.876972,-2.3914816,12.165793,User: user13<br>Type: 3min<br>Split: train
user16,3min,train,2464,-14.740286,205.85985,3.5935524,21.785995,User: user16<br>Type: 3min<br>Split: train
user17,3min,train,2465,-195.68074,-15.931047,-18.545698,6.9630284,User: user17<br>Type: 3min<br>Split: train
user18,3min,train,2466,-63.888412,73.953804,-15.6631565,8.867954,User: user18<br>Type: 3min<br>Split: train
user2,3min,train,2467,60.334183,-131.87576,14.073916,0.6000144,User: user2<br>Type: 3min<br>Split: train
user20,3min,train,2468,-105.06311,77.88808,-8.960697,7.76801,User: user20<br>Type: 3min<br>Split: train
user21,3min,train,2469,-60.06158,-23.163872,-20.758295,-15.226996,User: user21<br>Type: 3min<br>Split: train
user23,3min,train,2470,-98.451775,-20.052794,-20.4116,2.001262,User: user23<br>Type: 3min<br>Split: train
user27,3min,train,2471,154.21333,-52.922832,15.700936,3.823559,User: user27<br>Type: 3min<br>Split: train
user28,3min,train,2472,-16.752575,142.8599,3.5551143,29.290865,User: user28<br>Type: 3min<br>Split: train
user35,3min,train,2473,167.05638,-2.6472218,26.056328,21.984837,User: user35<br>Type: 3min<br>Split: train
user35,3min,train,2474,-9.899128,-6.2469883,4.2199464,-1.1551696,User: user35<br>Type: 3min<br>Split: train
user36,3min,train,2475,-196.6053,-46.669827,-19.070616,-2.695344,User: user36<br>Type: 3min<br>Split: train
user4,3min,train,2476,-89.33292,51.406857,-1.5915627,0.43608993,User: user4<br>Type: 3min<br>Split: train
user41,3min,train,2477,-126.0254,163.50269,-13.020881,9.776506,User: user41<br>Type: 3min<br>Split: train
user42,3min,train,2478,11.140395,147.74826,-8.385659,10.108664,User: user42<br>Type: 3min<br>Split: train
user43,3min,train,2479,-38.40839,81.84102,-10.257668,18.628107,User: user43<br>Type: 3min<br>Split: train
user44,3min,train,2480,-126.801575,-63.609825,-25.956213,0.6413592,User: user44<br>Type: 3min<br>Split: train
user47,3min,train,2481,53.44146,-4.4149036,17.820036,23.519215,User: user47<br>Type: 3min<br>Split: train
user49,3min,train,2482,142.51956,109.82349,14.262097,19.540436,User: user49<br>Type: 3min<br>Split: train
user50,3min,train,2483,-165.25569,-29.547632,-8.789151,-3.526934,User: user50<br>Type: 3min<br>Split: train
user53,3min,train,2484,91.53717,-59.223194,2.836536,-16.914022,User: user53<br>Type: 3min<br>Split: train
user54,3min,train,2485,50.826115,-46.471756,28.27841,-3.4144776,User: user54<br>Type: 3min<br>Split: train
user55,3min,train,2486,-12.099864,53.11249,12.090622,17.073048,User: user55<br>Type: 3min<br>Split: train
user60,3min,train,2487,104.54602,92.16839,16.565268,7.9968824,User: user60<br>Type: 3min<br>Split: train
user61,3min,train,2488,13.136969,-132.71332,13.278923,-12.45603,User: user61<br>Type: 3min<br>Split: train
user62,3min,train,2489,-105.7373,29.50931,-16.676952,3.7953901,User: user62<br>Type: 3min<br>Split: train
user63,3min,train,2490,-76.3527,-55.018288,-17.005577,-8.16408,User: user63<br>Type: 3min<br>Split: train
user67,3min,train,2491,-122.12124,97.05209,-1.643768,14.617024,User: user67<br>Type: 3min<br>Split: train
user68,3min,train,2492,-61.284966,-85.49953,0.56717986,-11.47473,User: user68<br>Type: 3min<br>Split: train
user71,3min,train,2493,131.66515,-36.84476,18.99773,-1.8908287,User: user71<br>Type: 3min<br>Split: train
user72,3min,train,2494,15.829001,14.02123,6.888604,0.35591963,User: user72<br>Type: 3min<br>Split: train
user73,3min,train,2495,-24.10208,-63.022884,3.7086403,-8.509791,User: user73<br>Type: 3min<br>Split: train
user75,3min,train,2496,106.063484,191.95088,15.538778,32.50062,User: user75<br>Type: 3min<br>Split: train
user76,3min,train,2497,155.25519,-24.52458,14.185809,13.992725,User: user76<br>Type: 3min<br>Split: train
user79,3min,train,2498,-30.512867,11.3816,6.10957,26.005745,User: user79<br>Type: 3min<br>Split: train
user81,3min,train,2499,-113.86219,54.042454,-3.5790675,8.326291,User: user81<br>Type: 3min<br>Split: train
user84,3min,train,2500,-97.5791,146.49004,-14.458432,24.308931,User: user84<br>Type: 3min<br>Split: train
user85,3min,train,2501,136.38219,-81.04708,6.6275845,7.5457554,User: user85<br>Type: 3min<br>Split: train
user86,3min,train,2502,-46.58125,-171.89458,-0.8019507,-20.24591,User: user86<br>Type: 3min<br>Split: train
user89,3min,train,2503,140.6399,-112.28211,19.171638,13.697516,User: user89<br>Type: 3min<br>Split: train
user1,3min,train,2504,13.863741,76.31855,-12.895305,21.956491,User: user1<br>Type: 3min<br>Split: train
user10,3min,train,2505,-1.3907136,97.334656,-3.566445,19.740044,User: user10<br>Type: 3min<br>Split: train
user14,3min,train,2506,-145.96432,107.237465,-23.858902,10.32436,User: user14<br>Type: 3min<br>Split: train
user15,3min,train,2507,-108.41618,-112.25345,-12.225874,-2.3486216,User: user15<br>Type: 3min<br>Split: train
user19,3min,train,2508,-166.4242,-96.49441,-11.281597,-9.608195,User: user19<br>Type: 3min<br>Split: train
user2,3min,train,2509,60.334183,-131.87576,14.073496,0.59953016,User: user2<br>Type: 3min<br>Split: train
user21,3min,train,2510,-60.06158,-23.163872,-20.79178,-15.260826,User: user21<br>Type: 3min<br>Split: train
user23,3min,train,2511,-98.451775,-20.052794,-20.4104,1.9992993,User: user23<br>Type: 3min<br>Split: train
user24,3min,train,2512,-52.40137,0.21165341,-5.6986103,6.0779905,User: user24<br>Type: 3min<br>Split: train
user25,3min,train,2513,-132.98659,73.275345,-15.487387,0.9484647,User: user25<br>Type: 3min<br>Split: train
user27,3min,train,2514,154.21333,-52.922832,15.719088,3.8049843,User: user27<br>Type: 3min<br>Split: train
user29,3min,train,2515,-164.6717,54.795074,-1.7794247,9.719648,User: user29<br>Type: 3min<br>Split: train
user33,3min,train,2516,-121.60412,127.08609,-8.7353945,25.390457,User: user33<br>Type: 3min<br>Split: train
user34,3min,train,2517,-46.07739,-41.95224,-17.839155,-0.9826172,User: user34<br>Type: 3min<br>Split: train
user35,3min,train,2518,-11.778402,-11.859678,4.2137165,-1.17699,User: user35<br>Type: 3min<br>Split: train
user36,3min,train,2519,-196.6053,-46.669827,-19.077784,-2.6887789,User: user36<br>Type: 3min<br>Split: train
user37,3min,train,2520,22.970564,107.643776,11.204133,14.04767,User: user37<br>Type: 3min<br>Split: train
user38,3min,train,2521,-62.84318,171.02867,0.5029139,19.055645,User: user38<br>Type: 3min<br>Split: train
user39,3min,train,2522,-83.50522,-99.28785,-8.03646,-8.945129,User: user39<br>Type: 3min<br>Split: train
user4,3min,train,2523,-89.33292,51.406857,-1.591642,0.43616593,User: user4<br>Type: 3min<br>Split: train
user40,3min,train,2524,-75.781364,-8.141219,-27.570278,6.551466,User: user40<br>Type: 3min<br>Split: train
user42,3min,train,2525,11.140395,147.74826,-8.383648,10.11022,User: user42<br>Type: 3min<br>Split: train
user45,3min,train,2526,-24.888277,42.708935,-11.09731,15.153407,User: user45<br>Type: 3min<br>Split: train
user46,3min,train,2527,-16.493942,-38.106068,-1.222974,-8.960552,User: user46<br>Type: 3min<br>Split: train
user47,3min,train,2528,53.44146,-4.4149036,17.834715,23.48985,User: user47<br>Type: 3min<br>Split: train
user48,3min,train,2529,63.466167,45.12324,7.259653,20.940836,User: user48<br>Type: 3min<br>Split: train
user49,3min,train,2530,142.51956,109.82349,14.259316,19.5378,User: user49<br>Type: 3min<br>Split: train
user51,3min,train,2531,-39.53016,-13.958741,-9.859643,1.9143689,User: user51<br>Type: 3min<br>Split: train
user52,3min,train,2532,-137.88318,-23.181454,-24.001232,4.182258,User: user52<br>Type: 3min<br>Split: train
user53,3min,train,2533,91.53717,-59.223194,20.868006,-10.384447,User: user53<br>Type: 3min<br>Split: train
user56,3min,train,2534,-116.01288,-83.58743,0.5822882,-6.5309143,User: user56<br>Type: 3min<br>Split: train
user59,3min,train,2535,-42.905766,122.347595,-3.518646,24.357782,User: user59<br>Type: 3min<br>Split: train
user66,3min,train,2536,-30.797297,-98.508545,21.993252,5.1229677,User: user66<br>Type: 3min<br>Split: train
user68,3min,train,2537,-61.284966,-85.49953,0.5712222,-11.478815,User: user68<br>Type: 3min<br>Split: train
user69,3min,train,2538,-101.18627,-143.4123,-1.9750488,-1.7120979,User: user69<br>Type: 3min<br>Split: train
user7,3min,train,2539,-7.1419573,-177.19244,-3.6404037,-3.4727533,User: user7<br>Type: 3min<br>Split: train
user70,3min,train,2540,-53.917717,-110.53692,12.469993,5.402009,User: user70<br>Type: 3min<br>Split: train
user73,3min,train,2541,-22.528036,-53.160408,3.628919,-8.588136,User: user73<br>Type: 3min<br>Split: train
user78,3min,train,2542,-170.96631,-1.9590068,-12.906656,-0.21291001,User: user78<br>Type: 3min<br>Split: train
user8,3min,train,2543,-129.58746,24.109426,-4.135251,17.183632,User: user8<br>Type: 3min<br>Split: train
user80,3min,train,2544,84.20569,-148.9275,10.383379,-13.315836,User: user80<br>Type: 3min<br>Split: train
user82,3min,train,2545,33.775627,-10.916876,13.911193,7.706549,User: user82<br>Type: 3min<br>Split: train
user84,3min,train,2546,-97.5791,146.49004,-14.453774,24.311338,User: user84<br>Type: 3min<br>Split: train
user85,3min,train,2547,136.38219,-81.04708,6.6354237,7.5536165,User: user85<br>Type: 3min<br>Split: train
user86,3min,train,2548,-46.58125,-171.89458,-0.7947693,-20.262371,User: user86<br>Type: 3min<br>Split: train
user88,3min,train,2549,15.223314,-78.70015,15.647881,-5.650354,User: user88<br>Type: 3min<br>Split: train
user89,3min,train,2550,140.6399,-112.28211,19.21976,13.649708,User: user89<br>Type: 3min<br>Split: train
user9,3min,train,2551,75.78509,66.43162,7.0057983,16.403915,User: user9<br>Type: 3min<br>Split: train
user10,3min,train,2552,-1.3907136,97.334656,-3.546797,19.751743,User: user10<br>Type: 3min<br>Split: train
user11,3min,train,2553,-137.4076,-103.33537,-14.791146,-2.8648827,User: user11<br>Type: 3min<br>Split: train
user16,3min,train,2554,-14.740286,205.85985,3.6038816,21.795052,User: user16<br>Type: 3min<br>Split: train
user17,3min,train,2555,-195.68074,-15.931047,-24.165846,-3.1340618,User: user17<br>Type: 3min<br>Split: train
user18,3min,train,2556,-63.888412,73.953804,-15.663436,8.866724,User: user18<br>Type: 3min<br>Split: train
user19,3min,train,2557,-166.4242,-96.49441,-2.2689211,-10.767718,User: user19<br>Type: 3min<br>Split: train
user2,3min,train,2558,60.334183,-131.87576,14.0631275,0.5892959,User: user2<br>Type: 3min<br>Split: train
user22,3min,train,2559,-94.92357,6.672643,-5.4526,-1.3789757,User: user22<br>Type: 3min<br>Split: train
user24,3min,train,2560,-52.51017,5.934216,-5.6985927,6.0779834,User: user24<br>Type: 3min<br>Split: train
user26,3min,train,2561,-73.31034,115.66984,1.0215973,11.883097,User: user26<br>Type: 3min<br>Split: train
user28,3min,train,2562,-16.752575,142.8599,3.558466,29.294188,User: user28<br>Type: 3min<br>Split: train
user29,3min,train,2563,-164.6717,54.795074,-1.7799088,9.720074,User: user29<br>Type: 3min<br>Split: train
user3,3min,train,2564,-38.06489,53.211464,0.92029,26.83893,User: user3<br>Type: 3min<br>Split: train
user34,3min,train,2565,-42.164413,-38.25206,-17.835175,-0.9784228,User: user34<br>Type: 3min<br>Split: train
user35,3min,train,2566,-9.899128,-6.2469883,4.2191586,-1.1549646,User: user35<br>Type: 3min<br>Split: train
user37,3min,train,2567,22.970564,107.643776,10.650302,13.628766,User: user37<br>Type: 3min<br>Split: train
user38,3min,train,2568,-62.84318,171.02867,0.49459818,19.066765,User: user38<br>Type: 3min<br>Split: train
user39,3min,train,2569,-83.50522,-99.28785,-3.3380177,1.5744835,User: user39<br>Type: 3min<br>Split: train
user42,3min,train,2570,11.140395,147.74826,-8.438248,10.055975,User: user42<br>Type: 3min<br>Split: train
user47,3min,train,2571,58.35414,-1.0038519,17.832012,23.497595,User: user47<br>Type: 3min<br>Split: train
user48,3min,train,2572,63.466167,45.12324,7.2675786,20.948895,User: user48<br>Type: 3min<br>Split: train
user5,3min,train,2573,-144.17363,2.538802,7.142606,-2.8278928,User: user5<br>Type: 3min<br>Split: train
user51,3min,train,2574,-39.53016,-13.958741,-9.8655405,1.9201244,User: user51<br>Type: 3min<br>Split: train
user52,3min,train,2575,-137.88318,-23.181454,-20.286379,9.322292,User: user52<br>Type: 3min<br>Split: train
user53,3min,train,2576,91.53717,-59.223194,2.8365483,-16.913912,User: user53<br>Type: 3min<br>Split: train
user54,3min,train,2577,50.826115,-46.471756,28.26605,-3.4272807,User: user54<br>Type: 3min<br>Split: train
user59,3min,train,2578,-42.905766,122.347595,-3.5527995,24.323921,User: user59<br>Type: 3min<br>Split: train
user60,3min,train,2579,104.54602,92.16839,16.570692,7.9921026,User: user60<br>Type: 3min<br>Split: train
user61,3min,train,2580,13.136969,-132.71332,13.310492,-12.4245615,User: user61<br>Type: 3min<br>Split: train
user62,3min,train,2581,-105.7373,29.50931,-16.693247,3.8101094,User: user62<br>Type: 3min<br>Split: train
user64,3min,train,2582,-165.83238,-130.14728,-15.313441,-10.503736,User: user64<br>Type: 3min<br>Split: train
user65,3min,train,2583,31.86232,-94.33745,1.5726432,-18.570879,User: user65<br>Type: 3min<br>Split: train
user67,3min,train,2584,-122.12124,97.05209,-1.6708851,14.586431,User: user67<br>Type: 3min<br>Split: train
user68,3min,train,2585,-61.284966,-85.49953,0.88285947,-11.791487,User: user68<br>Type: 3min<br>Split: train
user7,3min,train,2586,-7.1419573,-177.19244,-3.6405115,-3.4718924,User: user7<br>Type: 3min<br>Split: train
user72,3min,train,2587,13.62859,22.772324,6.9031377,0.370674,User: user72<br>Type: 3min<br>Split: train
user74,3min,train,2588,-152.19351,138.6777,-18.360409,20.255625,User: user74<br>Type: 3min<br>Split: train
user79,3min,train,2589,-30.512867,11.3816,6.120973,25.993706,User: user79<br>Type: 3min<br>Split: train
user80,3min,train,2590,84.20569,-148.9275,10.358467,-13.288414,User: user80<br>Type: 3min<br>Split: train
user81,3min,train,2591,-113.86219,54.042454,-3.568181,8.313711,User: user81<br>Type: 3min<br>Split: train
user82,3min,train,2592,29.121454,-13.748628,13.926527,7.691077,User: user82<br>Type: 3min<br>Split: train
user83,3min,train,2593,-25.770061,-124.25772,3.2534313,-4.1241355,User: user83<br>Type: 3min<br>Split: train
user85,3min,train,2594,136.38219,-81.04708,6.643603,7.5616593,User: user85<br>Type: 3min<br>Split: train
user87,3min,train,2595,12.871375,46.512875,4.658263,19.02087,User: user87<br>Type: 3min<br>Split: train
user9,3min,train,2596,75.78509,66.43162,7.0016913,16.414415,User: user9<br>Type: 3min<br>Split: train
user10,3min,train,2597,-1.3907136,97.334656,-3.5456069,19.753437,User: user10<br>Type: 3min<br>Split: train
user13,3min,train,2598,-138.71892,46.876972,-2.4055552,12.175044,User: user13<br>Type: 3min<br>Split: train
user15,3min,train,2599,-108.41618,-112.25345,2.905731,2.3509853,User: user15<br>Type: 3min<br>Split: train
user17,3min,train,2600,-195.68074,-15.931047,-24.15761,-3.14235,User: user17<br>Type: 3min<br>Split: train
user20,3min,train,2601,-105.06311,77.88808,-14.083289,2.5975857,User: user20<br>Type: 3min<br>Split: train
user23,3min,train,2602,-98.451775,-20.052794,-20.41989,1.9927281,User: user23<br>Type: 3min<br>Split: train
user24,3min,train,2603,-52.40137,0.21165341,-14.572394,16.323395,User: user24<br>Type: 3min<br>Split: train
user25,3min,train,2604,-132.98659,73.275345,-15.490784,0.9507834,User: user25<br>Type: 3min<br>Split: train
user26,3min,train,2605,-73.31034,115.66984,1.0549762,11.916984,User: user26<br>Type: 3min<br>Split: train
user27,3min,train,2606,154.21333,-52.922832,15.700189,3.8238583,User: user27<br>Type: 3min<br>Split: train
user28,3min,train,2607,-16.752575,142.8599,3.5394938,29.27501,User: user28<br>Type: 3min<br>Split: train
user29,3min,train,2608,-164.6717,54.795074,6.3474345,3.4602304,User: user29<br>Type: 3min<br>Split: train
user30,3min,train,2609,-133.4254,-133.25356,-16.56199,-15.193837,User: user30<br>Type: 3min<br>Split: train
user31,3min,train,2610,7.127656,-0.07572798,16.323046,10.708404,User: user31<br>Type: 3min<br>Split: train
user33,3min,train,2611,-121.60412,127.08609,-8.724196,25.379297,User: user33<br>Type: 3min<br>Split: train
user35,3min,train,2612,-9.899128,-6.2469883,4.217223,-1.1522361,User: user35<br>Type: 3min<br>Split: train
user36,3min,train,2613,-196.6053,-46.669827,-19.088604,-2.677913,User: user36<br>Type: 3min<br>Split: train
user37,3min,train,2614,22.970564,107.643776,10.654345,13.632429,User: user37<br>Type: 3min<br>Split: train
user39,3min,train,2615,-83.50522,-99.28785,-8.037508,-8.94877,User: user39<br>Type: 3min<br>Split: train
user40,3min,train,2616,-75.781364,-8.141219,-27.570288,6.5514326,User: user40<br>Type: 3min<br>Split: train
user42,3min,train,2617,11.140395,147.74826,-8.390499,10.097426,User: user42<br>Type: 3min<br>Split: train
user43,3min,train,2618,-38.40839,81.84102,-11.063081,19.514719,User: user43<br>Type: 3min<br>Split: train
user44,3min,train,2619,-97.63191,-53.365215,-25.972994,0.6574684,User: user44<br>Type: 3min<br>Split: train
user45,3min,train,2620,-22.06412,36.96605,-11.1265545,15.182929,User: user45<br>Type: 3min<br>Split: train
user46,3min,train,2621,-9.6432085,-35.762337,-1.2222663,-8.960012,User: user46<br>Type: 3min<br>Split: train
user48,3min,train,2622,54.93492,40.243313,7.246909,20.927526,User: user48<br>Type: 3min<br>Split: train
user52,3min,train,2623,-133.299,-13.996157,-24.001259,4.1821856,User: user52<br>Type: 3min<br>Split: train
user53,3min,train,2624,91.53717,-59.223194,20.863277,-10.384454,User: user53<br>Type: 3min<br>Split: train
user54,3min,train,2625,50.826115,-46.471756,28.253632,-3.43964,User: user54<br>Type: 3min<br>Split: train
user56,3min,train,2626,-116.01288,-83.58743,0.57552624,-6.524386,User: user56<br>Type: 3min<br>Split: train
user57,3min,train,2627,-92.59654,180.8146,-8.630962,14.827573,User: user57<br>Type: 3min<br>Split: train
user61,3min,train,2628,13.136969,-132.71332,13.287515,-12.446988,User: user61<br>Type: 3min<br>Split: train
user62,3min,train,2629,-161.29836,25.327385,-11.028233,5.2419114,User: user62<br>Type: 3min<br>Split: train
user64,3min,train,2630,-165.83238,-130.14728,-15.201146,-10.616063,User: user64<br>Type: 3min<br>Split: train
user65,3min,train,2631,31.86232,-94.33745,1.5727106,-18.570734,User: user65<br>Type: 3min<br>Split: train
user66,3min,train,2632,-30.797297,-98.508545,21.99698,5.126992,User: user66<br>Type: 3min<br>Split: train
user67,3min,train,2633,-122.12124,97.05209,-1.6709113,14.586695,User: user67<br>Type: 3min<br>Split: train
user7,3min,train,2634,-7.1419573,-177.19244,8.037018,-12.849984,User: user7<br>Type: 3min<br>Split: train
user70,3min,train,2635,-53.917717,-110.53692,8.792914,-8.031505,User: user70<br>Type: 3min<br>Split: train
user71,3min,train,2636,131.66515,-36.84476,18.998041,-1.8908108,User: user71<br>Type: 3min<br>Split: train
user75,3min,train,2637,120.81089,188.34229,15.544246,32.506084,User: user75<br>Type: 3min<br>Split: train
user76,3min,train,2638,155.25519,-24.52458,14.176933,13.984318,User: user76<br>Type: 3min<br>Split: train
user78,3min,train,2639,-170.96631,-1.9590068,-12.921227,-0.22717431,User: user78<br>Type: 3min<br>Split: train
user81,3min,train,2640,-113.86219,54.042454,-5.705654,12.3439,User: user81<br>Type: 3min<br>Split: train
user82,3min,train,2641,29.121454,-13.748628,13.911118,7.706548,User: user82<br>Type: 3min<br>Split: train
user84,3min,train,2642,-97.5791,146.49004,-14.458053,24.314762,User: user84<br>Type: 3min<br>Split: train
user87,3min,train,2643,12.871375,46.512875,4.6771708,19.039686,User: user87<br>Type: 3min<br>Split: train
user88,3min,train,2644,15.223314,-78.70015,5.390749,-4.5671816,User: user88<br>Type: 3min<br>Split: train
user9,3min,train,2645,75.78509,66.43162,7.001751,16.413807,User: user9<br>Type: 3min<br>Split: train
user12,3min,train,2646,-72.13619,-156.55666,-3.5052311,-13.426359,User: user12<br>Type: 3min<br>Split: train
user15,3min,train,2647,-108.41618,-112.25345,2.9059856,2.3506339,User: user15<br>Type: 3min<br>Split: train
user16,3min,train,2648,-14.740286,205.85985,3.6033797,21.794594,User: user16<br>Type: 3min<br>Split: train
user17,3min,train,2649,-195.68074,-15.931047,-24.164904,-3.1343458,User: user17<br>Type: 3min<br>Split: train
user19,3min,train,2650,-166.4242,-96.49441,-11.280979,-9.608662,User: user19<br>Type: 3min<br>Split: train
user2,3min,train,2651,60.334183,-131.87576,14.088487,0.6144705,User: user2<br>Type: 3min<br>Split: train
user20,3min,train,2652,-105.06311,77.88808,-8.960766,7.767881,User: user20<br>Type: 3min<br>Split: train
user22,3min,train,2653,-94.92357,6.672643,-5.453623,-1.3800958,User: user22<br>Type: 3min<br>Split: train
user25,3min,train,2654,-132.98659,73.275345,-0.54479176,2.701014,User: user25<br>Type: 3min<br>Split: train
user27,3min,train,2655,154.21333,-52.922832,15.688746,3.834367,User: user27<br>Type: 3min<br>Split: train
user30,3min,train,2656,-133.4254,-133.25356,-16.56109,-15.194743,User: user30<br>Type: 3min<br>Split: train
user33,3min,train,2657,-121.60412,127.08609,-8.734923,25.390232,User: user33<br>Type: 3min<br>Split: train
user34,3min,train,2658,-46.07739,-41.95224,-7.219971,3.1286137,User: user34<br>Type: 3min<br>Split: train
user35,3min,train,2659,167.05638,-2.6472218,26.080761,22.009659,User: user35<br>Type: 3min<br>Split: train
user35,3min,train,2660,-9.899128,-6.2469883,4.2253537,-1.1657745,User: user35<br>Type: 3min<br>Split: train
user37,3min,train,2661,22.970564,107.643776,11.217997,14.060487,User: user37<br>Type: 3min<br>Split: train
user4,3min,train,2662,-89.33292,51.406857,-1.5915923,0.43626928,User: user4<br>Type: 3min<br>Split: train
user40,3min,train,2663,-70.77144,-8.9134865,-27.581156,6.540491,User: user40<br>Type: 3min<br>Split: train
user42,3min,train,2664,11.140395,147.74826,-8.423901,10.0714855,User: user42<br>Type: 3min<br>Split: train
user46,3min,train,2665,-9.6432085,-35.762337,-1.2128679,-8.95043,User: user46<br>Type: 3min<br>Split: train
user49,3min,train,2666,142.51956,109.82349,14.294245,19.570368,User: user49<br>Type: 3min<br>Split: train
user53,3min,train,2667,91.53717,-59.223194,20.871264,-10.380655,User: user53<br>Type: 3min<br>Split: train
user54,3min,train,2668,50.826115,-46.471756,28.265398,-3.4279995,User: user54<br>Type: 3min<br>Split: train
user55,3min,train,2669,-12.099864,53.11249,11.974949,17.18948,User: user55<br>Type: 3min<br>Split: train
user57,3min,train,2670,-92.59654,180.8146,-8.632585,14.829277,User: user57<br>Type: 3min<br>Split: train
user58,3min,train,2671,-194.49309,-81.73398,-16.22324,-6.0187225,User: user58<br>Type: 3min<br>Split: train
user60,3min,train,2672,104.54602,92.16839,16.56523,7.9972134,User: user60<br>Type: 3min<br>Split: train
user61,3min,train,2673,13.136969,-132.71332,13.3105135,-12.424484,User: user61<br>Type: 3min<br>Split: train
user62,3min,train,2674,-161.29836,25.327385,-11.02859,5.2418165,User: user62<br>Type: 3min<br>Split: train
user62,3min,train,2675,-105.7373,29.50931,-16.675964,3.793947,User: user62<br>Type: 3min<br>Split: train
user63,3min,train,2676,-76.3527,-55.018288,-16.982927,-8.185971,User: user63<br>Type: 3min<br>Split: train
user64,3min,train,2677,-165.83238,-130.14728,-15.21209,-10.605032,User: user64<br>Type: 3min<br>Split: train
user65,3min,train,2678,31.86232,-94.33745,10.949545,-7.4001765,User: user65<br>Type: 3min<br>Split: train
user66,3min,train,2679,-30.797297,-98.508545,22.02417,5.099925,User: user66<br>Type: 3min<br>Split: train
user68,3min,train,2680,-61.284966,-85.49953,0.5661611,-11.473627,User: user68<br>Type: 3min<br>Split: train
user69,3min,train,2681,-101.18627,-143.4123,-1.9750687,-1.7121217,User: user69<br>Type: 3min<br>Split: train
user7,3min,train,2682,-7.1419573,-177.19244,8.030226,-12.856898,User: user7<br>Type: 3min<br>Split: train
user70,3min,train,2683,-53.917717,-110.53692,8.786068,-8.024153,User: user70<br>Type: 3min<br>Split: train
user73,3min,train,2684,-22.528036,-53.160408,3.618925,-8.597505,User: user73<br>Type: 3min<br>Split: train
user76,3min,train,2685,155.25519,-24.52458,14.093103,13.901649,User: user76<br>Type: 3min<br>Split: train
user77,3min,train,2686,-142.63501,-48.656788,-9.989863,-6.3202577,User: user77<br>Type: 3min<br>Split: train
user78,3min,train,2687,-170.96631,-1.9590068,-12.921032,-0.22709583,User: user78<br>Type: 3min<br>Split: train
user79,3min,train,2688,-30.512867,11.3816,6.101386,25.996435,User: user79<br>Type: 3min<br>Split: train
user80,3min,train,2689,84.20569,-148.9275,10.29429,-5.1284504,User: user80<br>Type: 3min<br>Split: train
user83,3min,train,2690,-25.770061,-124.25772,3.3206007,-4.054806,User: user83<br>Type: 3min<br>Split: train
user87,3min,train,2691,12.871375,46.512875,4.667078,19.050411,User: user87<br>Type: 3min<br>Split: train
user9,3min,train,2692,75.78509,66.43162,7.002846,16.413332,User: user9<br>Type: 3min<br>Split: train
user11,3min,train,2693,-137.4076,-103.33537,-14.79587,-2.860431,User: user11<br>Type: 3min<br>Split: train
user12,3min,train,2694,-72.13619,-156.55666,-3.8901594,-18.98256,User: user12<br>Type: 3min<br>Split: train
user13,3min,train,2695,-138.71892,46.876972,-2.3716161,12.139197,User: user13<br>Type: 3min<br>Split: train
user15,3min,train,2696,-108.41618,-112.25345,2.901682,2.3558764,User: user15<br>Type: 3min<br>Split: train
user16,3min,train,2697,-14.740286,205.85985,3.493105,21.68431,User: user16<br>Type: 3min<br>Split: train
user17,3min,train,2698,-195.68074,-15.931047,-24.15816,-3.141811,User: user17<br>Type: 3min<br>Split: train
user20,3min,train,2699,-105.06311,77.88808,-8.960184,7.767653,User: user20<br>Type: 3min<br>Split: train
user23,3min,train,2700,-98.451775,-20.052794,-20.419024,1.9936818,User: user23<br>Type: 3min<br>Split: train
user25,3min,train,2701,-132.98659,73.275345,-15.48742,0.94855684,User: user25<br>Type: 3min<br>Split: train
user28,3min,train,2702,-16.752575,142.8599,3.5492768,29.280169,User: user28<br>Type: 3min<br>Split: train
user30,3min,train,2703,-133.4254,-133.25356,-3.5610933,-5.4106736,User: user30<br>Type: 3min<br>Split: train
user31,3min,train,2704,7.127656,-0.07572798,16.314272,10.697848,User: user31<br>Type: 3min<br>Split: train
user32,3min,train,2705,-52.54509,200.63278,1.3833618,16.487675,User: user32<br>Type: 3min<br>Split: train
user33,3min,train,2706,-121.60412,127.08609,-8.734708,25.389826,User: user33<br>Type: 3min<br>Split: train
user35,3min,train,2707,167.05638,-2.6472218,26.057077,21.985743,User: user35<br>Type: 3min<br>Split: train
user35,3min,train,2708,-9.899128,-6.2469883,4.207706,-1.1396997,User: user35<br>Type: 3min<br>Split: train
user36,3min,train,2709,-196.6053,-46.669827,-19.09674,-2.6702564,User: user36<br>Type: 3min<br>Split: train
user38,3min,train,2710,-62.84318,171.02867,0.5044096,19.076237,User: user38<br>Type: 3min<br>Split: train
user39,3min,train,2711,-83.50522,-99.28785,-3.3363342,1.5746881,User: user39<br>Type: 3min<br>Split: train
user41,3min,train,2712,-126.0254,163.50269,-13.02076,9.776576,User: user41<br>Type: 3min<br>Split: train
user43,3min,train,2713,-38.40839,81.84102,-11.06317,19.514978,User: user43<br>Type: 3min<br>Split: train
user47,3min,train,2714,58.35414,-1.0038519,17.841373,23.497684,User: user47<br>Type: 3min<br>Split: train
user48,3min,train,2715,63.466167,45.12324,7.2545295,20.935715,User: user48<br>Type: 3min<br>Split: train
user5,3min,train,2716,-144.17363,2.538802,-0.28027323,5.4984674,User: user5<br>Type: 3min<br>Split: train
user51,3min,train,2717,-34.59145,-16.559484,-9.862123,1.9162805,User: user51<br>Type: 3min<br>Split: train
user53,3min,train,2718,83.402824,-52.540257,20.870295,-10.382051,User: user53<br>Type: 3min<br>Split: train
user55,3min,train,2719,-4.798623,48.326736,12.018848,17.14526,User: user55<br>Type: 3min<br>Split: train
user57,3min,train,2720,-92.59654,180.8146,-5.730553,15.454134,User: user57<br>Type: 3min<br>Split: train
user59,3min,train,2721,-42.905766,122.347595,-1.5543313,25.717566,User: user59<br>Type: 3min<br>Split: train
user61,3min,train,2722,13.136969,-132.71332,13.278162,-12.456146,User: user61<br>Type: 3min<br>Split: train
user62,3min,train,2723,-161.29836,25.327385,-11.072757,5.2868347,User: user62<br>Type: 3min<br>Split: train
user67,3min,train,2724,-122.12124,97.05209,-1.6472781,14.610338,User: user67<br>Type: 3min<br>Split: train
user68,3min,train,2725,-61.284966,-85.49953,0.88493407,-11.793494,User: user68<br>Type: 3min<br>Split: train
user69,3min,train,2726,-101.18627,-143.4123,-5.6729546,-7.096888,User: user69<br>Type: 3min<br>Split: train
user70,3min,train,2727,-53.917717,-110.53692,8.79268,-8.03127,User: user70<br>Type: 3min<br>Split: train
user71,3min,train,2728,131.66515,-36.84476,18.998184,-1.8879848,User: user71<br>Type: 3min<br>Split: train
user72,3min,train,2729,13.62859,22.772324,6.889154,0.35746086,User: user72<br>Type: 3min<br>Split: train
user74,3min,train,2730,-152.19351,138.6777,-18.383741,20.237606,User: user74<br>Type: 3min<br>Split: train
user78,3min,train,2731,-170.96631,-1.9590068,-12.921154,-0.22718242,User: user78<br>Type: 3min<br>Split: train
user8,3min,train,2732,-129.58746,24.109426,-13.893964,6.599226,User: user8<br>Type: 3min<br>Split: train
user81,3min,train,2733,-113.86219,54.042454,-5.705748,12.343322,User: user81<br>Type: 3min<br>Split: train
user85,3min,train,2734,136.38219,-81.04708,6.6310844,7.5491614,User: user85<br>Type: 3min<br>Split: train
user87,3min,train,2735,12.871375,46.512875,4.7017417,19.064713,User: user87<br>Type: 3min<br>Split: train
user9,3min,train,2736,75.78509,66.43162,7.019673,16.426268,User: user9<br>Type: 3min<br>Split: train
user1,3min,train,2737,13.863741,76.31855,-12.895439,21.956532,User: user1<br>Type: 3min<br>Split: train
user15,3min,train,2738,-108.41618,-112.25345,2.905714,2.3504047,User: user15<br>Type: 3min<br>Split: train
user18,3min,train,2739,-63.888412,73.953804,-15.660524,8.867651,User: user18<br>Type: 3min<br>Split: train
user19,3min,train,2740,-166.4242,-96.49441,-11.273637,-9.61218,User: user19<br>Type: 3min<br>Split: train
user2,3min,train,2741,60.334183,-131.87576,14.072679,0.5988989,User: user2<br>Type: 3min<br>Split: train
user22,3min,train,2742,-94.92357,6.672643,-5.4350553,-1.3606268,User: user22<br>Type: 3min<br>Split: train
user24,3min,train,2743,-52.51017,5.934216,-14.572434,16.323612,User: user24<br>Type: 3min<br>Split: train
user26,3min,train,2744,-73.31034,115.66984,1.040335,11.902104,User: user26<br>Type: 3min<br>Split: train
user28,3min,train,2745,-16.752575,142.8599,3.5300994,29.265488,User: user28<br>Type: 3min<br>Split: train
user38,3min,train,2746,-62.84318,171.02867,0.4949399,19.06754,User: user38<br>Type: 3min<br>Split: train
user44,3min,train,2747,-97.63191,-53.365215,-25.95312,0.6385875,User: user44<br>Type: 3min<br>Split: train
user46,3min,train,2748,-9.6432085,-35.762337,-1.2281358,-8.964978,User: user46<br>Type: 3min<br>Split: train
user49,3min,train,2749,142.51956,109.82349,14.262304,19.540495,User: user49<br>Type: 3min<br>Split: train
user5,3min,train,2750,-144.17363,2.538802,7.1426816,-2.827826,User: user5<br>Type: 3min<br>Split: train
user50,3min,train,2751,-165.25569,-29.547632,-8.789102,-3.5272727,User: user50<br>Type: 3min<br>Split: train
user52,3min,train,2752,-137.88318,-23.181454,-20.284624,9.320498,User: user52<br>Type: 3min<br>Split: train
user53,3min,train,2753,91.53717,-59.223194,20.870474,-10.381653,User: user53<br>Type: 3min<br>Split: train
user54,3min,train,2754,50.826115,-46.471756,28.280115,-3.413314,User: user54<br>Type: 3min<br>Split: train
user59,3min,train,2755,-42.905766,122.347595,-3.5534544,24.323391,User: user59<br>Type: 3min<br>Split: train
user60,3min,train,2756,104.54602,92.16839,16.567266,7.9945626,User: user60<br>Type: 3min<br>Split: train
user64,3min,train,2757,-165.83238,-130.14728,-15.210935,-10.606419,User: user64<br>Type: 3min<br>Split: train
user66,3min,train,2758,-30.797297,-98.508545,21.971231,5.1527166,User: user66<br>Type: 3min<br>Split: train
user67,3min,train,2759,-122.12124,97.05209,-1.6711549,14.5862255,User: user67<br>Type: 3min<br>Split: train
user69,3min,train,2760,-101.18627,-143.4123,-1.9455063,-1.6825975,User: user69<br>Type: 3min<br>Split: train
user73,3min,train,2761,-22.528036,-53.160408,3.8554802,-8.365787,User: user73<br>Type: 3min<br>Split: train
user74,3min,train,2762,-152.19351,138.6777,-18.363716,20.257135,User: user74<br>Type: 3min<br>Split: train
user78,3min,train,2763,-170.96631,-1.9590068,-12.92243,-0.22532901,User: user78<br>Type: 3min<br>Split: train
user79,3min,train,2764,-30.512867,11.3816,6.112067,26.002266,User: user79<br>Type: 3min<br>Split: train
user80,3min,train,2765,84.20569,-148.9275,10.290892,-5.1295376,User: user80<br>Type: 3min<br>Split: train
user81,3min,train,2766,-113.86219,54.042454,-5.7056704,12.343403,User: user81<br>Type: 3min<br>Split: train
user83,3min,train,2767,-25.770061,-124.25772,3.3252223,-4.051136,User: user83<br>Type: 3min<br>Split: train
user84,3min,train,2768,-97.5791,146.49004,-14.466848,24.299955,User: user84<br>Type: 3min<br>Split: train
user86,3min,train,2769,-46.58125,-171.89458,-0.78798413,-20.25726,User: user86<br>Type: 3min<br>Split: train
user87,3min,train,2770,12.871375,46.512875,4.687239,19.049168,User: user87<br>Type: 3min<br>Split: train
user88,3min,train,2771,10.523731,-81.482994,5.3907676,-4.567147,User: user88<br>Type: 3min<br>Split: train
user1,3min,train,2772,13.863741,76.31855,-12.898174,21.95934,User: user1<br>Type: 3min<br>Split: train
user10,3min,train,2773,-1.3907136,97.334656,-3.5927148,19.798002,User: user10<br>Type: 3min<br>Split: train
user11,3min,train,2774,-137.4076,-103.33537,-14.79574,-2.860336,User: user11<br>Type: 3min<br>Split: train
user12,3min,train,2775,-72.13619,-156.55666,-3.5060158,-13.424252,User: user12<br>Type: 3min<br>Split: train
user13,3min,train,2776,-138.71892,46.876972,-2.3964636,12.1651125,User: user13<br>Type: 3min<br>Split: train
user19,3min,train,2777,-166.4242,-96.49441,-2.2691865,-10.768066,User: user19<br>Type: 3min<br>Split: train
user2,3min,train,2778,60.334183,-131.87576,14.072805,0.59899867,User: user2<br>Type: 3min<br>Split: train
user22,3min,train,2779,-94.92357,6.672643,-5.4471393,-1.3731891,User: user22<br>Type: 3min<br>Split: train
user23,3min,train,2780,-98.451775,-20.052794,-20.411543,2.001226,User: user23<br>Type: 3min<br>Split: train
user26,3min,train,2781,-73.31034,115.66984,1.0404904,11.902262,User: user26<br>Type: 3min<br>Split: train
user28,3min,train,2782,-25.982513,138.95264,3.5473661,29.28138,User: user28<br>Type: 3min<br>Split: train
user3,3min,train,2783,-32.380524,65.15644,0.96255565,26.798016,User: user3<br>Type: 3min<br>Split: train
user32,3min,train,2784,-52.54509,200.63278,1.1803654,16.690294,User: user32<br>Type: 3min<br>Split: train
user34,3min,train,2785,-42.164413,-38.25206,-17.835058,-0.97836125,User: user34<br>Type: 3min<br>Split: train
user36,3min,train,2786,-196.6053,-46.669827,-19.10328,-2.6632488,User: user36<br>Type: 3min<br>Split: train
user37,3min,train,2787,22.970564,107.643776,10.65029,13.628537,User: user37<br>Type: 3min<br>Split: train
user39,3min,train,2788,-83.50522,-99.28785,-8.037688,-8.948956,User: user39<br>Type: 3min<br>Split: train
user41,3min,train,2789,-126.0254,163.50269,-13.020452,9.776457,User: user41<br>Type: 3min<br>Split: train
user42,3min,train,2790,11.140395,147.74826,-8.402258,10.091647,User: user42<br>Type: 3min<br>Split: train
user43,3min,train,2791,-38.40839,81.84102,-10.256828,18.627245,User: user43<br>Type: 3min<br>Split: train
user45,3min,train,2792,-27.081148,36.82445,-11.113903,15.170468,User: user45<br>Type: 3min<br>Split: train
user46,3min,train,2793,-9.6432085,-35.762337,-1.2227409,-8.960125,User: user46<br>Type: 3min<br>Split: train
user48,3min,train,2794,63.466167,45.12324,7.2714033,20.95255,User: user48<br>Type: 3min<br>Split: train
user51,3min,train,2795,-34.59145,-16.559484,-9.8576145,1.9122978,User: user51<br>Type: 3min<br>Split: train
user56,3min,train,2796,-116.01288,-83.58743,0.5990715,-6.5474763,User: user56<br>Type: 3min<br>Split: train
user61,3min,train,2797,13.136969,-132.71332,3.6082048,-14.250181,User: user61<br>Type: 3min<br>Split: train
user63,3min,train,2798,-76.3527,-55.018288,-11.396364,-4.0955257,User: user63<br>Type: 3min<br>Split: train
user65,3min,train,2799,31.86232,-94.33745,10.9529505,-7.4010754,User: user65<br>Type: 3min<br>Split: train
user69,3min,train,2800,-101.18627,-143.4123,-1.9773219,-1.7150043,User: user69<br>Type: 3min<br>Split: train
user7,3min,train,2801,-7.1419573,-177.19244,-3.6404622,-3.4720116,User: user7<br>Type: 3min<br>Split: train
user70,3min,train,2802,-53.917717,-110.53692,12.472311,5.4038424,User: user70<br>Type: 3min<br>Split: train
user72,3min,train,2803,13.62859,22.772324,6.892139,0.3594948,User: user72<br>Type: 3min<br>Split: train
user73,3min,train,2804,-22.528036,-53.160408,3.871592,-8.35002,User: user73<br>Type: 3min<br>Split: train
user74,3min,train,2805,-152.19351,138.6777,-18.372364,20.247911,User: user74<br>Type: 3min<br>Split: train
user75,3min,train,2806,98.249374,175.8584,15.533604,32.49488,User: user75<br>Type: 3min<br>Split: train
user76,3min,train,2807,155.25519,-24.52458,14.085614,13.894313,User: user76<br>Type: 3min<br>Split: train
user77,3min,train,2808,-142.63501,-48.656788,-10.011074,-6.3412776,User: user77<br>Type: 3min<br>Split: train
user78,3min,train,2809,-170.96631,-1.9590068,-12.92136,-0.22670306,User: user78<br>Type: 3min<br>Split: train
user79,3min,train,2810,-30.512867,11.3816,6.1275454,26.023178,User: user79<br>Type: 3min<br>Split: train
user8,3min,train,2811,-129.58746,24.109426,-13.897188,6.6021585,User: user8<br>Type: 3min<br>Split: train
user80,3min,train,2812,84.20569,-148.9275,10.290943,-5.1294875,User: user80<br>Type: 3min<br>Split: train
user83,3min,train,2813,-25.770061,-124.25772,3.3189867,-4.0580506,User: user83<br>Type: 3min<br>Split: train
user84,3min,train,2814,-97.5791,146.49004,-14.446899,24.319998,User: user84<br>Type: 3min<br>Split: train
user85,3min,train,2815,136.38219,-81.04708,6.60529,7.52325,User: user85<br>Type: 3min<br>Split: train
user86,3min,train,2816,-46.58125,-171.89458,-0.7887638,-20.259123,User: user86<br>Type: 3min<br>Split: train
user87,3min,train,2817,13.01546,52.540264,4.6831827,19.040968,User: user87<br>Type: 3min<br>Split: train
user89,3min,train,2818,140.6399,-112.28211,19.202183,13.667347,User: user89<br>Type: 3min<br>Split: train
user9,3min,train,2819,75.78509,66.43162,7.0024447,16.41397,User: user9<br>Type: 3min<br>Split: train
user10,3min,train,2820,-1.3907136,97.334656,-3.5493937,19.75623,User: user10<br>Type: 3min<br>Split: train
user13,3min,train,2821,-138.71892,46.876972,-2.4055507,12.180065,User: user13<br>Type: 3min<br>Split: train
user14,3min,train,2822,-145.96432,107.237465,-23.882027,10.300717,User: user14<br>Type: 3min<br>Split: train
user15,3min,train,2823,-108.41618,-112.25345,-12.22117,-2.3533978,User: user15<br>Type: 3min<br>Split: train
user18,3min,train,2824,-63.888412,73.953804,-15.674026,8.853602,User: user18<br>Type: 3min<br>Split: train
user2,3min,train,2825,60.334183,-131.87576,14.073657,0.5995244,User: user2<br>Type: 3min<br>Split: train
user23,3min,train,2826,-98.451775,-20.052794,-20.412184,2.0005174,User: user23<br>Type: 3min<br>Split: train
user27,3min,train,2827,154.21333,-52.922832,15.7012615,3.8232596,User: user27<br>Type: 3min<br>Split: train
user28,3min,train,2828,-16.752575,142.8599,3.5355299,29.275433,User: user28<br>Type: 3min<br>Split: train
user31,3min,train,2829,12.347404,-1.844164,16.29614,10.711495,User: user31<br>Type: 3min<br>Split: train
user33,3min,train,2830,-121.60412,127.08609,-8.744909,25.40007,User: user33<br>Type: 3min<br>Split: train
user35,3min,train,2831,167.05638,-2.6472218,26.047884,21.979364,User: user35<br>Type: 3min<br>Split: train
user35,3min,train,2832,-11.778402,-11.859678,4.2145224,-1.1500086,User: user35<br>Type: 3min<br>Split: train
user36,3min,train,2833,-196.6053,-46.669827,-19.079847,-2.6869931,User: user36<br>Type: 3min<br>Split: train
user38,3min,train,2834,-62.84318,171.02867,0.4953913,19.068226,User: user38<br>Type: 3min<br>Split: train
user40,3min,train,2835,-76.4712,-2.9430878,-27.574781,6.546974,User: user40<br>Type: 3min<br>Split: train
user41,3min,train,2836,-126.0254,163.50269,-13.020573,9.776675,User: user41<br>Type: 3min<br>Split: train
user42,3min,train,2837,11.140395,147.74826,-8.407801,10.086941,User: user42<br>Type: 3min<br>Split: train
user44,3min,train,2838,-81.92371,-38.51104,-25.972538,0.6577173,User: user44<br>Type: 3min<br>Split: train
user45,3min,train,2839,-27.081148,36.82445,-11.1208,15.176877,User: user45<br>Type: 3min<br>Split: train
user47,3min,train,2840,58.35414,-1.0038519,17.833487,23.489712,User: user47<br>Type: 3min<br>Split: train
user48,3min,train,2841,63.466167,45.12324,7.283691,20.964867,User: user48<br>Type: 3min<br>Split: train
user49,3min,train,2842,142.51956,109.82349,14.262706,19.540615,User: user49<br>Type: 3min<br>Split: train
user52,3min,train,2843,-137.88318,-23.181454,-24.001225,4.1822457,User: user52<br>Type: 3min<br>Split: train
user55,3min,train,2844,-7.6376166,56.571766,11.973156,17.191236,User: user55<br>Type: 3min<br>Split: train
user56,3min,train,2845,-116.01288,-83.58743,0.5926378,-6.541739,User: user56<br>Type: 3min<br>Split: train
user58,3min,train,2846,-194.49309,-81.73398,-16.242443,-6.037918,User: user58<br>Type: 3min<br>Split: train
user59,3min,train,2847,-52.860874,116.49881,-1.5427471,25.729876,User: user59<br>Type: 3min<br>Split: train
user6,3min,train,2848,-143.42564,-76.430695,-20.463446,-6.6006594,User: user6<br>Type: 3min<br>Split: train
user64,3min,train,2849,-165.83238,-130.14728,-15.267983,-10.549248,User: user64<br>Type: 3min<br>Split: train
user65,3min,train,2850,31.86232,-94.33745,10.953681,-7.4018865,User: user65<br>Type: 3min<br>Split: train
user70,3min,train,2851,-53.917717,-110.53692,8.80327,-8.041922,User: user70<br>Type: 3min<br>Split: train
user72,3min,train,2852,13.62859,22.772324,6.8901386,0.35781023,User: user72<br>Type: 3min<br>Split: train
user74,3min,train,2853,-152.19351,138.6777,-18.36391,20.256725,User: user74<br>Type: 3min<br>Split: train
user76,3min,train,2854,138.65271,-15.393615,14.186631,13.993864,User: user76<br>Type: 3min<br>Split: train
user82,3min,train,2855,29.121454,-13.748628,13.910526,7.7072206,User: user82<br>Type: 3min<br>Split: train
user87,3min,train,2856,12.871375,46.512875,4.690536,19.053667,User: user87<br>Type: 3min<br>Split: train
user9,3min,train,2857,75.78509,66.43162,7.0355735,16.373789,User: user9<br>Type: 3min<br>Split: train
user1,3min,train,2858,18.920324,76.693565,-12.920997,21.981546,User: user1<br>Type: 3min<br>Split: train
user13,3min,train,2859,-138.71892,46.876972,-2.3769433,12.1409,User: user13<br>Type: 3min<br>Split: train
user15,3min,train,2860,-108.41618,-112.25345,-12.213284,-2.3612268,User: user15<br>Type: 3min<br>Split: train
user17,3min,train,2861,-195.68074,-15.931047,-24.157656,-3.1418526,User: user17<br>Type: 3min<br>Split: train
user19,3min,train,2862,-166.4242,-96.49441,-11.29892,-9.590556,User: user19<br>Type: 3min<br>Split: train
user21,3min,train,2863,-60.06158,-23.163872,-20.781467,-15.251563,User: user21<br>Type: 3min<br>Split: train
user22,3min,train,2864,-94.92357,6.672643,-5.4506154,-1.3769166,User: user22<br>Type: 3min<br>Split: train
user24,3min,train,2865,-52.51017,5.934216,-14.573952,16.325771,User: user24<br>Type: 3min<br>Split: train
user25,3min,train,2866,-132.98659,73.275345,-15.488022,0.94934034,User: user25<br>Type: 3min<br>Split: train
user29,3min,train,2867,-164.6717,54.795074,6.347424,3.460242,User: user29<br>Type: 3min<br>Split: train
user3,3min,train,2868,-38.06489,53.211464,0.9619375,26.79841,User: user3<br>Type: 3min<br>Split: train
user33,3min,train,2869,-121.60412,127.08609,-8.735891,25.391064,User: user33<br>Type: 3min<br>Split: train
user35,3min,train,2870,167.05638,-2.6472218,26.04943,21.978357,User: user35<br>Type: 3min<br>Split: train
user35,3min,train,2871,-11.778402,-11.859678,4.2032146,-1.1386825,User: user35<br>Type: 3min<br>Split: train
user38,3min,train,2872,-62.84318,171.02867,0.5045101,19.076832,User: user38<br>Type: 3min<br>Split: train
user4,3min,train,2873,-89.33292,51.406857,-1.5916144,0.43741935,User: user4<br>Type: 3min<br>Split: train
user42,3min,train,2874,11.140395,147.74826,-8.401896,10.091306,User: user42<br>Type: 3min<br>Split: train
user43,3min,train,2875,-38.40839,81.84102,-10.257238,18.627644,User: user43<br>Type: 3min<br>Split: train
user44,3min,train,2876,-97.63191,-53.365215,-25.964054,0.64925534,User: user44<br>Type: 3min<br>Split: train
user46,3min,train,2877,-9.6432085,-35.762337,-1.2232871,-8.959946,User: user46<br>Type: 3min<br>Split: train
user47,3min,train,2878,57.813705,-12.545794,17.806622,23.461197,User: user47<br>Type: 3min<br>Split: train
user48,3min,train,2879,54.93492,40.243313,7.2753754,20.95661,User: user48<br>Type: 3min<br>Split: train
user5,3min,train,2880,-144.17363,2.538802,7.1410675,-2.8290067,User: user5<br>Type: 3min<br>Split: train
user50,3min,train,2881,-165.25569,-29.547632,-6.9652147,-2.9492989,User: user50<br>Type: 3min<br>Split: train
user51,3min,train,2882,-34.59145,-16.559484,-9.8629055,1.9173802,User: user51<br>Type: 3min<br>Split: train
user52,3min,train,2883,-137.88318,-23.181454,-20.286236,9.322297,User: user52<br>Type: 3min<br>Split: train
user53,3min,train,2884,91.53717,-59.223194,20.870554,-10.381647,User: user53<br>Type: 3min<br>Split: train
user54,3min,train,2885,50.826115,-46.471756,28.261408,-3.4315915,User: user54<br>Type: 3min<br>Split: train
user59,3min,train,2886,-42.905766,122.347595,-1.5424443,25.730534,User: user59<br>Type: 3min<br>Split: train
user60,3min,train,2887,104.54602,92.16839,16.565258,7.9971414,User: user60<br>Type: 3min<br>Split: train
user62,3min,train,2888,-161.29836,25.327385,-11.064348,5.2778273,User: user62<br>Type: 3min<br>Split: train
user67,3min,train,2889,-122.12124,97.05209,-1.6131345,14.644447,User: user67<br>Type: 3min<br>Split: train
user69,3min,train,2890,-101.18627,-143.4123,-1.9754176,-1.7121772,User: user69<br>Type: 3min<br>Split: train
user7,3min,train,2891,-7.1419573,-177.19244,8.001166,-12.886138,User: user7<br>Type: 3min<br>Split: train
user70,3min,train,2892,-53.917717,-110.53692,8.812785,-8.049596,User: user70<br>Type: 3min<br>Split: train
user72,3min,train,2893,13.62859,22.772324,6.8741374,0.34164232,User: user72<br>Type: 3min<br>Split: train
user73,3min,train,2894,-22.528036,-53.160408,3.613465,-8.602543,User: user73<br>Type: 3min<br>Split: train
user77,3min,train,2895,-142.63501,-48.656788,-9.980972,-6.311921,User: user77<br>Type: 3min<br>Split: train
user79,3min,train,2896,-30.512867,11.3816,6.114006,26.00943,User: user79<br>Type: 3min<br>Split: train
user80,3min,train,2897,84.20569,-148.9275,10.291089,-5.129445,User: user80<br>Type: 3min<br>Split: train
user83,3min,train,2898,-25.770061,-124.25772,3.3212414,-4.0539446,User: user83<br>Type: 3min<br>Split: train
user84,3min,train,2899,-97.5791,146.49004,-14.452255,24.314562,User: user84<br>Type: 3min<br>Split: train
user85,3min,train,2900,136.38219,-81.04708,6.676811,7.5949197,User: user85<br>Type: 3min<br>Split: train
user86,3min,train,2901,-46.58125,-171.89458,-0.7927444,-20.255396,User: user86<br>Type: 3min<br>Split: train
user87,3min,train,2902,12.871375,46.512875,4.6582026,19.024149,User: user87<br>Type: 3min<br>Split: train
user1,3min,train,2903,17.276632,72.5268,-12.895571,21.956657,User: user1<br>Type: 3min<br>Split: train
user10,3min,train,2904,-1.3907136,97.334656,-3.5497153,19.756262,User: user10<br>Type: 3min<br>Split: train
user11,3min,train,2905,-137.4076,-103.33537,-14.795638,-2.8602839,User: user11<br>Type: 3min<br>Split: train
user12,3min,train,2906,-72.13619,-156.55666,-3.5182652,-13.415053,User: user12<br>Type: 3min<br>Split: train
user13,3min,train,2907,-138.71892,46.876972,-2.395572,12.1638365,User: user13<br>Type: 3min<br>Split: train
user15,3min,train,2908,-108.41618,-112.25345,2.9180417,2.3623269,User: user15<br>Type: 3min<br>Split: train
user18,3min,train,2909,-63.888412,73.953804,-15.66363,8.866081,User: user18<br>Type: 3min<br>Split: train
user21,3min,train,2910,-55.038788,-15.146535,-20.750223,-15.223304,User: user21<br>Type: 3min<br>Split: train
user22,3min,train,2911,-94.92357,6.672643,-5.4576488,-1.3841634,User: user22<br>Type: 3min<br>Split: train
user23,3min,train,2912,-98.451775,-20.052794,-20.396452,2.0163643,User: user23<br>Type: 3min<br>Split: train
user24,3min,train,2913,-52.51017,5.934216,-5.6985164,6.0781693,User: user24<br>Type: 3min<br>Split: train
user25,3min,train,2914,-132.98659,73.275345,-15.488995,0.9502053,User: user25<br>Type: 3min<br>Split: train
user26,3min,train,2915,-73.31034,115.66984,1.0516483,11.9129925,User: user26<br>Type: 3min<br>Split: train
user29,3min,train,2916,-164.6717,54.795074,-1.7797557,9.720245,User: user29<br>Type: 3min<br>Split: train
user3,3min,train,2917,-38.06489,53.211464,0.9791108,26.781185,User: user3<br>Type: 3min<br>Split: train
user31,3min,train,2918,12.347404,-1.844164,16.295704,10.684098,User: user31<br>Type: 3min<br>Split: train
user32,3min,train,2919,-52.54509,200.63278,1.1549243,16.715616,User: user32<br>Type: 3min<br>Split: train
user33,3min,train,2920,-121.60412,127.08609,-8.735308,25.390396,User: user33<br>Type: 3min<br>Split: train
user35,3min,train,2921,-11.778402,-11.859678,4.2040157,-1.1392667,User: user35<br>Type: 3min<br>Split: train
user39,3min,train,2922,-83.50522,-99.28785,-3.3323274,1.5686983,User: user39<br>Type: 3min<br>Split: train
user40,3min,train,2923,-71.57965,-4.132366,-27.577255,6.5445914,User: user40<br>Type: 3min<br>Split: train
user42,3min,train,2924,11.140395,147.74826,-8.410645,10.08049,User: user42<br>Type: 3min<br>Split: train
user43,3min,train,2925,-38.40839,81.84102,-11.065597,19.51719,User: user43<br>Type: 3min<br>Split: train
user46,3min,train,2926,-9.6432085,-35.762337,-1.2231326,-8.960681,User: user46<br>Type: 3min<br>Split: train
user47,3min,train,2927,58.35414,-1.0038519,17.843573,23.492338,User: user47<br>Type: 3min<br>Split: train
user48,3min,train,2928,63.466167,45.12324,7.262919,20.9441,User: user48<br>Type: 3min<br>Split: train
user49,3min,train,2929,142.51956,109.82349,14.26014,19.540989,User: user49<br>Type: 3min<br>Split: train
user5,3min,train,2930,-144.17363,2.538802,7.142328,-2.8279307,User: user5<br>Type: 3min<br>Split: train
user53,3min,train,2931,91.53717,-59.223194,20.871227,-10.38092,User: user53<br>Type: 3min<br>Split: train
user54,3min,train,2932,50.826115,-46.471756,28.244987,-3.4481409,User: user54<br>Type: 3min<br>Split: train
user56,3min,train,2933,-116.01288,-83.58743,0.6074861,-6.5563912,User: user56<br>Type: 3min<br>Split: train
user57,3min,train,2934,-92.59654,180.8146,-8.671498,14.868364,User: user57<br>Type: 3min<br>Split: train
user58,3min,train,2935,-194.49309,-81.73398,-16.292498,-6.0872774,User: user58<br>Type: 3min<br>Split: train
user59,3min,train,2936,-42.905766,122.347595,-1.5429459,25.729832,User: user59<br>Type: 3min<br>Split: train
user6,3min,train,2937,-143.42564,-76.430695,-20.464031,-6.6012425,User: user6<br>Type: 3min<br>Split: train
user60,3min,train,2938,104.54602,92.16839,16.564968,7.997064,User: user60<br>Type: 3min<br>Split: train
user61,3min,train,2939,13.136969,-132.71332,3.606664,-14.247833,User: user61<br>Type: 3min<br>Split: train
user62,3min,train,2940,-161.29836,25.327385,-11.029663,5.243224,User: user62<br>Type: 3min<br>Split: train
user62,3min,train,2941,-105.7373,29.50931,-16.67285,3.7906551,User: user62<br>Type: 3min<br>Split: train
user63,3min,train,2942,-76.3527,-55.018288,-17.008486,-8.161458,User: user63<br>Type: 3min<br>Split: train
user66,3min,train,2943,-30.797297,-98.508545,21.97804,5.1460633,User: user66<br>Type: 3min<br>Split: train
user67,3min,train,2944,-122.12124,97.05209,-1.6711215,14.586248,User: user67<br>Type: 3min<br>Split: train
user68,3min,train,2945,-61.284966,-85.49953,0.57233745,-11.480015,User: user68<br>Type: 3min<br>Split: train
user72,3min,train,2946,13.62859,22.772324,6.8869743,0.35461387,User: user72<br>Type: 3min<br>Split: train
user74,3min,train,2947,-152.19351,138.6777,-18.349094,20.266825,User: user74<br>Type: 3min<br>Split: train
user75,3min,train,2948,98.249374,175.8584,15.537376,32.49942,User: user75<br>Type: 3min<br>Split: train
user76,3min,train,2949,155.25519,-24.52458,14.174688,13.982053,User: user76<br>Type: 3min<br>Split: train
user79,3min,train,2950,-30.512867,11.3816,6.110953,26.006187,User: user79<br>Type: 3min<br>Split: train
user80,3min,train,2951,84.20569,-148.9275,10.361505,-13.285955,User: user80<br>Type: 3min<br>Split: train
user82,3min,train,2952,29.121454,-13.748628,13.910058,7.7060704,User: user82<br>Type: 3min<br>Split: train
user83,3min,train,2953,-25.770061,-124.25772,3.3069458,-4.0689597,User: user83<br>Type: 3min<br>Split: train
user85,3min,train,2954,136.38219,-81.04708,6.617463,7.5355134,User: user85<br>Type: 3min<br>Split: train
user86,3min,train,2955,-46.58125,-171.89458,-0.792938,-20.255098,User: user86<br>Type: 3min<br>Split: train
user87,3min,train,2956,12.871375,46.512875,4.6901593,19.02705,User: user87<br>Type: 3min<br>Split: train
user88,3min,train,2957,10.523731,-81.482994,5.3907466,-4.567143,User: user88<br>Type: 3min<br>Split: train
user10,3min,train,2958,-1.3907136,97.334656,-3.5496874,19.756279,User: user10<br>Type: 3min<br>Split: train
user11,3min,train,2959,-137.4076,-103.33537,-14.795715,-2.8602312,User: user11<br>Type: 3min<br>Split: train
user12,3min,train,2960,-72.13619,-156.55666,-3.876339,-18.968636,User: user12<br>Type: 3min<br>Split: train
user16,3min,train,2961,-14.740286,205.85985,3.6036189,21.795082,User: user16<br>Type: 3min<br>Split: train
user18,3min,train,2962,-63.888412,73.953804,-15.663716,8.866117,User: user18<br>Type: 3min<br>Split: train
user19,3min,train,2963,-166.4242,-96.49441,-11.281669,-9.608031,User: user19<br>Type: 3min<br>Split: train
user2,3min,train,2964,60.334183,-131.87576,14.068471,0.5945476,User: user2<br>Type: 3min<br>Split: train
user23,3min,train,2965,-98.451775,-20.052794,-20.385302,2.0273855,User: user23<br>Type: 3min<br>Split: train
user26,3min,train,2966,-73.31034,115.66984,1.0409886,11.9030905,User: user26<br>Type: 3min<br>Split: train
user27,3min,train,2967,154.21333,-52.922832,15.701048,3.8233192,User: user27<br>Type: 3min<br>Split: train
user28,3min,train,2968,-16.752575,142.8599,3.5362978,29.272173,User: user28<br>Type: 3min<br>Split: train
user29,3min,train,2969,-164.6717,54.795074,-1.779348,9.719782,User: user29<br>Type: 3min<br>Split: train
user35,3min,train,2970,167.05638,-2.6472218,26.07739,22.005465,User: user35<br>Type: 3min<br>Split: train
user35,3min,train,2971,-11.778402,-11.859678,4.214693,-1.1502074,User: user35<br>Type: 3min<br>Split: train
user39,3min,train,2972,-83.50522,-99.28785,-3.3337297,1.5717912,User: user39<br>Type: 3min<br>Split: train
user41,3min,train,2973,-126.0254,163.50269,-13.030054,9.775359,User: user41<br>Type: 3min<br>Split: train
user42,3min,train,2974,11.140395,147.74826,-8.403339,10.089995,User: user42<br>Type: 3min<br>Split: train
user43,3min,train,2975,-31.597916,88.53738,-11.042831,19.493063,User: user43<br>Type: 3min<br>Split: train
user44,3min,train,2976,-126.801575,-63.609825,-25.952381,0.6375909,User: user44<br>Type: 3min<br>Split: train
user45,3min,train,2977,-28.594263,32.087917,-11.094578,15.150754,User: user45<br>Type: 3min<br>Split: train
user49,3min,train,2978,142.51956,109.82349,14.237579,19.516441,User: user49<br>Type: 3min<br>Split: train
user50,3min,train,2979,-165.25569,-29.547632,-6.965002,-2.949115,User: user50<br>Type: 3min<br>Split: train
user51,3min,train,2980,-34.59145,-16.559484,-9.862081,1.9170446,User: user51<br>Type: 3min<br>Split: train
user52,3min,train,2981,-137.88318,-23.181454,-20.286316,9.322343,User: user52<br>Type: 3min<br>Split: train
user53,3min,train,2982,91.53717,-59.223194,2.8365095,-16.914093,User: user53<br>Type: 3min<br>Split: train
user56,3min,train,2983,-116.01288,-83.58743,0.6442053,-6.5932918,User: user56<br>Type: 3min<br>Split: train
user57,3min,train,2984,-92.59654,180.8146,-5.725544,15.465132,User: user57<br>Type: 3min<br>Split: train
user58,3min,train,2985,-194.49309,-81.73398,-16.235653,-6.0311294,User: user58<br>Type: 3min<br>Split: train
user60,3min,train,2986,104.54602,92.16839,16.565023,7.997347,User: user60<br>Type: 3min<br>Split: train
user62,3min,train,2987,-161.29836,25.327385,-11.029657,5.2431755,User: user62<br>Type: 3min<br>Split: train
user63,3min,train,2988,-76.3527,-55.018288,-16.992645,-8.176961,User: user63<br>Type: 3min<br>Split: train
user66,3min,train,2989,-30.797297,-98.508545,21.996792,5.127237,User: user66<br>Type: 3min<br>Split: train
user67,3min,train,2990,-122.12124,97.05209,-1.6715208,14.586213,User: user67<br>Type: 3min<br>Split: train
user69,3min,train,2991,-101.18627,-143.4123,-1.9883846,-1.7253292,User: user69<br>Type: 3min<br>Split: train
user7,3min,train,2992,-7.1419573,-177.19244,8.027407,-12.858756,User: user7<br>Type: 3min<br>Split: train
user72,3min,train,2993,13.62859,22.772324,6.8891454,0.35652053,User: user72<br>Type: 3min<br>Split: train
user73,3min,train,2994,-28.42152,-53.697807,3.6202123,-8.595478,User: user73<br>Type: 3min<br>Split: train
user74,3min,train,2995,-152.19351,138.6777,-18.359434,20.260319,User: user74<br>Type: 3min<br>Split: train
user76,3min,train,2996,138.65271,-15.393615,14.086492,13.895304,User: user76<br>Type: 3min<br>Split: train
user78,3min,train,2997,-170.96631,-1.9590068,-12.921512,-0.22658426,User: user78<br>Type: 3min<br>Split: train
user8,3min,train,2998,-129.58746,24.109426,-13.896644,6.602224,User: user8<br>Type: 3min<br>Split: train
user83,3min,train,2999,-25.770061,-124.25772,3.3265038,-4.0491395,User: user83<br>Type: 3min<br>Split: train
user89,3min,train,3000,140.6399,-112.28211,19.216227,13.653419,User: user89<br>Type: 3min<br>Split: train
user11,3min,train,3001,-137.4076,-103.33537,-14.795632,-2.8604057,User: user11<br>Type: 3min<br>Split: train
user14,3min,train,3002,-145.96432,107.237465,-23.858961,10.324051,User: user14<br>Type: 3min<br>Split: train
user15,3min,train,3003,-108.41618,-112.25345,-12.220703,-2.3539572,User: user15<br>Type: 3min<br>Split: train
user17,3min,train,3004,-195.68074,-15.931047,-18.545774,6.96302,User: user17<br>Type: 3min<br>Split: train
user19,3min,train,3005,-166.4242,-96.49441,-11.279402,-9.611174,User: user19<br>Type: 3min<br>Split: train
user2,3min,train,3006,60.334183,-131.87576,14.058692,0.6126223,User: user2<br>Type: 3min<br>Split: train
user21,3min,train,3007,-55.038788,-15.146535,-20.794937,-15.264011,User: user21<br>Type: 3min<br>Split: train
user22,3min,train,3008,-94.92357,6.672643,-5.458073,-1.3848866,User: user22<br>Type: 3min<br>Split: train
user23,3min,train,3009,-98.451775,-20.052794,-20.417578,1.9952803,User: user23<br>Type: 3min<br>Split: train
user27,3min,train,3010,154.21333,-52.922832,15.714674,3.8099577,User: user27<br>Type: 3min<br>Split: train
user29,3min,train,3011,-164.6717,54.795074,-1.7795794,9.71981,User: user29<br>Type: 3min<br>Split: train
user3,3min,train,3012,-38.06489,53.211464,0.90693766,26.853807,User: user3<br>Type: 3min<br>Split: train
user30,3min,train,3013,-133.4254,-133.25356,-16.561903,-15.193993,User: user30<br>Type: 3min<br>Split: train
user32,3min,train,3014,-52.54509,200.63278,1.1711109,16.69961,User: user32<br>Type: 3min<br>Split: train
user34,3min,train,3015,-42.164413,-38.25206,-17.835135,-0.97856224,User: user34<br>Type: 3min<br>Split: train
user35,3min,train,3016,-9.899128,-6.2469883,4.1908092,-1.1437228,User: user35<br>Type: 3min<br>Split: train
user37,3min,train,3017,22.970564,107.643776,10.64693,13.625962,User: user37<br>Type: 3min<br>Split: train
user39,3min,train,3018,-83.50522,-99.28785,-8.037797,-8.948937,User: user39<br>Type: 3min<br>Split: train
user40,3min,train,3019,-71.57965,-4.132366,-27.57203,6.549836,User: user40<br>Type: 3min<br>Split: train
user41,3min,train,3020,-126.0254,163.50269,-13.021242,9.7764015,User: user41<br>Type: 3min<br>Split: train
user43,3min,train,3021,-38.40839,81.84102,-11.062836,19.514406,User: user43<br>Type: 3min<br>Split: train
user45,3min,train,3022,-27.081148,36.82445,-11.109504,15.165832,User: user45<br>Type: 3min<br>Split: train
user46,3min,train,3023,-9.6432085,-35.762337,-1.2232904,-8.960516,User: user46<br>Type: 3min<br>Split: train
user47,3min,train,3024,58.35414,-1.0038519,17.852257,23.541086,User: user47<br>Type: 3min<br>Split: train
user48,3min,train,3025,63.466167,45.12324,7.2902856,20.97157,User: user48<br>Type: 3min<br>Split: train
user49,3min,train,3026,142.51956,109.82349,14.247109,19.53624,User: user49<br>Type: 3min<br>Split: train
user5,3min,train,3027,-144.17363,2.538802,-0.28030732,5.49847,User: user5<br>Type: 3min<br>Split: train
user51,3min,train,3028,-34.59145,-16.559484,-9.86304,1.9176664,User: user51<br>Type: 3min<br>Split: train
user52,3min,train,3029,-137.88318,-23.181454,-24.001133,4.1825314,User: user52<br>Type: 3min<br>Split: train
user53,3min,train,3030,91.53717,-59.223194,20.870607,-10.381587,User: user53<br>Type: 3min<br>Split: train
user54,3min,train,3031,50.826115,-46.471756,28.274006,-3.4191034,User: user54<br>Type: 3min<br>Split: train
user55,3min,train,3032,-12.099864,53.11249,11.989664,17.174696,User: user55<br>Type: 3min<br>Split: train
user56,3min,train,3033,-116.01288,-83.58743,0.5981,-6.5468583,User: user56<br>Type: 3min<br>Split: train
user57,3min,train,3034,-92.59654,180.8146,-8.628222,14.824723,User: user57<br>Type: 3min<br>Split: train
user59,3min,train,3035,-42.905766,122.347595,-3.552906,24.323965,User: user59<br>Type: 3min<br>Split: train
user61,3min,train,3036,13.136969,-132.71332,3.6085696,-14.250402,User: user61<br>Type: 3min<br>Split: train
user64,3min,train,3037,-165.83238,-130.14728,-15.212045,-10.605172,User: user64<br>Type: 3min<br>Split: train
user65,3min,train,3038,41.84453,-92.8349,10.955605,-7.403748,User: user65<br>Type: 3min<br>Split: train
user68,3min,train,3039,-69.76248,-80.18108,0.66374445,-11.571797,User: user68<br>Type: 3min<br>Split: train
user70,3min,train,3040,-53.917717,-110.53692,8.802389,-8.016057,User: user70<br>Type: 3min<br>Split: train
user71,3min,train,3041,131.66515,-36.84476,19.013115,-1.8743807,User: user71<br>Type: 3min<br>Split: train
user72,3min,train,3042,13.62859,22.772324,6.8891163,0.35663477,User: user72<br>Type: 3min<br>Split: train
user75,3min,train,3043,98.249374,175.8584,15.522041,32.48392,User: user75<br>Type: 3min<br>Split: train
user8,3min,train,3044,-129.58746,24.109426,-13.898404,6.603295,User: user8<br>Type: 3min<br>Split: train
user80,3min,train,3045,84.20569,-148.9275,10.2908945,-5.129173,User: user80<br>Type: 3min<br>Split: train
user83,3min,train,3046,-25.770061,-124.25772,3.3429458,-4.0325255,User: user83<br>Type: 3min<br>Split: train
user84,3min,train,3047,-97.5791,146.49004,-14.45682,24.309837,User: user84<br>Type: 3min<br>Split: train
user85,3min,train,3048,136.38219,-81.04708,6.6468987,7.564942,User: user85<br>Type: 3min<br>Split: train
user87,3min,train,3049,12.871375,46.512875,4.677601,19.04033,User: user87<br>Type: 3min<br>Split: train
user89,3min,train,3050,140.6399,-112.28211,19.235605,13.633981,User: user89<br>Type: 3min<br>Split: train
user15,3min,train,3051,-108.41618,-112.25345,2.89777,2.3627772,User: user15<br>Type: 3min<br>Split: train
user17,3min,train,3052,-195.68074,-15.931047,-18.545744,6.962991,User: user17<br>Type: 3min<br>Split: train
user2,3min,train,3053,60.334183,-131.87576,14.063165,0.5892365,User: user2<br>Type: 3min<br>Split: train
user21,3min,train,3054,-60.06158,-23.163872,-20.791912,-15.261019,User: user21<br>Type: 3min<br>Split: train
user22,3min,train,3055,-94.92357,6.672643,-5.4576507,-1.3846241,User: user22<br>Type: 3min<br>Split: train
user23,3min,train,3056,-98.451775,-20.052794,-20.402987,2.0098588,User: user23<br>Type: 3min<br>Split: train
user24,3min,train,3057,-52.40137,0.21165341,-14.573351,16.328098,User: user24<br>Type: 3min<br>Split: train
user26,3min,train,3058,-73.31034,115.66984,1.0577687,11.886631,User: user26<br>Type: 3min<br>Split: train
user27,3min,train,3059,154.21333,-52.922832,15.704005,3.8197014,User: user27<br>Type: 3min<br>Split: train
user28,3min,train,3060,-16.752575,142.8599,3.5476701,29.280142,User: user28<br>Type: 3min<br>Split: train
user29,3min,train,3061,-164.6717,54.795074,-1.7796874,9.719708,User: user29<br>Type: 3min<br>Split: train
user35,3min,train,3062,167.05638,-2.6472218,26.051046,21.979992,User: user35<br>Type: 3min<br>Split: train
user39,3min,train,3063,-83.50522,-99.28785,-3.337221,1.573882,User: user39<br>Type: 3min<br>Split: train
user4,3min,train,3064,-89.33292,51.406857,-11.505878,10.029885,User: user4<br>Type: 3min<br>Split: train
user43,3min,train,3065,-38.40839,81.84102,-11.062967,19.514416,User: user43<br>Type: 3min<br>Split: train
user46,3min,train,3066,-9.6432085,-35.762337,-1.222973,-8.960483,User: user46<br>Type: 3min<br>Split: train
user48,3min,train,3067,63.466167,45.12324,7.2579765,20.939178,User: user48<br>Type: 3min<br>Split: train
user5,3min,train,3068,-144.17363,2.538802,-0.27995607,5.4985723,User: user5<br>Type: 3min<br>Split: train
user50,3min,train,3069,-165.25569,-29.547632,-8.789178,-3.527071,User: user50<br>Type: 3min<br>Split: train
user51,3min,train,3070,-34.00116,-6.956563,-9.868412,1.9201188,User: user51<br>Type: 3min<br>Split: train
user52,3min,train,3071,-133.299,-13.996157,-24.001219,4.182181,User: user52<br>Type: 3min<br>Split: train
user53,3min,train,3072,91.53717,-59.223194,2.8430946,-16.905512,User: user53<br>Type: 3min<br>Split: train
user55,3min,train,3073,-12.099864,53.11249,12.082163,17.081476,User: user55<br>Type: 3min<br>Split: train
user56,3min,train,3074,-116.01288,-83.58743,0.64041626,-6.589202,User: user56<br>Type: 3min<br>Split: train
user58,3min,train,3075,-194.49309,-81.73398,-16.26091,-6.056126,User: user58<br>Type: 3min<br>Split: train
user59,3min,train,3076,-42.905766,122.347595,-1.5429153,25.729483,User: user59<br>Type: 3min<br>Split: train
user6,3min,train,3077,-143.42564,-76.430695,-20.44993,-6.587047,User: user6<br>Type: 3min<br>Split: train
user62,3min,train,3078,-105.7373,29.50931,-16.699451,3.8174198,User: user62<br>Type: 3min<br>Split: train
user66,3min,train,3079,-30.797297,-98.508545,22.009787,5.114442,User: user66<br>Type: 3min<br>Split: train
user7,3min,train,3080,-7.1419573,-177.19244,8.025668,-12.861256,User: user7<br>Type: 3min<br>Split: train
user70,3min,train,3081,-53.917717,-110.53692,8.793293,-8.031704,User: user70<br>Type: 3min<br>Split: train
user71,3min,train,3082,131.66515,-36.84476,19.014652,-1.8736229,User: user71<br>Type: 3min<br>Split: train
user72,3min,train,3083,13.62859,22.772324,6.889131,0.35675275,User: user72<br>Type: 3min<br>Split: train
user75,3min,train,3084,98.249374,175.8584,15.527411,32.489338,User: user75<br>Type: 3min<br>Split: train
user77,3min,train,3085,-142.63501,-48.656788,-9.990144,-6.320868,User: user77<br>Type: 3min<br>Split: train
user79,3min,train,3086,-30.512867,11.3816,6.1109567,26.006315,User: user79<br>Type: 3min<br>Split: train
user8,3min,train,3087,-129.58746,24.109426,-4.1351066,17.183489,User: user8<br>Type: 3min<br>Split: train
user80,3min,train,3088,84.20569,-148.9275,10.358239,-13.289146,User: user80<br>Type: 3min<br>Split: train
user81,3min,train,3089,-113.86219,54.042454,-3.5679216,8.313916,User: user81<br>Type: 3min<br>Split: train
user83,3min,train,3090,-25.770061,-124.25772,3.2976673,-4.0777235,User: user83<br>Type: 3min<br>Split: train
user84,3min,train,3091,-97.5791,146.49004,-14.454562,24.312355,User: user84<br>Type: 3min<br>Split: train
user85,3min,train,3092,136.38219,-81.04708,6.624431,7.5424786,User: user85<br>Type: 3min<br>Split: train
user86,3min,train,3093,-46.58125,-171.89458,-0.7820152,-20.244698,User: user86<br>Type: 3min<br>Split: train
user87,3min,train,3094,12.871375,46.512875,4.677139,19.040323,User: user87<br>Type: 3min<br>Split: train
user10,3min,train,3095,-1.3907136,97.334656,-3.549388,19.756105,User: user10<br>Type: 3min<br>Split: train
user12,3min,train,3096,-72.13619,-156.55666,-3.5195098,-13.414528,User: user12<br>Type: 3min<br>Split: train
user13,3min,train,3097,-138.71892,46.876972,-2.4113543,12.18695,User: user13<br>Type: 3min<br>Split: train
user15,3min,train,3098,-108.41618,-112.25345,2.903474,2.3482988,User: user15<br>Type: 3min<br>Split: train
user16,3min,train,3099,-14.740286,205.85985,3.5078738,21.699335,User: user16<br>Type: 3min<br>Split: train
user17,3min,train,3100,-195.68074,-15.931047,-24.157478,-3.1422071,User: user17<br>Type: 3min<br>Split: train
user18,3min,train,3101,-63.888412,73.953804,-15.64374,8.845916,User: user18<br>Type: 3min<br>Split: train
user20,3min,train,3102,-105.06311,77.88808,-14.083462,2.5974944,User: user20<br>Type: 3min<br>Split: train
user23,3min,train,3103,-91.27516,-27.560137,-20.434164,1.9786493,User: user23<br>Type: 3min<br>Split: train
user24,3min,train,3104,-52.40137,0.21165341,-14.572863,16.324196,User: user24<br>Type: 3min<br>Split: train
user25,3min,train,3105,-132.98659,73.275345,-0.53796446,2.699233,User: user25<br>Type: 3min<br>Split: train
user26,3min,train,3106,-73.31034,115.66984,1.0429064,11.910509,User: user26<br>Type: 3min<br>Split: train
user29,3min,train,3107,-164.6717,54.795074,6.335504,3.4695637,User: user29<br>Type: 3min<br>Split: train
user31,3min,train,3108,12.347404,-1.844164,16.325146,10.708403,User: user31<br>Type: 3min<br>Split: train
user32,3min,train,3109,-52.54509,200.63278,1.3785703,16.492159,User: user32<br>Type: 3min<br>Split: train
user33,3min,train,3110,-121.60412,127.08609,-8.73255,25.387587,User: user33<br>Type: 3min<br>Split: train
user34,3min,train,3111,-42.164413,-38.25206,-17.834948,-0.97826433,User: user34<br>Type: 3min<br>Split: train
user35,3min,train,3112,-11.778402,-11.859678,4.219202,-1.1527283,User: user35<br>Type: 3min<br>Split: train
user36,3min,train,3113,-196.6053,-46.669827,-19.089317,-2.677287,User: user36<br>Type: 3min<br>Split: train
user37,3min,train,3114,22.970564,107.643776,11.219067,14.0612,User: user37<br>Type: 3min<br>Split: train
user38,3min,train,3115,-62.84318,171.02867,0.49528873,19.067867,User: user38<br>Type: 3min<br>Split: train
user43,3min,train,3116,-38.40839,81.84102,-11.062932,19.514826,User: user43<br>Type: 3min<br>Split: train
user46,3min,train,3117,-11.69883,-30.652655,-1.2166553,-8.955637,User: user46<br>Type: 3min<br>Split: train
user48,3min,train,3118,63.466167,45.12324,7.2820888,20.963251,User: user48<br>Type: 3min<br>Split: train
user50,3min,train,3119,-165.25569,-29.547632,-6.9650874,-2.9491398,User: user50<br>Type: 3min<br>Split: train
user52,3min,train,3120,-137.88318,-23.181454,-24.001905,4.180361,User: user52<br>Type: 3min<br>Split: train
user55,3min,train,3121,-12.099864,53.11249,11.978757,17.185532,User: user55<br>Type: 3min<br>Split: train
user57,3min,train,3122,-92.59654,180.8146,-5.7324114,15.438052,User: user57<br>Type: 3min<br>Split: train
user58,3min,train,3123,-194.49309,-81.73398,-16.230686,-6.0265265,User: user58<br>Type: 3min<br>Split: train
user59,3min,train,3124,-42.905766,122.347595,-3.577295,24.31433,User: user59<br>Type: 3min<br>Split: train
user61,3min,train,3125,13.136969,-132.71332,13.2777605,-12.45691,User: user61<br>Type: 3min<br>Split: train
user62,3min,train,3126,-161.29836,25.327385,-11.014327,5.2284093,User: user62<br>Type: 3min<br>Split: train
user62,3min,train,3127,-105.7373,29.50931,-16.676361,3.7947192,User: user62<br>Type: 3min<br>Split: train
user63,3min,train,3128,-76.3527,-55.018288,-11.39633,-4.095529,User: user63<br>Type: 3min<br>Split: train
user64,3min,train,3129,-165.83238,-130.14728,-15.281725,-10.53531,User: user64<br>Type: 3min<br>Split: train
user65,3min,train,3130,31.86232,-94.33745,1.5724403,-18.570955,User: user65<br>Type: 3min<br>Split: train
user67,3min,train,3131,-122.12124,97.05209,-1.671439,14.585976,User: user67<br>Type: 3min<br>Split: train
user7,3min,train,3132,-7.1419573,-177.19244,-3.6403968,-3.471949,User: user7<br>Type: 3min<br>Split: train
user70,3min,train,3133,-53.917717,-110.53692,12.470732,5.4027085,User: user70<br>Type: 3min<br>Split: train
user71,3min,train,3134,131.66515,-36.84476,19.025448,-1.8935236,User: user71<br>Type: 3min<br>Split: train
user73,3min,train,3135,-24.10208,-63.022884,3.8609667,-8.360415,User: user73<br>Type: 3min<br>Split: train
user79,3min,train,3136,-30.512867,11.3816,6.1110845,26.006357,User: user79<br>Type: 3min<br>Split: train
user81,3min,train,3137,-113.86219,54.042454,-5.705617,12.3435135,User: user81<br>Type: 3min<br>Split: train
user83,3min,train,3138,-25.770061,-124.25772,3.3216155,-4.054167,User: user83<br>Type: 3min<br>Split: train
user85,3min,train,3139,136.38219,-81.04708,6.631191,7.5488734,User: user85<br>Type: 3min<br>Split: train
user87,3min,train,3140,12.871375,46.512875,4.675486,19.03465,User: user87<br>Type: 3min<br>Split: train
user88,3min,train,3141,15.223314,-78.70015,5.391081,-4.567316,User: user88<br>Type: 3min<br>Split: train
user1,3min,train,3142,18.920324,76.693565,-12.916383,21.976824,User: user1<br>Type: 3min<br>Split: train
user11,3min,train,3143,-137.4076,-103.33537,-14.795839,-2.8603184,User: user11<br>Type: 3min<br>Split: train
user14,3min,train,3144,-145.96432,107.237465,-23.85895,10.324006,User: user14<br>Type: 3min<br>Split: train
user16,3min,train,3145,-14.740286,205.85985,3.490045,21.681347,User: user16<br>Type: 3min<br>Split: train
user17,3min,train,3146,-195.68074,-15.931047,-18.545683,6.962907,User: user17<br>Type: 3min<br>Split: train
user18,3min,train,3147,-63.888412,73.953804,-15.656724,8.872933,User: user18<br>Type: 3min<br>Split: train
user19,3min,train,3148,-166.4242,-96.49441,-2.2685463,-10.767574,User: user19<br>Type: 3min<br>Split: train
user20,3min,train,3149,-105.06311,77.88808,-8.960401,7.767508,User: user20<br>Type: 3min<br>Split: train
user22,3min,train,3150,-94.92357,6.672643,-5.453239,-1.3795851,User: user22<br>Type: 3min<br>Split: train
user24,3min,train,3151,-52.40137,0.21165341,-14.564449,16.31209,User: user24<br>Type: 3min<br>Split: train
user27,3min,train,3152,154.21333,-52.922832,15.716405,3.8076606,User: user27<br>Type: 3min<br>Split: train
user28,3min,train,3153,-16.752575,142.8599,3.5366387,29.27258,User: user28<br>Type: 3min<br>Split: train
user29,3min,train,3154,-164.6717,54.795074,6.3471675,3.4603488,User: user29<br>Type: 3min<br>Split: train
user3,3min,train,3155,-36.397167,58.08161,0.9290572,26.830933,User: user3<br>Type: 3min<br>Split: train
user30,3min,train,3156,-133.4254,-133.25356,-3.561099,-5.4106708,User: user30<br>Type: 3min<br>Split: train
user31,3min,train,3157,12.347404,-1.844164,16.31197,10.692526,User: user31<br>Type: 3min<br>Split: train
user33,3min,train,3158,-121.60412,127.08609,-8.7434225,25.398218,User: user33<br>Type: 3min<br>Split: train
user34,3min,train,3159,-42.164413,-38.25206,-17.834856,-0.9780698,User: user34<br>Type: 3min<br>Split: train
user35,3min,train,3160,167.05638,-2.6472218,26.029583,21.957966,User: user35<br>Type: 3min<br>Split: train
user36,3min,train,3161,-196.6053,-46.669827,-19.09495,-2.6704817,User: user36<br>Type: 3min<br>Split: train
user39,3min,train,3162,-83.50522,-99.28785,-8.037628,-8.948811,User: user39<br>Type: 3min<br>Split: train
user40,3min,train,3163,-71.57965,-4.132366,-27.558844,6.5640297,User: user40<br>Type: 3min<br>Split: train
user41,3min,train,3164,-126.0254,163.50269,-13.021163,9.776462,User: user41<br>Type: 3min<br>Split: train
user46,3min,train,3165,-9.6432085,-35.762337,-1.2294731,-8.966805,User: user46<br>Type: 3min<br>Split: train
user48,3min,train,3166,54.93492,40.243313,7.278434,20.959532,User: user48<br>Type: 3min<br>Split: train
user49,3min,train,3167,142.51956,109.82349,14.272668,19.532408,User: user49<br>Type: 3min<br>Split: train
user5,3min,train,3168,-144.17363,2.538802,-0.28019908,5.4983597,User: user5<br>Type: 3min<br>Split: train
user51,3min,train,3169,-34.59145,-16.559484,-9.862044,1.9165788,User: user51<br>Type: 3min<br>Split: train
user53,3min,train,3170,91.53717,-59.223194,20.87078,-10.381414,User: user53<br>Type: 3min<br>Split: train
user55,3min,train,3171,-12.099864,53.11249,12.076406,17.087557,User: user55<br>Type: 3min<br>Split: train
user56,3min,train,3172,-116.01288,-83.58743,0.58497214,-6.5433364,User: user56<br>Type: 3min<br>Split: train
user58,3min,train,3173,-194.49309,-81.73398,-16.243343,-6.0385823,User: user58<br>Type: 3min<br>Split: train
user6,3min,train,3174,-143.42564,-76.430695,-20.463863,-6.601125,User: user6<br>Type: 3min<br>Split: train
user61,3min,train,3175,13.136969,-132.71332,3.6082883,-14.249942,User: user61<br>Type: 3min<br>Split: train
user66,3min,train,3176,-30.797297,-98.508545,22.010023,5.114196,User: user66<br>Type: 3min<br>Split: train
user68,3min,train,3177,-61.284966,-85.49953,0.6539168,-11.562131,User: user68<br>Type: 3min<br>Split: train
user7,3min,train,3178,-7.1419573,-177.19244,8.0297985,-12.857469,User: user7<br>Type: 3min<br>Split: train
user70,3min,train,3179,-53.917717,-110.53692,12.470783,5.4026003,User: user70<br>Type: 3min<br>Split: train
user71,3min,train,3180,131.66515,-36.84476,18.999369,-1.8889767,User: user71<br>Type: 3min<br>Split: train
user73,3min,train,3181,-28.42152,-53.697807,3.6146998,-8.601406,User: user73<br>Type: 3min<br>Split: train
user76,3min,train,3182,155.25519,-24.52458,14.086253,13.895245,User: user76<br>Type: 3min<br>Split: train
user77,3min,train,3183,-142.63501,-48.656788,-9.988134,-6.318466,User: user77<br>Type: 3min<br>Split: train
user78,3min,train,3184,-170.96631,-1.9590068,-12.921171,-0.22669613,User: user78<br>Type: 3min<br>Split: train
user79,3min,train,3185,-30.512867,11.3816,6.111082,26.006426,User: user79<br>Type: 3min<br>Split: train
user8,3min,train,3186,-129.58746,24.109426,-13.897321,6.602479,User: user8<br>Type: 3min<br>Split: train
user80,3min,train,3187,84.20569,-148.9275,10.291267,-5.1295853,User: user80<br>Type: 3min<br>Split: train
user81,3min,train,3188,-113.86219,54.042454,-3.5679376,8.314086,User: user81<br>Type: 3min<br>Split: train
user82,3min,train,3189,29.121454,-13.748628,13.910799,7.707046,User: user82<br>Type: 3min<br>Split: train
user84,3min,train,3190,-97.5791,146.49004,-14.454601,24.3122,User: user84<br>Type: 3min<br>Split: train
user85,3min,train,3191,136.38219,-81.04708,6.6255574,7.5435433,User: user85<br>Type: 3min<br>Split: train
user86,3min,train,3192,-46.58125,-171.89458,-0.8025208,-20.244562,User: user86<br>Type: 3min<br>Split: train
user87,3min,train,3193,12.871375,46.512875,4.677309,19.040323,User: user87<br>Type: 3min<br>Split: train
user88,3min,train,3194,10.523731,-81.482994,15.6388645,-5.6593423,User: user88<br>Type: 3min<br>Split: train
user9,3min,train,3195,75.78509,66.43162,6.988064,16.428358,User: user9<br>Type: 3min<br>Split: train
user1,3min,train,3196,13.863741,76.31855,-12.91208,21.97313,User: user1<br>Type: 3min<br>Split: train
user12,3min,train,3197,-72.13619,-156.55666,-3.8902848,-18.98247,User: user12<br>Type: 3min<br>Split: train
user14,3min,train,3198,-145.96432,107.237465,-23.858843,10.323935,User: user14<br>Type: 3min<br>Split: train
user15,3min,train,3199,-108.41618,-112.25345,-12.220697,-2.3540308,User: user15<br>Type: 3min<br>Split: train
user16,3min,train,3200,-14.740286,205.85985,3.6187568,21.808958,User: user16<br>Type: 3min<br>Split: train
user19,3min,train,3201,-166.4242,-96.49441,-11.286297,-9.606051,User: user19<br>Type: 3min<br>Split: train
user20,3min,train,3202,-105.06311,77.88808,-14.082905,2.5972168,User: user20<br>Type: 3min<br>Split: train
user22,3min,train,3203,-94.92357,6.672643,-5.446097,-1.3709583,User: user22<br>Type: 3min<br>Split: train
user34,3min,train,3204,-42.164413,-38.25206,-17.834969,-0.97811425,User: user34<br>Type: 3min<br>Split: train
user35,3min,train,3205,-9.899128,-6.2469883,4.2089524,-1.1435654,User: user35<br>Type: 3min<br>Split: train
user36,3min,train,3206,-196.6053,-46.669827,-19.085241,-2.6800022,User: user36<br>Type: 3min<br>Split: train
user42,3min,train,3207,11.140395,147.74826,-8.422096,10.071553,User: user42<br>Type: 3min<br>Split: train
user44,3min,train,3208,-126.801575,-63.609825,-25.971148,0.65854895,User: user44<br>Type: 3min<br>Split: train
user46,3min,train,3209,-9.6432085,-35.762337,-1.202284,-8.940214,User: user46<br>Type: 3min<br>Split: train
user47,3min,train,3210,53.44146,-4.4149036,17.83879,23.494785,User: user47<br>Type: 3min<br>Split: train
user48,3min,train,3211,63.466167,45.12324,7.2441564,20.92536,User: user48<br>Type: 3min<br>Split: train
user57,3min,train,3212,-92.59654,180.8146,-8.635544,14.831318,User: user57<br>Type: 3min<br>Split: train
user58,3min,train,3213,-194.49309,-81.73398,-16.23314,-6.028888,User: user58<br>Type: 3min<br>Split: train
user6,3min,train,3214,-143.42564,-76.430695,-20.46381,-6.601098,User: user6<br>Type: 3min<br>Split: train
user61,3min,train,3215,13.136969,-132.71332,13.262803,-12.473071,User: user61<br>Type: 3min<br>Split: train
user62,3min,train,3216,-105.7373,29.50931,-16.688547,3.7768612,User: user62<br>Type: 3min<br>Split: train
user65,3min,train,3217,31.86232,-94.33745,10.954663,-7.400842,User: user65<br>Type: 3min<br>Split: train
user67,3min,train,3218,-122.12124,97.05209,-1.6340889,14.623964,User: user67<br>Type: 3min<br>Split: train
user69,3min,train,3219,-101.18627,-143.4123,-5.672542,-7.097029,User: user69<br>Type: 3min<br>Split: train
user73,3min,train,3220,-28.42152,-53.697807,3.8618038,-8.359442,User: user73<br>Type: 3min<br>Split: train
user75,3min,train,3221,98.249374,175.8584,15.535466,32.49747,User: user75<br>Type: 3min<br>Split: train
user79,3min,train,3222,-30.512867,11.3816,6.129279,26.024385,User: user79<br>Type: 3min<br>Split: train
user81,3min,train,3223,-113.86219,54.042454,-3.5680532,8.313976,User: user81<br>Type: 3min<br>Split: train
user82,3min,train,3224,29.121454,-13.748628,13.910547,7.7071147,User: user82<br>Type: 3min<br>Split: train
user84,3min,train,3225,-97.5791,146.49004,-14.453636,24.31188,User: user84<br>Type: 3min<br>Split: train
user85,3min,train,3226,136.38219,-81.04708,6.644482,7.5622973,User: user85<br>Type: 3min<br>Split: train
user87,3min,train,3227,12.871375,46.512875,4.6613646,19.036087,User: user87<br>Type: 3min<br>Split: train
user88,3min,train,3228,15.223314,-78.70015,15.663632,-5.6429753,User: user88<br>Type: 3min<br>Split: train
user89,3min,train,3229,140.6399,-112.28211,19.219843,13.6495075,User: user89<br>Type: 3min<br>Split: train
user9,3min,train,3230,85.470345,69.392166,7.0010104,16.41575,User: user9<br>Type: 3min<br>Split: train
user1,3min,train,3231,15.5723505,67.43697,-12.884462,21.94541,User: user1<br>Type: 3min<br>Split: train
user11,3min,train,3232,-137.4076,-103.33537,-14.795898,-2.8601599,User: user11<br>Type: 3min<br>Split: train
user17,3min,train,3233,-195.68074,-15.931047,-18.546917,6.9624257,User: user17<br>Type: 3min<br>Split: train
user19,3min,train,3234,-166.4242,-96.49441,-2.268845,-10.767613,User: user19<br>Type: 3min<br>Split: train
user2,3min,train,3235,60.334183,-131.87576,14.072543,0.59905845,User: user2<br>Type: 3min<br>Split: train
user21,3min,train,3236,-60.06158,-23.163872,-20.817503,-15.28651,User: user21<br>Type: 3min<br>Split: train
user22,3min,train,3237,-94.92357,6.672643,-5.4530234,-1.3795571,User: user22<br>Type: 3min<br>Split: train
user23,3min,train,3238,-98.451775,-20.052794,-20.415165,1.9976656,User: user23<br>Type: 3min<br>Split: train
user24,3min,train,3239,-52.40137,0.21165341,-5.6986074,6.0781302,User: user24<br>Type: 3min<br>Split: train
user25,3min,train,3240,-132.98659,73.275345,-0.54446614,2.700618,User: user25<br>Type: 3min<br>Split: train
user30,3min,train,3241,-133.4254,-133.25356,-16.564583,-15.193379,User: user30<br>Type: 3min<br>Split: train
user32,3min,train,3242,-52.54509,200.63278,1.1726676,16.6982,User: user32<br>Type: 3min<br>Split: train
user35,3min,train,3243,167.05638,-2.6472218,26.052374,21.980442,User: user35<br>Type: 3min<br>Split: train
user36,3min,train,3244,-196.6053,-46.669827,-19.09016,-2.675421,User: user36<br>Type: 3min<br>Split: train
user37,3min,train,3245,22.970564,107.643776,11.229506,14.070347,User: user37<br>Type: 3min<br>Split: train
user40,3min,train,3246,-70.77144,-8.9134865,-27.57171,6.550002,User: user40<br>Type: 3min<br>Split: train
user42,3min,train,3247,11.140395,147.74826,-8.37502,10.117537,User: user42<br>Type: 3min<br>Split: train
user43,3min,train,3248,-38.40839,81.84102,-10.257314,18.627842,User: user43<br>Type: 3min<br>Split: train
user44,3min,train,3249,-126.801575,-63.609825,-25.964348,0.65039116,User: user44<br>Type: 3min<br>Split: train
user47,3min,train,3250,53.44146,-4.4149036,17.828598,23.480589,User: user47<br>Type: 3min<br>Split: train
user5,3min,train,3251,-144.17363,2.538802,7.1300735,-2.8403683,User: user5<br>Type: 3min<br>Split: train
user52,3min,train,3252,-137.88318,-23.181454,-20.28853,9.324448,User: user52<br>Type: 3min<br>Split: train
user55,3min,train,3253,-12.099864,53.11249,12.076559,17.087364,User: user55<br>Type: 3min<br>Split: train
user59,3min,train,3254,-42.905766,122.347595,-3.5568984,24.320717,User: user59<br>Type: 3min<br>Split: train
user61,3min,train,3255,13.136969,-132.71332,13.308637,-12.43082,User: user61<br>Type: 3min<br>Split: train
user62,3min,train,3256,-105.7373,29.50931,-16.690037,3.8066797,User: user62<br>Type: 3min<br>Split: train
user66,3min,train,3257,-30.797297,-98.508545,22.001951,5.122793,User: user66<br>Type: 3min<br>Split: train
user74,3min,train,3258,-152.19351,138.6777,-18.36298,20.257368,User: user74<br>Type: 3min<br>Split: train
user75,3min,train,3259,98.249374,175.8584,15.533219,32.49568,User: user75<br>Type: 3min<br>Split: train
user77,3min,train,3260,-142.63501,-48.656788,-9.976387,-6.3063006,User: user77<br>Type: 3min<br>Split: train
user79,3min,train,3261,-30.512867,11.3816,6.1267734,26.021732,User: user79<br>Type: 3min<br>Split: train
user80,3min,train,3262,84.20569,-148.9275,10.358167,-13.288988,User: user80<br>Type: 3min<br>Split: train
user83,3min,train,3263,-25.770061,-124.25772,3.31108,-4.0652223,User: user83<br>Type: 3min<br>Split: train
user87,3min,train,3264,12.871375,46.512875,4.660822,19.063356,User: user87<br>Type: 3min<br>Split: train
user11,3min,train,3265,-137.4076,-103.33537,-14.794236,-2.860652,User: user11<br>Type: 3min<br>Split: train
user13,3min,train,3266,-138.71892,46.876972,-2.3956695,12.164407,User: user13<br>Type: 3min<br>Split: train
user14,3min,train,3267,-145.96432,107.237465,-23.858906,10.324041,User: user14<br>Type: 3min<br>Split: train
user15,3min,train,3268,-108.41618,-112.25345,2.9055011,2.3520062,User: user15<br>Type: 3min<br>Split: train
user16,3min,train,3269,-14.740286,205.85985,3.6035693,21.794798,User: user16<br>Type: 3min<br>Split: train
user2,3min,train,3270,60.334183,-131.87576,14.065223,0.59079856,User: user2<br>Type: 3min<br>Split: train
user23,3min,train,3271,-98.451775,-20.052794,-20.410324,2.0024393,User: user23<br>Type: 3min<br>Split: train
user24,3min,train,3272,-52.51017,5.934216,-5.6984153,6.0779214,User: user24<br>Type: 3min<br>Split: train
user26,3min,train,3273,-73.31034,115.66984,1.040748,11.901371,User: user26<br>Type: 3min<br>Split: train
user27,3min,train,3274,154.21333,-52.922832,15.725475,3.7988908,User: user27<br>Type: 3min<br>Split: train
user30,3min,train,3275,-133.4254,-133.25356,-16.561893,-15.193999,User: user30<br>Type: 3min<br>Split: train
user32,3min,train,3276,-52.54509,200.63278,1.3649547,16.506056,User: user32<br>Type: 3min<br>Split: train
user35,3min,train,3277,167.05638,-2.6472218,26.056412,21.984905,User: user35<br>Type: 3min<br>Split: train
user36,3min,train,3278,-196.6053,-46.669827,-19.089804,-2.6767123,User: user36<br>Type: 3min<br>Split: train
user37,3min,train,3279,22.970564,107.643776,10.648028,13.626819,User: user37<br>Type: 3min<br>Split: train
user39,3min,train,3280,-83.50522,-99.28785,-3.3359015,1.5732563,User: user39<br>Type: 3min<br>Split: train
user46,3min,train,3281,-9.6432085,-35.762337,-1.2299972,-8.96936,User: user46<br>Type: 3min<br>Split: train
user47,3min,train,3282,53.44146,-4.4149036,17.818367,23.5106,User: user47<br>Type: 3min<br>Split: train
user48,3min,train,3283,63.466167,45.12324,7.2802663,20.961546,User: user48<br>Type: 3min<br>Split: train
user49,3min,train,3284,142.51956,109.82349,14.2628565,19.543905,User: user49<br>Type: 3min<br>Split: train
user55,3min,train,3285,-12.099864,53.11249,11.990824,17.173418,User: user55<br>Type: 3min<br>Split: train
user56,3min,train,3286,-116.01288,-83.58743,0.5911629,-6.5406795,User: user56<br>Type: 3min<br>Split: train
user57,3min,train,3287,-92.59654,180.8146,-5.72216,15.467909,User: user57<br>Type: 3min<br>Split: train
user64,3min,train,3288,-165.83238,-130.14728,-15.3114195,-10.505783,User: user64<br>Type: 3min<br>Split: train
user66,3min,train,3289,-30.797297,-98.508545,22.003029,5.123993,User: user66<br>Type: 3min<br>Split: train
user68,3min,train,3290,-61.284966,-85.49953,0.8836364,-11.791077,User: user68<br>Type: 3min<br>Split: train
user7,3min,train,3291,-7.1419573,-177.19244,8.029542,-12.857717,User: user7<br>Type: 3min<br>Split: train
user73,3min,train,3292,-28.42152,-53.697807,3.7266839,-8.491742,User: user73<br>Type: 3min<br>Split: train
user76,3min,train,3293,155.25519,-24.52458,14.174792,13.982338,User: user76<br>Type: 3min<br>Split: train
user77,3min,train,3294,-142.63501,-48.656788,-10.141101,-6.4693904,User: user77<br>Type: 3min<br>Split: train
user78,3min,train,3295,-170.96631,-1.9590068,-12.925481,-0.23157066,User: user78<br>Type: 3min<br>Split: train
user79,3min,train,3296,-30.512867,11.3816,6.1150684,26.009935,User: user79<br>Type: 3min<br>Split: train
user80,3min,train,3297,84.20569,-148.9275,10.357224,-13.289406,User: user80<br>Type: 3min<br>Split: train
user81,3min,train,3298,-113.86219,54.042454,-3.5681312,8.314274,User: user81<br>Type: 3min<br>Split: train
user85,3min,train,3299,136.38219,-81.04708,6.6410203,7.558835,User: user85<br>Type: 3min<br>Split: train
user86,3min,train,3300,-46.58125,-171.89458,-0.7771467,-20.269808,User: user86<br>Type: 3min<br>Split: train
user9,3min,train,3301,75.78509,66.43162,7.0032907,16.413942,User: user9<br>Type: 3min<br>Split: train
user10,3min,train,3302,-1.3907136,97.334656,-3.5691009,19.737305,User: user10<br>Type: 3min<br>Split: train
user11,3min,train,3303,-137.4076,-103.33537,-14.795675,-2.8604603,User: user11<br>Type: 3min<br>Split: train
user14,3min,train,3304,-145.96432,107.237465,-23.85715,10.322901,User: user14<br>Type: 3min<br>Split: train
user17,3min,train,3305,-195.68074,-15.931047,-18.545706,6.9630375,User: user17<br>Type: 3min<br>Split: train
user18,3min,train,3306,-63.888412,73.953804,-15.665738,8.868836,User: user18<br>Type: 3min<br>Split: train
user19,3min,train,3307,-166.4242,-96.49441,-11.281607,-9.608405,User: user19<br>Type: 3min<br>Split: train
user21,3min,train,3308,-60.06158,-23.163872,-20.791382,-15.260408,User: user21<br>Type: 3min<br>Split: train
user24,3min,train,3309,-52.51017,5.934216,-14.572595,16.323647,User: user24<br>Type: 3min<br>Split: train
user25,3min,train,3310,-132.98659,73.275345,-15.501187,0.96195406,User: user25<br>Type: 3min<br>Split: train
user27,3min,train,3311,154.21333,-52.922832,15.696785,3.8275318,User: user27<br>Type: 3min<br>Split: train
user28,3min,train,3312,-16.752575,142.8599,3.5337553,29.269714,User: user28<br>Type: 3min<br>Split: train
user30,3min,train,3313,-133.4254,-133.25356,-16.56257,-15.193379,User: user30<br>Type: 3min<br>Split: train
user31,3min,train,3314,12.347404,-1.844164,16.313557,10.704571,User: user31<br>Type: 3min<br>Split: train
user33,3min,train,3315,-121.60412,127.08609,-8.735455,25.390509,User: user33<br>Type: 3min<br>Split: train
user34,3min,train,3316,-42.164413,-38.25206,-7.2195888,3.1277156,User: user34<br>Type: 3min<br>Split: train
user36,3min,train,3317,-196.6053,-46.669827,-19.103746,-2.6626456,User: user36<br>Type: 3min<br>Split: train
user4,3min,train,3318,-89.33292,51.406857,-11.511669,10.033282,User: user4<br>Type: 3min<br>Split: train
user42,3min,train,3319,11.140395,147.74826,-8.399703,10.093754,User: user42<br>Type: 3min<br>Split: train
user43,3min,train,3320,-38.40839,81.84102,-11.062817,19.51438,User: user43<br>Type: 3min<br>Split: train
user45,3min,train,3321,-23.608673,32.238403,-11.100117,15.156297,User: user45<br>Type: 3min<br>Split: train
user46,3min,train,3322,-9.6432085,-35.762337,-1.2230018,-8.960613,User: user46<br>Type: 3min<br>Split: train
user47,3min,train,3323,53.44146,-4.4149036,17.859674,23.476826,User: user47<br>Type: 3min<br>Split: train
user5,3min,train,3324,-144.17363,2.538802,7.145457,-2.8250659,User: user5<br>Type: 3min<br>Split: train
user52,3min,train,3325,-137.88318,-23.181454,-24.00128,4.182138,User: user52<br>Type: 3min<br>Split: train
user57,3min,train,3326,-92.59654,180.8146,-5.7309217,15.453865,User: user57<br>Type: 3min<br>Split: train
user59,3min,train,3327,-52.860874,116.49881,-3.5520847,24.322294,User: user59<br>Type: 3min<br>Split: train
user62,3min,train,3328,-161.29836,25.327385,-11.038279,5.251843,User: user62<br>Type: 3min<br>Split: train
user64,3min,train,3329,-165.83238,-130.14728,-15.17764,-10.639491,User: user64<br>Type: 3min<br>Split: train
user69,3min,train,3330,-101.18627,-143.4123,-5.671499,-7.0968714,User: user69<br>Type: 3min<br>Split: train
user70,3min,train,3331,-53.917717,-110.53692,12.434401,5.3699613,User: user70<br>Type: 3min<br>Split: train
user71,3min,train,3332,131.66515,-36.84476,19.011465,-1.8768023,User: user71<br>Type: 3min<br>Split: train
user73,3min,train,3333,-22.528036,-53.160408,3.6143699,-8.603872,User: user73<br>Type: 3min<br>Split: train
user74,3min,train,3334,-152.19351,138.6777,-18.367435,20.25332,User: user74<br>Type: 3min<br>Split: train
user76,3min,train,3335,138.65271,-15.393615,14.180538,13.987941,User: user76<br>Type: 3min<br>Split: train
user79,3min,train,3336,-30.512867,11.3816,6.1198015,26.015377,User: user79<br>Type: 3min<br>Split: train
user84,3min,train,3337,-97.5791,146.49004,-14.455165,24.311697,User: user84<br>Type: 3min<br>Split: train
user85,3min,train,3338,136.38219,-81.04708,6.640963,7.559137,User: user85<br>Type: 3min<br>Split: train
user86,3min,train,3339,-46.58125,-171.89458,-0.79175407,-20.25524,User: user86<br>Type: 3min<br>Split: train
user87,3min,train,3340,12.871375,46.512875,4.666082,19.050858,User: user87<br>Type: 3min<br>Split: train
user1,3min,train,3341,13.863741,76.31855,-12.91586,21.976908,User: user1<br>Type: 3min<br>Split: train
user12,3min,train,3342,-72.13619,-156.55666,-3.8902931,-18.982838,User: user12<br>Type: 3min<br>Split: train
user13,3min,train,3343,-138.71892,46.876972,-2.395745,12.16415,User: user13<br>Type: 3min<br>Split: train
user17,3min,train,3344,-195.68074,-15.931047,-18.54572,6.963129,User: user17<br>Type: 3min<br>Split: train
user19,3min,train,3345,-166.4242,-96.49441,-2.2688181,-10.7676,User: user19<br>Type: 3min<br>Split: train
user21,3min,train,3346,-60.06158,-23.163872,-20.766634,-15.235543,User: user21<br>Type: 3min<br>Split: train
user22,3min,train,3347,-94.92357,6.672643,-5.4456716,-1.3725111,User: user22<br>Type: 3min<br>Split: train
user23,3min,train,3348,-98.451775,-20.052794,-20.422962,1.9898676,User: user23<br>Type: 3min<br>Split: train
user26,3min,train,3349,-73.31034,115.66984,1.0401784,11.899019,User: user26<br>Type: 3min<br>Split: train
user27,3min,train,3350,154.21333,-52.922832,15.701175,3.823055,User: user27<br>Type: 3min<br>Split: train
user30,3min,train,3351,-133.4254,-133.25356,-3.561176,-5.410933,User: user30<br>Type: 3min<br>Split: train
user32,3min,train,3352,-52.54509,200.63278,1.1591743,16.71178,User: user32<br>Type: 3min<br>Split: train
user33,3min,train,3353,-121.60412,127.08609,-8.747277,25.402428,User: user33<br>Type: 3min<br>Split: train
user35,3min,train,3354,167.05638,-2.6472218,26.062702,21.99125,User: user35<br>Type: 3min<br>Split: train
user35,3min,train,3355,-9.899128,-6.2469883,4.2386703,-1.1556052,User: user35<br>Type: 3min<br>Split: train
user36,3min,train,3356,-196.6053,-46.669827,-19.085459,-2.680031,User: user36<br>Type: 3min<br>Split: train
user39,3min,train,3357,-83.50522,-99.28785,-8.037514,-8.948691,User: user39<br>Type: 3min<br>Split: train
user4,3min,train,3358,-93.08352,58.8252,-11.503008,10.033693,User: user4<br>Type: 3min<br>Split: train
user40,3min,train,3359,-83.30343,-6.816241,-27.57172,6.5500226,User: user40<br>Type: 3min<br>Split: train
user41,3min,train,3360,-126.0254,163.50269,-13.023746,9.775383,User: user41<br>Type: 3min<br>Split: train
user45,3min,train,3361,-23.608673,32.238403,-11.109098,15.165144,User: user45<br>Type: 3min<br>Split: train
user47,3min,train,3362,53.44146,-4.4149036,17.816814,23.470552,User: user47<br>Type: 3min<br>Split: train
user50,3min,train,3363,-165.25569,-29.547632,-6.9650846,-2.949147,User: user50<br>Type: 3min<br>Split: train
user52,3min,train,3364,-137.88318,-23.181454,-24.001194,4.182244,User: user52<br>Type: 3min<br>Split: train
user53,3min,train,3365,91.53717,-59.223194,2.8373585,-16.91325,User: user53<br>Type: 3min<br>Split: train
user54,3min,train,3366,50.826115,-46.471756,28.2657,-3.427593,User: user54<br>Type: 3min<br>Split: train
user55,3min,train,3367,-12.099864,53.11249,12.076329,17.087494,User: user55<br>Type: 3min<br>Split: train
user60,3min,train,3368,104.54602,92.16839,3.793569,15.133727,User: user60<br>Type: 3min<br>Split: train
user65,3min,train,3369,31.86232,-94.33745,1.5726818,-18.57095,User: user65<br>Type: 3min<br>Split: train
user67,3min,train,3370,-122.12124,97.05209,-1.657974,14.598768,User: user67<br>Type: 3min<br>Split: train
user68,3min,train,3371,-61.284966,-85.49953,0.5702029,-11.477836,User: user68<br>Type: 3min<br>Split: train
user69,3min,train,3372,-101.18627,-143.4123,-1.9713477,-1.7082064,User: user69<br>Type: 3min<br>Split: train
user70,3min,train,3373,-53.917717,-110.53692,12.470335,5.4025803,User: user70<br>Type: 3min<br>Split: train
user74,3min,train,3374,-152.19351,138.6777,-18.368406,20.265234,User: user74<br>Type: 3min<br>Split: train
user75,3min,train,3375,98.249374,175.8584,15.5281725,32.490047,User: user75<br>Type: 3min<br>Split: train
user78,3min,train,3376,-170.96631,-1.9590068,-12.915243,-0.2316468,User: user78<br>Type: 3min<br>Split: train
user8,3min,train,3377,-129.58746,24.109426,-13.897187,6.6023855,User: user8<br>Type: 3min<br>Split: train
user80,3min,train,3378,84.20569,-148.9275,10.358943,-13.2889,User: user80<br>Type: 3min<br>Split: train
user81,3min,train,3379,-113.86219,54.042454,-3.5804622,8.298602,User: user81<br>Type: 3min<br>Split: train
user85,3min,train,3380,136.38219,-81.04708,6.6521873,7.569267,User: user85<br>Type: 3min<br>Split: train
user87,3min,train,3381,12.871375,46.512875,4.6825976,19.031555,User: user87<br>Type: 3min<br>Split: train
user89,3min,train,3382,140.6399,-112.28211,19.242397,13.626925,User: user89<br>Type: 3min<br>Split: train
user1,3min,train,3383,13.863741,76.31855,-12.89285,21.953283,User: user1<br>Type: 3min<br>Split: train
user10,3min,train,3384,-1.3907136,97.334656,-3.552079,19.756624,User: user10<br>Type: 3min<br>Split: train
user11,3min,train,3385,-137.4076,-103.33537,-14.79636,-2.8600047,User: user11<br>Type: 3min<br>Split: train
user13,3min,train,3386,-138.71892,46.876972,-2.3965797,12.159174,User: user13<br>Type: 3min<br>Split: train
user19,3min,train,3387,-166.4242,-96.49441,-11.281491,-9.608339,User: user19<br>Type: 3min<br>Split: train
user20,3min,train,3388,-105.06311,77.88808,-8.960374,7.7678313,User: user20<br>Type: 3min<br>Split: train
user23,3min,train,3389,-98.451775,-20.052794,-20.39318,2.0194626,User: user23<br>Type: 3min<br>Split: train
user24,3min,train,3390,-45.174473,2.6013658,-14.572648,16.323708,User: user24<br>Type: 3min<br>Split: train
user25,3min,train,3391,-132.98659,73.275345,-15.488062,0.94862455,User: user25<br>Type: 3min<br>Split: train
user29,3min,train,3392,-164.6717,54.795074,6.346904,3.4605067,User: user29<br>Type: 3min<br>Split: train
user3,3min,train,3393,-33.07321,53.066944,0.9749922,26.78537,User: user3<br>Type: 3min<br>Split: train
user30,3min,train,3394,-133.4254,-133.25356,-3.5611558,-5.4109406,User: user30<br>Type: 3min<br>Split: train
user33,3min,train,3395,-121.60412,127.08609,-8.735293,25.390396,User: user33<br>Type: 3min<br>Split: train
user34,3min,train,3396,-42.164413,-38.25206,-17.835379,-0.97859704,User: user34<br>Type: 3min<br>Split: train
user35,3min,train,3397,167.05638,-2.6472218,26.036854,21.965496,User: user35<br>Type: 3min<br>Split: train
user36,3min,train,3398,-196.6053,-46.669827,-19.04452,-2.7179296,User: user36<br>Type: 3min<br>Split: train
user37,3min,train,3399,22.970564,107.643776,11.230539,14.072412,User: user37<br>Type: 3min<br>Split: train
user39,3min,train,3400,-83.50522,-99.28785,-3.33704,1.5737337,User: user39<br>Type: 3min<br>Split: train
user4,3min,train,3401,-89.33292,51.406857,-1.5929395,0.43542588,User: user4<br>Type: 3min<br>Split: train
user41,3min,train,3402,-126.0254,163.50269,-13.027149,9.770218,User: user41<br>Type: 3min<br>Split: train
user44,3min,train,3403,-97.63191,-53.365215,-25.976915,0.6628696,User: user44<br>Type: 3min<br>Split: train
user45,3min,train,3404,-23.608673,32.238403,-11.096936,15.1528015,User: user45<br>Type: 3min<br>Split: train
user47,3min,train,3405,53.44146,-4.4149036,17.842337,23.496712,User: user47<br>Type: 3min<br>Split: train
user48,3min,train,3406,63.466167,45.12324,7.289267,20.970428,User: user48<br>Type: 3min<br>Split: train
user50,3min,train,3407,-165.25569,-29.547632,-6.965132,-2.9491324,User: user50<br>Type: 3min<br>Split: train
user51,3min,train,3408,-39.53016,-13.958741,-9.846163,1.9000766,User: user51<br>Type: 3min<br>Split: train
user54,3min,train,3409,50.826115,-46.471756,28.250534,-3.4427483,User: user54<br>Type: 3min<br>Split: train
user55,3min,train,3410,-12.099864,53.11249,11.962576,17.201988,User: user55<br>Type: 3min<br>Split: train
user57,3min,train,3411,-92.59654,180.8146,-8.632829,14.829655,User: user57<br>Type: 3min<br>Split: train
user6,3min,train,3412,-143.42564,-76.430695,-20.464306,-6.6014404,User: user6<br>Type: 3min<br>Split: train
user60,3min,train,3413,104.54602,92.16839,3.7936018,15.133662,User: user60<br>Type: 3min<br>Split: train
user61,3min,train,3414,13.136969,-132.71332,3.608241,-14.250127,User: user61<br>Type: 3min<br>Split: train
user62,3min,train,3415,-161.29836,25.327385,-11.057402,5.2716646,User: user62<br>Type: 3min<br>Split: train
user62,3min,train,3416,-105.7373,29.50931,-16.671293,3.7949762,User: user62<br>Type: 3min<br>Split: train
user63,3min,train,3417,-76.3527,-55.018288,-11.396296,-4.0955825,User: user63<br>Type: 3min<br>Split: train
user65,3min,train,3418,31.86232,-94.33745,10.954687,-7.4025764,User: user65<br>Type: 3min<br>Split: train
user68,3min,train,3419,-61.284966,-85.49953,0.6633203,-11.571471,User: user68<br>Type: 3min<br>Split: train
user69,3min,train,3420,-101.18627,-143.4123,-5.672369,-7.0970078,User: user69<br>Type: 3min<br>Split: train
user8,3min,train,3421,-129.58746,24.109426,-13.896793,6.601536,User: user8<br>Type: 3min<br>Split: train
user83,3min,train,3422,-25.770061,-124.25772,3.3210034,-4.0543575,User: user83<br>Type: 3min<br>Split: train
user84,3min,train,3423,-97.5791,146.49004,-14.458754,24.309582,User: user84<br>Type: 3min<br>Split: train
user85,3min,train,3424,136.38219,-81.04708,6.6356254,7.5533233,User: user85<br>Type: 3min<br>Split: train
user86,3min,train,3425,-46.58125,-171.89458,-0.79225,-20.255157,User: user86<br>Type: 3min<br>Split: train
user87,3min,train,3426,12.871375,46.512875,4.676951,19.039934,User: user87<br>Type: 3min<br>Split: train
user88,3min,train,3427,15.223314,-78.70015,5.388968,-4.5666776,User: user88<br>Type: 3min<br>Split: train
user89,3min,train,3428,140.6399,-112.28211,19.231134,13.6385145,User: user89<br>Type: 3min<br>Split: train
user9,3min,train,3429,75.78509,66.43162,7.0027876,16.413635,User: user9<br>Type: 3min<br>Split: train
user10,3min,train,3430,-1.3907136,97.334656,-3.546859,19.759712,User: user10<br>Type: 3min<br>Split: train
user12,3min,train,3431,-72.13619,-156.55666,-3.8907847,-18.983156,User: user12<br>Type: 3min<br>Split: train
user14,3min,train,3432,-145.96432,107.237465,-23.858957,10.323949,User: user14<br>Type: 3min<br>Split: train
user15,3min,train,3433,-108.41618,-112.25345,-12.220749,-2.3540683,User: user15<br>Type: 3min<br>Split: train
user17,3min,train,3434,-195.68074,-15.931047,-24.154474,-3.1459718,User: user17<br>Type: 3min<br>Split: train
user18,3min,train,3435,-63.888412,73.953804,-15.663534,8.866331,User: user18<br>Type: 3min<br>Split: train
user19,3min,train,3436,-166.4242,-96.49441,-2.268759,-10.767724,User: user19<br>Type: 3min<br>Split: train
user2,3min,train,3437,60.334183,-131.87576,14.07185,0.59785366,User: user2<br>Type: 3min<br>Split: train
user21,3min,train,3438,-60.06158,-23.163872,-20.79095,-15.259997,User: user21<br>Type: 3min<br>Split: train
user22,3min,train,3439,-94.92357,6.672643,-5.4527082,-1.3795161,User: user22<br>Type: 3min<br>Split: train
user23,3min,train,3440,-98.451775,-20.052794,-20.45317,1.9597031,User: user23<br>Type: 3min<br>Split: train
user24,3min,train,3441,-52.51017,5.934216,-5.6984606,6.0776415,User: user24<br>Type: 3min<br>Split: train
user25,3min,train,3442,-132.98659,73.275345,-15.487683,0.9488225,User: user25<br>Type: 3min<br>Split: train
user27,3min,train,3443,154.21333,-52.922832,15.701185,3.8231065,User: user27<br>Type: 3min<br>Split: train
user28,3min,train,3444,-16.752575,142.8599,3.5153959,29.251272,User: user28<br>Type: 3min<br>Split: train
user3,3min,train,3445,-36.397167,58.08161,0.9519064,26.808537,User: user3<br>Type: 3min<br>Split: train
user35,3min,train,3446,-11.778402,-11.859678,4.263619,-1.1971304,User: user35<br>Type: 3min<br>Split: train
user39,3min,train,3447,-83.50522,-99.28785,-3.3372147,1.573949,User: user39<br>Type: 3min<br>Split: train
user4,3min,train,3448,-89.33292,51.406857,-1.584207,0.44280976,User: user4<br>Type: 3min<br>Split: train
user40,3min,train,3449,-75.781364,-8.141219,-27.569225,6.5525317,User: user40<br>Type: 3min<br>Split: train
user42,3min,train,3450,11.140395,147.74826,-8.399866,10.093677,User: user42<br>Type: 3min<br>Split: train
user43,3min,train,3451,-38.40839,81.84102,-11.062698,19.514454,User: user43<br>Type: 3min<br>Split: train
user46,3min,train,3452,-11.69883,-30.652655,-1.2083807,-8.945747,User: user46<br>Type: 3min<br>Split: train
user47,3min,train,3453,53.44146,-4.4149036,17.841057,23.495256,User: user47<br>Type: 3min<br>Split: train
user49,3min,train,3454,142.51956,109.82349,14.232976,19.56619,User: user49<br>Type: 3min<br>Split: train
user5,3min,train,3455,-144.17363,2.538802,-0.28017488,5.4984245,User: user5<br>Type: 3min<br>Split: train
user51,3min,train,3456,-34.59145,-16.559484,-9.845656,1.9018908,User: user51<br>Type: 3min<br>Split: train
user53,3min,train,3457,91.53717,-59.223194,20.870565,-10.38155,User: user53<br>Type: 3min<br>Split: train
user55,3min,train,3458,-12.099864,53.11249,12.063982,17.099918,User: user55<br>Type: 3min<br>Split: train
user58,3min,train,3459,-194.49309,-81.73398,-16.209808,-6.0053477,User: user58<br>Type: 3min<br>Split: train
user60,3min,train,3460,104.54602,92.16839,16.562918,7.9973793,User: user60<br>Type: 3min<br>Split: train
user61,3min,train,3461,13.136969,-132.71332,13.32652,-12.40835,User: user61<br>Type: 3min<br>Split: train
user62,3min,train,3462,-105.7373,29.50931,-16.67939,3.7973123,User: user62<br>Type: 3min<br>Split: train
user63,3min,train,3463,-76.3527,-55.018288,-17.004404,-8.165065,User: user63<br>Type: 3min<br>Split: train
user66,3min,train,3464,-30.797297,-98.508545,21.997309,5.126635,User: user66<br>Type: 3min<br>Split: train
user68,3min,train,3465,-61.284966,-85.49953,0.8792737,-11.78756,User: user68<br>Type: 3min<br>Split: train
user7,3min,train,3466,-7.1419573,-177.19244,8.029942,-12.857297,User: user7<br>Type: 3min<br>Split: train
user70,3min,train,3467,-53.917717,-110.53692,8.792089,-8.030992,User: user70<br>Type: 3min<br>Split: train
user72,3min,train,3468,13.62859,22.772324,6.8897076,0.35769004,User: user72<br>Type: 3min<br>Split: train
user73,3min,train,3469,-28.42152,-53.697807,3.8555853,-8.365867,User: user73<br>Type: 3min<br>Split: train
user76,3min,train,3470,138.65271,-15.393615,14.189678,13.997247,User: user76<br>Type: 3min<br>Split: train
user78,3min,train,3471,-170.96631,-1.9590068,-12.921362,-0.22688936,User: user78<br>Type: 3min<br>Split: train
user79,3min,train,3472,-30.512867,11.3816,6.0974064,25.992565,User: user79<br>Type: 3min<br>Split: train
user8,3min,train,3473,-129.58746,24.109426,-4.135193,17.183628,User: user8<br>Type: 3min<br>Split: train
user84,3min,train,3474,-97.5791,146.49004,-14.435243,24.331768,User: user84<br>Type: 3min<br>Split: train
user86,3min,train,3475,-46.58125,-171.89458,-0.81337774,-20.272339,User: user86<br>Type: 3min<br>Split: train
user88,3min,train,3476,15.223314,-78.70015,15.647708,-5.650602,User: user88<br>Type: 3min<br>Split: train
user89,3min,train,3477,140.6399,-112.28211,19.213617,13.656438,User: user89<br>Type: 3min<br>Split: train
user10,3min,train,3478,-1.3907136,97.334656,-3.5498781,19.756468,User: user10<br>Type: 3min<br>Split: train
user12,3min,train,3479,-72.13619,-156.55666,-3.9096696,-19.002148,User: user12<br>Type: 3min<br>Split: train
user15,3min,train,3480,-108.41618,-112.25345,2.905713,2.3521595,User: user15<br>Type: 3min<br>Split: train
user17,3min,train,3481,-195.68074,-15.931047,-24.169865,-3.1296883,User: user17<br>Type: 3min<br>Split: train
user18,3min,train,3482,-63.888412,73.953804,-15.663533,8.866278,User: user18<br>Type: 3min<br>Split: train
user19,3min,train,3483,-166.4242,-96.49441,-11.281489,-9.608097,User: user19<br>Type: 3min<br>Split: train
user2,3min,train,3484,60.334183,-131.87576,14.061592,0.58730316,User: user2<br>Type: 3min<br>Split: train
user21,3min,train,3485,-60.06158,-23.163872,-20.787031,-15.256151,User: user21<br>Type: 3min<br>Split: train
user22,3min,train,3486,-94.92357,6.672643,-5.453028,-1.3795376,User: user22<br>Type: 3min<br>Split: train
user23,3min,train,3487,-91.27516,-27.560137,-20.393234,2.01956,User: user23<br>Type: 3min<br>Split: train
user24,3min,train,3488,-52.40137,0.21165341,-5.6990848,6.0780935,User: user24<br>Type: 3min<br>Split: train
user27,3min,train,3489,154.21333,-52.922832,15.70896,3.8155553,User: user27<br>Type: 3min<br>Split: train
user3,3min,train,3490,-36.397167,58.08161,0.9862677,26.773926,User: user3<br>Type: 3min<br>Split: train
user30,3min,train,3491,-133.4254,-133.25356,-16.562065,-15.1939,User: user30<br>Type: 3min<br>Split: train
user32,3min,train,3492,-52.54509,200.63278,1.1796895,16.690683,User: user32<br>Type: 3min<br>Split: train
user34,3min,train,3493,-42.164413,-38.25206,-7.219592,3.1277175,User: user34<br>Type: 3min<br>Split: train
user35,3min,train,3494,167.05638,-2.6472218,26.069027,21.997528,User: user35<br>Type: 3min<br>Split: train
user35,3min,train,3495,-11.778402,-11.859678,4.218649,-1.1536779,User: user35<br>Type: 3min<br>Split: train
user36,3min,train,3496,-196.6053,-46.669827,-19.084803,-2.6805327,User: user36<br>Type: 3min<br>Split: train
user41,3min,train,3497,-126.0254,163.50269,-13.021186,9.776201,User: user41<br>Type: 3min<br>Split: train
user43,3min,train,3498,-38.40839,81.84102,-11.062695,19.51434,User: user43<br>Type: 3min<br>Split: train
user46,3min,train,3499,-11.69883,-30.652655,-1.222864,-8.960463,User: user46<br>Type: 3min<br>Split: train
user47,3min,train,3500,58.35414,-1.0038519,17.852617,23.483503,User: user47<br>Type: 3min<br>Split: train
user49,3min,train,3501,142.51956,109.82349,14.247244,19.525967,User: user49<br>Type: 3min<br>Split: train
user50,3min,train,3502,-165.25569,-29.547632,-8.789382,-3.5270576,User: user50<br>Type: 3min<br>Split: train
user51,3min,train,3503,-34.59145,-16.559484,-9.856699,1.9127563,User: user51<br>Type: 3min<br>Split: train
user52,3min,train,3504,-137.88318,-23.181454,-24.00135,4.182174,User: user52<br>Type: 3min<br>Split: train
user53,3min,train,3505,91.53717,-59.223194,2.8375778,-16.912827,User: user53<br>Type: 3min<br>Split: train
user56,3min,train,3506,-116.01288,-83.58743,0.59250855,-6.541143,User: user56<br>Type: 3min<br>Split: train
user6,3min,train,3507,-143.42564,-76.430695,-20.46293,-6.600183,User: user6<br>Type: 3min<br>Split: train
user60,3min,train,3508,104.54602,92.16839,3.7936091,15.1337595,User: user60<br>Type: 3min<br>Split: train
user61,3min,train,3509,13.136969,-132.71332,3.6081429,-14.25009,User: user61<br>Type: 3min<br>Split: train
user65,3min,train,3510,31.86232,-94.33745,1.5726169,-18.570822,User: user65<br>Type: 3min<br>Split: train
user66,3min,train,3511,-30.797297,-98.508545,21.984314,5.139894,User: user66<br>Type: 3min<br>Split: train
user7,3min,train,3512,-7.1419573,-177.19244,8.029921,-12.857303,User: user7<br>Type: 3min<br>Split: train
user71,3min,train,3513,131.66515,-36.84476,18.999855,-1.8881894,User: user71<br>Type: 3min<br>Split: train
user75,3min,train,3514,120.81089,188.34229,15.532855,32.49416,User: user75<br>Type: 3min<br>Split: train
user77,3min,train,3515,-142.63501,-48.656788,-9.989583,-6.3199034,User: user77<br>Type: 3min<br>Split: train
user79,3min,train,3516,-30.512867,11.3816,6.1191697,26.015127,User: user79<br>Type: 3min<br>Split: train
user80,3min,train,3517,84.20569,-148.9275,10.293247,-5.128641,User: user80<br>Type: 3min<br>Split: train
user82,3min,train,3518,27.51096,-4.6638694,13.899959,7.7162037,User: user82<br>Type: 3min<br>Split: train
user83,3min,train,3519,-25.770061,-124.25772,3.2936335,-4.084178,User: user83<br>Type: 3min<br>Split: train
user84,3min,train,3520,-97.5791,146.49004,-14.454086,24.312906,User: user84<br>Type: 3min<br>Split: train
user85,3min,train,3521,136.38219,-81.04708,6.6402717,7.5580726,User: user85<br>Type: 3min<br>Split: train
user86,3min,train,3522,-46.58125,-171.89458,-0.7966278,-20.258486,User: user86<br>Type: 3min<br>Split: train
user1,3min,train,3523,13.863741,76.31855,-12.895443,21.956604,User: user1<br>Type: 3min<br>Split: train
user10,3min,train,3524,-1.3907136,97.334656,-3.5613973,19.743809,User: user10<br>Type: 3min<br>Split: train
user12,3min,train,3525,-72.13619,-156.55666,-3.8906918,-18.983028,User: user12<br>Type: 3min<br>Split: train
user14,3min,train,3526,-145.96432,107.237465,-23.848072,10.334478,User: user14<br>Type: 3min<br>Split: train
user17,3min,train,3527,-195.68074,-15.931047,-24.157358,-3.142476,User: user17<br>Type: 3min<br>Split: train
user18,3min,train,3528,-63.888412,73.953804,-15.662737,8.8657465,User: user18<br>Type: 3min<br>Split: train
user2,3min,train,3529,60.334183,-131.87576,14.062549,0.587634,User: user2<br>Type: 3min<br>Split: train
user20,3min,train,3530,-105.06311,77.88808,-8.960417,7.76752,User: user20<br>Type: 3min<br>Split: train
user24,3min,train,3531,-52.51017,5.934216,-14.571571,16.323832,User: user24<br>Type: 3min<br>Split: train
user27,3min,train,3532,154.21333,-52.922832,15.700915,3.8233156,User: user27<br>Type: 3min<br>Split: train
user29,3min,train,3533,-164.6717,54.795074,6.3416405,3.4637392,User: user29<br>Type: 3min<br>Split: train
user3,3min,train,3534,-36.397167,58.08161,0.93088454,26.829636,User: user3<br>Type: 3min<br>Split: train
user30,3min,train,3535,-133.4254,-133.25356,-3.5611506,-5.4109616,User: user30<br>Type: 3min<br>Split: train
user35,3min,train,3536,167.05638,-2.6472218,26.05931,21.987862,User: user35<br>Type: 3min<br>Split: train
user36,3min,train,3537,-196.6053,-46.669827,-19.088959,-2.6721013,User: user36<br>Type: 3min<br>Split: train
user37,3min,train,3538,22.970564,107.643776,10.64779,13.626604,User: user37<br>Type: 3min<br>Split: train
user38,3min,train,3539,-62.84318,171.02867,0.49413693,19.066896,User: user38<br>Type: 3min<br>Split: train
user39,3min,train,3540,-83.50522,-99.28785,-3.3556855,1.5932041,User: user39<br>Type: 3min<br>Split: train
user42,3min,train,3541,11.140395,147.74826,-8.401723,10.091768,User: user42<br>Type: 3min<br>Split: train
user43,3min,train,3542,-38.40839,81.84102,-11.064907,19.516708,User: user43<br>Type: 3min<br>Split: train
user45,3min,train,3543,-23.608673,32.238403,-11.119185,15.175319,User: user45<br>Type: 3min<br>Split: train
user48,3min,train,3544,63.466167,45.12324,7.26737,20.948496,User: user48<br>Type: 3min<br>Split: train
user50,3min,train,3545,-165.25569,-29.547632,-8.788944,-3.5270877,User: user50<br>Type: 3min<br>Split: train
user51,3min,train,3546,-34.59145,-16.559484,-9.856076,1.9106584,User: user51<br>Type: 3min<br>Split: train
user52,3min,train,3547,-137.88318,-23.181454,-20.286396,9.322488,User: user52<br>Type: 3min<br>Split: train
user54,3min,train,3548,50.826115,-46.471756,28.27522,-3.4182277,User: user54<br>Type: 3min<br>Split: train
user55,3min,train,3549,-12.099864,53.11249,11.996924,17.167702,User: user55<br>Type: 3min<br>Split: train
user57,3min,train,3550,-92.59654,180.8146,-8.632907,14.829851,User: user57<br>Type: 3min<br>Split: train
user59,3min,train,3551,-52.860874,116.49881,-1.5427998,25.7297,User: user59<br>Type: 3min<br>Split: train
user6,3min,train,3552,-143.42564,-76.430695,-20.476137,-6.6135573,User: user6<br>Type: 3min<br>Split: train
user60,3min,train,3553,104.54602,92.16839,3.7935243,15.133742,User: user60<br>Type: 3min<br>Split: train
user62,3min,train,3554,-161.29836,25.327385,-11.029664,5.243399,User: user62<br>Type: 3min<br>Split: train
user64,3min,train,3555,-165.83238,-130.14728,-15.285473,-10.531854,User: user64<br>Type: 3min<br>Split: train
user66,3min,train,3556,-30.797297,-98.508545,21.997665,5.1263328,User: user66<br>Type: 3min<br>Split: train
user67,3min,train,3557,-122.12124,97.05209,-1.6365225,14.621121,User: user67<br>Type: 3min<br>Split: train
user7,3min,train,3558,-7.1419573,-177.19244,-3.6403918,-3.4716046,User: user7<br>Type: 3min<br>Split: train
user72,3min,train,3559,13.62859,22.772324,6.889483,0.35701922,User: user72<br>Type: 3min<br>Split: train
user73,3min,train,3560,-28.42152,-53.697807,3.6072502,-8.608333,User: user73<br>Type: 3min<br>Split: train
user75,3min,train,3561,120.81089,188.34229,15.557157,32.518906,User: user75<br>Type: 3min<br>Split: train
user76,3min,train,3562,138.65271,-15.393615,14.07766,13.886249,User: user76<br>Type: 3min<br>Split: train
user8,3min,train,3563,-129.58746,24.109426,-4.1370916,17.183804,User: user8<br>Type: 3min<br>Split: train
user80,3min,train,3564,84.20569,-148.9275,10.357987,-13.289235,User: user80<br>Type: 3min<br>Split: train
user81,3min,train,3565,-113.86219,54.042454,-5.7051535,12.342834,User: user81<br>Type: 3min<br>Split: train
user84,3min,train,3566,-97.5791,146.49004,-14.437547,24.319891,User: user84<br>Type: 3min<br>Split: train
user85,3min,train,3567,136.38219,-81.04708,6.6326237,7.5590863,User: user85<br>Type: 3min<br>Split: train
user86,3min,train,3568,-46.58125,-171.89458,-0.7934613,-20.255377,User: user86<br>Type: 3min<br>Split: train
user87,3min,train,3569,12.871375,46.512875,4.6765904,19.040459,User: user87<br>Type: 3min<br>Split: train
user10,3min,train,3570,-1.3907136,97.334656,-3.550256,19.755825,User: user10<br>Type: 3min<br>Split: train
user13,3min,train,3571,-138.71892,46.876972,-2.3959832,12.164032,User: user13<br>Type: 3min<br>Split: train
user14,3min,train,3572,-145.96432,107.237465,-23.85861,10.324205,User: user14<br>Type: 3min<br>Split: train
user16,3min,train,3573,-14.740286,205.85985,3.4962173,21.68753,User: user16<br>Type: 3min<br>Split: train
user17,3min,train,3574,-195.68074,-15.931047,-24.15487,-3.1470497,User: user17<br>Type: 3min<br>Split: train
user18,3min,train,3575,-63.888412,73.953804,-15.663185,8.866195,User: user18<br>Type: 3min<br>Split: train
user2,3min,train,3576,60.334183,-131.87576,14.07196,0.5981828,User: user2<br>Type: 3min<br>Split: train
user25,3min,train,3577,-132.98659,73.275345,-15.487666,0.9488076,User: user25<br>Type: 3min<br>Split: train
user27,3min,train,3578,154.21333,-52.922832,15.701233,3.8232293,User: user27<br>Type: 3min<br>Split: train
user28,3min,train,3579,-16.752575,142.8599,3.5237699,29.259695,User: user28<br>Type: 3min<br>Split: train
user29,3min,train,3580,-164.6717,54.795074,-1.7813067,9.721702,User: user29<br>Type: 3min<br>Split: train
user3,3min,train,3581,-31.38292,57.521156,0.9248228,26.83568,User: user3<br>Type: 3min<br>Split: train
user31,3min,train,3582,6.9227357,-8.480797,16.314697,10.696636,User: user31<br>Type: 3min<br>Split: train
user33,3min,train,3583,-121.60412,127.08609,-8.778278,25.433239,User: user33<br>Type: 3min<br>Split: train
user34,3min,train,3584,-42.164413,-38.25206,-17.834782,-0.97787726,User: user34<br>Type: 3min<br>Split: train
user35,3min,train,3585,167.05638,-2.6472218,26.062712,21.991312,User: user35<br>Type: 3min<br>Split: train
user36,3min,train,3586,-196.6053,-46.669827,-19.111185,-2.6541307,User: user36<br>Type: 3min<br>Split: train
user39,3min,train,3587,-83.50522,-99.28785,-8.037728,-8.948988,User: user39<br>Type: 3min<br>Split: train
user4,3min,train,3588,-89.33292,51.406857,-1.5914196,0.4364374,User: user4<br>Type: 3min<br>Split: train
user40,3min,train,3589,-75.781364,-8.141219,-27.557077,6.564547,User: user40<br>Type: 3min<br>Split: train
user44,3min,train,3590,-155.97665,-14.097156,-25.96499,0.6504186,User: user44<br>Type: 3min<br>Split: train
user45,3min,train,3591,-22.06412,36.96605,-11.108917,15.164994,User: user45<br>Type: 3min<br>Split: train
user46,3min,train,3592,-11.69883,-30.652655,-1.22386,-8.961409,User: user46<br>Type: 3min<br>Split: train
user47,3min,train,3593,53.44146,-4.4149036,17.85309,23.507341,User: user47<br>Type: 3min<br>Split: train
user49,3min,train,3594,142.51956,109.82349,14.249565,19.55117,User: user49<br>Type: 3min<br>Split: train
user5,3min,train,3595,-144.17363,2.538802,7.1426625,-2.8278115,User: user5<br>Type: 3min<br>Split: train
user51,3min,train,3596,-34.59145,-16.559484,-9.837525,1.8924108,User: user51<br>Type: 3min<br>Split: train
user52,3min,train,3597,-137.88318,-23.181454,-20.286388,9.32251,User: user52<br>Type: 3min<br>Split: train
user53,3min,train,3598,91.53717,-59.223194,2.8378577,-16.912638,User: user53<br>Type: 3min<br>Split: train
user54,3min,train,3599,50.826115,-46.471756,28.266336,-3.4274068,User: user54<br>Type: 3min<br>Split: train
user56,3min,train,3600,-116.01288,-83.58743,0.57896006,-6.528298,User: user56<br>Type: 3min<br>Split: train
user59,3min,train,3601,-42.905766,122.347595,-1.5396723,25.730253,User: user59<br>Type: 3min<br>Split: train
user62,3min,train,3602,-161.29836,25.327385,-11.027646,5.2416034,User: user62<br>Type: 3min<br>Split: train
user62,3min,train,3603,-105.7373,29.50931,-16.676897,3.7944613,User: user62<br>Type: 3min<br>Split: train
user63,3min,train,3604,-76.3527,-55.018288,-17.00982,-8.156005,User: user63<br>Type: 3min<br>Split: train
user64,3min,train,3605,-165.83238,-130.14728,-15.29341,-10.523801,User: user64<br>Type: 3min<br>Split: train
user68,3min,train,3606,-61.284966,-85.49953,0.89015895,-11.798761,User: user68<br>Type: 3min<br>Split: train
user69,3min,train,3607,-101.18627,-143.4123,-1.9755032,-1.7122575,User: user69<br>Type: 3min<br>Split: train
user7,3min,train,3608,-7.1419573,-177.19244,8.042737,-12.844734,User: user7<br>Type: 3min<br>Split: train
user70,3min,train,3609,-53.917717,-110.53692,8.793328,-8.031676,User: user70<br>Type: 3min<br>Split: train
user72,3min,train,3610,13.62859,22.772324,6.886134,0.3528783,User: user72<br>Type: 3min<br>Split: train
user73,3min,train,3611,-28.42152,-53.697807,3.8528266,-8.368317,User: user73<br>Type: 3min<br>Split: train
user74,3min,train,3612,-152.19351,138.6777,-18.386765,20.236834,User: user74<br>Type: 3min<br>Split: train
user75,3min,train,3613,117.40484,166.2063,15.5446825,32.506622,User: user75<br>Type: 3min<br>Split: train
user82,3min,train,3614,27.51096,-4.6638694,13.912815,7.7067327,User: user82<br>Type: 3min<br>Split: train
user84,3min,train,3615,-97.5791,146.49004,-14.455292,24.313488,User: user84<br>Type: 3min<br>Split: train
user85,3min,train,3616,136.38219,-81.04708,6.623821,7.5416617,User: user85<br>Type: 3min<br>Split: train
user88,3min,train,3617,15.223314,-78.70015,5.391655,-4.5673146,User: user88<br>Type: 3min<br>Split: train
user89,3min,train,3618,140.6399,-112.28211,19.232077,13.63755,User: user89<br>Type: 3min<br>Split: train
user9,3min,train,3619,75.78509,66.43162,6.9972577,16.418917,User: user9<br>Type: 3min<br>Split: train
user11,3min,train,3620,-137.4076,-103.33537,-14.793529,-2.8473592,User: user11<br>Type: 3min<br>Split: train
user12,3min,train,3621,-72.13619,-156.55666,-3.514475,-13.415794,User: user12<br>Type: 3min<br>Split: train
user13,3min,train,3622,-138.71892,46.876972,-2.4080336,12.177424,User: user13<br>Type: 3min<br>Split: train
user15,3min,train,3623,-108.41618,-112.25345,2.905652,2.352278,User: user15<br>Type: 3min<br>Split: train
user16,3min,train,3624,-14.740286,205.85985,3.6037478,21.794737,User: user16<br>Type: 3min<br>Split: train
user17,3min,train,3625,-195.68074,-15.931047,-24.173843,-3.1258726,User: user17<br>Type: 3min<br>Split: train
user2,3min,train,3626,60.334183,-131.87576,14.059952,0.58703536,User: user2<br>Type: 3min<br>Split: train
user20,3min,train,3627,-105.06311,77.88808,-14.083343,2.5973816,User: user20<br>Type: 3min<br>Split: train
user21,3min,train,3628,-60.06158,-23.163872,-20.793335,-15.262407,User: user21<br>Type: 3min<br>Split: train
user23,3min,train,3629,-98.451775,-20.052794,-20.419285,1.993505,User: user23<br>Type: 3min<br>Split: train
user24,3min,train,3630,-52.51017,5.934216,-5.699069,6.078338,User: user24<br>Type: 3min<br>Split: train
user25,3min,train,3631,-132.98659,73.275345,-15.484662,0.9432263,User: user25<br>Type: 3min<br>Split: train
user3,3min,train,3632,-31.38292,57.521156,0.9716359,26.788778,User: user3<br>Type: 3min<br>Split: train
user33,3min,train,3633,-121.60412,127.08609,-8.736638,25.39155,User: user33<br>Type: 3min<br>Split: train
user34,3min,train,3634,-42.164413,-38.25206,-7.2199497,3.1277635,User: user34<br>Type: 3min<br>Split: train
user35,3min,train,3635,-11.778402,-11.859678,4.224831,-1.1587675,User: user35<br>Type: 3min<br>Split: train
user37,3min,train,3636,22.970564,107.643776,11.217671,14.060151,User: user37<br>Type: 3min<br>Split: train
user38,3min,train,3637,-62.84318,171.02867,0.49518967,19.067442,User: user38<br>Type: 3min<br>Split: train
user4,3min,train,3638,-89.33292,51.406857,-11.521774,10.017538,User: user4<br>Type: 3min<br>Split: train
user42,3min,train,3639,11.140395,147.74826,-8.420794,10.074939,User: user42<br>Type: 3min<br>Split: train
user43,3min,train,3640,-38.40839,81.84102,-10.256335,18.62633,User: user43<br>Type: 3min<br>Split: train
user44,3min,train,3641,-97.63191,-53.365215,-25.976501,0.66186464,User: user44<br>Type: 3min<br>Split: train
user45,3min,train,3642,-23.608673,32.238403,-11.109093,15.16523,User: user45<br>Type: 3min<br>Split: train
user46,3min,train,3643,-11.69883,-30.652655,-1.2225882,-8.960332,User: user46<br>Type: 3min<br>Split: train
user47,3min,train,3644,53.44146,-4.4149036,17.845343,23.499304,User: user47<br>Type: 3min<br>Split: train
user49,3min,train,3645,142.51956,109.82349,14.262478,19.539326,User: user49<br>Type: 3min<br>Split: train
user5,3min,train,3646,-144.17363,2.538802,7.1459165,-2.824652,User: user5<br>Type: 3min<br>Split: train
user50,3min,train,3647,-165.25569,-29.547632,-8.7890005,-3.527072,User: user50<br>Type: 3min<br>Split: train
user51,3min,train,3648,-34.59145,-16.559484,-9.875833,1.9312258,User: user51<br>Type: 3min<br>Split: train
user53,3min,train,3649,91.53717,-59.223194,20.870388,-10.381669,User: user53<br>Type: 3min<br>Split: train
user54,3min,train,3650,50.826115,-46.471756,28.235664,-3.4581594,User: user54<br>Type: 3min<br>Split: train
user56,3min,train,3651,-116.01288,-83.58743,0.598229,-6.547267,User: user56<br>Type: 3min<br>Split: train
user61,3min,train,3652,13.136969,-132.71332,13.280053,-12.457016,User: user61<br>Type: 3min<br>Split: train
user62,3min,train,3653,-161.29836,25.327385,-11.0297,5.243593,User: user62<br>Type: 3min<br>Split: train
user62,3min,train,3654,-105.7373,29.50931,-16.67168,3.7862713,User: user62<br>Type: 3min<br>Split: train
user68,3min,train,3655,-61.284966,-85.49953,0.87817156,-11.786493,User: user68<br>Type: 3min<br>Split: train
user69,3min,train,3656,-101.18627,-143.4123,-5.687891,-7.0936623,User: user69<br>Type: 3min<br>Split: train
user7,3min,train,3657,-7.1419573,-177.19244,8.03489,-12.851563,User: user7<br>Type: 3min<br>Split: train
user70,3min,train,3658,-53.917717,-110.53692,12.470358,5.4024067,User: user70<br>Type: 3min<br>Split: train
user71,3min,train,3659,131.66515,-36.84476,18.972048,-1.9158262,User: user71<br>Type: 3min<br>Split: train
user72,3min,train,3660,13.62859,22.772324,6.8855705,0.35291,User: user72<br>Type: 3min<br>Split: train
user73,3min,train,3661,-28.42152,-53.697807,3.619807,-8.596327,User: user73<br>Type: 3min<br>Split: train
user74,3min,train,3662,-152.19351,138.6777,-18.348658,20.242313,User: user74<br>Type: 3min<br>Split: train
user75,3min,train,3663,117.40484,166.2063,15.504448,32.46636,User: user75<br>Type: 3min<br>Split: train
user76,3min,train,3664,138.65271,-15.393615,14.090517,13.898883,User: user76<br>Type: 3min<br>Split: train
user80,3min,train,3665,84.20569,-148.9275,10.358021,-13.28911,User: user80<br>Type: 3min<br>Split: train
user84,3min,train,3666,-97.5791,146.49004,-14.453849,24.312801,User: user84<br>Type: 3min<br>Split: train
user85,3min,train,3667,136.38219,-81.04708,6.6264796,7.5446496,User: user85<br>Type: 3min<br>Split: train
user89,3min,train,3668,140.6399,-112.28211,19.241737,13.627717,User: user89<br>Type: 3min<br>Split: train
user12,3min,train,3669,-72.13619,-156.55666,-3.5179992,-13.415078,User: user12<br>Type: 3min<br>Split: train
user13,3min,train,3670,-138.71892,46.876972,-2.393325,12.161722,User: user13<br>Type: 3min<br>Split: train
user17,3min,train,3671,-195.68074,-15.931047,-24.158134,-3.1417491,User: user17<br>Type: 3min<br>Split: train
user18,3min,train,3672,-63.888412,73.953804,-15.639177,8.858186,User: user18<br>Type: 3min<br>Split: train
user19,3min,train,3673,-166.4242,-96.49441,-11.281497,-9.608108,User: user19<br>Type: 3min<br>Split: train
user2,3min,train,3674,60.334183,-131.87576,14.065388,0.59147114,User: user2<br>Type: 3min<br>Split: train
user23,3min,train,3675,-98.451775,-20.052794,-20.41156,2.0011723,User: user23<br>Type: 3min<br>Split: train
user25,3min,train,3676,-132.98659,73.275345,-15.488295,0.9486566,User: user25<br>Type: 3min<br>Split: train
user27,3min,train,3677,154.21333,-52.922832,15.750312,3.7738442,User: user27<br>Type: 3min<br>Split: train
user28,3min,train,3678,-25.982513,138.95264,3.531167,29.266567,User: user28<br>Type: 3min<br>Split: train
user3,3min,train,3679,-32.380524,65.15644,0.94582963,26.8145,User: user3<br>Type: 3min<br>Split: train
user32,3min,train,3680,-52.54509,200.63278,1.1757047,16.69457,User: user32<br>Type: 3min<br>Split: train
user35,3min,train,3681,167.05638,-2.6472218,26.062525,21.991213,User: user35<br>Type: 3min<br>Split: train
user37,3min,train,3682,22.970564,107.643776,11.225501,14.068364,User: user37<br>Type: 3min<br>Split: train
user38,3min,train,3683,-62.84318,171.02867,0.48691612,19.05915,User: user38<br>Type: 3min<br>Split: train
user39,3min,train,3684,-83.50522,-99.28785,-3.3375916,1.5738064,User: user39<br>Type: 3min<br>Split: train
user40,3min,train,3685,-75.781364,-8.141219,-27.574802,6.5465837,User: user40<br>Type: 3min<br>Split: train
user41,3min,train,3686,-126.0254,163.50269,-13.012733,9.783175,User: user41<br>Type: 3min<br>Split: train
user42,3min,train,3687,11.140395,147.74826,-8.393619,10.096713,User: user42<br>Type: 3min<br>Split: train
user43,3min,train,3688,-38.40839,81.84102,-10.2573595,18.62769,User: user43<br>Type: 3min<br>Split: train
user46,3min,train,3689,-11.69883,-30.652655,-1.2284673,-8.96574,User: user46<br>Type: 3min<br>Split: train
user47,3min,train,3690,53.44146,-4.4149036,17.83695,23.490936,User: user47<br>Type: 3min<br>Split: train
user48,3min,train,3691,63.466167,45.12324,7.3058643,20.987242,User: user48<br>Type: 3min<br>Split: train
user49,3min,train,3692,142.51956,109.82349,14.260638,19.539577,User: user49<br>Type: 3min<br>Split: train
user5,3min,train,3693,-144.17363,2.538802,7.1450586,-2.8285336,User: user5<br>Type: 3min<br>Split: train
user50,3min,train,3694,-165.25569,-29.547632,-6.9650993,-2.9491694,User: user50<br>Type: 3min<br>Split: train
user53,3min,train,3695,91.53717,-59.223194,20.870533,-10.381486,User: user53<br>Type: 3min<br>Split: train
user56,3min,train,3696,-116.01288,-83.58743,0.65301514,-6.601959,User: user56<br>Type: 3min<br>Split: train
user57,3min,train,3697,-92.59654,180.8146,-5.735759,15.445782,User: user57<br>Type: 3min<br>Split: train
user60,3min,train,3698,104.54602,92.16839,3.7935302,15.13382,User: user60<br>Type: 3min<br>Split: train
user62,3min,train,3699,-161.29836,25.327385,-11.029617,5.243501,User: user62<br>Type: 3min<br>Split: train
user62,3min,train,3700,-105.7373,29.50931,-16.696333,3.8131554,User: user62<br>Type: 3min<br>Split: train
user63,3min,train,3701,-76.3527,-55.018288,-17.004953,-8.164555,User: user63<br>Type: 3min<br>Split: train
user65,3min,train,3702,31.86232,-94.33745,1.5726522,-18.570812,User: user65<br>Type: 3min<br>Split: train
user66,3min,train,3703,-30.797297,-98.508545,21.961887,5.162113,User: user66<br>Type: 3min<br>Split: train
user68,3min,train,3704,-61.284966,-85.49953,0.6634795,-11.571599,User: user68<br>Type: 3min<br>Split: train
user69,3min,train,3705,-101.18627,-143.4123,-1.9885321,-1.7257359,User: user69<br>Type: 3min<br>Split: train
user72,3min,train,3706,13.62859,22.772324,6.8882127,0.35579556,User: user72<br>Type: 3min<br>Split: train
user74,3min,train,3707,-152.19351,138.6777,-18.363056,20.257917,User: user74<br>Type: 3min<br>Split: train
user75,3min,train,3708,117.40484,166.2063,15.500453,32.46206,User: user75<br>Type: 3min<br>Split: train
user77,3min,train,3709,-142.63501,-48.656788,-9.9548855,-6.285162,User: user77<br>Type: 3min<br>Split: train
user82,3min,train,3710,27.51096,-4.6638694,13.910031,7.707754,User: user82<br>Type: 3min<br>Split: train
user84,3min,train,3711,-97.5791,146.49004,-14.453909,24.31303,User: user84<br>Type: 3min<br>Split: train
user88,3min,train,3712,15.223314,-78.70015,15.647747,-5.6503925,User: user88<br>Type: 3min<br>Split: train
user89,3min,train,3713,140.6399,-112.28211,19.22103,13.648467,User: user89<br>Type: 3min<br>Split: train
user12,3min,train,3714,-72.13619,-156.55666,-3.8943236,-18.986858,User: user12<br>Type: 3min<br>Split: train
user13,3min,train,3715,-138.71892,46.876972,-2.3960848,12.163894,User: user13<br>Type: 3min<br>Split: train
user14,3min,train,3716,-145.96432,107.237465,-23.858692,10.324174,User: user14<br>Type: 3min<br>Split: train
user15,3min,train,3717,-108.41618,-112.25345,-12.228592,-2.3458614,User: user15<br>Type: 3min<br>Split: train
user16,3min,train,3718,-14.740286,205.85985,3.6033614,21.794987,User: user16<br>Type: 3min<br>Split: train
user19,3min,train,3719,-166.4242,-96.49441,-11.281316,-9.608402,User: user19<br>Type: 3min<br>Split: train
user2,3min,train,3720,60.334183,-131.87576,14.09928,0.62581825,User: user2<br>Type: 3min<br>Split: train
user20,3min,train,3721,-105.06311,77.88808,-8.9720125,7.7793207,User: user20<br>Type: 3min<br>Split: train
user21,3min,train,3722,-60.06158,-23.163872,-20.791891,-15.260982,User: user21<br>Type: 3min<br>Split: train
user22,3min,train,3723,-94.92357,6.672643,-5.4575,-1.3819121,User: user22<br>Type: 3min<br>Split: train
user23,3min,train,3724,-98.451775,-20.052794,-20.398901,2.01388,User: user23<br>Type: 3min<br>Split: train
user25,3min,train,3725,-132.98659,73.275345,-0.54443854,2.7010071,User: user25<br>Type: 3min<br>Split: train
user26,3min,train,3726,-73.31034,115.66984,1.0443202,11.905939,User: user26<br>Type: 3min<br>Split: train
user28,3min,train,3727,-16.752575,142.8599,3.581233,29.31082,User: user28<br>Type: 3min<br>Split: train
user29,3min,train,3728,-164.6717,54.795074,6.347197,3.4604583,User: user29<br>Type: 3min<br>Split: train
user3,3min,train,3729,-36.397167,58.08161,0.92711365,26.83307,User: user3<br>Type: 3min<br>Split: train
user30,3min,train,3730,-133.4254,-133.25356,-16.553614,-15.201561,User: user30<br>Type: 3min<br>Split: train
user33,3min,train,3731,-121.60412,127.08609,-8.73495,25.390034,User: user33<br>Type: 3min<br>Split: train
user35,3min,train,3732,-11.778402,-11.859678,4.219159,-1.1545528,User: user35<br>Type: 3min<br>Split: train
user37,3min,train,3733,22.970564,107.643776,11.215405,14.0582905,User: user37<br>Type: 3min<br>Split: train
user38,3min,train,3734,-62.84318,171.02867,0.4946074,19.070093,User: user38<br>Type: 3min<br>Split: train
user39,3min,train,3735,-83.50522,-99.28785,-8.037333,-8.948851,User: user39<br>Type: 3min<br>Split: train
user49,3min,train,3736,142.51956,109.82349,14.271722,19.550974,User: user49<br>Type: 3min<br>Split: train
user5,3min,train,3737,-144.17363,2.538802,7.1301827,-2.8402646,User: user5<br>Type: 3min<br>Split: train
user52,3min,train,3738,-137.88318,-23.181454,-20.288147,9.32362,User: user52<br>Type: 3min<br>Split: train
user53,3min,train,3739,91.53717,-59.223194,2.8146992,-16.935825,User: user53<br>Type: 3min<br>Split: train
user55,3min,train,3740,-7.6376166,56.571766,11.991012,17.173521,User: user55<br>Type: 3min<br>Split: train
user56,3min,train,3741,-116.01288,-83.58743,0.59814906,-6.547915,User: user56<br>Type: 3min<br>Split: train
user59,3min,train,3742,-52.860874,116.49881,-1.5425615,25.729973,User: user59<br>Type: 3min<br>Split: train
user6,3min,train,3743,-164.60287,-77.77318,-20.46359,-6.6008396,User: user6<br>Type: 3min<br>Split: train
user62,3min,train,3744,-161.29836,25.327385,-11.030011,5.243686,User: user62<br>Type: 3min<br>Split: train
user66,3min,train,3745,-30.797297,-98.508545,21.969984,5.1540923,User: user66<br>Type: 3min<br>Split: train
user67,3min,train,3746,-122.12124,97.05209,-1.6462879,14.611492,User: user67<br>Type: 3min<br>Split: train
user68,3min,train,3747,-61.284966,-85.49953,0.5626401,-11.470114,User: user68<br>Type: 3min<br>Split: train
user70,3min,train,3748,-53.917717,-110.53692,8.780724,-8.018333,User: user70<br>Type: 3min<br>Split: train
user71,3min,train,3749,131.66515,-36.84476,18.999493,-1.8887281,User: user71<br>Type: 3min<br>Split: train
user72,3min,train,3750,13.62859,22.772324,6.878765,0.3464227,User: user72<br>Type: 3min<br>Split: train
user74,3min,train,3751,-152.19351,138.6777,-18.36061,20.262419,User: user74<br>Type: 3min<br>Split: train
user76,3min,train,3752,138.65271,-15.393615,14.086413,13.894747,User: user76<br>Type: 3min<br>Split: train
user77,3min,train,3753,-142.63501,-48.656788,-10.14095,-6.4693046,User: user77<br>Type: 3min<br>Split: train
user78,3min,train,3754,-170.96631,-1.9590068,-12.936355,-0.2422345,User: user78<br>Type: 3min<br>Split: train
user81,3min,train,3755,-113.86219,54.042454,-3.5677097,8.313962,User: user81<br>Type: 3min<br>Split: train
user82,3min,train,3756,33.775627,-10.916876,13.910865,7.706873,User: user82<br>Type: 3min<br>Split: train
user84,3min,train,3757,-97.5791,146.49004,-14.421204,24.345686,User: user84<br>Type: 3min<br>Split: train
user85,3min,train,3758,136.38219,-81.04708,6.6404457,7.5587025,User: user85<br>Type: 3min<br>Split: train
user86,3min,train,3759,-46.58125,-171.89458,-0.7812165,-20.243975,User: user86<br>Type: 3min<br>Split: train
user88,3min,train,3760,10.523731,-81.482994,15.6463175,-5.6513076,User: user88<br>Type: 3min<br>Split: train
user89,3min,train,3761,140.6399,-112.28211,19.205933,13.663602,User: user89<br>Type: 3min<br>Split: train
user1,3min,train,3762,13.863741,76.31855,-12.884188,21.945215,User: user1<br>Type: 3min<br>Split: train
user11,3min,train,3763,-137.4076,-103.33537,-14.795702,-2.8602521,User: user11<br>Type: 3min<br>Split: train
user13,3min,train,3764,-138.71892,46.876972,-2.397223,12.165043,User: user13<br>Type: 3min<br>Split: train
user15,3min,train,3765,-108.41618,-112.25345,-12.220958,-2.353713,User: user15<br>Type: 3min<br>Split: train
user16,3min,train,3766,-14.740286,205.85985,3.507097,21.698332,User: user16<br>Type: 3min<br>Split: train
user19,3min,train,3767,-166.4242,-96.49441,-11.281479,-9.60817,User: user19<br>Type: 3min<br>Split: train
user20,3min,train,3768,-105.06311,77.88808,-14.083268,2.5975642,User: user20<br>Type: 3min<br>Split: train
user21,3min,train,3769,-54.6782,-24.618101,-20.79099,-15.260001,User: user21<br>Type: 3min<br>Split: train
user24,3min,train,3770,-52.51017,5.934216,-14.572543,16.323492,User: user24<br>Type: 3min<br>Split: train
user26,3min,train,3771,-73.31034,115.66984,1.0213825,11.9037285,User: user26<br>Type: 3min<br>Split: train
user27,3min,train,3772,154.21333,-52.922832,15.691884,3.8318536,User: user27<br>Type: 3min<br>Split: train
user28,3min,train,3773,-16.752575,142.8599,3.5293298,29.264826,User: user28<br>Type: 3min<br>Split: train
user29,3min,train,3774,-164.6717,54.795074,6.346955,3.4607782,User: user29<br>Type: 3min<br>Split: train
user3,3min,train,3775,-32.380524,65.15644,0.91621906,26.843851,User: user3<br>Type: 3min<br>Split: train
user34,3min,train,3776,-46.07739,-41.95224,-17.835684,-0.9788412,User: user34<br>Type: 3min<br>Split: train
user35,3min,train,3777,-11.778402,-11.859678,4.230395,-1.1619772,User: user35<br>Type: 3min<br>Split: train
user37,3min,train,3778,22.970564,107.643776,10.642651,13.622617,User: user37<br>Type: 3min<br>Split: train
user39,3min,train,3779,-83.50522,-99.28785,-3.3373425,1.5739305,User: user39<br>Type: 3min<br>Split: train
user40,3min,train,3780,-75.781364,-8.141219,-27.57112,6.550275,User: user40<br>Type: 3min<br>Split: train
user42,3min,train,3781,11.140395,147.74826,-8.4149065,10.076326,User: user42<br>Type: 3min<br>Split: train
user43,3min,train,3782,-38.40839,81.84102,-11.062785,19.514542,User: user43<br>Type: 3min<br>Split: train
user44,3min,train,3783,-126.801575,-63.609825,-25.964922,0.6500551,User: user44<br>Type: 3min<br>Split: train
user5,3min,train,3784,-144.17363,2.538802,7.1413774,-2.8298762,User: user5<br>Type: 3min<br>Split: train
user54,3min,train,3785,50.826115,-46.471756,28.235281,-3.4585538,User: user54<br>Type: 3min<br>Split: train
user55,3min,train,3786,-7.6376166,56.571766,11.957578,17.206821,User: user55<br>Type: 3min<br>Split: train
user56,3min,train,3787,-116.01288,-83.58743,0.5816273,-6.530978,User: user56<br>Type: 3min<br>Split: train
user58,3min,train,3788,-194.49309,-81.73398,-16.260363,-6.055633,User: user58<br>Type: 3min<br>Split: train
user6,3min,train,3789,-143.42564,-76.430695,-20.447302,-6.584386,User: user6<br>Type: 3min<br>Split: train
user62,3min,train,3790,-161.29836,25.327385,-11.026948,5.2401037,User: user62<br>Type: 3min<br>Split: train
user63,3min,train,3791,-76.3527,-55.018288,-11.396179,-4.095661,User: user63<br>Type: 3min<br>Split: train
user65,3min,train,3792,31.86232,-94.33745,10.956528,-7.403834,User: user65<br>Type: 3min<br>Split: train
user67,3min,train,3793,-122.12124,97.05209,-1.6456085,14.61215,User: user67<br>Type: 3min<br>Split: train
user68,3min,train,3794,-61.284966,-85.49953,0.9111428,-11.819535,User: user68<br>Type: 3min<br>Split: train
user71,3min,train,3795,131.66515,-36.84476,18.996862,-1.8910662,User: user71<br>Type: 3min<br>Split: train
user72,3min,train,3796,13.62859,22.772324,6.8884544,0.35604927,User: user72<br>Type: 3min<br>Split: train
user73,3min,train,3797,-22.528036,-53.160408,3.6100726,-8.606431,User: user73<br>Type: 3min<br>Split: train
user75,3min,train,3798,117.40484,166.2063,15.526165,32.48827,User: user75<br>Type: 3min<br>Split: train
user77,3min,train,3799,-142.63501,-48.656788,-9.986641,-6.317167,User: user77<br>Type: 3min<br>Split: train
user79,3min,train,3800,-30.512867,11.3816,6.112446,26.007917,User: user79<br>Type: 3min<br>Split: train
user8,3min,train,3801,-129.58746,24.109426,-13.897255,6.6025243,User: user8<br>Type: 3min<br>Split: train
user82,3min,train,3802,33.775627,-10.916876,13.910815,7.7070837,User: user82<br>Type: 3min<br>Split: train
user85,3min,train,3803,136.38219,-81.04708,6.640756,7.5584803,User: user85<br>Type: 3min<br>Split: train
user86,3min,train,3804,-46.58125,-171.89458,-0.7949425,-20.253506,User: user86<br>Type: 3min<br>Split: train
user89,3min,train,3805,140.6399,-112.28211,19.2133,13.656465,User: user89<br>Type: 3min<br>Split: train
user9,3min,train,3806,85.470345,69.392166,7.002517,16.413452,User: user9<br>Type: 3min<br>Split: train
user10,3min,train,3807,5.495733,92.13192,-3.5499384,19.755892,User: user10<br>Type: 3min<br>Split: train
user13,3min,train,3808,-138.71892,46.876972,-2.39789,12.160848,User: user13<br>Type: 3min<br>Split: train
user14,3min,train,3809,-145.96432,107.237465,-23.871717,10.311166,User: user14<br>Type: 3min<br>Split: train
user15,3min,train,3810,-108.41618,-112.25345,2.9140294,2.3416378,User: user15<br>Type: 3min<br>Split: train
user17,3min,train,3811,-195.68074,-15.931047,-18.545773,6.963073,User: user17<br>Type: 3min<br>Split: train
user2,3min,train,3812,60.334183,-131.87576,14.072409,0.5989402,User: user2<br>Type: 3min<br>Split: train
user20,3min,train,3813,-105.06311,77.88808,-14.082944,2.5972147,User: user20<br>Type: 3min<br>Split: train
user21,3min,train,3814,-54.6782,-24.618101,-20.802694,-15.271694,User: user21<br>Type: 3min<br>Split: train
user22,3min,train,3815,-94.92357,6.672643,-5.453927,-1.3804696,User: user22<br>Type: 3min<br>Split: train
user25,3min,train,3816,-132.98659,73.275345,-15.475477,0.9365877,User: user25<br>Type: 3min<br>Split: train
user27,3min,train,3817,154.21333,-52.922832,15.712975,3.8112478,User: user27<br>Type: 3min<br>Split: train
user28,3min,train,3818,-16.752575,142.8599,3.5395865,29.274956,User: user28<br>Type: 3min<br>Split: train
user3,3min,train,3819,-33.07321,53.066944,0.9972396,26.763062,User: user3<br>Type: 3min<br>Split: train
user31,3min,train,3820,7.127656,-0.07572798,16.312767,10.699516,User: user31<br>Type: 3min<br>Split: train
user32,3min,train,3821,-52.54509,200.63278,1.383467,16.487335,User: user32<br>Type: 3min<br>Split: train
user33,3min,train,3822,-121.60412,127.08609,-8.720885,25.375738,User: user33<br>Type: 3min<br>Split: train
user34,3min,train,3823,-46.07739,-41.95224,-7.2201924,3.1272218,User: user34<br>Type: 3min<br>Split: train
user35,3min,train,3824,-11.778402,-11.859678,4.21456,-1.1456003,User: user35<br>Type: 3min<br>Split: train
user38,3min,train,3825,-62.84318,171.02867,0.4948561,19.067537,User: user38<br>Type: 3min<br>Split: train
user4,3min,train,3826,-89.33292,51.406857,-11.503466,10.037445,User: user4<br>Type: 3min<br>Split: train
user41,3min,train,3827,-126.0254,163.50269,-5.816123,8.005,User: user41<br>Type: 3min<br>Split: train
user42,3min,train,3828,11.140395,147.74826,-8.40096,10.091968,User: user42<br>Type: 3min<br>Split: train
user44,3min,train,3829,-126.801575,-63.609825,-25.96493,0.650307,User: user44<br>Type: 3min<br>Split: train
user47,3min,train,3830,53.44146,-4.4149036,17.841448,23.49541,User: user47<br>Type: 3min<br>Split: train
user49,3min,train,3831,142.51956,109.82349,14.262686,19.539015,User: user49<br>Type: 3min<br>Split: train
user52,3min,train,3832,-137.88318,-23.181454,-20.286564,9.322575,User: user52<br>Type: 3min<br>Split: train
user54,3min,train,3833,50.826115,-46.471756,28.273909,-3.4193964,User: user54<br>Type: 3min<br>Split: train
user55,3min,train,3834,-7.6376166,56.571766,11.9819,17.18233,User: user55<br>Type: 3min<br>Split: train
user57,3min,train,3835,-92.59654,180.8146,-5.7327323,15.451606,User: user57<br>Type: 3min<br>Split: train
user58,3min,train,3836,-194.49309,-81.73398,-16.226812,-6.0224323,User: user58<br>Type: 3min<br>Split: train
user59,3min,train,3837,-42.905766,122.347595,-3.5533009,24.323833,User: user59<br>Type: 3min<br>Split: train
user62,3min,train,3838,-161.29836,25.327385,-11.055304,5.2683964,User: user62<br>Type: 3min<br>Split: train
user70,3min,train,3839,-53.917717,-110.53692,8.79328,-8.031534,User: user70<br>Type: 3min<br>Split: train
user72,3min,train,3840,13.62859,22.772324,6.888806,0.35592514,User: user72<br>Type: 3min<br>Split: train
user73,3min,train,3841,-22.528036,-53.160408,3.7258997,-8.492681,User: user73<br>Type: 3min<br>Split: train
user76,3min,train,3842,138.65271,-15.393615,14.070866,13.879104,User: user76<br>Type: 3min<br>Split: train
user78,3min,train,3843,-170.96631,-1.9590068,-12.907667,-0.2413538,User: user78<br>Type: 3min<br>Split: train
user80,3min,train,3844,84.20569,-148.9275,10.358151,-13.289092,User: user80<br>Type: 3min<br>Split: train
user83,3min,train,3845,-25.770061,-124.25772,3.342241,-4.0331364,User: user83<br>Type: 3min<br>Split: train
user86,3min,train,3846,-46.58125,-171.89458,-0.7932475,-20.261827,User: user86<br>Type: 3min<br>Split: train
user88,3min,train,3847,15.223314,-78.70015,15.648155,-5.6503234,User: user88<br>Type: 3min<br>Split: train
user89,3min,train,3848,140.6399,-112.28211,19.2034,13.66623,User: user89<br>Type: 3min<br>Split: train
user12,3min,train,3849,-72.13619,-156.55666,-3.8906431,-18.98308,User: user12<br>Type: 3min<br>Split: train
user13,3min,train,3850,-138.71892,46.876972,-2.405231,12.18693,User: user13<br>Type: 3min<br>Split: train
user15,3min,train,3851,-108.41618,-112.25345,2.9111662,2.3425806,User: user15<br>Type: 3min<br>Split: train
user17,3min,train,3852,-195.68074,-15.931047,-24.158264,-3.1416,User: user17<br>Type: 3min<br>Split: train
user18,3min,train,3853,-63.888412,73.953804,-15.623076,8.826673,User: user18<br>Type: 3min<br>Split: train
user2,3min,train,3854,60.334183,-131.87576,14.082816,0.60890967,User: user2<br>Type: 3min<br>Split: train
user21,3min,train,3855,-60.06158,-23.163872,-20.792576,-15.262045,User: user21<br>Type: 3min<br>Split: train
user22,3min,train,3856,-94.92357,6.672643,-5.4345675,-1.3605422,User: user22<br>Type: 3min<br>Split: train
user24,3min,train,3857,-52.51017,5.934216,-5.698502,6.078326,User: user24<br>Type: 3min<br>Split: train
user25,3min,train,3858,-132.98659,73.275345,-15.487709,0.9486812,User: user25<br>Type: 3min<br>Split: train
user27,3min,train,3859,154.21333,-52.922832,15.664612,3.8598707,User: user27<br>Type: 3min<br>Split: train
user3,3min,train,3860,-36.397167,58.08161,0.93284285,26.827171,User: user3<br>Type: 3min<br>Split: train
user31,3min,train,3861,7.127656,-0.07572798,16.287912,10.72266,User: user31<br>Type: 3min<br>Split: train
user33,3min,train,3862,-121.60412,127.08609,-8.748811,25.404018,User: user33<br>Type: 3min<br>Split: train
user35,3min,train,3863,-11.778402,-11.859678,4.2199445,-1.155131,User: user35<br>Type: 3min<br>Split: train
user4,3min,train,3864,-89.33292,51.406857,-1.5915422,0.43649438,User: user4<br>Type: 3min<br>Split: train
user41,3min,train,3865,-126.0254,163.50269,-13.020787,9.776616,User: user41<br>Type: 3min<br>Split: train
user45,3min,train,3866,-22.06412,36.96605,-11.108837,15.165,User: user45<br>Type: 3min<br>Split: train
user49,3min,train,3867,142.51956,109.82349,14.261354,19.539873,User: user49<br>Type: 3min<br>Split: train
user5,3min,train,3868,-144.17363,2.538802,7.130043,-2.843228,User: user5<br>Type: 3min<br>Split: train
user53,3min,train,3869,91.53717,-59.223194,20.871044,-10.3814535,User: user53<br>Type: 3min<br>Split: train
user54,3min,train,3870,41.798813,-47.438316,28.300035,-3.3947086,User: user54<br>Type: 3min<br>Split: train
user57,3min,train,3871,-92.59654,180.8146,-8.63331,14.830429,User: user57<br>Type: 3min<br>Split: train
user59,3min,train,3872,-42.905766,122.347595,-3.5532613,24.323826,User: user59<br>Type: 3min<br>Split: train
user60,3min,train,3873,104.54602,92.16839,16.564558,7.998734,User: user60<br>Type: 3min<br>Split: train
user61,3min,train,3874,13.136969,-132.71332,13.280056,-12.456021,User: user61<br>Type: 3min<br>Split: train
user62,3min,train,3875,-161.29836,25.327385,-11.016151,5.2297435,User: user62<br>Type: 3min<br>Split: train
user62,3min,train,3876,-105.7373,29.50931,-16.674032,3.786383,User: user62<br>Type: 3min<br>Split: train
user63,3min,train,3877,-76.3527,-55.018288,-17.023052,-8.14707,User: user63<br>Type: 3min<br>Split: train
user64,3min,train,3878,-165.83238,-130.14728,-15.19848,-10.618644,User: user64<br>Type: 3min<br>Split: train
user68,3min,train,3879,-61.284966,-85.49953,0.6635299,-11.57151,User: user68<br>Type: 3min<br>Split: train
user69,3min,train,3880,-101.18627,-143.4123,-1.9752654,-1.7124984,User: user69<br>Type: 3min<br>Split: train
user70,3min,train,3881,-53.917717,-110.53692,12.479657,5.4082294,User: user70<br>Type: 3min<br>Split: train
user74,3min,train,3882,-152.19351,138.6777,-18.344656,20.276413,User: user74<br>Type: 3min<br>Split: train
user77,3min,train,3883,-142.63501,-48.656788,-10.16556,-6.4938416,User: user77<br>Type: 3min<br>Split: train
user79,3min,train,3884,-30.512867,11.3816,6.111496,26.008467,User: user79<br>Type: 3min<br>Split: train
user81,3min,train,3885,-113.86219,54.042454,-3.5678453,8.313994,User: user81<br>Type: 3min<br>Split: train
user82,3min,train,3886,33.775627,-10.916876,13.9107065,7.706873,User: user82<br>Type: 3min<br>Split: train
user86,3min,train,3887,-46.58125,-171.89458,-0.7972492,-20.247774,User: user86<br>Type: 3min<br>Split: train
user1,3min,train,3888,13.863741,76.31855,-12.896491,21.957443,User: user1<br>Type: 3min<br>Split: train
user13,3min,train,3889,-138.71892,46.876972,-2.3868966,12.151208,User: user13<br>Type: 3min<br>Split: train
user15,3min,train,3890,-108.41618,-112.25345,2.905829,2.3516233,User: user15<br>Type: 3min<br>Split: train
user17,3min,train,3891,-195.68074,-15.931047,-24.158222,-3.1416361,User: user17<br>Type: 3min<br>Split: train
user18,3min,train,3892,-63.888412,73.953804,-15.67652,8.880135,User: user18<br>Type: 3min<br>Split: train
user20,3min,train,3893,-105.06311,77.88808,-14.082788,2.5971866,User: user20<br>Type: 3min<br>Split: train
user21,3min,train,3894,-54.6782,-24.618101,-20.79125,-15.260391,User: user21<br>Type: 3min<br>Split: train
user23,3min,train,3895,-98.451775,-20.052794,-20.405651,2.0073102,User: user23<br>Type: 3min<br>Split: train
user25,3min,train,3896,-132.98659,73.275345,-15.492206,0.95237917,User: user25<br>Type: 3min<br>Split: train
user26,3min,train,3897,-73.31034,115.66984,1.035778,11.89369,User: user26<br>Type: 3min<br>Split: train
user3,3min,train,3898,-33.07321,53.066944,0.92264134,26.837389,User: user3<br>Type: 3min<br>Split: train
user30,3min,train,3899,-133.4254,-133.25356,-16.561817,-15.194069,User: user30<br>Type: 3min<br>Split: train
user33,3min,train,3900,-121.60412,127.08609,-8.734124,25.389254,User: user33<br>Type: 3min<br>Split: train
user34,3min,train,3901,-46.07739,-41.95224,-7.219612,3.127781,User: user34<br>Type: 3min<br>Split: train
user36,3min,train,3902,-196.6053,-46.669827,-19.100235,-2.665744,User: user36<br>Type: 3min<br>Split: train
user37,3min,train,3903,22.970564,107.643776,10.665835,13.641472,User: user37<br>Type: 3min<br>Split: train
user4,3min,train,3904,-89.33292,51.406857,-11.51064,10.028874,User: user4<br>Type: 3min<br>Split: train
user40,3min,train,3905,-75.781364,-8.141219,-27.581339,6.5404963,User: user40<br>Type: 3min<br>Split: train
user41,3min,train,3906,-126.0254,163.50269,-13.021907,9.776383,User: user41<br>Type: 3min<br>Split: train
user46,3min,train,3907,-11.69883,-30.652655,-1.2221533,-8.959599,User: user46<br>Type: 3min<br>Split: train
user47,3min,train,3908,58.35414,-1.0038519,17.842426,23.496498,User: user47<br>Type: 3min<br>Split: train
user48,3min,train,3909,63.466167,45.12324,7.3093767,20.990541,User: user48<br>Type: 3min<br>Split: train
user49,3min,train,3910,142.51956,109.82349,14.265413,19.543846,User: user49<br>Type: 3min<br>Split: train
user56,3min,train,3911,-116.01288,-83.58743,0.60213155,-6.5502253,User: user56<br>Type: 3min<br>Split: train
user60,3min,train,3912,104.54602,92.16839,16.56491,7.997465,User: user60<br>Type: 3min<br>Split: train
user61,3min,train,3913,13.136969,-132.71332,3.6081553,-14.250152,User: user61<br>Type: 3min<br>Split: train
user62,3min,train,3914,-105.7373,29.50931,-16.672132,3.7986917,User: user62<br>Type: 3min<br>Split: train
user65,3min,train,3915,31.86232,-94.33745,1.5722457,-18.571157,User: user65<br>Type: 3min<br>Split: train
user67,3min,train,3916,-122.12124,97.05209,-1.679739,14.577874,User: user67<br>Type: 3min<br>Split: train
user69,3min,train,3917,-101.18627,-143.4123,-5.673694,-7.0969253,User: user69<br>Type: 3min<br>Split: train
user74,3min,train,3918,-152.19351,138.6777,-18.36291,20.25824,User: user74<br>Type: 3min<br>Split: train
user76,3min,train,3919,138.65271,-15.393615,14.1750345,13.982344,User: user76<br>Type: 3min<br>Split: train
user78,3min,train,3920,-170.96631,-1.9590068,-12.935639,-0.21339007,User: user78<br>Type: 3min<br>Split: train
user79,3min,train,3921,-30.512867,11.3816,6.118016,26.014277,User: user79<br>Type: 3min<br>Split: train
user80,3min,train,3922,84.20569,-148.9275,10.374177,-13.284561,User: user80<br>Type: 3min<br>Split: train
user81,3min,train,3923,-113.86219,54.042454,-3.5682147,8.314284,User: user81<br>Type: 3min<br>Split: train
user86,3min,train,3924,-46.58125,-171.89458,-0.8003574,-20.25229,User: user86<br>Type: 3min<br>Split: train
user9,3min,train,3925,75.78509,66.43162,6.9639587,16.451706,User: user9<br>Type: 3min<br>Split: train
user1,3min,train,3926,17.276632,72.5268,-12.893878,21.954933,User: user1<br>Type: 3min<br>Split: train
user10,3min,train,3927,-1.3907136,97.334656,-3.5485554,19.758108,User: user10<br>Type: 3min<br>Split: train
user11,3min,train,3928,-137.4076,-103.33537,-14.79538,-2.8609107,User: user11<br>Type: 3min<br>Split: train
user13,3min,train,3929,-138.71892,46.876972,-2.3825696,12.147458,User: user13<br>Type: 3min<br>Split: train
user15,3min,train,3930,-108.41618,-112.25345,2.9056249,2.3521996,User: user15<br>Type: 3min<br>Split: train
user16,3min,train,3931,-14.740286,205.85985,3.4832892,21.674522,User: user16<br>Type: 3min<br>Split: train
user17,3min,train,3932,-195.68074,-15.931047,-24.155857,-3.1444392,User: user17<br>Type: 3min<br>Split: train
user20,3min,train,3933,-105.06311,77.88808,-14.083398,2.5974565,User: user20<br>Type: 3min<br>Split: train
user22,3min,train,3934,-94.92357,6.672643,-5.4802833,-1.406688,User: user22<br>Type: 3min<br>Split: train
user23,3min,train,3935,-91.27516,-27.560137,-20.408133,2.0050867,User: user23<br>Type: 3min<br>Split: train
user24,3min,train,3936,-52.51017,5.934216,-5.698759,6.078055,User: user24<br>Type: 3min<br>Split: train
user25,3min,train,3937,-132.98659,73.275345,-0.5443076,2.7011986,User: user25<br>Type: 3min<br>Split: train
user26,3min,train,3938,-73.31034,115.66984,1.0412447,11.90222,User: user26<br>Type: 3min<br>Split: train
user29,3min,train,3939,-164.6717,54.795074,6.3471527,3.4598806,User: user29<br>Type: 3min<br>Split: train
user32,3min,train,3940,-52.54509,200.63278,1.3809826,16.489868,User: user32<br>Type: 3min<br>Split: train
user35,3min,train,3941,-11.778402,-11.859678,4.217598,-1.1555219,User: user35<br>Type: 3min<br>Split: train
user39,3min,train,3942,-83.50522,-99.28785,-3.3377428,1.5740807,User: user39<br>Type: 3min<br>Split: train
user45,3min,train,3943,-27.081148,36.82445,-11.085339,15.152613,User: user45<br>Type: 3min<br>Split: train
user48,3min,train,3944,63.466167,45.12324,7.282317,20.963549,User: user48<br>Type: 3min<br>Split: train
user49,3min,train,3945,142.51956,109.82349,14.269502,19.542755,User: user49<br>Type: 3min<br>Split: train
user5,3min,train,3946,-144.17363,2.538802,7.1485724,-2.8222425,User: user5<br>Type: 3min<br>Split: train
user50,3min,train,3947,-165.25569,-29.547632,-8.7890415,-3.52711,User: user50<br>Type: 3min<br>Split: train
user52,3min,train,3948,-137.88318,-23.181454,-24.001295,4.18218,User: user52<br>Type: 3min<br>Split: train
user53,3min,train,3949,91.53717,-59.223194,20.870636,-10.381564,User: user53<br>Type: 3min<br>Split: train
user56,3min,train,3950,-116.01288,-83.58743,0.59694827,-6.546288,User: user56<br>Type: 3min<br>Split: train
user59,3min,train,3951,-42.905766,122.347595,-3.5533426,24.323874,User: user59<br>Type: 3min<br>Split: train
user6,3min,train,3952,-143.42564,-76.430695,-20.45756,-6.594727,User: user6<br>Type: 3min<br>Split: train
user61,3min,train,3953,13.136969,-132.71332,13.277904,-12.457184,User: user61<br>Type: 3min<br>Split: train
user65,3min,train,3954,31.86232,-94.33745,10.954542,-7.4026036,User: user65<br>Type: 3min<br>Split: train
user66,3min,train,3955,-30.797297,-98.508545,21.988544,5.131312,User: user66<br>Type: 3min<br>Split: train
user68,3min,train,3956,-61.284966,-85.49953,0.5730369,-11.480885,User: user68<br>Type: 3min<br>Split: train
user7,3min,train,3957,-7.1419573,-177.19244,-3.640068,-3.472556,User: user7<br>Type: 3min<br>Split: train
user75,3min,train,3958,117.40484,166.2063,15.524696,32.48658,User: user75<br>Type: 3min<br>Split: train
user78,3min,train,3959,-170.96631,-1.9590068,-12.922384,-0.22665286,User: user78<br>Type: 3min<br>Split: train
user79,3min,train,3960,-30.512867,11.3816,6.119582,26.01539,User: user79<br>Type: 3min<br>Split: train
user80,3min,train,3961,84.20569,-148.9275,10.28955,-5.1266513,User: user80<br>Type: 3min<br>Split: train
user82,3min,train,3962,33.775627,-10.916876,13.915759,7.702119,User: user82<br>Type: 3min<br>Split: train
user86,3min,train,3963,-46.58125,-171.89458,-0.7824879,-20.244244,User: user86<br>Type: 3min<br>Split: train
user88,3min,train,3964,15.223314,-78.70015,15.647404,-5.6505065,User: user88<br>Type: 3min<br>Split: train
user1,3min,train,3965,13.863741,76.31855,-12.891813,21.95296,User: user1<br>Type: 3min<br>Split: train
user13,3min,train,3966,-138.71892,46.876972,-2.4155533,12.182429,User: user13<br>Type: 3min<br>Split: train
user16,3min,train,3967,-14.740286,205.85985,3.557586,21.74892,User: user16<br>Type: 3min<br>Split: train
user18,3min,train,3968,-63.888412,73.953804,-15.662701,8.866007,User: user18<br>Type: 3min<br>Split: train
user20,3min,train,3969,-105.06311,77.88808,-14.0834675,2.5976477,User: user20<br>Type: 3min<br>Split: train
user21,3min,train,3970,-54.6782,-24.618101,-20.787971,-15.257602,User: user21<br>Type: 3min<br>Split: train
user22,3min,train,3971,-94.92357,6.672643,-5.4259157,-1.3521894,User: user22<br>Type: 3min<br>Split: train
user24,3min,train,3972,-52.51017,5.934216,-5.6989093,6.0785384,User: user24<br>Type: 3min<br>Split: train
user26,3min,train,3973,-73.31034,115.66984,1.0412586,11.902526,User: user26<br>Type: 3min<br>Split: train
user28,3min,train,3974,-16.752575,142.8599,3.5392997,29.275007,User: user28<br>Type: 3min<br>Split: train
user35,3min,train,3975,167.05638,-2.6472218,26.05835,21.986961,User: user35<br>Type: 3min<br>Split: train
user36,3min,train,3976,-196.6053,-46.669827,-19.130728,-2.6356997,User: user36<br>Type: 3min<br>Split: train
user37,3min,train,3977,22.970564,107.643776,11.2153225,14.058499,User: user37<br>Type: 3min<br>Split: train
user40,3min,train,3978,-76.4712,-2.9430878,-27.560173,6.5616665,User: user40<br>Type: 3min<br>Split: train
user41,3min,train,3979,-126.0254,163.50269,-13.020975,9.776475,User: user41<br>Type: 3min<br>Split: train
user43,3min,train,3980,-38.40839,81.84102,-11.062875,19.514566,User: user43<br>Type: 3min<br>Split: train
user44,3min,train,3981,-81.92371,-38.51104,-25.948551,0.63387835,User: user44<br>Type: 3min<br>Split: train
user45,3min,train,3982,-27.081148,36.82445,-11.108751,15.164787,User: user45<br>Type: 3min<br>Split: train
user47,3min,train,3983,58.35414,-1.0038519,17.841387,23.495195,User: user47<br>Type: 3min<br>Split: train
user50,3min,train,3984,-165.25569,-29.547632,-6.9649987,-2.949169,User: user50<br>Type: 3min<br>Split: train
user52,3min,train,3985,-137.88318,-23.181454,-24.001194,4.1822433,User: user52<br>Type: 3min<br>Split: train
user54,3min,train,3986,48.614914,-41.05999,28.263193,-3.430285,User: user54<br>Type: 3min<br>Split: train
user57,3min,train,3987,-92.59654,180.8146,-5.7310534,15.453614,User: user57<br>Type: 3min<br>Split: train
user58,3min,train,3988,-194.49309,-81.73398,-16.260458,-6.0557003,User: user58<br>Type: 3min<br>Split: train
user59,3min,train,3989,-42.905766,122.347595,-1.5424006,25.72988,User: user59<br>Type: 3min<br>Split: train
user60,3min,train,3990,104.54602,92.16839,3.7930064,15.134523,User: user60<br>Type: 3min<br>Split: train
user61,3min,train,3991,13.136969,-132.71332,3.6084173,-14.250261,User: user61<br>Type: 3min<br>Split: train
user64,3min,train,3992,-165.83238,-130.14728,-15.302277,-10.514854,User: user64<br>Type: 3min<br>Split: train
user65,3min,train,3993,31.86232,-94.33745,10.954471,-7.4025416,User: user65<br>Type: 3min<br>Split: train
user67,3min,train,3994,-122.12124,97.05209,-1.6457089,14.6123,User: user67<br>Type: 3min<br>Split: train
user68,3min,train,3995,-61.284966,-85.49953,0.5747096,-11.482455,User: user68<br>Type: 3min<br>Split: train
user69,3min,train,3996,-101.18627,-143.4123,-1.991411,-1.7280939,User: user69<br>Type: 3min<br>Split: train
user7,3min,train,3997,-7.1419573,-177.19244,8.030346,-12.856646,User: user7<br>Type: 3min<br>Split: train
user71,3min,train,3998,131.66515,-36.84476,18.963602,-1.8804982,User: user71<br>Type: 3min<br>Split: train
user74,3min,train,3999,-152.19351,138.6777,-18.363808,20.25735,User: user74<br>Type: 3min<br>Split: train
user79,3min,train,4000,-30.512867,11.3816,6.079537,25.975637,User: user79<br>Type: 3min<br>Split: train
user8,3min,train,4001,-129.58746,24.109426,-4.133571,17.183802,User: user8<br>Type: 3min<br>Split: train
user81,3min,train,4002,-113.86219,54.042454,-3.567227,8.313415,User: user81<br>Type: 3min<br>Split: train
user82,3min,train,4003,29.121454,-13.748628,13.911837,7.7059145,User: user82<br>Type: 3min<br>Split: train
user84,3min,train,4004,-97.5791,146.49004,-14.441949,24.324078,User: user84<br>Type: 3min<br>Split: train
user85,3min,train,4005,136.38219,-81.04708,6.639566,7.5578504,User: user85<br>Type: 3min<br>Split: train
user87,3min,train,4006,13.01546,52.540264,4.6929502,19.013252,User: user87<br>Type: 3min<br>Split: train
user9,3min,train,4007,75.78509,66.43162,7.0102363,16.401686,User: user9<br>Type: 3min<br>Split: train
user10,3min,train,4008,-1.3907136,97.334656,-3.5613308,19.769802,User: user10<br>Type: 3min<br>Split: train
user11,3min,train,4009,-137.4076,-103.33537,-14.795826,-2.8612735,User: user11<br>Type: 3min<br>Split: train
user15,3min,train,4010,-108.41618,-112.25345,2.9056919,2.3518653,User: user15<br>Type: 3min<br>Split: train
user18,3min,train,4011,-63.888412,73.953804,-15.672338,8.875455,User: user18<br>Type: 3min<br>Split: train
user19,3min,train,4012,-166.4242,-96.49441,-11.282298,-9.608724,User: user19<br>Type: 3min<br>Split: train
user2,3min,train,4013,60.334183,-131.87576,14.087378,0.61357945,User: user2<br>Type: 3min<br>Split: train
user21,3min,train,4014,-60.06158,-23.163872,-20.800413,-15.269557,User: user21<br>Type: 3min<br>Split: train
user23,3min,train,4015,-98.451775,-20.052794,-20.423258,1.9899383,User: user23<br>Type: 3min<br>Split: train
user24,3min,train,4016,-52.40137,0.21165341,-14.5728,16.323742,User: user24<br>Type: 3min<br>Split: train
user25,3min,train,4017,-132.98659,73.275345,-15.487335,0.9482988,User: user25<br>Type: 3min<br>Split: train
user29,3min,train,4018,-164.6717,54.795074,6.347665,3.460404,User: user29<br>Type: 3min<br>Split: train
user3,3min,train,4019,-38.06489,53.211464,0.9441772,26.816156,User: user3<br>Type: 3min<br>Split: train
user30,3min,train,4020,-133.4254,-133.25356,-16.561852,-15.1939945,User: user30<br>Type: 3min<br>Split: train
user31,3min,train,4021,7.127656,-0.07572798,16.298388,10.713337,User: user31<br>Type: 3min<br>Split: train
user32,3min,train,4022,-52.54509,200.63278,1.179048,16.691925,User: user32<br>Type: 3min<br>Split: train
user34,3min,train,4023,-42.164413,-38.25206,-17.835222,-0.97847307,User: user34<br>Type: 3min<br>Split: train
user35,3min,train,4024,-11.778402,-11.859678,4.2194357,-1.1538407,User: user35<br>Type: 3min<br>Split: train
user36,3min,train,4025,-196.6053,-46.669827,-19.08723,-2.6781406,User: user36<br>Type: 3min<br>Split: train
user37,3min,train,4026,22.970564,107.643776,11.216501,14.056571,User: user37<br>Type: 3min<br>Split: train
user38,3min,train,4027,-62.84318,171.02867,0.49500534,19.067617,User: user38<br>Type: 3min<br>Split: train
user39,3min,train,4028,-83.50522,-99.28785,-8.0404625,-8.958362,User: user39<br>Type: 3min<br>Split: train
user4,3min,train,4029,-89.33292,51.406857,-1.5913574,0.43649378,User: user4<br>Type: 3min<br>Split: train
user41,3min,train,4030,-126.0254,163.50269,-13.020931,9.7766075,User: user41<br>Type: 3min<br>Split: train
user42,3min,train,4031,11.140395,147.74826,-8.386521,10.10747,User: user42<br>Type: 3min<br>Split: train
user43,3min,train,4032,-38.40839,81.84102,-11.060733,19.512266,User: user43<br>Type: 3min<br>Split: train
user44,3min,train,4033,-97.63191,-53.365215,-25.960636,0.6462343,User: user44<br>Type: 3min<br>Split: train
user45,3min,train,4034,-27.081148,36.82445,-11.108674,15.164768,User: user45<br>Type: 3min<br>Split: train
user46,3min,train,4035,-11.69883,-30.652655,-1.2399263,-8.977513,User: user46<br>Type: 3min<br>Split: train
user49,3min,train,4036,142.51956,109.82349,14.265218,19.537497,User: user49<br>Type: 3min<br>Split: train
user5,3min,train,4037,-144.17363,2.538802,7.140085,-2.8266952,User: user5<br>Type: 3min<br>Split: train
user51,3min,train,4038,-34.59145,-16.559484,-9.84226,1.8971381,User: user51<br>Type: 3min<br>Split: train
user53,3min,train,4039,91.53717,-59.223194,2.8371398,-16.91336,User: user53<br>Type: 3min<br>Split: train
user54,3min,train,4040,50.826115,-46.471756,28.281351,-3.4122496,User: user54<br>Type: 3min<br>Split: train
user62,3min,train,4041,-161.29836,25.327385,-11.029607,5.2428555,User: user62<br>Type: 3min<br>Split: train
user62,3min,train,4042,-105.7373,29.50931,-16.672606,3.788112,User: user62<br>Type: 3min<br>Split: train
user64,3min,train,4043,-165.83238,-130.14728,-15.296774,-10.520402,User: user64<br>Type: 3min<br>Split: train
user67,3min,train,4044,-122.12124,97.05209,-1.6711719,14.586042,User: user67<br>Type: 3min<br>Split: train
user7,3min,train,4045,-7.1419573,-177.19244,8.033558,-12.853991,User: user7<br>Type: 3min<br>Split: train
user71,3min,train,4046,131.66515,-36.84476,18.972013,-1.9154412,User: user71<br>Type: 3min<br>Split: train
user73,3min,train,4047,-22.528036,-53.160408,3.615663,-8.60078,User: user73<br>Type: 3min<br>Split: train
user76,3min,train,4048,138.65271,-15.393615,14.087252,13.895852,User: user76<br>Type: 3min<br>Split: train
user80,3min,train,4049,84.20569,-148.9275,10.291146,-5.129481,User: user80<br>Type: 3min<br>Split: train
user81,3min,train,4050,-113.86219,54.042454,-3.5682638,8.3141775,User: user81<br>Type: 3min<br>Split: train
user82,3min,train,4051,29.121454,-13.748628,13.909891,7.7079396,User: user82<br>Type: 3min<br>Split: train
user83,3min,train,4052,-25.770061,-124.25772,3.320928,-4.0543437,User: user83<br>Type: 3min<br>Split: train
user88,3min,train,4053,15.223314,-78.70015,5.3906565,-4.56716,User: user88<br>Type: 3min<br>Split: train
user89,3min,train,4054,140.6399,-112.28211,19.253042,13.616591,User: user89<br>Type: 3min<br>Split: train
user9,3min,train,4055,75.78509,66.43162,7.001576,16.413116,User: user9<br>Type: 3min<br>Split: train
user11,3min,train,4056,-137.4076,-103.33537,-14.795859,-2.8604782,User: user11<br>Type: 3min<br>Split: train
user12,3min,train,4057,-72.13619,-156.55666,-3.8908424,-18.983286,User: user12<br>Type: 3min<br>Split: train
user13,3min,train,4058,-138.71892,46.876972,-2.3944497,12.155402,User: user13<br>Type: 3min<br>Split: train
user17,3min,train,4059,-195.68074,-15.931047,-18.546648,6.9615436,User: user17<br>Type: 3min<br>Split: train
user18,3min,train,4060,-63.888412,73.953804,-15.663155,8.866684,User: user18<br>Type: 3min<br>Split: train
user22,3min,train,4061,-94.92357,6.672643,-5.452902,-1.3791724,User: user22<br>Type: 3min<br>Split: train
user26,3min,train,4062,-73.31034,115.66984,1.054314,11.89324,User: user26<br>Type: 3min<br>Split: train
user27,3min,train,4063,154.21333,-52.922832,15.701219,3.823074,User: user27<br>Type: 3min<br>Split: train
user28,3min,train,4064,-16.752575,142.8599,3.535075,29.273853,User: user28<br>Type: 3min<br>Split: train
user3,3min,train,4065,-38.06489,53.211464,0.9438691,26.816572,User: user3<br>Type: 3min<br>Split: train
user30,3min,train,4066,-133.4254,-133.25356,-3.5611668,-5.411003,User: user30<br>Type: 3min<br>Split: train
user32,3min,train,4067,-52.54509,200.63278,1.377922,16.492868,User: user32<br>Type: 3min<br>Split: train
user33,3min,train,4068,-121.60412,127.08609,-8.72893,25.384981,User: user33<br>Type: 3min<br>Split: train
user35,3min,train,4069,167.05638,-2.6472218,26.05945,21.988047,User: user35<br>Type: 3min<br>Split: train
user37,3min,train,4070,22.970564,107.643776,10.649981,13.627681,User: user37<br>Type: 3min<br>Split: train
user38,3min,train,4071,-62.84318,171.02867,0.4951051,19.067326,User: user38<br>Type: 3min<br>Split: train
user4,3min,train,4072,-89.33292,51.406857,-11.5105095,10.029234,User: user4<br>Type: 3min<br>Split: train
user40,3min,train,4073,-76.4712,-2.9430878,-27.571608,6.550249,User: user40<br>Type: 3min<br>Split: train
user41,3min,train,4074,-126.0254,163.50269,-5.8159432,8.005287,User: user41<br>Type: 3min<br>Split: train
user43,3min,train,4075,-38.40839,81.84102,-10.256124,18.626596,User: user43<br>Type: 3min<br>Split: train
user46,3min,train,4076,-11.69883,-30.652655,-1.223656,-8.9612465,User: user46<br>Type: 3min<br>Split: train
user48,3min,train,4077,63.466167,45.12324,7.266094,20.947237,User: user48<br>Type: 3min<br>Split: train
user5,3min,train,4078,-144.17363,2.538802,7.142229,-2.826951,User: user5<br>Type: 3min<br>Split: train
user50,3min,train,4079,-165.25569,-29.547632,-8.789123,-3.5268176,User: user50<br>Type: 3min<br>Split: train
user52,3min,train,4080,-137.88318,-23.181454,-20.286465,9.322525,User: user52<br>Type: 3min<br>Split: train
user54,3min,train,4081,50.826115,-46.471756,28.25823,-3.4354253,User: user54<br>Type: 3min<br>Split: train
user55,3min,train,4082,-12.099864,53.11249,11.989933,17.174229,User: user55<br>Type: 3min<br>Split: train
user56,3min,train,4083,-116.01288,-83.58743,0.63669294,-6.5859156,User: user56<br>Type: 3min<br>Split: train
user60,3min,train,4084,104.54602,92.16839,3.7936025,15.133781,User: user60<br>Type: 3min<br>Split: train
user61,3min,train,4085,13.136969,-132.71332,3.607822,-14.250062,User: user61<br>Type: 3min<br>Split: train
user67,3min,train,4086,-122.12124,97.05209,-1.6711947,14.586203,User: user67<br>Type: 3min<br>Split: train
user69,3min,train,4087,-101.18627,-143.4123,-5.6727185,-7.0968037,User: user69<br>Type: 3min<br>Split: train
user70,3min,train,4088,-53.917717,-110.53692,8.793366,-8.031537,User: user70<br>Type: 3min<br>Split: train
user71,3min,train,4089,131.66515,-36.84476,18.998674,-1.8890228,User: user71<br>Type: 3min<br>Split: train
user72,3min,train,4090,13.62859,22.772324,6.8876095,0.3551365,User: user72<br>Type: 3min<br>Split: train
user73,3min,train,4091,-22.528036,-53.160408,3.7312834,-8.4867935,User: user73<br>Type: 3min<br>Split: train
user75,3min,train,4092,117.40484,166.2063,15.526837,32.48867,User: user75<br>Type: 3min<br>Split: train
user76,3min,train,4093,138.65271,-15.393615,14.174896,13.982381,User: user76<br>Type: 3min<br>Split: train
user79,3min,train,4094,-24.637455,17.447674,6.1121173,26.007832,User: user79<br>Type: 3min<br>Split: train
user80,3min,train,4095,84.20569,-148.9275,10.350672,-13.291482,User: user80<br>Type: 3min<br>Split: train
user82,3min,train,4096,29.121454,-13.748628,13.927986,7.6925673,User: user82<br>Type: 3min<br>Split: train
user83,3min,train,4097,-25.770061,-124.25772,3.3359482,-4.039649,User: user83<br>Type: 3min<br>Split: train
user89,3min,train,4098,140.6399,-112.28211,19.22054,13.6489,User: user89<br>Type: 3min<br>Split: train
user10,3min,train,4099,-1.3907136,97.334656,-3.5505335,19.755966,User: user10<br>Type: 3min<br>Split: train
user14,3min,train,4100,-145.96432,107.237465,-23.852407,10.330556,User: user14<br>Type: 3min<br>Split: train
user18,3min,train,4101,-63.888412,73.953804,-15.663031,8.866318,User: user18<br>Type: 3min<br>Split: train
user24,3min,train,4102,-52.40137,0.21165341,-14.57184,16.3226,User: user24<br>Type: 3min<br>Split: train
user25,3min,train,4103,-132.98659,73.275345,-0.5448133,2.7011855,User: user25<br>Type: 3min<br>Split: train
user26,3min,train,4104,-73.31034,115.66984,1.0416015,11.902713,User: user26<br>Type: 3min<br>Split: train
user27,3min,train,4105,154.21333,-52.922832,15.701148,3.8231108,User: user27<br>Type: 3min<br>Split: train
user30,3min,train,4106,-133.4254,-133.25356,-16.56187,-15.19402,User: user30<br>Type: 3min<br>Split: train
user31,3min,train,4107,7.127656,-0.07572798,16.31318,10.697977,User: user31<br>Type: 3min<br>Split: train
user33,3min,train,4108,-121.60412,127.08609,-8.729675,25.384804,User: user33<br>Type: 3min<br>Split: train
user35,3min,train,4109,-11.778402,-11.859678,4.192256,-1.1810149,User: user35<br>Type: 3min<br>Split: train
user38,3min,train,4110,-62.84318,171.02867,0.49357018,19.067213,User: user38<br>Type: 3min<br>Split: train
user39,3min,train,4111,-83.50522,-99.28785,-8.03788,-8.949296,User: user39<br>Type: 3min<br>Split: train
user40,3min,train,4112,-76.4712,-2.9430878,-27.568056,6.549617,User: user40<br>Type: 3min<br>Split: train
user41,3min,train,4113,-126.0254,163.50269,-5.8160706,8.005019,User: user41<br>Type: 3min<br>Split: train
user43,3min,train,4114,-38.40839,81.84102,-11.062879,19.514591,User: user43<br>Type: 3min<br>Split: train
user44,3min,train,4115,-97.63191,-53.365215,-25.964733,0.65004295,User: user44<br>Type: 3min<br>Split: train
user45,3min,train,4116,-22.06412,36.96605,-11.105929,15.162178,User: user45<br>Type: 3min<br>Split: train
user47,3min,train,4117,58.35414,-1.0038519,17.845211,23.491562,User: user47<br>Type: 3min<br>Split: train
user5,3min,train,4118,-144.17363,2.538802,7.1528034,-2.817578,User: user5<br>Type: 3min<br>Split: train
user50,3min,train,4119,-165.25569,-29.547632,-8.789497,-3.5271952,User: user50<br>Type: 3min<br>Split: train
user52,3min,train,4120,-137.88318,-23.181454,-20.28597,9.3222475,User: user52<br>Type: 3min<br>Split: train
user55,3min,train,4121,-12.099864,53.11249,11.990084,17.174122,User: user55<br>Type: 3min<br>Split: train
user56,3min,train,4122,-116.01288,-83.58743,0.598168,-6.5471277,User: user56<br>Type: 3min<br>Split: train
user57,3min,train,4123,-92.59654,180.8146,-8.632985,14.829876,User: user57<br>Type: 3min<br>Split: train
user58,3min,train,4124,-194.49309,-81.73398,-16.221428,-6.016963,User: user58<br>Type: 3min<br>Split: train
user60,3min,train,4125,104.54602,92.16839,16.564842,7.9975643,User: user60<br>Type: 3min<br>Split: train
user62,3min,train,4126,-161.29836,25.327385,-11.029735,5.2435265,User: user62<br>Type: 3min<br>Split: train
user64,3min,train,4127,-165.83238,-130.14728,-15.25535,-10.561962,User: user64<br>Type: 3min<br>Split: train
user65,3min,train,4128,31.86232,-94.33745,10.954318,-7.402581,User: user65<br>Type: 3min<br>Split: train
user67,3min,train,4129,-122.12124,97.05209,-1.6390473,14.618248,User: user67<br>Type: 3min<br>Split: train
user68,3min,train,4130,-61.284966,-85.49953,0.5733458,-11.4809475,User: user68<br>Type: 3min<br>Split: train
user69,3min,train,4131,-101.18627,-143.4123,-1.975237,-1.7118189,User: user69<br>Type: 3min<br>Split: train
user7,3min,train,4132,-7.1419573,-177.19244,8.030702,-12.856585,User: user7<br>Type: 3min<br>Split: train
user74,3min,train,4133,-152.19351,138.6777,-18.361984,20.258884,User: user74<br>Type: 3min<br>Split: train
user76,3min,train,4134,138.65271,-15.393615,14.085449,13.894285,User: user76<br>Type: 3min<br>Split: train
user77,3min,train,4135,-142.63501,-48.656788,-9.989213,-6.3194175,User: user77<br>Type: 3min<br>Split: train
user79,3min,train,4136,-30.512867,11.3816,6.1081257,26.004408,User: user79<br>Type: 3min<br>Split: train
user80,3min,train,4137,84.20569,-148.9275,10.291379,-5.1300154,User: user80<br>Type: 3min<br>Split: train
user85,3min,train,4138,136.38219,-81.04708,6.6584983,7.576577,User: user85<br>Type: 3min<br>Split: train
user86,3min,train,4139,-46.58125,-171.89458,-0.81697816,-20.230295,User: user86<br>Type: 3min<br>Split: train
user88,3min,train,4140,10.523731,-81.482994,15.6474695,-5.650609,User: user88<br>Type: 3min<br>Split: train
user12,3min,train,4141,-72.13619,-156.55666,-3.5175395,-13.415422,User: user12<br>Type: 3min<br>Split: train
user13,3min,train,4142,-138.71892,46.876972,-2.3970182,12.160557,User: user13<br>Type: 3min<br>Split: train
user14,3min,train,4143,-145.96432,107.237465,-23.858852,10.324217,User: user14<br>Type: 3min<br>Split: train
user15,3min,train,4144,-108.41618,-112.25345,-12.2154045,-2.3597517,User: user15<br>Type: 3min<br>Split: train
user16,3min,train,4145,-14.740286,205.85985,3.6033425,21.794773,User: user16<br>Type: 3min<br>Split: train
user17,3min,train,4146,-195.68074,-15.931047,-18.54561,6.9631805,User: user17<br>Type: 3min<br>Split: train
user20,3min,train,4147,-105.06311,77.88808,-14.083372,2.5973601,User: user20<br>Type: 3min<br>Split: train
user22,3min,train,4148,-94.92357,6.672643,-5.424987,-1.351272,User: user22<br>Type: 3min<br>Split: train
user23,3min,train,4149,-98.451775,-20.052794,-20.417383,1.9959445,User: user23<br>Type: 3min<br>Split: train
user29,3min,train,4150,-164.6717,54.795074,-1.7796735,9.719919,User: user29<br>Type: 3min<br>Split: train
user3,3min,train,4151,-38.06489,53.211464,0.95944434,26.800858,User: user3<br>Type: 3min<br>Split: train
user35,3min,train,4152,167.05638,-2.6472218,26.070065,21.998747,User: user35<br>Type: 3min<br>Split: train
user36,3min,train,4153,-196.6053,-46.669827,-19.100138,-2.6653938,User: user36<br>Type: 3min<br>Split: train
user37,3min,train,4154,22.970564,107.643776,10.643057,13.622968,User: user37<br>Type: 3min<br>Split: train
user38,3min,train,4155,-62.84318,171.02867,0.4941557,19.067553,User: user38<br>Type: 3min<br>Split: train
user4,3min,train,4156,-89.33292,51.406857,-11.510454,10.029191,User: user4<br>Type: 3min<br>Split: train
user40,3min,train,4157,-71.57965,-4.132366,-27.566212,6.5552998,User: user40<br>Type: 3min<br>Split: train
user41,3min,train,4158,-126.0254,163.50269,-5.816034,8.005109,User: user41<br>Type: 3min<br>Split: train
user42,3min,train,4159,11.140395,147.74826,-8.377021,10.116361,User: user42<br>Type: 3min<br>Split: train
user45,3min,train,4160,-22.06412,36.96605,-11.108419,15.164538,User: user45<br>Type: 3min<br>Split: train
user47,3min,train,4161,58.35414,-1.0038519,17.830574,23.506199,User: user47<br>Type: 3min<br>Split: train
user48,3min,train,4162,63.466167,45.12324,7.2822866,20.963213,User: user48<br>Type: 3min<br>Split: train
user5,3min,train,4163,-144.17363,2.538802,-0.279548,5.4991517,User: user5<br>Type: 3min<br>Split: train
user52,3min,train,4164,-137.88318,-23.181454,-24.001143,4.1826005,User: user52<br>Type: 3min<br>Split: train
user53,3min,train,4165,91.53717,-59.223194,20.870613,-10.381524,User: user53<br>Type: 3min<br>Split: train
user54,3min,train,4166,48.614914,-41.05999,28.295906,-3.399102,User: user54<br>Type: 3min<br>Split: train
user56,3min,train,4167,-116.01288,-83.58743,0.59761983,-6.546897,User: user56<br>Type: 3min<br>Split: train
user57,3min,train,4168,-92.59654,180.8146,-8.632665,14.829809,User: user57<br>Type: 3min<br>Split: train
user6,3min,train,4169,-143.42564,-76.430695,-20.455683,-6.593219,User: user6<br>Type: 3min<br>Split: train
user60,3min,train,4170,104.54602,92.16839,3.7929647,15.134622,User: user60<br>Type: 3min<br>Split: train
user61,3min,train,4171,13.136969,-132.71332,3.6069045,-14.249059,User: user61<br>Type: 3min<br>Split: train
user62,3min,train,4172,-105.7373,29.50931,-16.661053,3.7793052,User: user62<br>Type: 3min<br>Split: train
user63,3min,train,4173,-76.3527,-55.018288,-11.39629,-4.095618,User: user63<br>Type: 3min<br>Split: train
user64,3min,train,4174,-165.83238,-130.14728,-15.204794,-10.612357,User: user64<br>Type: 3min<br>Split: train
user66,3min,train,4175,-30.797297,-98.508545,21.998028,5.125603,User: user66<br>Type: 3min<br>Split: train
user68,3min,train,4176,-61.284966,-85.49953,0.5725784,-11.4803095,User: user68<br>Type: 3min<br>Split: train
user69,3min,train,4177,-101.18627,-143.4123,-1.971394,-1.7089933,User: user69<br>Type: 3min<br>Split: train
user7,3min,train,4178,-7.1419573,-177.19244,-3.640817,-3.4719813,User: user7<br>Type: 3min<br>Split: train
user72,3min,train,4179,13.62859,22.772324,6.8879614,0.35541454,User: user72<br>Type: 3min<br>Split: train
user74,3min,train,4180,-152.19351,138.6777,-18.356203,20.257877,User: user74<br>Type: 3min<br>Split: train
user75,3min,train,4181,117.40484,166.2063,15.523528,32.48538,User: user75<br>Type: 3min<br>Split: train
user77,3min,train,4182,-142.63501,-48.656788,-10.008291,-6.33856,User: user77<br>Type: 3min<br>Split: train
user78,3min,train,4183,-170.96631,-1.9590068,-12.921942,-0.22688085,User: user78<br>Type: 3min<br>Split: train
user81,3min,train,4184,-113.86219,54.042454,-5.7024155,12.347138,User: user81<br>Type: 3min<br>Split: train
user83,3min,train,4185,-25.770061,-124.25772,3.2662752,-4.111076,User: user83<br>Type: 3min<br>Split: train
user84,3min,train,4186,-97.5791,146.49004,-14.449958,24.316923,User: user84<br>Type: 3min<br>Split: train
user89,3min,train,4187,140.6399,-112.28211,19.227484,13.642317,User: user89<br>Type: 3min<br>Split: train
user100,1min,val,0,-6.4724936,167.51852,-0.12329707,23.582922,User: user100<br>Type: 1min<br>Split: val
user101,1min,val,1,88.32552,-16.830685,4.34873,6.132818,User: user101<br>Type: 1min<br>Split: val
user102,1min,val,2,9.888747,195.0075,9.446857,17.85213,User: user102<br>Type: 1min<br>Split: val
user103,1min,val,3,57.67388,131.61772,-2.6688082,3.786798,User: user103<br>Type: 1min<br>Split: val
user104,1min,val,4,69.44672,-35.409847,8.817097,-1.626586,User: user104<br>Type: 1min<br>Split: val
user90,1min,val,5,51.07683,-106.548065,8.619126,4.475124,User: user90<br>Type: 1min<br>Split: val
user91,1min,val,6,66.86566,192.36058,-0.9475597,16.596777,User: user91<br>Type: 1min<br>Split: val
user92,1min,val,7,119.98148,7.007612,4.331017,1.1779772,User: user92<br>Type: 1min<br>Split: val
user93,1min,val,8,-61.950367,38.976505,1.8497728,9.78384,User: user93<br>Type: 1min<br>Split: val
user94,1min,val,9,104.86624,-79.54059,14.41609,-2.1337912,User: user94<br>Type: 1min<br>Split: val
user95,1min,val,10,-45.701546,-59.674324,1.02791,2.313683,User: user95<br>Type: 1min<br>Split: val
user96,1min,val,11,-93.61434,-38.470493,-6.3766413,1.4373046,User: user96<br>Type: 1min<br>Split: val
user97,1min,val,12,77.48225,-81.751915,20.143742,5.911574,User: user97<br>Type: 1min<br>Split: val
user98,1min,val,13,83.375084,50.02451,8.939109,8.484931,User: user98<br>Type: 1min<br>Split: val
user99,1min,val,14,95.034515,-19.587454,10.117605,6.506948,User: user99<br>Type: 1min<br>Split: val
user100,1min,val,15,-6.4724936,167.51852,-0.12327423,23.58301,User: user100<br>Type: 1min<br>Split: val
user100,1min,val,16,-6.4724936,167.51852,-0.1232928,23.582956,User: user100<br>Type: 1min<br>Split: val
user100,1min,val,17,-6.4724936,167.51852,-0.123253696,23.582964,User: user100<br>Type: 1min<br>Split: val
user100,1min,val,18,-6.4724936,167.51852,-0.12314799,23.583435,User: user100<br>Type: 1min<br>Split: val
user100,1min,val,19,-6.4724936,167.51852,-0.12898214,23.576626,User: user100<br>Type: 1min<br>Split: val
user100,1min,val,20,-6.4724936,167.51852,-0.12349902,23.582708,User: user100<br>Type: 1min<br>Split: val
user100,1min,val,21,-6.4724936,167.51852,-0.12340203,23.582561,User: user100<br>Type: 1min<br>Split: val
user100,1min,val,22,-6.4724936,167.51852,-0.1235156,23.5827,User: user100<br>Type: 1min<br>Split: val
user100,1min,val,23,-6.4724936,167.51852,-0.123806745,23.581814,User: user100<br>Type: 1min<br>Split: val
user100,1min,val,24,-6.4724936,167.51852,-0.12352714,23.582695,User: user100<br>Type: 1min<br>Split: val
user100,1min,val,25,-6.4724936,167.51852,-0.12357062,23.582634,User: user100<br>Type: 1min<br>Split: val
user100,1min,val,26,-6.4724936,167.51852,-0.12348086,23.58279,User: user100<br>Type: 1min<br>Split: val
user100,1min,val,27,-6.4724936,167.51852,-0.122068256,23.584486,User: user100<br>Type: 1min<br>Split: val
user100,1min,val,28,-6.4724936,167.51852,-0.12367776,23.582355,User: user100<br>Type: 1min<br>Split: val
user101,1min,val,29,88.32552,-16.830685,4.3489413,6.1328406,User: user101<br>Type: 1min<br>Split: val
user101,1min,val,30,87.49932,-20.431849,4.3489685,6.132763,User: user101<br>Type: 1min<br>Split: val
user101,1min,val,31,87.49932,-20.431849,4.3489513,6.1328206,User: user101<br>Type: 1min<br>Split: val
user101,1min,val,32,88.32552,-16.830685,4.3512406,6.1318927,User: user101<br>Type: 1min<br>Split: val
user101,1min,val,33,88.32552,-16.830685,4.349181,6.133327,User: user101<br>Type: 1min<br>Split: val
user101,1min,val,34,88.32552,-16.830685,4.349226,6.1333055,User: user101<br>Type: 1min<br>Split: val
user101,1min,val,35,88.32552,-16.830685,4.348936,6.132828,User: user101<br>Type: 1min<br>Split: val
user101,1min,val,36,88.32552,-16.830685,4.3490014,6.1327977,User: user101<br>Type: 1min<br>Split: val
user101,1min,val,37,88.32552,-16.830685,4.349055,6.132872,User: user101<br>Type: 1min<br>Split: val
user101,1min,val,38,88.32552,-16.830685,4.349004,6.13285,User: user101<br>Type: 1min<br>Split: val
user101,1min,val,39,88.32552,-16.830685,4.34897,6.1328635,User: user101<br>Type: 1min<br>Split: val
user101,1min,val,40,88.32552,-16.830685,4.3488913,6.1328964,User: user101<br>Type: 1min<br>Split: val
user101,1min,val,41,88.32552,-16.830685,4.349185,6.1325526,User: user101<br>Type: 1min<br>Split: val
user101,1min,val,42,88.32552,-16.830685,4.3485518,6.1331553,User: user101<br>Type: 1min<br>Split: val
user102,1min,val,43,9.888747,195.0075,9.446931,17.852165,User: user102<br>Type: 1min<br>Split: val
user102,1min,val,44,9.888747,195.0075,9.44717,17.852287,User: user102<br>Type: 1min<br>Split: val
user102,1min,val,45,9.888747,195.0075,9.446936,17.85214,User: user102<br>Type: 1min<br>Split: val
user102,1min,val,46,9.888747,195.0075,9.446896,17.852188,User: user102<br>Type: 1min<br>Split: val
user102,1min,val,47,9.888747,195.0075,9.441429,17.852331,User: user102<br>Type: 1min<br>Split: val
user102,1min,val,48,9.888747,195.0075,9.446634,17.85216,User: user102<br>Type: 1min<br>Split: val
user102,1min,val,49,9.888747,195.0075,9.445737,17.85194,User: user102<br>Type: 1min<br>Split: val
user102,1min,val,50,9.888747,195.0075,9.44694,17.85167,User: user102<br>Type: 1min<br>Split: val
user102,1min,val,51,9.888747,195.0075,9.446503,17.852299,User: user102<br>Type: 1min<br>Split: val
user102,1min,val,52,9.888747,195.0075,9.446917,17.85219,User: user102<br>Type: 1min<br>Split: val
user102,1min,val,53,9.888747,195.0075,9.446716,17.852093,User: user102<br>Type: 1min<br>Split: val
user102,1min,val,54,9.888747,195.0075,9.446574,17.852104,User: user102<br>Type: 1min<br>Split: val
user102,1min,val,55,9.888747,195.0075,9.447143,17.85236,User: user102<br>Type: 1min<br>Split: val
user102,1min,val,56,9.888747,195.0075,9.44316,17.8526,User: user102<br>Type: 1min<br>Split: val
user103,1min,val,57,57.67388,131.61772,-2.668786,3.7866528,User: user103<br>Type: 1min<br>Split: val
user103,1min,val,58,57.67388,131.61772,-2.6686904,3.786873,User: user103<br>Type: 1min<br>Split: val
user103,1min,val,59,57.67388,131.61772,-2.6815667,3.8001955,User: user103<br>Type: 1min<br>Split: val
user103,1min,val,60,57.67388,131.61772,-2.6687615,3.7872062,User: user103<br>Type: 1min<br>Split: val
user103,1min,val,61,57.67388,131.61772,-2.6690326,3.7871535,User: user103<br>Type: 1min<br>Split: val
user103,1min,val,62,54.190845,132.55135,-2.6695614,3.7875764,User: user103<br>Type: 1min<br>Split: val
user103,1min,val,63,54.190845,132.55135,-2.6684916,3.7876987,User: user103<br>Type: 1min<br>Split: val
user103,1min,val,64,57.67388,131.61772,-2.6564665,3.7747018,User: user103<br>Type: 1min<br>Split: val
user103,1min,val,65,57.67388,131.61772,-2.6686757,3.7870216,User: user103<br>Type: 1min<br>Split: val
user103,1min,val,66,57.67388,131.61772,-2.668847,3.7865362,User: user103<br>Type: 1min<br>Split: val
user103,1min,val,67,57.67388,131.61772,-2.6658359,3.7857275,User: user103<br>Type: 1min<br>Split: val
user103,1min,val,68,57.67388,131.61772,-2.6707861,3.7883396,User: user103<br>Type: 1min<br>Split: val
user103,1min,val,69,57.67388,131.61772,-2.6686285,3.7865784,User: user103<br>Type: 1min<br>Split: val
user103,1min,val,70,57.67388,131.61772,-2.6687734,3.7867143,User: user103<br>Type: 1min<br>Split: val
user104,1min,val,71,69.44672,-35.409847,8.817203,-1.6266822,User: user104<br>Type: 1min<br>Split: val
user104,1min,val,72,69.44672,-35.409847,8.816889,-1.6268007,User: user104<br>Type: 1min<br>Split: val
user104,1min,val,73,69.44672,-35.409847,8.817608,-1.6260157,User: user104<br>Type: 1min<br>Split: val
user104,1min,val,74,69.44672,-35.409847,8.817132,-1.6265353,User: user104<br>Type: 1min<br>Split: val
user104,1min,val,75,69.44672,-35.409847,8.817293,-1.6266029,User: user104<br>Type: 1min<br>Split: val
user104,1min,val,76,69.44672,-35.409847,8.81713,-1.6266466,User: user104<br>Type: 1min<br>Split: val
user104,1min,val,77,69.44672,-35.409847,8.817256,-1.6267561,User: user104<br>Type: 1min<br>Split: val
user104,1min,val,78,69.44672,-35.409847,8.817277,-1.6265378,User: user104<br>Type: 1min<br>Split: val
user104,1min,val,79,69.44672,-35.409847,8.817036,-1.6271915,User: user104<br>Type: 1min<br>Split: val
user104,1min,val,80,69.44672,-35.409847,8.81713,-1.6267684,User: user104<br>Type: 1min<br>Split: val
user104,1min,val,81,69.44672,-35.409847,8.81712,-1.6267058,User: user104<br>Type: 1min<br>Split: val
user104,1min,val,82,69.44672,-35.409847,8.817072,-1.626724,User: user104<br>Type: 1min<br>Split: val
user104,1min,val,83,69.44672,-35.409847,8.817152,-1.6266288,User: user104<br>Type: 1min<br>Split: val
user104,1min,val,84,69.44672,-35.409847,8.817164,-1.6266953,User: user104<br>Type: 1min<br>Split: val
user90,1min,val,85,51.07683,-106.548065,8.619187,4.4751344,User: user90<br>Type: 1min<br>Split: val
user90,1min,val,86,51.07683,-106.548065,8.619138,4.475144,User: user90<br>Type: 1min<br>Split: val
user90,1min,val,87,51.07683,-106.548065,8.61901,4.475009,User: user90<br>Type: 1min<br>Split: val
user90,1min,val,88,51.07683,-106.548065,8.619196,4.475156,User: user90<br>Type: 1min<br>Split: val
user90,1min,val,89,51.07683,-106.548065,8.61917,4.4751573,User: user90<br>Type: 1min<br>Split: val
user90,1min,val,90,51.07683,-106.548065,8.619147,4.4752736,User: user90<br>Type: 1min<br>Split: val
user90,1min,val,91,51.07683,-106.548065,8.619158,4.4752145,User: user90<br>Type: 1min<br>Split: val
user90,1min,val,92,51.07683,-106.548065,8.619166,4.4751573,User: user90<br>Type: 1min<br>Split: val
user90,1min,val,93,51.07683,-106.548065,8.619163,4.475173,User: user90<br>Type: 1min<br>Split: val
user90,1min,val,94,52.41944,-109.786194,8.619167,4.475175,User: user90<br>Type: 1min<br>Split: val
user90,1min,val,95,52.41944,-109.786194,8.619056,4.4751596,User: user90<br>Type: 1min<br>Split: val
user90,1min,val,96,51.07683,-106.548065,8.619068,4.474963,User: user90<br>Type: 1min<br>Split: val
user90,1min,val,97,51.07683,-106.548065,8.619672,4.475739,User: user90<br>Type: 1min<br>Split: val
user90,1min,val,98,51.07683,-106.548065,8.619231,4.4752283,User: user90<br>Type: 1min<br>Split: val
user91,1min,val,99,66.86566,192.36058,-0.9477462,16.596952,User: user91<br>Type: 1min<br>Split: val
user91,1min,val,100,66.86566,192.36058,-0.9358735,16.59375,User: user91<br>Type: 1min<br>Split: val
user91,1min,val,101,66.86566,192.36058,-0.94715154,16.596685,User: user91<br>Type: 1min<br>Split: val
user91,1min,val,102,66.86566,192.36058,-0.94743824,16.596651,User: user91<br>Type: 1min<br>Split: val
user91,1min,val,103,66.86566,192.36058,-0.9471554,16.596539,User: user91<br>Type: 1min<br>Split: val
user91,1min,val,104,66.86566,192.36058,-0.9472432,16.596659,User: user91<br>Type: 1min<br>Split: val
user91,1min,val,105,66.86566,192.36058,-0.9471864,16.596783,User: user91<br>Type: 1min<br>Split: val
user91,1min,val,106,66.86566,192.36058,-0.94725704,16.596579,User: user91<br>Type: 1min<br>Split: val
user91,1min,val,107,66.86566,192.36058,-0.9471871,16.59667,User: user91<br>Type: 1min<br>Split: val
user91,1min,val,108,66.86566,192.36058,-0.9476995,16.596489,User: user91<br>Type: 1min<br>Split: val
user91,1min,val,109,66.86566,192.36058,-0.947216,16.596695,User: user91<br>Type: 1min<br>Split: val
user91,1min,val,110,66.86566,192.36058,-0.94716775,16.597013,User: user91<br>Type: 1min<br>Split: val
user91,1min,val,111,66.86566,192.36058,-0.94704425,16.596642,User: user91<br>Type: 1min<br>Split: val
user91,1min,val,112,66.86566,192.36058,-0.94867784,16.597103,User: user91<br>Type: 1min<br>Split: val
user92,1min,val,113,119.98148,7.007612,4.330801,1.1781851,User: user92<br>Type: 1min<br>Split: val
user92,1min,val,114,119.98148,7.007612,4.330634,1.1781459,User: user92<br>Type: 1min<br>Split: val
user92,1min,val,115,119.98148,7.007612,4.3307724,1.178209,User: user92<br>Type: 1min<br>Split: val
user92,1min,val,116,119.98148,7.007612,4.330729,1.1782339,User: user92<br>Type: 1min<br>Split: val
user92,1min,val,117,119.98148,7.007612,4.3307805,1.1782404,User: user92<br>Type: 1min<br>Split: val
user92,1min,val,118,119.98148,7.007612,4.330797,1.1782333,User: user92<br>Type: 1min<br>Split: val
user92,1min,val,119,119.98148,7.007612,4.3308253,1.178132,User: user92<br>Type: 1min<br>Split: val
user92,1min,val,120,119.98148,7.007612,4.3309293,1.1780497,User: user92<br>Type: 1min<br>Split: val
user92,1min,val,121,119.98148,7.007612,4.3305316,1.178693,User: user92<br>Type: 1min<br>Split: val
user92,1min,val,122,119.98148,7.007612,4.3308496,1.1781265,User: user92<br>Type: 1min<br>Split: val
user92,1min,val,123,119.98148,7.007612,4.3306575,1.1784973,User: user92<br>Type: 1min<br>Split: val
user92,1min,val,124,119.98148,7.007612,4.3307858,1.1788642,User: user92<br>Type: 1min<br>Split: val
user92,1min,val,125,119.98148,7.007612,4.3307633,1.178369,User: user92<br>Type: 1min<br>Split: val
user92,1min,val,126,120.85376,10.423625,4.330784,1.1782246,User: user92<br>Type: 1min<br>Split: val
user93,1min,val,127,-62.456654,42.435314,1.8498503,9.783833,User: user93<br>Type: 1min<br>Split: val
user93,1min,val,128,-61.950367,38.976505,1.849964,9.783768,User: user93<br>Type: 1min<br>Split: val
user93,1min,val,129,-61.950367,38.976505,1.8498158,9.7839575,User: user93<br>Type: 1min<br>Split: val
user93,1min,val,130,-61.950367,38.976505,1.8498408,9.783917,User: user93<br>Type: 1min<br>Split: val
user93,1min,val,131,-61.950367,38.976505,1.8498516,9.783996,User: user93<br>Type: 1min<br>Split: val
user93,1min,val,132,-61.950367,38.976505,1.8499862,9.783784,User: user93<br>Type: 1min<br>Split: val
user93,1min,val,133,-61.950367,38.976505,1.8499025,9.78397,User: user93<br>Type: 1min<br>Split: val
user93,1min,val,134,-61.950367,38.976505,1.8498262,9.783853,User: user93<br>Type: 1min<br>Split: val
user93,1min,val,135,-61.950367,38.976505,1.8500483,9.783436,User: user93<br>Type: 1min<br>Split: val
user93,1min,val,136,-61.950367,38.976505,1.8503501,9.783476,User: user93<br>Type: 1min<br>Split: val
user93,1min,val,137,-61.950367,38.976505,1.8498491,9.783792,User: user93<br>Type: 1min<br>Split: val
user93,1min,val,138,-61.950367,38.976505,1.849922,9.784122,User: user93<br>Type: 1min<br>Split: val
user93,1min,val,139,-61.950367,38.976505,1.8498967,9.783675,User: user93<br>Type: 1min<br>Split: val
user93,1min,val,140,-61.950367,38.976505,1.8498744,9.7835865,User: user93<br>Type: 1min<br>Split: val
user94,1min,val,141,104.86624,-79.54059,14.416051,-2.133863,User: user94<br>Type: 1min<br>Split: val
user94,1min,val,142,104.86624,-79.54059,14.415886,-2.1338072,User: user94<br>Type: 1min<br>Split: val
user94,1min,val,143,104.86624,-79.54059,14.416057,-2.1337755,User: user94<br>Type: 1min<br>Split: val
user94,1min,val,144,104.86624,-79.54059,14.416173,-2.1338444,User: user94<br>Type: 1min<br>Split: val
user94,1min,val,145,104.86624,-79.54059,14.416064,-2.1337514,User: user94<br>Type: 1min<br>Split: val
user94,1min,val,146,104.86624,-79.54059,14.41609,-2.1337342,User: user94<br>Type: 1min<br>Split: val
user94,1min,val,147,104.86624,-79.54059,14.416062,-2.133938,User: user94<br>Type: 1min<br>Split: val
user94,1min,val,148,104.86624,-79.54059,14.416099,-2.1338003,User: user94<br>Type: 1min<br>Split: val
user94,1min,val,149,104.86624,-79.54059,14.416218,-2.133574,User: user94<br>Type: 1min<br>Split: val
user94,1min,val,150,104.86624,-79.54059,14.415983,-2.133801,User: user94<br>Type: 1min<br>Split: val
user94,1min,val,151,104.86624,-79.54059,14.416044,-2.133843,User: user94<br>Type: 1min<br>Split: val
user94,1min,val,152,104.86624,-79.54059,14.41615,-2.1338809,User: user94<br>Type: 1min<br>Split: val
user94,1min,val,153,104.86624,-79.54059,14.415997,-2.1338224,User: user94<br>Type: 1min<br>Split: val
user94,1min,val,154,104.86624,-79.54059,14.415711,-2.1340685,User: user94<br>Type: 1min<br>Split: val
user95,1min,val,155,-45.701546,-59.674324,1.0284004,2.3142836,User: user95<br>Type: 1min<br>Split: val
user95,1min,val,156,-45.701546,-59.674324,1.0279188,2.3143594,User: user95<br>Type: 1min<br>Split: val
user95,1min,val,157,-45.701546,-59.674324,1.0284655,2.314882,User: user95<br>Type: 1min<br>Split: val
user95,1min,val,158,-49.082096,-58.79738,1.0281831,2.314405,User: user95<br>Type: 1min<br>Split: val
user95,1min,val,159,-49.082096,-58.79738,1.028522,2.3144963,User: user95<br>Type: 1min<br>Split: val
user95,1min,val,160,-45.701546,-59.674324,1.0281461,2.3143573,User: user95<br>Type: 1min<br>Split: val
user95,1min,val,161,-45.701546,-59.674324,1.0280207,2.3139431,User: user95<br>Type: 1min<br>Split: val
user95,1min,val,162,-45.701546,-59.674324,1.0282295,2.3147986,User: user95<br>Type: 1min<br>Split: val
user95,1min,val,163,-45.701546,-59.674324,1.0279747,2.314488,User: user95<br>Type: 1min<br>Split: val
user95,1min,val,164,-45.701546,-59.674324,1.0282118,2.314399,User: user95<br>Type: 1min<br>Split: val
user95,1min,val,165,-45.701546,-59.674324,1.0286036,2.3151872,User: user95<br>Type: 1min<br>Split: val
user95,1min,val,166,-45.701546,-59.674324,1.0276031,2.3145704,User: user95<br>Type: 1min<br>Split: val
user95,1min,val,167,-45.701546,-59.674324,1.0278465,2.314196,User: user95<br>Type: 1min<br>Split: val
user95,1min,val,168,-45.701546,-59.674324,1.0281361,2.3145037,User: user95<br>Type: 1min<br>Split: val
user96,1min,val,169,-93.61434,-38.470493,-6.3766623,1.4372576,User: user96<br>Type: 1min<br>Split: val
user96,1min,val,170,-93.61434,-38.470493,-6.376684,1.4372578,User: user96<br>Type: 1min<br>Split: val
user96,1min,val,171,-93.61434,-38.470493,-6.3766904,1.4372433,User: user96<br>Type: 1min<br>Split: val
user96,1min,val,172,-93.61434,-38.470493,-6.376486,1.4373199,User: user96<br>Type: 1min<br>Split: val
user96,1min,val,173,-93.61434,-38.470493,-6.3766327,1.4371017,User: user96<br>Type: 1min<br>Split: val
user96,1min,val,174,-93.61434,-38.470493,-6.376718,1.4371392,User: user96<br>Type: 1min<br>Split: val
user96,1min,val,175,-93.61434,-38.470493,-6.376671,1.4371632,User: user96<br>Type: 1min<br>Split: val
user96,1min,val,176,-93.61434,-38.470493,-6.37668,1.4371214,User: user96<br>Type: 1min<br>Split: val
user96,1min,val,177,-93.61434,-38.470493,-6.376935,1.4361612,User: user96<br>Type: 1min<br>Split: val
user96,1min,val,178,-93.61434,-38.470493,-6.3767905,1.4371485,User: user96<br>Type: 1min<br>Split: val
user96,1min,val,179,-93.61434,-38.470493,-6.377405,1.4344436,User: user96<br>Type: 1min<br>Split: val
user96,1min,val,180,-93.61434,-38.470493,-6.3769054,1.4369088,User: user96<br>Type: 1min<br>Split: val
user96,1min,val,181,-93.61434,-38.470493,-6.37604,1.4377419,User: user96<br>Type: 1min<br>Split: val
user96,1min,val,182,-93.61434,-38.470493,-6.3768477,1.4370314,User: user96<br>Type: 1min<br>Split: val
user97,1min,val,183,77.48225,-81.751915,20.14373,5.911356,User: user97<br>Type: 1min<br>Split: val
user97,1min,val,184,77.48225,-81.751915,20.143608,5.9114876,User: user97<br>Type: 1min<br>Split: val
user97,1min,val,185,77.48225,-81.751915,20.14355,5.9115224,User: user97<br>Type: 1min<br>Split: val
user97,1min,val,186,77.48225,-81.751915,20.14375,5.9114165,User: user97<br>Type: 1min<br>Split: val
user97,1min,val,187,77.48225,-81.751915,20.143322,5.911641,User: user97<br>Type: 1min<br>Split: val
user97,1min,val,188,77.48225,-81.751915,20.14353,5.9114833,User: user97<br>Type: 1min<br>Split: val
user97,1min,val,189,77.48225,-81.751915,20.143576,5.911483,User: user97<br>Type: 1min<br>Split: val
user97,1min,val,190,79.40254,-78.745186,20.14336,5.911571,User: user97<br>Type: 1min<br>Split: val
user97,1min,val,191,79.40254,-78.745186,20.143513,5.9115233,User: user97<br>Type: 1min<br>Split: val
user97,1min,val,192,77.48225,-81.751915,20.143347,5.9116154,User: user97<br>Type: 1min<br>Split: val
user97,1min,val,193,77.48225,-81.751915,20.144583,5.91152,User: user97<br>Type: 1min<br>Split: val
user97,1min,val,194,77.48225,-81.751915,20.143286,5.9115977,User: user97<br>Type: 1min<br>Split: val
user97,1min,val,195,77.48225,-81.751915,20.143906,5.911512,User: user97<br>Type: 1min<br>Split: val
user97,1min,val,196,77.48225,-81.751915,20.143341,5.9116926,User: user97<br>Type: 1min<br>Split: val
user98,1min,val,197,83.375084,50.02451,8.933835,8.490728,User: user98<br>Type: 1min<br>Split: val
user98,1min,val,198,83.375084,50.02451,8.933936,8.490716,User: user98<br>Type: 1min<br>Split: val
user98,1min,val,199,83.375084,50.02451,8.9336405,8.491145,User: user98<br>Type: 1min<br>Split: val
user98,1min,val,200,83.375084,50.02451,8.933457,8.491109,User: user98<br>Type: 1min<br>Split: val
user98,1min,val,201,83.375084,50.02451,8.9334135,8.491163,User: user98<br>Type: 1min<br>Split: val
user98,1min,val,202,83.375084,50.02451,8.933463,8.491059,User: user98<br>Type: 1min<br>Split: val
user98,1min,val,203,83.375084,50.02451,8.9345455,8.491192,User: user98<br>Type: 1min<br>Split: val
user98,1min,val,204,83.375084,50.02451,8.93297,8.491097,User: user98<br>Type: 1min<br>Split: val
user98,1min,val,205,83.375084,50.02451,8.933533,8.490981,User: user98<br>Type: 1min<br>Split: val
user98,1min,val,206,83.375084,50.02451,8.933395,8.491002,User: user98<br>Type: 1min<br>Split: val
user98,1min,val,207,83.375084,50.02451,8.933543,8.491027,User: user98<br>Type: 1min<br>Split: val
user98,1min,val,208,83.375084,50.02451,8.938944,8.489847,User: user98<br>Type: 1min<br>Split: val
user98,1min,val,209,83.375084,50.02451,8.934121,8.490895,User: user98<br>Type: 1min<br>Split: val
user98,1min,val,210,83.375084,50.02451,8.922358,8.502655,User: user98<br>Type: 1min<br>Split: val
user99,1min,val,211,95.034515,-19.587454,10.117816,6.506617,User: user99<br>Type: 1min<br>Split: val
user99,1min,val,212,95.034515,-19.587454,10.117675,6.506994,User: user99<br>Type: 1min<br>Split: val
user99,1min,val,213,95.034515,-19.587454,10.117619,6.506954,User: user99<br>Type: 1min<br>Split: val
user99,1min,val,214,95.034515,-19.587454,10.117566,6.506664,User: user99<br>Type: 1min<br>Split: val
user99,1min,val,215,95.034515,-19.587454,10.117596,6.506826,User: user99<br>Type: 1min<br>Split: val
user99,1min,val,216,95.034515,-19.587454,10.117553,6.506658,User: user99<br>Type: 1min<br>Split: val
user99,1min,val,217,95.034515,-19.587454,10.117624,6.5068617,User: user99<br>Type: 1min<br>Split: val
user99,1min,val,218,95.034515,-19.587454,10.117736,6.5070114,User: user99<br>Type: 1min<br>Split: val
user99,1min,val,219,95.034515,-19.587454,10.117729,6.506859,User: user99<br>Type: 1min<br>Split: val
user99,1min,val,220,95.034515,-19.587454,10.117675,6.506907,User: user99<br>Type: 1min<br>Split: val
user99,1min,val,221,95.034515,-19.587454,10.117761,6.5068116,User: user99<br>Type: 1min<br>Split: val
user99,1min,val,222,93.138115,-22.655573,10.117795,6.506229,User: user99<br>Type: 1min<br>Split: val
user99,1min,val,223,93.138115,-22.655573,10.118133,6.5052147,User: user99<br>Type: 1min<br>Split: val
user99,1min,val,224,95.034515,-19.587454,10.120786,6.5123587,User: user99<br>Type: 1min<br>Split: val
user100,3min,val,0,-19.641407,126.7422,3.745163,4.5370455,User: user100<br>Type: 3min<br>Split: val
user101,3min,val,1,128.26157,20.894764,8.03807,-6.3107824,User: user101<br>Type: 3min<br>Split: val
user102,3min,val,2,-41.73936,105.59746,-2.4937637,5.515089,User: user102<br>Type: 3min<br>Split: val
user103,3min,val,3,20.615808,91.75984,-6.5134544,13.61657,User: user103<br>Type: 3min<br>Split: val
user104,3min,val,4,-75.99085,54.736603,5.202612,9.605463,User: user104<br>Type: 3min<br>Split: val
user90,3min,val,5,-92.910515,130.49118,-4.0479116,4.4840636,User: user90<br>Type: 3min<br>Split: val
user91,3min,val,6,-16.036194,68.45068,1.9616446,-0.6316239,User: user91<br>Type: 3min<br>Split: val
user92,3min,val,7,-53.109066,62.904095,9.858996,10.853524,User: user92<br>Type: 3min<br>Split: val
user93,3min,val,8,-24.564049,-32.175446,10.742151,0.8075848,User: user93<br>Type: 3min<br>Split: val
user94,3min,val,9,69.08549,-9.440604,13.402266,10.809501,User: user94<br>Type: 3min<br>Split: val
user95,3min,val,10,-108.41618,-112.25345,0.5994307,0.89993984,User: user95<br>Type: 3min<br>Split: val
user96,3min,val,11,-80.81656,-23.287857,-5.0513854,3.3024228,User: user96<br>Type: 3min<br>Split: val
user97,3min,val,12,45.36816,-20.531942,7.837992,13.021378,User: user97<br>Type: 3min<br>Split: val
user98,3min,val,13,-8.272462,27.047142,4.64064,13.620227,User: user98<br>Type: 3min<br>Split: val
user99,3min,val,14,97.21347,79.39696,6.136024,14.002908,User: user99<br>Type: 3min<br>Split: val
user101,3min,val,15,128.26157,20.894764,8.033998,-6.312109,User: user101<br>Type: 3min<br>Split: val
user102,3min,val,16,-41.73936,105.59746,-2.4939718,5.512998,User: user102<br>Type: 3min<br>Split: val
user103,3min,val,17,20.615808,91.75984,-6.513416,13.616687,User: user103<br>Type: 3min<br>Split: val
user104,3min,val,18,-75.99085,54.736603,5.202626,9.605477,User: user104<br>Type: 3min<br>Split: val
user90,3min,val,19,-92.910515,130.49118,-4.047735,4.4841,User: user90<br>Type: 3min<br>Split: val
user91,3min,val,20,-16.036194,68.45068,1.961428,-0.6315775,User: user91<br>Type: 3min<br>Split: val
user92,3min,val,21,-53.109066,62.904095,9.858938,10.853542,User: user92<br>Type: 3min<br>Split: val
user93,3min,val,22,-24.564049,-32.175446,10.7428875,0.80714357,User: user93<br>Type: 3min<br>Split: val
user94,3min,val,23,69.08549,-9.440604,13.40215,10.809418,User: user94<br>Type: 3min<br>Split: val
user95,3min,val,24,-108.41618,-112.25345,0.59960186,0.89977694,User: user95<br>Type: 3min<br>Split: val
user96,3min,val,25,-80.81656,-23.287857,-5.051335,3.302536,User: user96<br>Type: 3min<br>Split: val
user97,3min,val,26,45.36816,-20.531942,7.8380313,13.021557,User: user97<br>Type: 3min<br>Split: val
user98,3min,val,27,-8.272462,27.047142,4.640801,13.619973,User: user98<br>Type: 3min<br>Split: val
user99,3min,val,28,97.21347,79.39696,6.1359715,14.002849,User: user99<br>Type: 3min<br>Split: val
user100,3min,val,29,-19.641407,126.7422,3.745768,4.538304,User: user100<br>Type: 3min<br>Split: val
user102,3min,val,30,-40.382504,102.37326,-2.4938679,5.5149035,User: user102<br>Type: 3min<br>Split: val
user103,3min,val,31,17.225992,92.5814,-6.5134516,13.616693,User: user103<br>Type: 3min<br>Split: val
user104,3min,val,32,-75.99085,54.736603,5.202862,9.605446,User: user104<br>Type: 3min<br>Split: val
user90,3min,val,33,-92.910515,130.49118,-4.047547,4.4843583,User: user90<br>Type: 3min<br>Split: val
user91,3min,val,34,-16.036194,68.45068,1.9616413,-0.6315988,User: user91<br>Type: 3min<br>Split: val
user92,3min,val,35,-53.109066,62.904095,9.858848,10.853582,User: user92<br>Type: 3min<br>Split: val
user93,3min,val,36,-24.564049,-32.175446,10.742147,0.80748254,User: user93<br>Type: 3min<br>Split: val
user94,3min,val,37,69.08549,-9.440604,13.40228,10.809539,User: user94<br>Type: 3min<br>Split: val
user95,3min,val,38,-108.41618,-112.25345,0.59998083,0.8997258,User: user95<br>Type: 3min<br>Split: val
user96,3min,val,39,-80.81656,-23.287857,-5.051618,3.302225,User: user96<br>Type: 3min<br>Split: val
user97,3min,val,40,45.36816,-20.531942,7.8380547,13.0213585,User: user97<br>Type: 3min<br>Split: val
user98,3min,val,41,-8.272462,27.047142,4.6406097,13.620333,User: user98<br>Type: 3min<br>Split: val
user99,3min,val,42,97.21347,79.39696,6.135974,14.002881,User: user99<br>Type: 3min<br>Split: val
user100,3min,val,43,-19.641407,126.7422,3.7457259,4.5383806,User: user100<br>Type: 3min<br>Split: val
user101,3min,val,44,128.26157,20.894764,8.033863,-6.3121977,User: user101<br>Type: 3min<br>Split: val
user103,3min,val,45,20.615808,91.75984,-6.5133038,13.616648,User: user103<br>Type: 3min<br>Split: val
user104,3min,val,46,-75.99085,54.736603,5.202648,9.605457,User: user104<br>Type: 3min<br>Split: val
user90,3min,val,47,-92.910515,130.49118,-4.047725,4.484098,User: user90<br>Type: 3min<br>Split: val
user91,3min,val,48,-16.036194,68.45068,1.9614758,-0.631472,User: user91<br>Type: 3min<br>Split: val
user92,3min,val,49,-53.109066,62.904095,9.858989,10.853509,User: user92<br>Type: 3min<br>Split: val
user93,3min,val,50,-24.564049,-32.175446,10.741881,0.8077894,User: user93<br>Type: 3min<br>Split: val
user94,3min,val,51,69.08549,-9.440604,13.402306,10.809546,User: user94<br>Type: 3min<br>Split: val
user95,3min,val,52,-108.41618,-112.25345,0.5870854,0.91211045,User: user95<br>Type: 3min<br>Split: val
user96,3min,val,53,-80.81656,-23.287857,-5.051531,3.3025565,User: user96<br>Type: 3min<br>Split: val
user97,3min,val,54,45.36816,-20.531942,7.8379126,13.021342,User: user97<br>Type: 3min<br>Split: val
user98,3min,val,55,-8.272462,27.047142,4.6406126,13.620282,User: user98<br>Type: 3min<br>Split: val
user99,3min,val,56,97.21347,79.39696,6.1357875,14.003027,User: user99<br>Type: 3min<br>Split: val
user100,3min,val,57,-19.641407,126.7422,3.7457936,4.538304,User: user100<br>Type: 3min<br>Split: val
user101,3min,val,58,128.26157,20.894764,8.033798,-6.3119698,User: user101<br>Type: 3min<br>Split: val
user102,3min,val,59,-41.73936,105.59746,-2.4951754,5.5134916,User: user102<br>Type: 3min<br>Split: val
user104,3min,val,60,-75.99085,54.736603,5.202541,9.605446,User: user104<br>Type: 3min<br>Split: val
user90,3min,val,61,-92.910515,130.49118,-4.050693,4.4813733,User: user90<br>Type: 3min<br>Split: val
user91,3min,val,62,-12.817125,69.85752,1.9613819,-0.6316044,User: user91<br>Type: 3min<br>Split: val
user92,3min,val,63,-50.60067,60.458725,9.859203,10.853437,User: user92<br>Type: 3min<br>Split: val
user93,3min,val,64,-24.564049,-32.175446,10.74218,0.8075142,User: user93<br>Type: 3min<br>Split: val
user94,3min,val,65,69.08549,-9.440604,13.402258,10.809497,User: user94<br>Type: 3min<br>Split: val
user95,3min,val,66,-108.41618,-112.25345,0.59959006,0.89992756,User: user95<br>Type: 3min<br>Split: val
user96,3min,val,67,-80.81656,-23.287857,-5.0510583,3.3025124,User: user96<br>Type: 3min<br>Split: val
user97,3min,val,68,45.36816,-20.531942,7.838065,13.021468,User: user97<br>Type: 3min<br>Split: val
user98,3min,val,69,-8.272462,27.047142,4.640584,13.620202,User: user98<br>Type: 3min<br>Split: val
user99,3min,val,70,97.21347,79.39696,6.1360126,14.002822,User: user99<br>Type: 3min<br>Split: val
user100,3min,val,71,-19.641407,126.7422,3.7458549,4.538427,User: user100<br>Type: 3min<br>Split: val
user101,3min,val,72,128.26157,20.894764,8.033912,-6.312092,User: user101<br>Type: 3min<br>Split: val
user102,3min,val,73,-41.73936,105.59746,-2.4938934,5.5149593,User: user102<br>Type: 3min<br>Split: val
user103,3min,val,74,20.615808,91.75984,-6.5140038,13.61768,User: user103<br>Type: 3min<br>Split: val
user90,3min,val,75,-92.910515,130.49118,-4.0478086,4.4839764,User: user90<br>Type: 3min<br>Split: val
user91,3min,val,76,-16.036194,68.45068,1.9615619,-0.63159585,User: user91<br>Type: 3min<br>Split: val
user92,3min,val,77,-53.109066,62.904095,9.858825,10.853684,User: user92<br>Type: 3min<br>Split: val
user93,3min,val,78,-24.564049,-32.175446,10.742049,0.8076258,User: user93<br>Type: 3min<br>Split: val
user94,3min,val,79,69.08549,-9.440604,13.402259,10.809476,User: user94<br>Type: 3min<br>Split: val
user95,3min,val,80,-108.41618,-112.25345,0.602824,0.8943902,User: user95<br>Type: 3min<br>Split: val
user96,3min,val,81,-80.81656,-23.287857,-5.0514817,3.3024192,User: user96<br>Type: 3min<br>Split: val
user97,3min,val,82,45.36816,-20.531942,7.838311,13.021254,User: user97<br>Type: 3min<br>Split: val
user98,3min,val,83,-8.272462,27.047142,4.640616,13.620329,User: user98<br>Type: 3min<br>Split: val
user99,3min,val,84,97.21347,79.39696,6.136555,14.002986,User: user99<br>Type: 3min<br>Split: val
user100,3min,val,85,-19.641407,126.7422,3.7456796,4.5381556,User: user100<br>Type: 3min<br>Split: val
user101,3min,val,86,128.26157,20.894764,8.033819,-6.312095,User: user101<br>Type: 3min<br>Split: val
user102,3min,val,87,-41.73936,105.59746,-2.4942262,5.514155,User: user102<br>Type: 3min<br>Split: val
user103,3min,val,88,20.615808,91.75984,-6.513501,13.61671,User: user103<br>Type: 3min<br>Split: val
user104,3min,val,89,-75.99085,54.736603,5.2025814,9.605577,User: user104<br>Type: 3min<br>Split: val
user91,3min,val,90,-16.036194,68.45068,1.9615057,-0.63165474,User: user91<br>Type: 3min<br>Split: val
user92,3min,val,91,-53.109066,62.904095,9.858867,10.853625,User: user92<br>Type: 3min<br>Split: val
user93,3min,val,92,-24.564049,-32.175446,10.742124,0.8075467,User: user93<br>Type: 3min<br>Split: val
user94,3min,val,93,69.08549,-9.440604,13.402221,10.809456,User: user94<br>Type: 3min<br>Split: val
user95,3min,val,94,-108.41618,-112.25345,0.5995734,0.89987063,User: user95<br>Type: 3min<br>Split: val
user96,3min,val,95,-80.35562,-26.74004,-5.0515175,3.302399,User: user96<br>Type: 3min<br>Split: val
user97,3min,val,96,45.36816,-20.531942,7.838,13.0217285,User: user97<br>Type: 3min<br>Split: val
user98,3min,val,97,-8.272462,27.047142,4.6406484,13.620332,User: user98<br>Type: 3min<br>Split: val
user99,3min,val,98,97.21347,79.39696,6.13604,14.002847,User: user99<br>Type: 3min<br>Split: val
user100,3min,val,99,-19.641407,126.7422,3.7454276,4.538227,User: user100<br>Type: 3min<br>Split: val
user101,3min,val,100,128.26157,20.894764,8.033721,-6.31222,User: user101<br>Type: 3min<br>Split: val
user102,3min,val,101,-41.73936,105.59746,-2.4938989,5.515061,User: user102<br>Type: 3min<br>Split: val
user103,3min,val,102,20.615808,91.75984,-6.5134835,13.6167145,User: user103<br>Type: 3min<br>Split: val
user104,3min,val,103,-75.99085,54.736603,5.2025,9.60565,User: user104<br>Type: 3min<br>Split: val
user90,3min,val,104,-92.910515,130.49118,-4.0479026,4.4840074,User: user90<br>Type: 3min<br>Split: val
user92,3min,val,105,-53.109066,62.904095,9.850299,10.861852,User: user92<br>Type: 3min<br>Split: val
user93,3min,val,106,-24.564049,-32.175446,10.742396,0.8074322,User: user93<br>Type: 3min<br>Split: val
user94,3min,val,107,69.08549,-9.440604,13.399902,10.808972,User: user94<br>Type: 3min<br>Split: val
user95,3min,val,108,-108.41618,-112.25345,0.5994361,0.8998179,User: user95<br>Type: 3min<br>Split: val
user96,3min,val,109,-80.81656,-23.287857,-5.051792,3.301849,User: user96<br>Type: 3min<br>Split: val
user97,3min,val,110,45.36816,-20.531942,7.838092,13.021363,User: user97<br>Type: 3min<br>Split: val
user98,3min,val,111,-8.272462,27.047142,4.6407433,13.620669,User: user98<br>Type: 3min<br>Split: val
user99,3min,val,112,97.21347,79.39696,6.13595,14.002998,User: user99<br>Type: 3min<br>Split: val
user100,3min,val,113,-19.641407,126.7422,3.7456892,4.5382857,User: user100<br>Type: 3min<br>Split: val
user101,3min,val,114,128.26157,20.894764,8.033926,-6.312117,User: user101<br>Type: 3min<br>Split: val
user102,3min,val,115,-41.73936,105.59746,-2.493999,5.5148597,User: user102<br>Type: 3min<br>Split: val
user103,3min,val,116,20.615808,91.75984,-6.5135055,13.616721,User: user103<br>Type: 3min<br>Split: val
user104,3min,val,117,-75.99085,54.736603,5.202549,9.605526,User: user104<br>Type: 3min<br>Split: val
user90,3min,val,118,-92.910515,130.49118,-4.0473547,4.484321,User: user90<br>Type: 3min<br>Split: val
user91,3min,val,119,-16.036194,68.45068,1.9613956,-0.6315717,User: user91<br>Type: 3min<br>Split: val
user93,3min,val,120,-24.564049,-32.175446,10.742219,0.8075008,User: user93<br>Type: 3min<br>Split: val
user94,3min,val,121,69.08549,-9.440604,13.402194,10.809199,User: user94<br>Type: 3min<br>Split: val
user95,3min,val,122,-108.41618,-112.25345,0.59957373,0.89987737,User: user95<br>Type: 3min<br>Split: val
user96,3min,val,123,-80.81656,-23.287857,-5.051781,3.3019648,User: user96<br>Type: 3min<br>Split: val
user97,3min,val,124,45.36816,-20.531942,7.838137,13.021364,User: user97<br>Type: 3min<br>Split: val
user98,3min,val,125,-8.272462,27.047142,4.642354,13.620692,User: user98<br>Type: 3min<br>Split: val
user99,3min,val,126,94.26719,81.37146,6.1360526,14.002895,User: user99<br>Type: 3min<br>Split: val
user100,3min,val,127,-23.010412,127.86446,3.7457485,4.538342,User: user100<br>Type: 3min<br>Split: val
user101,3min,val,128,128.26157,20.894764,8.033569,-6.312164,User: user101<br>Type: 3min<br>Split: val
user102,3min,val,129,-41.73936,105.59746,-2.4938753,5.515582,User: user102<br>Type: 3min<br>Split: val
user103,3min,val,130,20.615808,91.75984,-6.5135727,13.616697,User: user103<br>Type: 3min<br>Split: val
user104,3min,val,131,-75.99085,54.736603,5.202553,9.605573,User: user104<br>Type: 3min<br>Split: val
user90,3min,val,132,-92.910515,130.49118,-4.0477276,4.4829865,User: user90<br>Type: 3min<br>Split: val
user91,3min,val,133,-16.036194,68.45068,1.9614236,-0.63160944,User: user91<br>Type: 3min<br>Split: val
user92,3min,val,134,-53.109066,62.904095,9.858885,10.853982,User: user92<br>Type: 3min<br>Split: val
user94,3min,val,135,69.08549,-9.440604,13.40215,10.809588,User: user94<br>Type: 3min<br>Split: val
user95,3min,val,136,-108.41618,-112.25345,0.59949267,0.899941,User: user95<br>Type: 3min<br>Split: val
user96,3min,val,137,-80.81656,-23.287857,-5.051353,3.302382,User: user96<br>Type: 3min<br>Split: val
user97,3min,val,138,45.36816,-20.531942,7.838486,13.020586,User: user97<br>Type: 3min<br>Split: val
user98,3min,val,139,-8.272462,27.047142,4.6412354,13.620869,User: user98<br>Type: 3min<br>Split: val
user99,3min,val,140,97.21347,79.39696,6.135715,14.003062,User: user99<br>Type: 3min<br>Split: val
user100,3min,val,141,-19.641407,126.7422,3.7460172,4.538348,User: user100<br>Type: 3min<br>Split: val
user101,3min,val,142,128.26157,20.894764,8.033741,-6.3122673,User: user101<br>Type: 3min<br>Split: val
user102,3min,val,143,-41.73936,105.59746,-2.494366,5.515087,User: user102<br>Type: 3min<br>Split: val
user103,3min,val,144,20.615808,91.75984,-6.513817,13.617253,User: user103<br>Type: 3min<br>Split: val
user104,3min,val,145,-75.99085,54.736603,5.2026324,9.605572,User: user104<br>Type: 3min<br>Split: val
user90,3min,val,146,-92.910515,130.49118,-4.0477443,4.4840655,User: user90<br>Type: 3min<br>Split: val
user91,3min,val,147,-16.036194,68.45068,1.9612116,-0.63149875,User: user91<br>Type: 3min<br>Split: val
user92,3min,val,148,-53.109066,62.904095,9.858694,10.853793,User: user92<br>Type: 3min<br>Split: val
user93,3min,val,149,-24.564049,-32.175446,10.7421665,0.807587,User: user93<br>Type: 3min<br>Split: val
user95,3min,val,150,-108.41618,-112.25345,0.599593,0.8997972,User: user95<br>Type: 3min<br>Split: val
user96,3min,val,151,-80.81656,-23.287857,-5.0513377,3.3026335,User: user96<br>Type: 3min<br>Split: val
user97,3min,val,152,45.36816,-20.531942,7.838165,13.021617,User: user97<br>Type: 3min<br>Split: val
user98,3min,val,153,-8.272462,27.047142,4.6400323,13.620285,User: user98<br>Type: 3min<br>Split: val
user99,3min,val,154,97.21347,79.39696,6.138235,14.001947,User: user99<br>Type: 3min<br>Split: val
user100,3min,val,155,-19.641407,126.7422,3.7448132,4.536872,User: user100<br>Type: 3min<br>Split: val
user101,3min,val,156,128.26157,20.894764,8.033756,-6.3121743,User: user101<br>Type: 3min<br>Split: val
user102,3min,val,157,-41.73936,105.59746,-2.493943,5.514908,User: user102<br>Type: 3min<br>Split: val
user103,3min,val,158,17.225992,92.5814,-6.5136695,13.616762,User: user103<br>Type: 3min<br>Split: val
user104,3min,val,159,-77.591545,57.947224,5.2026086,9.60555,User: user104<br>Type: 3min<br>Split: val
user90,3min,val,160,-92.910515,130.49118,-4.0476074,4.484106,User: user90<br>Type: 3min<br>Split: val
user91,3min,val,161,-16.036194,68.45068,1.9612724,-0.6315648,User: user91<br>Type: 3min<br>Split: val
user92,3min,val,162,-53.109066,62.904095,9.858749,10.8537035,User: user92<br>Type: 3min<br>Split: val
user93,3min,val,163,-24.564049,-32.175446,10.742209,0.807533,User: user93<br>Type: 3min<br>Split: val
user94,3min,val,164,69.08549,-9.440604,13.401968,10.809295,User: user94<br>Type: 3min<br>Split: val
user96,3min,val,165,-80.81656,-23.287857,-5.051504,3.3023076,User: user96<br>Type: 3min<br>Split: val
user97,3min,val,166,45.36816,-20.531942,7.838543,13.021491,User: user97<br>Type: 3min<br>Split: val
user98,3min,val,167,-8.272462,27.047142,4.640821,13.620416,User: user98<br>Type: 3min<br>Split: val
user99,3min,val,168,97.21347,79.39696,6.1360674,14.002862,User: user99<br>Type: 3min<br>Split: val
user100,3min,val,169,-19.641407,126.7422,3.7456498,4.5382204,User: user100<br>Type: 3min<br>Split: val
user101,3min,val,170,128.26157,20.894764,8.033758,-6.3121333,User: user101<br>Type: 3min<br>Split: val
user102,3min,val,171,-41.73936,105.59746,-2.494009,5.514933,User: user102<br>Type: 3min<br>Split: val
user103,3min,val,172,20.615808,91.75984,-6.5137887,13.6173115,User: user103<br>Type: 3min<br>Split: val
user104,3min,val,173,-75.99085,54.736603,5.202684,9.60571,User: user104<br>Type: 3min<br>Split: val
user90,3min,val,174,-92.910515,130.49118,-4.046951,4.4848323,User: user90<br>Type: 3min<br>Split: val
user91,3min,val,175,-16.036194,68.45068,1.9620079,-0.63184285,User: user91<br>Type: 3min<br>Split: val
user92,3min,val,176,-53.109066,62.904095,9.858759,10.8538885,User: user92<br>Type: 3min<br>Split: val
user93,3min,val,177,-24.564049,-32.175446,10.742029,0.8075436,User: user93<br>Type: 3min<br>Split: val
user94,3min,val,178,69.08549,-9.440604,13.402048,10.809342,User: user94<br>Type: 3min<br>Split: val
user95,3min,val,179,-108.41618,-112.25345,0.6012422,0.89685553,User: user95<br>Type: 3min<br>Split: val
user97,3min,val,180,45.36816,-20.531942,7.8385024,13.021159,User: user97<br>Type: 3min<br>Split: val
user98,3min,val,181,-8.272462,27.047142,4.6410093,13.6199255,User: user98<br>Type: 3min<br>Split: val
user99,3min,val,182,97.21347,79.39696,6.136101,14.002964,User: user99<br>Type: 3min<br>Split: val
user100,3min,val,183,-19.641407,126.7422,3.7457411,4.5382524,User: user100<br>Type: 3min<br>Split: val
user101,3min,val,184,128.26157,20.894764,8.029514,-6.3119216,User: user101<br>Type: 3min<br>Split: val
user102,3min,val,185,-41.73936,105.59746,-2.4939322,5.5149527,User: user102<br>Type: 3min<br>Split: val
user103,3min,val,186,20.615808,91.75984,-6.515345,13.617363,User: user103<br>Type: 3min<br>Split: val
user104,3min,val,187,-75.99085,54.736603,5.2035294,9.6053295,User: user104<br>Type: 3min<br>Split: val
user90,3min,val,188,-92.910515,130.49118,-4.0478945,4.484097,User: user90<br>Type: 3min<br>Split: val
user91,3min,val,189,-16.036194,68.45068,1.9616718,-0.63190496,User: user91<br>Type: 3min<br>Split: val
user92,3min,val,190,-50.60067,60.458725,9.858743,10.853927,User: user92<br>Type: 3min<br>Split: val
user93,3min,val,191,-23.421356,-28.821487,10.742076,0.80757105,User: user93<br>Type: 3min<br>Split: val
user94,3min,val,192,69.08549,-9.440604,13.402114,10.809432,User: user94<br>Type: 3min<br>Split: val
user95,3min,val,193,-108.41618,-112.25345,0.6008436,0.9012117,User: user95<br>Type: 3min<br>Split: val
user96,3min,val,194,-80.81656,-23.287857,-5.0513806,3.3024273,User: user96<br>Type: 3min<br>Split: val
user98,3min,val,195,-8.272462,27.047142,4.6407833,13.620488,User: user98<br>Type: 3min<br>Split: val
user99,3min,val,196,97.21347,79.39696,6.136125,14.002936,User: user99<br>Type: 3min<br>Split: val
user100,3min,val,197,-19.641407,126.7422,3.745547,4.5381866,User: user100<br>Type: 3min<br>Split: val
user101,3min,val,198,128.26157,20.894764,8.03361,-6.312197,User: user101<br>Type: 3min<br>Split: val
user102,3min,val,199,-41.73936,105.59746,-2.4940825,5.5149074,User: user102<br>Type: 3min<br>Split: val
user103,3min,val,200,20.615808,91.75984,-6.513693,13.616874,User: user103<br>Type: 3min<br>Split: val
user104,3min,val,201,-75.99085,54.736603,5.2026167,9.605657,User: user104<br>Type: 3min<br>Split: val
user90,3min,val,202,-92.910515,130.49118,-4.0445848,4.4860754,User: user90<br>Type: 3min<br>Split: val
user91,3min,val,203,-16.036194,68.45068,1.9615291,-0.6316395,User: user91<br>Type: 3min<br>Split: val
user92,3min,val,204,-53.109066,62.904095,9.858731,10.853826,User: user92<br>Type: 3min<br>Split: val
user93,3min,val,205,-24.564049,-32.175446,10.742264,0.8075543,User: user93<br>Type: 3min<br>Split: val
user94,3min,val,206,69.08549,-9.440604,13.402609,10.808963,User: user94<br>Type: 3min<br>Split: val
user95,3min,val,207,-108.41618,-112.25345,0.5997083,0.90002257,User: user95<br>Type: 3min<br>Split: val
user96,3min,val,208,-80.81656,-23.287857,-5.0521464,3.3015592,User: user96<br>Type: 3min<br>Split: val
user97,3min,val,209,45.36816,-20.531942,7.838171,13.021588,User: user97<br>Type: 3min<br>Split: val
user99,3min,val,210,97.21347,79.39696,6.1360583,14.002615,User: user99<br>Type: 3min<br>Split: val
user100,3min,val,211,-19.641407,126.7422,3.7454925,4.538193,User: user100<br>Type: 3min<br>Split: val
user101,3min,val,212,128.26157,20.894764,8.033689,-6.3124094,User: user101<br>Type: 3min<br>Split: val
user102,3min,val,213,-41.73936,105.59746,-2.493759,5.5153813,User: user102<br>Type: 3min<br>Split: val
user103,3min,val,214,20.615808,91.75984,-6.5138807,13.616511,User: user103<br>Type: 3min<br>Split: val
user104,3min,val,215,-75.99085,54.736603,5.202439,9.605872,User: user104<br>Type: 3min<br>Split: val
user90,3min,val,216,-92.910515,130.49118,-4.0474,4.4839644,User: user90<br>Type: 3min<br>Split: val
user91,3min,val,217,-16.036194,68.45068,1.9615834,-0.631566,User: user91<br>Type: 3min<br>Split: val
user92,3min,val,218,-53.109066,62.904095,9.858564,10.854174,User: user92<br>Type: 3min<br>Split: val
user93,3min,val,219,-24.564049,-32.175446,10.7422905,0.80731046,User: user93<br>Type: 3min<br>Split: val
user94,3min,val,220,69.08549,-9.440604,13.402174,10.809325,User: user94<br>Type: 3min<br>Split: val
user95,3min,val,221,-108.41618,-112.25345,0.59986365,0.8996474,User: user95<br>Type: 3min<br>Split: val
user96,3min,val,222,-80.35562,-26.74004,-5.051431,3.3022535,User: user96<br>Type: 3min<br>Split: val
user97,3min,val,223,46.082516,-17.136776,7.838525,13.021056,User: user97<br>Type: 3min<br>Split: val
user98,3min,val,224,-8.272462,27.047142,4.64061,13.622483,User: user98<br>Type: 3min<br>Split: val
user105,1min,test,0,62.846397,83.26921,7.541705,-4.441531,User: user105<br>Type: 1min<br>Split: test
user106,1min,test,1,98.24678,59.000515,3.590384,10.163977,User: user106<br>Type: 1min<br>Split: test
user107,1min,test,2,99.23707,0.28839803,7.9715257,11.298918,User: user107<br>Type: 1min<br>Split: test
user108,1min,test,3,23.399185,-113.5512,9.184125,-15.334911,User: user108<br>Type: 1min<br>Split: test
user109,1min,test,4,-72.08984,38.464844,-5.887637,10.511731,User: user109<br>Type: 1min<br>Split: test
user110,1min,test,5,59.115353,-26.774176,-1.1376107,7.8563523,User: user110<br>Type: 1min<br>Split: test
user111,1min,test,6,155.2622,52.503296,10.638744,8.4303665,User: user111<br>Type: 1min<br>Split: test
user112,1min,test,7,9.584982,-99.608444,3.2055354,-10.450567,User: user112<br>Type: 1min<br>Split: test
user113,1min,test,8,112.43494,26.434328,5.963479,4.985645,User: user113<br>Type: 1min<br>Split: test
user114,1min,test,9,14.153958,-45.342384,16.742222,-3.6344113,User: user114<br>Type: 1min<br>Split: test
user115,1min,test,10,82.81681,191.14928,15.32826,17.089516,User: user115<br>Type: 1min<br>Split: test
user116,1min,test,11,87.5458,43.28536,12.640961,2.8970094,User: user116<br>Type: 1min<br>Split: test
user117,1min,test,12,60.275845,-65.7562,16.86078,-10.207081,User: user117<br>Type: 1min<br>Split: test
user118,1min,test,13,96.53414,26.436754,2.2527163,7.4338875,User: user118<br>Type: 1min<br>Split: test
user119,1min,test,14,-8.68782,-94.59654,10.209508,-10.5576725,User: user119<br>Type: 1min<br>Split: test
user120,1min,test,15,69.89118,-50.677547,23.553576,9.32658,User: user120<br>Type: 1min<br>Split: test
user105,1min,test,16,62.846397,83.26921,7.5410795,-4.441357,User: user105<br>Type: 1min<br>Split: test
user105,1min,test,17,62.846397,83.26921,7.5415697,-4.4413056,User: user105<br>Type: 1min<br>Split: test
user105,1min,test,18,62.846397,83.26921,7.5414133,-4.4417844,User: user105<br>Type: 1min<br>Split: test
user105,1min,test,19,62.846397,83.26921,7.530425,-4.450131,User: user105<br>Type: 1min<br>Split: test
user105,1min,test,20,62.846397,83.26921,7.541823,-4.442254,User: user105<br>Type: 1min<br>Split: test
user105,1min,test,21,62.846397,83.26921,7.5415335,-4.4418273,User: user105<br>Type: 1min<br>Split: test
user105,1min,test,22,62.846397,83.26921,7.5415816,-4.4418025,User: user105<br>Type: 1min<br>Split: test
user105,1min,test,23,62.846397,83.26921,7.541841,-4.441848,User: user105<br>Type: 1min<br>Split: test
user105,1min,test,24,62.846397,83.26921,7.5419836,-4.4419856,User: user105<br>Type: 1min<br>Split: test
user105,1min,test,25,62.846397,83.26921,7.5420833,-4.442999,User: user105<br>Type: 1min<br>Split: test
user105,1min,test,26,62.846397,83.26921,7.542011,-4.4418073,User: user105<br>Type: 1min<br>Split: test
user105,1min,test,27,62.846397,83.26921,7.5423775,-4.44239,User: user105<br>Type: 1min<br>Split: test
user105,1min,test,28,62.846397,83.26921,7.5631814,-4.4319735,User: user105<br>Type: 1min<br>Split: test
user105,1min,test,29,62.846397,83.26921,7.542347,-4.4417267,User: user105<br>Type: 1min<br>Split: test
user105,1min,test,30,59.48508,84.48722,7.5423727,-4.441764,User: user105<br>Type: 1min<br>Split: test
user106,1min,test,31,99.53939,55.643814,3.5903327,10.163944,User: user106<br>Type: 1min<br>Split: test
user106,1min,test,32,98.24678,59.000515,3.5931637,10.165043,User: user106<br>Type: 1min<br>Split: test
user106,1min,test,33,98.24678,59.000515,3.5903714,10.16373,User: user106<br>Type: 1min<br>Split: test
user106,1min,test,34,98.24678,59.000515,3.590838,10.164093,User: user106<br>Type: 1min<br>Split: test
user106,1min,test,35,98.24678,59.000515,3.5909388,10.164098,User: user106<br>Type: 1min<br>Split: test
user106,1min,test,36,98.24678,59.000515,3.591081,10.164286,User: user106<br>Type: 1min<br>Split: test
user106,1min,test,37,98.24678,59.000515,3.590358,10.164279,User: user106<br>Type: 1min<br>Split: test
user106,1min,test,38,98.24678,59.000515,3.5903416,10.164515,User: user106<br>Type: 1min<br>Split: test
user106,1min,test,39,98.24678,59.000515,3.5793815,10.159266,User: user106<br>Type: 1min<br>Split: test
user106,1min,test,40,98.24678,59.000515,3.5902598,10.164032,User: user106<br>Type: 1min<br>Split: test
user106,1min,test,41,98.24678,59.000515,3.60189,10.17564,User: user106<br>Type: 1min<br>Split: test
user106,1min,test,42,98.24678,59.000515,3.5897934,10.163793,User: user106<br>Type: 1min<br>Split: test
user106,1min,test,43,98.24678,59.000515,3.5904813,10.164359,User: user106<br>Type: 1min<br>Split: test
user106,1min,test,44,98.24678,59.000515,3.5906076,10.164334,User: user106<br>Type: 1min<br>Split: test
user106,1min,test,45,98.24678,59.000515,3.589767,10.1645355,User: user106<br>Type: 1min<br>Split: test
user107,1min,test,46,99.23707,0.28839803,7.971477,11.29898,User: user107<br>Type: 1min<br>Split: test
user107,1min,test,47,99.23707,0.28839803,7.971511,11.298883,User: user107<br>Type: 1min<br>Split: test
user107,1min,test,48,99.23707,0.28839803,7.970531,11.29822,User: user107<br>Type: 1min<br>Split: test
user107,1min,test,49,99.23707,0.28839803,7.971544,11.298854,User: user107<br>Type: 1min<br>Split: test
user107,1min,test,50,99.23707,0.28839803,7.9717975,11.297201,User: user107<br>Type: 1min<br>Split: test
user107,1min,test,51,99.23707,0.28839803,7.971845,11.298412,User: user107<br>Type: 1min<br>Split: test
user107,1min,test,52,99.23707,0.28839803,7.973362,11.298381,User: user107<br>Type: 1min<br>Split: test
user107,1min,test,53,99.23707,0.28839803,7.9714365,11.298495,User: user107<br>Type: 1min<br>Split: test
user107,1min,test,54,99.23707,0.28839803,7.9719224,11.298622,User: user107<br>Type: 1min<br>Split: test
user107,1min,test,55,99.23707,0.28839803,7.9717684,11.298449,User: user107<br>Type: 1min<br>Split: test
user107,1min,test,56,99.23707,0.28839803,7.971903,11.298491,User: user107<br>Type: 1min<br>Split: test
user107,1min,test,57,99.23707,0.28839803,7.9801617,11.291087,User: user107<br>Type: 1min<br>Split: test
user107,1min,test,58,99.23707,0.28839803,7.9720697,11.298235,User: user107<br>Type: 1min<br>Split: test
user107,1min,test,59,99.23707,0.28839803,7.972235,11.298157,User: user107<br>Type: 1min<br>Split: test
user107,1min,test,60,99.23707,0.28839803,7.972141,11.298261,User: user107<br>Type: 1min<br>Split: test
user108,1min,test,61,23.399185,-113.5512,9.184121,-15.334793,User: user108<br>Type: 1min<br>Split: test
user108,1min,test,62,25.78159,-110.73686,9.184136,-15.334819,User: user108<br>Type: 1min<br>Split: test
user108,1min,test,63,25.78159,-110.73686,9.184087,-15.334857,User: user108<br>Type: 1min<br>Split: test
user108,1min,test,64,23.399185,-113.5512,9.184185,-15.334808,User: user108<br>Type: 1min<br>Split: test
user108,1min,test,65,23.399185,-113.5512,9.184133,-15.33494,User: user108<br>Type: 1min<br>Split: test
user108,1min,test,66,23.399185,-113.5512,9.1841545,-15.334806,User: user108<br>Type: 1min<br>Split: test
user108,1min,test,67,23.399185,-113.5512,9.18395,-15.334955,User: user108<br>Type: 1min<br>Split: test
user108,1min,test,68,23.399185,-113.5512,9.183967,-15.334927,User: user108<br>Type: 1min<br>Split: test
user108,1min,test,69,23.399185,-113.5512,9.184153,-15.334803,User: user108<br>Type: 1min<br>Split: test
user108,1min,test,70,23.399185,-113.5512,9.184149,-15.334963,User: user108<br>Type: 1min<br>Split: test
user108,1min,test,71,23.399185,-113.5512,9.184154,-15.334878,User: user108<br>Type: 1min<br>Split: test
user108,1min,test,72,23.399185,-113.5512,9.183982,-15.3351145,User: user108<br>Type: 1min<br>Split: test
user108,1min,test,73,23.399185,-113.5512,9.184033,-15.335112,User: user108<br>Type: 1min<br>Split: test
user108,1min,test,74,23.399185,-113.5512,9.184128,-15.334933,User: user108<br>Type: 1min<br>Split: test
user108,1min,test,75,23.399185,-113.5512,9.184011,-15.334737,User: user108<br>Type: 1min<br>Split: test
user109,1min,test,76,-72.08984,38.464844,-5.8877277,10.511737,User: user109<br>Type: 1min<br>Split: test
user109,1min,test,77,-72.08984,38.464844,-5.8876853,10.511732,User: user109<br>Type: 1min<br>Split: test
user109,1min,test,78,-72.08984,38.464844,-5.887695,10.51176,User: user109<br>Type: 1min<br>Split: test
user109,1min,test,79,-72.08984,38.464844,-5.8877196,10.5117235,User: user109<br>Type: 1min<br>Split: test
user109,1min,test,80,-72.08984,38.464844,-5.8875737,10.511786,User: user109<br>Type: 1min<br>Split: test
user109,1min,test,81,-72.08984,38.464844,-5.887496,10.511776,User: user109<br>Type: 1min<br>Split: test
user109,1min,test,82,-72.08984,38.464844,-5.8877077,10.51186,User: user109<br>Type: 1min<br>Split: test
user109,1min,test,83,-72.08984,38.464844,-5.8875675,10.511854,User: user109<br>Type: 1min<br>Split: test
user109,1min,test,84,-72.08984,38.464844,-5.8875694,10.511458,User: user109<br>Type: 1min<br>Split: test
user109,1min,test,85,-72.08984,38.464844,-5.8876543,10.511765,User: user109<br>Type: 1min<br>Split: test
user109,1min,test,86,-72.08984,38.464844,-5.887657,10.51171,User: user109<br>Type: 1min<br>Split: test
user109,1min,test,87,-72.08984,38.464844,-5.887639,10.51169,User: user109<br>Type: 1min<br>Split: test
user109,1min,test,88,-72.08984,38.464844,-5.8876796,10.511697,User: user109<br>Type: 1min<br>Split: test
user109,1min,test,89,-72.08984,38.464844,-5.8876915,10.511752,User: user109<br>Type: 1min<br>Split: test
user109,1min,test,90,-72.08984,38.464844,-5.8877163,10.511994,User: user109<br>Type: 1min<br>Split: test
user110,1min,test,91,59.115353,-26.774176,-1.1374393,7.8561406,User: user110<br>Type: 1min<br>Split: test
user110,1min,test,92,59.115353,-26.774176,-1.1374418,7.85652,User: user110<br>Type: 1min<br>Split: test
user110,1min,test,93,59.115353,-26.774176,-1.137347,7.8566284,User: user110<br>Type: 1min<br>Split: test
user110,1min,test,94,60.81174,-23.638699,-1.1374779,7.8566766,User: user110<br>Type: 1min<br>Split: test
user110,1min,test,95,60.81174,-23.638699,-1.1333668,7.861659,User: user110<br>Type: 1min<br>Split: test
user110,1min,test,96,59.115353,-26.774176,-1.1365153,7.8574057,User: user110<br>Type: 1min<br>Split: test
user110,1min,test,97,59.115353,-26.774176,-1.1373173,7.8568654,User: user110<br>Type: 1min<br>Split: test
user110,1min,test,98,59.115353,-26.774176,-1.1372961,7.8566537,User: user110<br>Type: 1min<br>Split: test
user110,1min,test,99,59.115353,-26.774176,-1.137103,7.8564086,User: user110<br>Type: 1min<br>Split: test
user110,1min,test,100,59.115353,-26.774176,-1.1374372,7.8566003,User: user110<br>Type: 1min<br>Split: test
user110,1min,test,101,59.115353,-26.774176,-1.1367171,7.856473,User: user110<br>Type: 1min<br>Split: test
user110,1min,test,102,59.115353,-26.774176,-1.1371657,7.856921,User: user110<br>Type: 1min<br>Split: test
user110,1min,test,103,59.115353,-26.774176,-1.1371065,7.856361,User: user110<br>Type: 1min<br>Split: test
user110,1min,test,104,59.115353,-26.774176,-1.1368746,7.857039,User: user110<br>Type: 1min<br>Split: test
user110,1min,test,105,59.115353,-26.774176,-1.1368961,7.8566985,User: user110<br>Type: 1min<br>Split: test
user111,1min,test,106,155.2622,52.503296,10.639247,8.430894,User: user111<br>Type: 1min<br>Split: test
user111,1min,test,107,155.2622,52.503296,10.63927,8.430888,User: user111<br>Type: 1min<br>Split: test
user111,1min,test,108,155.2622,52.503296,10.639302,8.430917,User: user111<br>Type: 1min<br>Split: test
user111,1min,test,109,155.2622,52.503296,10.642319,8.434725,User: user111<br>Type: 1min<br>Split: test
user111,1min,test,110,155.2622,52.503296,10.639286,8.431114,User: user111<br>Type: 1min<br>Split: test
user111,1min,test,111,155.2622,52.503296,10.628386,8.420003,User: user111<br>Type: 1min<br>Split: test
user111,1min,test,112,155.2622,52.503296,10.63912,8.430838,User: user111<br>Type: 1min<br>Split: test
user111,1min,test,113,155.2622,52.503296,10.639175,8.430701,User: user111<br>Type: 1min<br>Split: test
user111,1min,test,114,155.2622,52.503296,10.62647,8.41812,User: user111<br>Type: 1min<br>Split: test
user111,1min,test,115,155.2622,52.503296,10.638856,8.430606,User: user111<br>Type: 1min<br>Split: test
user111,1min,test,116,155.2622,52.503296,10.638646,8.4302845,User: user111<br>Type: 1min<br>Split: test
user111,1min,test,117,155.2622,52.503296,10.638578,8.430251,User: user111<br>Type: 1min<br>Split: test
user111,1min,test,118,155.2622,52.503296,10.638139,8.430063,User: user111<br>Type: 1min<br>Split: test
user111,1min,test,119,155.2622,52.503296,10.638328,8.430034,User: user111<br>Type: 1min<br>Split: test
user111,1min,test,120,155.2622,52.503296,10.638389,8.430188,User: user111<br>Type: 1min<br>Split: test
user112,1min,test,121,9.584982,-99.608444,3.2054324,-10.450588,User: user112<br>Type: 1min<br>Split: test
user112,1min,test,122,9.584982,-99.608444,3.2054913,-10.450591,User: user112<br>Type: 1min<br>Split: test
user112,1min,test,123,9.584982,-99.608444,3.205364,-10.451063,User: user112<br>Type: 1min<br>Split: test
user112,1min,test,124,9.584982,-99.608444,3.2054083,-10.450862,User: user112<br>Type: 1min<br>Split: test
user112,1min,test,125,9.584982,-99.608444,3.2055376,-10.450762,User: user112<br>Type: 1min<br>Split: test
user112,1min,test,126,6.696522,-97.48945,3.205552,-10.450676,User: user112<br>Type: 1min<br>Split: test
user112,1min,test,127,6.696522,-97.48945,3.2055576,-10.450721,User: user112<br>Type: 1min<br>Split: test
user112,1min,test,128,9.584982,-99.608444,3.2053585,-10.451013,User: user112<br>Type: 1min<br>Split: test
user112,1min,test,129,9.584982,-99.608444,3.205164,-10.450979,User: user112<br>Type: 1min<br>Split: test
user112,1min,test,130,9.584982,-99.608444,3.2054641,-10.451325,User: user112<br>Type: 1min<br>Split: test
user112,1min,test,131,9.584982,-99.608444,3.2053323,-10.450913,User: user112<br>Type: 1min<br>Split: test
user112,1min,test,132,9.584982,-99.608444,3.2052686,-10.451548,User: user112<br>Type: 1min<br>Split: test
user112,1min,test,133,9.584982,-99.608444,3.205372,-10.4512,User: user112<br>Type: 1min<br>Split: test
user112,1min,test,134,9.584982,-99.608444,3.2053406,-10.451052,User: user112<br>Type: 1min<br>Split: test
user112,1min,test,135,9.584982,-99.608444,3.204661,-10.455539,User: user112<br>Type: 1min<br>Split: test
user113,1min,test,136,112.43494,26.434328,5.96326,4.985539,User: user113<br>Type: 1min<br>Split: test
user113,1min,test,137,112.43494,26.434328,5.963389,4.98516,User: user113<br>Type: 1min<br>Split: test
user113,1min,test,138,112.43494,26.434328,5.963448,4.98534,User: user113<br>Type: 1min<br>Split: test
user113,1min,test,139,112.43494,26.434328,5.964217,4.986046,User: user113<br>Type: 1min<br>Split: test
user113,1min,test,140,112.43494,26.434328,5.9634576,4.9852896,User: user113<br>Type: 1min<br>Split: test
user113,1min,test,141,112.43494,26.434328,5.9635043,4.985274,User: user113<br>Type: 1min<br>Split: test
user113,1min,test,142,112.43494,26.434328,5.9635487,4.9854875,User: user113<br>Type: 1min<br>Split: test
user113,1min,test,143,112.43494,26.434328,5.9635034,4.9853797,User: user113<br>Type: 1min<br>Split: test
user113,1min,test,144,112.43494,26.434328,5.963491,4.9856825,User: user113<br>Type: 1min<br>Split: test
user113,1min,test,145,112.43494,26.434328,5.9632998,4.985626,User: user113<br>Type: 1min<br>Split: test
user113,1min,test,146,112.43494,26.434328,5.9640784,4.985243,User: user113<br>Type: 1min<br>Split: test
user113,1min,test,147,112.43494,26.434328,5.963151,4.9875546,User: user113<br>Type: 1min<br>Split: test
user113,1min,test,148,112.43494,26.434328,5.96347,4.985577,User: user113<br>Type: 1min<br>Split: test
user113,1min,test,149,112.43494,26.434328,5.9636865,4.985399,User: user113<br>Type: 1min<br>Split: test
user113,1min,test,150,112.43494,26.434328,5.963754,4.9856486,User: user113<br>Type: 1min<br>Split: test
user114,1min,test,151,14.153958,-45.342384,16.742346,-3.6344113,User: user114<br>Type: 1min<br>Split: test
user114,1min,test,152,14.153958,-45.342384,16.742289,-3.6343055,User: user114<br>Type: 1min<br>Split: test
user114,1min,test,153,14.153958,-45.342384,16.742264,-3.634314,User: user114<br>Type: 1min<br>Split: test
user114,1min,test,154,14.153958,-45.342384,16.742367,-3.6341867,User: user114<br>Type: 1min<br>Split: test
user114,1min,test,155,14.153958,-45.342384,16.742067,-3.6344292,User: user114<br>Type: 1min<br>Split: test
user114,1min,test,156,14.153958,-45.342384,16.742117,-3.6344078,User: user114<br>Type: 1min<br>Split: test
user114,1min,test,157,14.153958,-45.342384,16.744743,-3.631984,User: user114<br>Type: 1min<br>Split: test
user114,1min,test,158,11.526251,-42.924446,16.742176,-3.6344302,User: user114<br>Type: 1min<br>Split: test
user114,1min,test,159,11.526251,-42.924446,16.742165,-3.6342983,User: user114<br>Type: 1min<br>Split: test
user114,1min,test,160,14.153958,-45.342384,16.74124,-3.6351168,User: user114<br>Type: 1min<br>Split: test
user114,1min,test,161,14.153958,-45.342384,16.742292,-3.634266,User: user114<br>Type: 1min<br>Split: test
user114,1min,test,162,14.153958,-45.342384,16.742216,-3.6345985,User: user114<br>Type: 1min<br>Split: test
user114,1min,test,163,14.153958,-45.342384,16.742249,-3.6345427,User: user114<br>Type: 1min<br>Split: test
user114,1min,test,164,14.153958,-45.342384,16.736916,-3.6378012,User: user114<br>Type: 1min<br>Split: test
user114,1min,test,165,14.153958,-45.342384,16.741652,-3.634983,User: user114<br>Type: 1min<br>Split: test
user115,1min,test,166,82.81681,191.14928,15.328145,17.089544,User: user115<br>Type: 1min<br>Split: test
user115,1min,test,167,82.81681,191.14928,15.3282175,17.089527,User: user115<br>Type: 1min<br>Split: test
user115,1min,test,168,82.81681,191.14928,15.328451,17.089624,User: user115<br>Type: 1min<br>Split: test
user115,1min,test,169,82.81681,191.14928,15.328236,17.089542,User: user115<br>Type: 1min<br>Split: test
user115,1min,test,170,82.81681,191.14928,15.318454,17.080679,User: user115<br>Type: 1min<br>Split: test
user115,1min,test,171,82.81681,191.14928,15.321732,17.08278,User: user115<br>Type: 1min<br>Split: test
user115,1min,test,172,82.81681,191.14928,15.327694,17.088955,User: user115<br>Type: 1min<br>Split: test
user115,1min,test,173,82.81681,191.14928,15.327709,17.088568,User: user115<br>Type: 1min<br>Split: test
user115,1min,test,174,82.81681,191.14928,15.328284,17.08948,User: user115<br>Type: 1min<br>Split: test
user115,1min,test,175,82.81681,191.14928,15.327615,17.08876,User: user115<br>Type: 1min<br>Split: test
user115,1min,test,176,82.81681,191.14928,15.326785,17.087814,User: user115<br>Type: 1min<br>Split: test
user115,1min,test,177,82.81681,191.14928,15.327093,17.088861,User: user115<br>Type: 1min<br>Split: test
user115,1min,test,178,82.81681,191.14928,15.327574,17.088818,User: user115<br>Type: 1min<br>Split: test
user115,1min,test,179,82.81681,191.14928,15.329455,17.089676,User: user115<br>Type: 1min<br>Split: test
user115,1min,test,180,82.81681,191.14928,15.327838,17.088938,User: user115<br>Type: 1min<br>Split: test
user116,1min,test,181,87.5458,43.28536,12.640961,2.89696,User: user116<br>Type: 1min<br>Split: test
user116,1min,test,182,87.5458,43.28536,12.640964,2.8969812,User: user116<br>Type: 1min<br>Split: test
user116,1min,test,183,87.5458,43.28536,12.640931,2.8970225,User: user116<br>Type: 1min<br>Split: test
user116,1min,test,184,87.5458,43.28536,12.640906,2.8968928,User: user116<br>Type: 1min<br>Split: test
user116,1min,test,185,87.5458,43.28536,12.640945,2.8970294,User: user116<br>Type: 1min<br>Split: test
user116,1min,test,186,87.5458,43.28536,12.640928,2.8969986,User: user116<br>Type: 1min<br>Split: test
user116,1min,test,187,87.5458,43.28536,12.640849,2.8960123,User: user116<br>Type: 1min<br>Split: test
user116,1min,test,188,87.5458,43.28536,12.640925,2.8967474,User: user116<br>Type: 1min<br>Split: test
user116,1min,test,189,87.5458,43.28536,12.640892,2.8969429,User: user116<br>Type: 1min<br>Split: test
user116,1min,test,190,90.19101,45.869022,12.640831,2.8971174,User: user116<br>Type: 1min<br>Split: test
user116,1min,test,191,90.19101,45.869022,12.639912,2.8984025,User: user116<br>Type: 1min<br>Split: test
user116,1min,test,192,87.5458,43.28536,12.640861,2.8968375,User: user116<br>Type: 1min<br>Split: test
user116,1min,test,193,87.5458,43.28536,12.641116,2.8971965,User: user116<br>Type: 1min<br>Split: test
user116,1min,test,194,87.5458,43.28536,12.640934,2.89682,User: user116<br>Type: 1min<br>Split: test
user116,1min,test,195,87.5458,43.28536,12.640905,2.8969688,User: user116<br>Type: 1min<br>Split: test
user117,1min,test,196,60.275845,-65.7562,16.860748,-10.207057,User: user117<br>Type: 1min<br>Split: test
user117,1min,test,197,60.275845,-65.7562,16.860798,-10.207065,User: user117<br>Type: 1min<br>Split: test
user117,1min,test,198,60.275845,-65.7562,16.860788,-10.207052,User: user117<br>Type: 1min<br>Split: test
user117,1min,test,199,60.275845,-65.7562,16.860739,-10.207076,User: user117<br>Type: 1min<br>Split: test
user117,1min,test,200,60.275845,-65.7562,16.860737,-10.207079,User: user117<br>Type: 1min<br>Split: test
user117,1min,test,201,60.275845,-65.7562,16.861067,-10.207003,User: user117<br>Type: 1min<br>Split: test
user117,1min,test,202,60.275845,-65.7562,16.84611,-10.210515,User: user117<br>Type: 1min<br>Split: test
user117,1min,test,203,60.275845,-65.7562,16.860435,-10.207219,User: user117<br>Type: 1min<br>Split: test
user117,1min,test,204,60.275845,-65.7562,16.860432,-10.2074175,User: user117<br>Type: 1min<br>Split: test
user117,1min,test,205,60.275845,-65.7562,16.860655,-10.207377,User: user117<br>Type: 1min<br>Split: test
user117,1min,test,206,60.275845,-65.7562,16.860367,-10.2072,User: user117<br>Type: 1min<br>Split: test
user117,1min,test,207,60.275845,-65.7562,16.860403,-10.20723,User: user117<br>Type: 1min<br>Split: test
user117,1min,test,208,60.275845,-65.7562,16.860422,-10.207212,User: user117<br>Type: 1min<br>Split: test
user117,1min,test,209,60.275845,-65.7562,16.860424,-10.207251,User: user117<br>Type: 1min<br>Split: test
user117,1min,test,210,60.275845,-65.7562,16.860449,-10.207248,User: user117<br>Type: 1min<br>Split: test
user118,1min,test,211,96.53414,26.436754,2.252773,7.433906,User: user118<br>Type: 1min<br>Split: test
user118,1min,test,212,96.53414,26.436754,2.2527478,7.4339,User: user118<br>Type: 1min<br>Split: test
user118,1min,test,213,96.53414,26.436754,2.2527714,7.433962,User: user118<br>Type: 1min<br>Split: test
user118,1min,test,214,96.53414,26.436754,2.2524612,7.4340305,User: user118<br>Type: 1min<br>Split: test
user118,1min,test,215,96.53414,26.436754,2.2537596,7.4329796,User: user118<br>Type: 1min<br>Split: test
user118,1min,test,216,96.53414,26.436754,2.2551887,7.4309626,User: user118<br>Type: 1min<br>Split: test
user118,1min,test,217,96.53414,26.436754,2.2529287,7.4336843,User: user118<br>Type: 1min<br>Split: test
user118,1min,test,218,96.53414,26.436754,2.2527874,7.4336677,User: user118<br>Type: 1min<br>Split: test
user118,1min,test,219,96.53414,26.436754,2.2527936,7.4334283,User: user118<br>Type: 1min<br>Split: test
user118,1min,test,220,96.53414,26.436754,2.2391346,7.4420347,User: user118<br>Type: 1min<br>Split: test
user118,1min,test,221,96.53414,26.436754,2.2528656,7.433472,User: user118<br>Type: 1min<br>Split: test
user118,1min,test,222,95.91863,22.912622,2.2508583,7.435458,User: user118<br>Type: 1min<br>Split: test
user118,1min,test,223,95.91863,22.912622,2.2786784,7.407714,User: user118<br>Type: 1min<br>Split: test
user118,1min,test,224,96.53414,26.436754,2.2531457,7.433314,User: user118<br>Type: 1min<br>Split: test
user118,1min,test,225,96.53414,26.436754,2.2531745,7.4332175,User: user118<br>Type: 1min<br>Split: test
user119,1min,test,226,-8.68782,-94.59654,10.209267,-10.557678,User: user119<br>Type: 1min<br>Split: test
user119,1min,test,227,-8.68782,-94.59654,10.209485,-10.557651,User: user119<br>Type: 1min<br>Split: test
user119,1min,test,228,-8.68782,-94.59654,10.209178,-10.557659,User: user119<br>Type: 1min<br>Split: test
user119,1min,test,229,-8.68782,-94.59654,10.209445,-10.557639,User: user119<br>Type: 1min<br>Split: test
user119,1min,test,230,-8.68782,-94.59654,10.209357,-10.557644,User: user119<br>Type: 1min<br>Split: test
user119,1min,test,231,-8.68782,-94.59654,10.209515,-10.557701,User: user119<br>Type: 1min<br>Split: test
user119,1min,test,232,-8.68782,-94.59654,10.209494,-10.5578,User: user119<br>Type: 1min<br>Split: test
user119,1min,test,233,-8.68782,-94.59654,10.20953,-10.5577345,User: user119<br>Type: 1min<br>Split: test
user119,1min,test,234,-8.68782,-94.59654,10.209432,-10.557657,User: user119<br>Type: 1min<br>Split: test
user119,1min,test,235,-8.68782,-94.59654,10.210069,-10.557639,User: user119<br>Type: 1min<br>Split: test
user119,1min,test,236,-8.68782,-94.59654,10.20958,-10.557852,User: user119<br>Type: 1min<br>Split: test
user119,1min,test,237,-8.68782,-94.59654,10.209496,-10.557816,User: user119<br>Type: 1min<br>Split: test
user119,1min,test,238,-8.68782,-94.59654,10.209462,-10.557687,User: user119<br>Type: 1min<br>Split: test
user119,1min,test,239,-8.68782,-94.59654,10.209511,-10.557712,User: user119<br>Type: 1min<br>Split: test
user119,1min,test,240,-8.68782,-94.59654,10.209474,-10.557687,User: user119<br>Type: 1min<br>Split: test
user120,1min,test,241,66.62388,-51.376266,23.553581,9.326659,User: user120<br>Type: 1min<br>Split: test
user120,1min,test,242,66.62388,-51.376266,23.55354,9.326642,User: user120<br>Type: 1min<br>Split: test
user120,1min,test,243,66.62388,-51.376266,23.553568,9.326675,User: user120<br>Type: 1min<br>Split: test
user120,1min,test,244,66.62388,-51.376266,23.553562,9.326638,User: user120<br>Type: 1min<br>Split: test
user120,1min,test,245,66.62388,-51.376266,23.553585,9.32658,User: user120<br>Type: 1min<br>Split: test
user120,1min,test,246,66.62388,-51.376266,23.55365,9.326883,User: user120<br>Type: 1min<br>Split: test
user120,1min,test,247,66.62388,-51.376266,23.553501,9.326687,User: user120<br>Type: 1min<br>Split: test
user120,1min,test,248,69.89118,-50.677547,23.553545,9.326671,User: user120<br>Type: 1min<br>Split: test
user120,1min,test,249,67.232704,-54.92547,23.55361,9.326623,User: user120<br>Type: 1min<br>Split: test
user120,1min,test,250,69.65706,-53.69093,23.55359,9.326545,User: user120<br>Type: 1min<br>Split: test
user120,1min,test,251,69.89118,-50.677547,23.553617,9.326621,User: user120<br>Type: 1min<br>Split: test
user120,1min,test,252,69.65706,-53.69093,23.5536,9.326541,User: user120<br>Type: 1min<br>Split: test
user120,1min,test,253,67.232704,-54.92547,23.553528,9.326259,User: user120<br>Type: 1min<br>Split: test
user120,1min,test,254,64.48838,-53.870934,23.55348,9.326477,User: user120<br>Type: 1min<br>Split: test
user120,1min,test,255,64.48838,-53.870934,23.553654,9.326382,User: user120<br>Type: 1min<br>Split: test
user105,3min,test,0,-89.71238,29.864601,-7.728786,6.0437922,User: user105<br>Type: 3min<br>Split: test
user106,3min,test,1,3.944769,67.17047,0.17102621,8.944092,User: user106<br>Type: 3min<br>Split: test
user107,3min,test,2,-0.26613307,15.318348,9.110606,2.119014,User: user107<br>Type: 3min<br>Split: test
user108,3min,test,3,-60.420815,-67.59162,-1.5106618,-5.642821,User: user108<br>Type: 3min<br>Split: test
user109,3min,test,4,-112.480896,-59.418663,4.1779094,11.87909,User: user109<br>Type: 3min<br>Split: test
user110,3min,test,5,-121.12149,-19.993773,-8.563259,-1.5776675,User: user110<br>Type: 3min<br>Split: test
user111,3min,test,6,-4.5956135,82.137825,10.27804,3.881564,User: user111<br>Type: 3min<br>Split: test
user112,3min,test,7,-68.64826,-36.75767,-0.9897115,4.4825597,User: user112<br>Type: 3min<br>Split: test
user113,3min,test,8,-57.05763,54.73738,3.4047983,7.016986,User: user113<br>Type: 3min<br>Split: test
user114,3min,test,9,33.612133,-77.509026,1.0934173,-14.906599,User: user114<br>Type: 3min<br>Split: test
user115,3min,test,10,-20.34787,77.93882,2.8228543,18.125282,User: user115<br>Type: 3min<br>Split: test
user116,3min,test,11,-2.7754903,33.41405,1.5937283,3.8157907,User: user116<br>Type: 3min<br>Split: test
user117,3min,test,12,72.78474,-65.124756,8.483927,-10.771937,User: user117<br>Type: 3min<br>Split: test
user118,3min,test,13,-14.127958,10.0205,-1.9219713,6.799939,User: user118<br>Type: 3min<br>Split: test
user119,3min,test,14,-62.23544,-48.36796,-7.409406,-5.615218,User: user119<br>Type: 3min<br>Split: test
user120,3min,test,15,46.839848,-62.915234,21.92081,-6.270435,User: user120<br>Type: 3min<br>Split: test
user106,3min,test,16,3.944769,67.17047,0.17083333,8.943887,User: user106<br>Type: 3min<br>Split: test
user107,3min,test,17,-0.26613307,15.318348,9.110654,2.1191058,User: user107<br>Type: 3min<br>Split: test
user108,3min,test,18,-60.420815,-67.59162,-1.510663,-5.642303,User: user108<br>Type: 3min<br>Split: test
user109,3min,test,19,-112.480896,-59.418663,4.1779985,11.879038,User: user109<br>Type: 3min<br>Split: test
user110,3min,test,20,-121.12149,-19.993773,-8.563277,-1.5777011,User: user110<br>Type: 3min<br>Split: test
user111,3min,test,21,-4.5956135,82.137825,10.278217,3.8813524,User: user111<br>Type: 3min<br>Split: test
user112,3min,test,22,-68.64826,-36.75767,-0.9896521,4.4824777,User: user112<br>Type: 3min<br>Split: test
user113,3min,test,23,-57.05763,54.73738,3.4053452,7.0169973,User: user113<br>Type: 3min<br>Split: test
user114,3min,test,24,33.612133,-77.509026,1.0933928,-14.90656,User: user114<br>Type: 3min<br>Split: test
user115,3min,test,25,-20.34787,77.93882,2.8240783,18.12597,User: user115<br>Type: 3min<br>Split: test
user116,3min,test,26,-2.7754903,33.41405,1.5936153,3.8158755,User: user116<br>Type: 3min<br>Split: test
user117,3min,test,27,72.78474,-65.124756,8.484378,-10.772585,User: user117<br>Type: 3min<br>Split: test
user118,3min,test,28,-14.127958,10.0205,-1.9221025,6.7999787,User: user118<br>Type: 3min<br>Split: test
user119,3min,test,29,-62.23544,-48.36796,-7.4094687,-5.6151104,User: user119<br>Type: 3min<br>Split: test
user120,3min,test,30,44.301487,-60.400017,21.92079,-6.270414,User: user120<br>Type: 3min<br>Split: test
user105,3min,test,31,-89.106995,33.41394,-7.7287736,6.043753,User: user105<br>Type: 3min<br>Split: test
user107,3min,test,32,-0.26613307,15.318348,9.110664,2.119168,User: user107<br>Type: 3min<br>Split: test
user108,3min,test,33,-60.420815,-67.59162,-1.5105267,-5.642782,User: user108<br>Type: 3min<br>Split: test
user109,3min,test,34,-112.480896,-59.418663,4.183987,11.88513,User: user109<br>Type: 3min<br>Split: test
user110,3min,test,35,-121.12149,-19.993773,-8.563263,-1.577669,User: user110<br>Type: 3min<br>Split: test
user111,3min,test,36,-4.5956135,82.137825,10.278161,3.8814588,User: user111<br>Type: 3min<br>Split: test
user112,3min,test,37,-68.64826,-36.75767,-0.9927589,4.4819856,User: user112<br>Type: 3min<br>Split: test
user113,3min,test,38,-57.05763,54.73738,3.4025948,7.021645,User: user113<br>Type: 3min<br>Split: test
user114,3min,test,39,33.612133,-77.509026,1.0934322,-14.906637,User: user114<br>Type: 3min<br>Split: test
user115,3min,test,40,-20.34787,77.93882,2.822663,18.125072,User: user115<br>Type: 3min<br>Split: test
user116,3min,test,41,-2.7754903,33.41405,1.5937096,3.81578,User: user116<br>Type: 3min<br>Split: test
user117,3min,test,42,72.78474,-65.124756,8.483908,-10.772144,User: user117<br>Type: 3min<br>Split: test
user118,3min,test,43,-14.127958,10.0205,-1.9220623,6.799979,User: user118<br>Type: 3min<br>Split: test
user119,3min,test,44,-62.23544,-48.36796,-7.409365,-5.6152115,User: user119<br>Type: 3min<br>Split: test
user120,3min,test,45,46.839848,-62.915234,21.920807,-6.270438,User: user120<br>Type: 3min<br>Split: test
user105,3min,test,46,-89.71238,29.864601,-7.7288527,6.043748,User: user105<br>Type: 3min<br>Split: test
user106,3min,test,47,3.944769,67.17047,0.17100653,8.9440155,User: user106<br>Type: 3min<br>Split: test
user108,3min,test,48,-60.420815,-67.59162,-1.5105503,-5.6427584,User: user108<br>Type: 3min<br>Split: test
user109,3min,test,49,-112.480896,-59.418663,4.178355,11.87964,User: user109<br>Type: 3min<br>Split: test
user110,3min,test,50,-121.12149,-19.993773,-8.563242,-1.577413,User: user110<br>Type: 3min<br>Split: test
user111,3min,test,51,-4.5956135,82.137825,10.278109,3.8815038,User: user111<br>Type: 3min<br>Split: test
user112,3min,test,52,-68.64826,-36.75767,-0.99021,4.4819164,User: user112<br>Type: 3min<br>Split: test
user113,3min,test,53,-57.05763,54.73738,3.404654,7.017271,User: user113<br>Type: 3min<br>Split: test
user114,3min,test,54,33.612133,-77.509026,1.0933559,-14.906308,User: user114<br>Type: 3min<br>Split: test
user115,3min,test,55,-20.34787,77.93882,2.8227463,18.125288,User: user115<br>Type: 3min<br>Split: test
user116,3min,test,56,-2.7754903,33.41405,1.5936134,3.8158846,User: user116<br>Type: 3min<br>Split: test
user117,3min,test,57,72.78474,-65.124756,8.483928,-10.772193,User: user117<br>Type: 3min<br>Split: test
user118,3min,test,58,-14.127958,10.0205,-1.9223427,6.8000917,User: user118<br>Type: 3min<br>Split: test
user119,3min,test,59,-62.23544,-48.36796,-7.4091954,-5.615534,User: user119<br>Type: 3min<br>Split: test
user120,3min,test,60,46.839848,-62.915234,21.92078,-6.270434,User: user120<br>Type: 3min<br>Split: test
user105,3min,test,61,-89.71238,29.864601,-7.7288194,6.0438457,User: user105<br>Type: 3min<br>Split: test
user106,3min,test,62,1.8734156,70.19465,0.17100231,8.943995,User: user106<br>Type: 3min<br>Split: test
user107,3min,test,63,2.7212398,13.34562,9.110612,2.1194239,User: user107<br>Type: 3min<br>Split: test
user109,3min,test,64,-112.480896,-59.418663,4.178155,11.879391,User: user109<br>Type: 3min<br>Split: test
user110,3min,test,65,-121.12149,-19.993773,-8.563293,-1.577669,User: user110<br>Type: 3min<br>Split: test
user111,3min,test,66,-4.5956135,82.137825,10.27804,3.882062,User: user111<br>Type: 3min<br>Split: test
user112,3min,test,67,-68.64826,-36.75767,-0.9899252,4.4821296,User: user112<br>Type: 3min<br>Split: test
user113,3min,test,68,-57.05763,54.73738,3.4048162,7.017098,User: user113<br>Type: 3min<br>Split: test
user114,3min,test,69,33.612133,-77.509026,1.093437,-14.906571,User: user114<br>Type: 3min<br>Split: test
user115,3min,test,70,-20.34787,77.93882,2.822793,18.125309,User: user115<br>Type: 3min<br>Split: test
user116,3min,test,71,-2.7754903,33.41405,1.5936524,3.8159325,User: user116<br>Type: 3min<br>Split: test
user117,3min,test,72,72.78474,-65.124756,8.4835,-10.772174,User: user117<br>Type: 3min<br>Split: test
user118,3min,test,73,-14.127958,10.0205,-1.9222245,6.800511,User: user118<br>Type: 3min<br>Split: test
user119,3min,test,74,-62.23544,-48.36796,-7.4091053,-5.615088,User: user119<br>Type: 3min<br>Split: test
user120,3min,test,75,46.839848,-62.915234,21.920599,-6.270358,User: user120<br>Type: 3min<br>Split: test
user105,3min,test,76,-89.71238,29.864601,-7.729015,6.0438747,User: user105<br>Type: 3min<br>Split: test
user106,3min,test,77,3.944769,67.17047,0.1709786,8.943925,User: user106<br>Type: 3min<br>Split: test
user107,3min,test,78,-0.26613307,15.318348,9.110652,2.1191547,User: user107<br>Type: 3min<br>Split: test
user108,3min,test,79,-60.420815,-67.59162,-1.510709,-5.6426835,User: user108<br>Type: 3min<br>Split: test
user110,3min,test,80,-121.12149,-19.993773,-8.56325,-1.5776316,User: user110<br>Type: 3min<br>Split: test
user111,3min,test,81,-4.5956135,82.137825,10.277473,3.88218,User: user111<br>Type: 3min<br>Split: test
user112,3min,test,82,-68.64826,-36.75767,-0.98998123,4.4822655,User: user112<br>Type: 3min<br>Split: test
user113,3min,test,83,-57.05763,54.73738,3.40485,7.017084,User: user113<br>Type: 3min<br>Split: test
user114,3min,test,84,33.612133,-77.509026,1.0934196,-14.906563,User: user114<br>Type: 3min<br>Split: test
user115,3min,test,85,-20.34787,77.93882,2.8225782,18.125166,User: user115<br>Type: 3min<br>Split: test
user116,3min,test,86,-2.7754903,33.41405,1.5936421,3.8159914,User: user116<br>Type: 3min<br>Split: test
user117,3min,test,87,72.78474,-65.124756,8.483958,-10.772085,User: user117<br>Type: 3min<br>Split: test
user118,3min,test,88,-14.127958,10.0205,-1.9224682,6.7996855,User: user118<br>Type: 3min<br>Split: test
user119,3min,test,89,-62.23544,-48.36796,-7.409316,-5.6151657,User: user119<br>Type: 3min<br>Split: test
user120,3min,test,90,46.839848,-62.915234,21.920782,-6.270447,User: user120<br>Type: 3min<br>Split: test
user105,3min,test,91,-89.71238,29.864601,-7.728794,6.0436363,User: user105<br>Type: 3min<br>Split: test
user106,3min,test,92,3.944769,67.17047,0.17097297,8.943978,User: user106<br>Type: 3min<br>Split: test
user107,3min,test,93,-0.26613307,15.318348,9.110622,2.1192012,User: user107<br>Type: 3min<br>Split: test
user108,3min,test,94,-63.75225,-68.8856,-1.5104688,-5.6429663,User: user108<br>Type: 3min<br>Split: test
user109,3min,test,95,-111.07017,-56.142868,4.1780276,11.879181,User: user109<br>Type: 3min<br>Split: test
user111,3min,test,96,-4.5956135,82.137825,10.278531,3.8814974,User: user111<br>Type: 3min<br>Split: test
user112,3min,test,97,-68.64826,-36.75767,-0.98854077,4.4837575,User: user112<br>Type: 3min<br>Split: test
user113,3min,test,98,-57.05763,54.73738,3.4046237,7.0177336,User: user113<br>Type: 3min<br>Split: test
user114,3min,test,99,33.612133,-77.509026,1.093311,-14.906599,User: user114<br>Type: 3min<br>Split: test
user115,3min,test,100,-20.34787,77.93882,2.822908,18.125202,User: user115<br>Type: 3min<br>Split: test
user116,3min,test,101,-2.7754903,33.41405,1.5937815,3.8157637,User: user116<br>Type: 3min<br>Split: test
user117,3min,test,102,72.78474,-65.124756,8.483925,-10.772174,User: user117<br>Type: 3min<br>Split: test
user118,3min,test,103,-14.127958,10.0205,-1.9224132,6.8000026,User: user118<br>Type: 3min<br>Split: test
user119,3min,test,104,-62.23544,-48.36796,-7.4089932,-5.6161923,User: user119<br>Type: 3min<br>Split: test
user120,3min,test,105,46.839848,-62.915234,21.920748,-6.2704186,User: user120<br>Type: 3min<br>Split: test
user105,3min,test,106,-89.71238,29.864601,-7.730694,6.032711,User: user105<br>Type: 3min<br>Split: test
user106,3min,test,107,3.944769,67.17047,0.1709167,8.944028,User: user106<br>Type: 3min<br>Split: test
user107,3min,test,108,-0.26613307,15.318348,9.110629,2.1191444,User: user107<br>Type: 3min<br>Split: test
user108,3min,test,109,-60.420815,-67.59162,-1.510556,-5.6428027,User: user108<br>Type: 3min<br>Split: test
user109,3min,test,110,-112.480896,-59.418663,4.177826,11.879048,User: user109<br>Type: 3min<br>Split: test
user110,3min,test,111,-121.12149,-19.993773,-8.563395,-1.5776103,User: user110<br>Type: 3min<br>Split: test
user112,3min,test,112,-68.64826,-36.75767,-0.99007964,4.482138,User: user112<br>Type: 3min<br>Split: test
user113,3min,test,113,-57.05763,54.73738,3.4043932,7.017325,User: user113<br>Type: 3min<br>Split: test
user114,3min,test,114,33.612133,-77.509026,1.0934048,-14.906541,User: user114<br>Type: 3min<br>Split: test
user115,3min,test,115,-20.34787,77.93882,2.822767,18.125166,User: user115<br>Type: 3min<br>Split: test
user116,3min,test,116,-2.7754903,33.41405,1.5937971,3.81597,User: user116<br>Type: 3min<br>Split: test
user117,3min,test,117,72.78474,-65.124756,8.484098,-10.771968,User: user117<br>Type: 3min<br>Split: test
user118,3min,test,118,-14.127958,10.0205,-1.9375362,6.7864614,User: user118<br>Type: 3min<br>Split: test
user119,3min,test,119,-62.23544,-48.36796,-7.4087806,-5.615421,User: user119<br>Type: 3min<br>Split: test
user120,3min,test,120,46.839848,-62.915234,21.920794,-6.2704597,User: user120<br>Type: 3min<br>Split: test
user105,3min,test,121,-89.71238,29.864601,-7.7289352,6.0435405,User: user105<br>Type: 3min<br>Split: test
user106,3min,test,122,3.944769,67.17047,0.17095755,8.944108,User: user106<br>Type: 3min<br>Split: test
user107,3min,test,123,-0.26613307,15.318348,9.110573,2.1191726,User: user107<br>Type: 3min<br>Split: test
user108,3min,test,124,-60.420815,-67.59162,-1.5105699,-5.642656,User: user108<br>Type: 3min<br>Split: test
user109,3min,test,125,-112.480896,-59.418663,4.179459,11.880855,User: user109<br>Type: 3min<br>Split: test
user110,3min,test,126,-121.16962,-23.606327,-8.563295,-1.5776231,User: user110<br>Type: 3min<br>Split: test
user111,3min,test,127,-1.027796,81.85549,10.277959,3.8814762,User: user111<br>Type: 3min<br>Split: test
user113,3min,test,128,-57.05763,54.73738,3.404805,7.0172334,User: user113<br>Type: 3min<br>Split: test
user114,3min,test,129,33.612133,-77.509026,1.0934287,-14.9066,User: user114<br>Type: 3min<br>Split: test
user115,3min,test,130,-20.34787,77.93882,2.8228233,18.125256,User: user115<br>Type: 3min<br>Split: test
user116,3min,test,131,-2.7754903,33.41405,1.5936211,3.816012,User: user116<br>Type: 3min<br>Split: test
user117,3min,test,132,72.78474,-65.124756,8.4838705,-10.771975,User: user117<br>Type: 3min<br>Split: test
user118,3min,test,133,-14.127958,10.0205,-1.9226995,6.7998276,User: user118<br>Type: 3min<br>Split: test
user119,3min,test,134,-62.23544,-48.36796,-7.409516,-5.614862,User: user119<br>Type: 3min<br>Split: test
user120,3min,test,135,46.839848,-62.915234,21.920776,-6.270442,User: user120<br>Type: 3min<br>Split: test
user105,3min,test,136,-89.71238,29.864601,-7.728814,6.043489,User: user105<br>Type: 3min<br>Split: test
user106,3min,test,137,3.944769,67.17047,0.17132987,8.943704,User: user106<br>Type: 3min<br>Split: test
user107,3min,test,138,-0.26613307,15.318348,9.110727,2.119101,User: user107<br>Type: 3min<br>Split: test
user108,3min,test,139,-60.420815,-67.59162,-1.5105585,-5.6428514,User: user108<br>Type: 3min<br>Split: test
user109,3min,test,140,-112.480896,-59.418663,4.173148,11.874639,User: user109<br>Type: 3min<br>Split: test
user110,3min,test,141,-121.12149,-19.993773,-8.56329,-1.5775995,User: user110<br>Type: 3min<br>Split: test
user111,3min,test,142,-4.5956135,82.137825,10.278161,3.881623,User: user111<br>Type: 3min<br>Split: test
user112,3min,test,143,-68.64826,-36.75767,-0.9900564,4.48223,User: user112<br>Type: 3min<br>Split: test
user114,3min,test,144,33.612133,-77.509026,1.0933827,-14.906553,User: user114<br>Type: 3min<br>Split: test
user115,3min,test,145,-20.34787,77.93882,2.822766,18.125286,User: user115<br>Type: 3min<br>Split: test
user116,3min,test,146,-2.7754903,33.41405,1.5915492,3.8175359,User: user116<br>Type: 3min<br>Split: test
user117,3min,test,147,72.78474,-65.124756,8.483059,-10.773972,User: user117<br>Type: 3min<br>Split: test
user118,3min,test,148,-14.127958,10.0205,-1.9226885,6.7996955,User: user118<br>Type: 3min<br>Split: test
user119,3min,test,149,-62.23544,-48.36796,-7.39594,-5.627058,User: user119<br>Type: 3min<br>Split: test
user120,3min,test,150,46.839848,-62.915234,21.920794,-6.270449,User: user120<br>Type: 3min<br>Split: test
user105,3min,test,151,-89.71238,29.864601,-7.7296114,6.043434,User: user105<br>Type: 3min<br>Split: test
user106,3min,test,152,3.944769,67.17047,0.1713037,8.943924,User: user106<br>Type: 3min<br>Split: test
user107,3min,test,153,-0.26613307,15.318348,9.1105995,2.1191416,User: user107<br>Type: 3min<br>Split: test
user108,3min,test,154,-60.420815,-67.59162,-1.5106765,-5.6429777,User: user108<br>Type: 3min<br>Split: test
user109,3min,test,155,-112.480896,-59.418663,4.1782246,11.879617,User: user109<br>Type: 3min<br>Split: test
user110,3min,test,156,-121.12149,-19.993773,-8.563378,-1.5771534,User: user110<br>Type: 3min<br>Split: test
user111,3min,test,157,-4.5956135,82.137825,10.278346,3.881486,User: user111<br>Type: 3min<br>Split: test
user112,3min,test,158,-72.01261,-35.5109,-0.9900828,4.4813867,User: user112<br>Type: 3min<br>Split: test
user113,3min,test,159,-60.052723,56.862926,3.4054744,7.017013,User: user113<br>Type: 3min<br>Split: test
user115,3min,test,160,-20.34787,77.93882,2.8230252,18.125523,User: user115<br>Type: 3min<br>Split: test
user116,3min,test,161,-2.7754903,33.41405,1.593397,3.816098,User: user116<br>Type: 3min<br>Split: test
user117,3min,test,162,72.78474,-65.124756,8.484119,-10.771926,User: user117<br>Type: 3min<br>Split: test
user118,3min,test,163,-14.127958,10.0205,-1.9226446,6.799705,User: user118<br>Type: 3min<br>Split: test
user119,3min,test,164,-62.23544,-48.36796,-7.409049,-5.61546,User: user119<br>Type: 3min<br>Split: test
user120,3min,test,165,46.839848,-62.915234,21.920776,-6.27046,User: user120<br>Type: 3min<br>Split: test
user105,3min,test,166,-89.71238,29.864601,-7.728877,6.043503,User: user105<br>Type: 3min<br>Split: test
user106,3min,test,167,3.944769,67.17047,0.17110439,8.944059,User: user106<br>Type: 3min<br>Split: test
user107,3min,test,168,-0.26613307,15.318348,9.110644,2.119188,User: user107<br>Type: 3min<br>Split: test
user108,3min,test,169,-60.420815,-67.59162,-1.5105838,-5.6429234,User: user108<br>Type: 3min<br>Split: test
user109,3min,test,170,-112.480896,-59.418663,4.1779747,11.879203,User: user109<br>Type: 3min<br>Split: test
user110,3min,test,171,-121.12149,-19.993773,-8.563324,-1.5775945,User: user110<br>Type: 3min<br>Split: test
user111,3min,test,172,-4.5956135,82.137825,10.278658,3.881448,User: user111<br>Type: 3min<br>Split: test
user112,3min,test,173,-68.64826,-36.75767,-0.9893279,4.4831953,User: user112<br>Type: 3min<br>Split: test
user113,3min,test,174,-57.05763,54.73738,3.402825,7.018788,User: user113<br>Type: 3min<br>Split: test
user114,3min,test,175,33.612133,-77.509026,1.0933605,-14.9064665,User: user114<br>Type: 3min<br>Split: test
user116,3min,test,176,-2.7754903,33.41405,1.5936086,3.816097,User: user116<br>Type: 3min<br>Split: test
user117,3min,test,177,72.78474,-65.124756,8.483931,-10.772137,User: user117<br>Type: 3min<br>Split: test
user118,3min,test,178,-14.127958,10.0205,-1.9223849,6.800386,User: user118<br>Type: 3min<br>Split: test
user119,3min,test,179,-62.23544,-48.36796,-7.4091363,-5.615359,User: user119<br>Type: 3min<br>Split: test
user120,3min,test,180,46.839848,-62.915234,21.920778,-6.2704186,User: user120<br>Type: 3min<br>Split: test
user105,3min,test,181,-89.71238,29.864601,-7.7289453,6.0434346,User: user105<br>Type: 3min<br>Split: test
user106,3min,test,182,3.944769,67.17047,0.1710306,8.944004,User: user106<br>Type: 3min<br>Split: test
user107,3min,test,183,-0.26613307,15.318348,9.109609,2.1180387,User: user107<br>Type: 3min<br>Split: test
user108,3min,test,184,-60.420815,-67.59162,-1.510639,-5.642794,User: user108<br>Type: 3min<br>Split: test
user109,3min,test,185,-112.480896,-59.418663,4.1779776,11.879221,User: user109<br>Type: 3min<br>Split: test
user110,3min,test,186,-121.12149,-19.993773,-8.56324,-1.5773077,User: user110<br>Type: 3min<br>Split: test
user111,3min,test,187,-4.5956135,82.137825,10.278294,3.881418,User: user111<br>Type: 3min<br>Split: test
user112,3min,test,188,-68.64826,-36.75767,-0.99076563,4.481065,User: user112<br>Type: 3min<br>Split: test
user113,3min,test,189,-57.05763,54.73738,3.4050515,7.0168734,User: user113<br>Type: 3min<br>Split: test
user114,3min,test,190,37.15807,-77.90947,1.0923578,-14.905336,User: user114<br>Type: 3min<br>Split: test
user115,3min,test,191,-17.802769,80.55974,2.822294,18.12498,User: user115<br>Type: 3min<br>Split: test
user117,3min,test,192,72.78474,-65.124756,8.48389,-10.772231,User: user117<br>Type: 3min<br>Split: test
user118,3min,test,193,-14.127958,10.0205,-1.922407,6.8000975,User: user118<br>Type: 3min<br>Split: test
user119,3min,test,194,-62.23544,-48.36796,-7.414897,-5.6114993,User: user119<br>Type: 3min<br>Split: test
user120,3min,test,195,46.839848,-62.915234,21.920755,-6.270424,User: user120<br>Type: 3min<br>Split: test
user105,3min,test,196,-89.71238,29.864601,-7.7289014,6.0440693,User: user105<br>Type: 3min<br>Split: test
user106,3min,test,197,3.944769,67.17047,0.17120259,8.9439125,User: user106<br>Type: 3min<br>Split: test
user107,3min,test,198,-0.26613307,15.318348,9.109475,2.1204891,User: user107<br>Type: 3min<br>Split: test
user108,3min,test,199,-60.420815,-67.59162,-1.5106194,-5.642794,User: user108<br>Type: 3min<br>Split: test
user109,3min,test,200,-112.480896,-59.418663,4.1780024,11.879519,User: user109<br>Type: 3min<br>Split: test
user110,3min,test,201,-121.12149,-19.993773,-8.563281,-1.5774711,User: user110<br>Type: 3min<br>Split: test
user111,3min,test,202,-4.5956135,82.137825,10.278378,3.8814852,User: user111<br>Type: 3min<br>Split: test
user112,3min,test,203,-68.64826,-36.75767,-0.9896045,4.481852,User: user112<br>Type: 3min<br>Split: test
user113,3min,test,204,-57.05763,54.73738,3.4048333,7.0170555,User: user113<br>Type: 3min<br>Split: test
user114,3min,test,205,33.612133,-77.509026,1.0927075,-14.90511,User: user114<br>Type: 3min<br>Split: test
user115,3min,test,206,-20.34787,77.93882,2.822954,18.125307,User: user115<br>Type: 3min<br>Split: test
user116,3min,test,207,-2.7754903,33.41405,1.5935054,3.8167284,User: user116<br>Type: 3min<br>Split: test
user118,3min,test,208,-14.127958,10.0205,-1.9225827,6.7997193,User: user118<br>Type: 3min<br>Split: test
user119,3min,test,209,-62.23544,-48.36796,-7.4085603,-5.61556,User: user119<br>Type: 3min<br>Split: test
user120,3min,test,210,46.839848,-62.915234,21.920984,-6.2704406,User: user120<br>Type: 3min<br>Split: test
user105,3min,test,211,-89.71238,29.864601,-7.729069,6.0433826,User: user105<br>Type: 3min<br>Split: test
user106,3min,test,212,3.944769,67.17047,0.17109896,8.944014,User: user106<br>Type: 3min<br>Split: test
user107,3min,test,213,-0.26613307,15.318348,9.110589,2.119145,User: user107<br>Type: 3min<br>Split: test
user108,3min,test,214,-60.420815,-67.59162,-1.511013,-5.6429324,User: user108<br>Type: 3min<br>Split: test
user109,3min,test,215,-112.480896,-59.418663,4.178137,11.879322,User: user109<br>Type: 3min<br>Split: test
user110,3min,test,216,-121.12149,-19.993773,-8.563367,-1.577557,User: user110<br>Type: 3min<br>Split: test
user111,3min,test,217,-4.5956135,82.137825,10.278402,3.8815215,User: user111<br>Type: 3min<br>Split: test
user112,3min,test,218,-68.64826,-36.75767,-0.9898409,4.4816074,User: user112<br>Type: 3min<br>Split: test
user113,3min,test,219,-57.05763,54.73738,3.4047227,7.0170565,User: user113<br>Type: 3min<br>Split: test
user114,3min,test,220,33.612133,-77.509026,1.0931829,-14.906404,User: user114<br>Type: 3min<br>Split: test
user115,3min,test,221,-20.34787,77.93882,2.8227642,18.12531,User: user115<br>Type: 3min<br>Split: test
user116,3min,test,222,-6.0202365,35.06612,1.593343,3.8162398,User: user116<br>Type: 3min<br>Split: test
user117,3min,test,223,73.93009,-61.732903,8.483912,-10.772131,User: user117<br>Type: 3min<br>Split: test
user119,3min,test,224,-62.23544,-48.36796,-7.4089217,-5.615415,User: user119<br>Type: 3min<br>Split: test
user120,3min,test,225,46.839848,-62.915234,21.920944,-6.2704387,User: user120<br>Type: 3min<br>Split: test
user105,3min,test,226,-89.71238,29.864601,-7.7289877,6.043321,User: user105<br>Type: 3min<br>Split: test
user106,3min,test,227,3.944769,67.17047,0.17105973,8.943955,User: user106<br>Type: 3min<br>Split: test
user107,3min,test,228,-0.3810052,11.743507,9.110605,2.1192486,User: user107<br>Type: 3min<br>Split: test
user108,3min,test,229,-60.420815,-67.59162,-1.5112851,-5.6417737,User: user108<br>Type: 3min<br>Split: test
user109,3min,test,230,-112.480896,-59.418663,4.178174,11.879568,User: user109<br>Type: 3min<br>Split: test
user110,3min,test,231,-121.12149,-19.993773,-8.563252,-1.5775688,User: user110<br>Type: 3min<br>Split: test
user111,3min,test,232,-4.5956135,82.137825,10.284756,3.880359,User: user111<br>Type: 3min<br>Split: test
user112,3min,test,233,-68.64826,-36.75767,-0.99183756,4.479391,User: user112<br>Type: 3min<br>Split: test
user113,3min,test,234,-57.05763,54.73738,3.4067473,7.0098166,User: user113<br>Type: 3min<br>Split: test
user114,3min,test,235,33.612133,-77.509026,1.0933557,-14.906492,User: user114<br>Type: 3min<br>Split: test
user115,3min,test,236,-20.34787,77.93882,2.823045,18.12546,User: user115<br>Type: 3min<br>Split: test
user116,3min,test,237,-2.7754903,33.41405,1.5935031,3.8161223,User: user116<br>Type: 3min<br>Split: test
user117,3min,test,238,72.78474,-65.124756,8.484172,-10.770654,User: user117<br>Type: 3min<br>Split: test
user118,3min,test,239,-14.127958,10.0205,-1.921879,6.8005342,User: user118<br>Type: 3min<br>Split: test
user120,3min,test,240,46.839848,-62.915234,21.920753,-6.270492,User: user120<br>Type: 3min<br>Split: test
user105,3min,test,241,-89.71238,29.864601,-7.7298527,6.0430045,User: user105<br>Type: 3min<br>Split: test
user106,3min,test,242,3.944769,67.17047,0.1712338,8.944084,User: user106<br>Type: 3min<br>Split: test
user107,3min,test,243,-0.3810052,11.743507,9.110409,2.1191454,User: user107<br>Type: 3min<br>Split: test
user108,3min,test,244,-60.420815,-67.59162,-1.5108786,-5.6427164,User: user108<br>Type: 3min<br>Split: test
user109,3min,test,245,-112.480896,-59.418663,4.1780066,11.8786745,User: user109<br>Type: 3min<br>Split: test
user110,3min,test,246,-121.12149,-19.993773,-8.563242,-1.5771604,User: user110<br>Type: 3min<br>Split: test
user111,3min,test,247,-4.5956135,82.137825,10.27851,3.881471,User: user111<br>Type: 3min<br>Split: test
user112,3min,test,248,-68.64826,-36.75767,-0.9896066,4.4817624,User: user112<br>Type: 3min<br>Split: test
user113,3min,test,249,-57.05763,54.73738,3.404812,7.01692,User: user113<br>Type: 3min<br>Split: test
user114,3min,test,250,33.612133,-77.509026,1.0932482,-14.90629,User: user114<br>Type: 3min<br>Split: test
user115,3min,test,251,-20.34787,77.93882,2.8227715,18.12544,User: user115<br>Type: 3min<br>Split: test
user116,3min,test,252,-2.7754903,33.41405,1.5931662,3.8158083,User: user116<br>Type: 3min<br>Split: test
user117,3min,test,253,72.78474,-65.124756,8.483928,-10.7721615,User: user117<br>Type: 3min<br>Split: test
user118,3min,test,254,-15.267547,6.6453085,-1.9226631,6.7997513,User: user118<br>Type: 3min<br>Split: test
user119,3min,test,255,-60.992355,-44.99981,-7.40799,-5.615536,User: user119<br>Type: 3min<br>Split: test
