user_id,session_type,split,idx,tsne_x,tsne_y,umap_x,umap_y,hover_text
user1,1min,train,0,114.02795,62.798267,33.535778,12.125654,User: user1<br>Type: 1min<br>Split: train
user10,1min,train,1,39.837067,90.21582,-6.1013308,-10.88416,User: user10<br>Type: 1min<br>Split: train
user11,1min,train,2,-91.59211,-80.20196,-8.468342,24.277273,User: user11<br>Type: 1min<br>Split: train
user12,1min,train,3,111.76033,-166.63438,12.335676,32.67777,User: user12<br>Type: 1min<br>Split: train
user13,1min,train,4,113.2238,-101.23396,-29.0309,1.5800256,User: user13<br>Type: 1min<br>Split: train
user14,1min,train,5,32.650173,132.4309,-21.712254,22.325638,User: user14<br>Type: 1min<br>Split: train
user15,1min,train,6,-38.307766,-74.38655,-9.287689,36.182762,User: user15<br>Type: 1min<br>Split: train
user16,1min,train,7,89.53645,146.00551,-20.090034,-9.996502,User: user16<br>Type: 1min<br>Split: train
user17,1min,train,8,-178.5025,108.76491,11.264599,29.432137,User: user17<br>Type: 1min<br>Split: train
user18,1min,train,9,99.390884,117.47287,19.117212,-13.628233,User: user18<br>Type: 1min<br>Split: train
user19,1min,train,10,-64.688286,-196.79924,26.773354,-8.849471,User: user19<br>Type: 1min<br>Split: train
user2,1min,train,11,173.32616,-110.10887,-21.41301,-7.438408,User: user2<br>Type: 1min<br>Split: train
user20,1min,train,12,6.393639,-23.593113,26.89131,14.316699,User: user20<br>Type: 1min<br>Split: train
user21,1min,train,13,-127.43961,-165.35211,9.695794,10.579316,User: user21<br>Type: 1min<br>Split: train
user22,1min,train,14,88.33123,-118.36165,11.410692,-26.437838,User: user22<br>Type: 1min<br>Split: train
user23,1min,train,15,-117.55268,-42.21818,-8.502738,21.037813,User: user23<br>Type: 1min<br>Split: train
user24,1min,train,16,115.02652,-13.665815,20.376114,8.888929,User: user24<br>Type: 1min<br>Split: train
user25,1min,train,17,-22.242813,104.0879,-23.110285,-4.4538016,User: user25<br>Type: 1min<br>Split: train
user26,1min,train,18,130.12918,83.99052,30.017445,10.02241,User: user26<br>Type: 1min<br>Split: train
user27,1min,train,19,193.67253,-72.78571,-16.035946,18.414637,User: user27<br>Type: 1min<br>Split: train
user28,1min,train,20,32.73809,58.7959,-9.665156,8.821614,User: user28<br>Type: 1min<br>Split: train
user29,1min,train,21,-99.091324,107.28848,24.20811,12.538358,User: user29<br>Type: 1min<br>Split: train
user3,1min,train,22,6.3432417,176.55115,23.586939,-5.5240955,User: user3<br>Type: 1min<br>Split: train
user30,1min,train,23,7.670691,-156.97093,17.956509,-19.391201,User: user30<br>Type: 1min<br>Split: train
user31,1min,train,24,105.64757,-36.64431,-15.162729,-20.751587,User: user31<br>Type: 1min<br>Split: train
user32,1min,train,25,70.51692,173.2435,2.6258433,37.360405,User: user32<br>Type: 1min<br>Split: train
user33,1min,train,26,1.9683803,122.01718,-18.056082,-16.398516,User: user33<br>Type: 1min<br>Split: train
user34,1min,train,27,-94.14436,-179.3397,14.976135,-10.987491,User: user34<br>Type: 1min<br>Split: train
user35,1min,train,28,202.73471,-38.5927,11.867894,23.78431,User: user35<br>Type: 1min<br>Split: train
user35,1min,train,29,202.73471,-38.5927,10.7308855,1.2544814,User: user35<br>Type: 1min<br>Split: train
user35,1min,train,30,91.040794,9.333639,-14.710771,-6.634702,User: user35<br>Type: 1min<br>Split: train
user35,1min,train,31,91.040794,9.333639,-14.710839,-6.634704,User: user35<br>Type: 1min<br>Split: train
user36,1min,train,32,-159.88823,81.72353,3.5971146,20.977169,User: user36<br>Type: 1min<br>Split: train
user37,1min,train,33,37.44995,33.29242,-15.235743,11.928288,User: user37<br>Type: 1min<br>Split: train
user38,1min,train,34,37.10903,164.98616,1.7699184,18.892023,User: user38<br>Type: 1min<br>Split: train
user39,1min,train,35,66.524475,-101.8941,-9.772302,-23.853971,User: user39<br>Type: 1min<br>Split: train
user4,1min,train,36,48.37789,110.34881,6.916352,13.577946,User: user4<br>Type: 1min<br>Split: train
user40,1min,train,37,-194.09854,72.63616,32.72237,17.19194,User: user40<br>Type: 1min<br>Split: train
user41,1min,train,38,-42.684586,150.36568,7.9601,19.175133,User: user41<br>Type: 1min<br>Split: train
user42,1min,train,39,152.8267,24.15739,2.9170737,-4.131987,User: user42<br>Type: 1min<br>Split: train
user43,1min,train,40,59.53925,145.67554,8.3370075,-8.696264,User: user43<br>Type: 1min<br>Split: train
user44,1min,train,41,-72.805145,19.469667,-24.377789,14.282825,User: user44<br>Type: 1min<br>Split: train
user45,1min,train,42,106.04101,40.180244,35.856735,-1.1391021,User: user45<br>Type: 1min<br>Split: train
user46,1min,train,43,-49.02953,30.212856,-8.442038,-8.548838,User: user46<br>Type: 1min<br>Split: train
user47,1min,train,44,197.8336,40.993343,34.081272,-6.4599733,User: user47<br>Type: 1min<br>Split: train
user48,1min,train,45,175.52635,106.96174,14.844027,16.928843,User: user48<br>Type: 1min<br>Split: train
user49,1min,train,46,137.9941,50.808807,4.345813,15.047739,User: user49<br>Type: 1min<br>Split: train
user5,1min,train,47,74.49237,116.63218,6.626725,-23.831985,User: user5<br>Type: 1min<br>Split: train
user50,1min,train,48,-190.58421,39.548077,-6.4249544,6.393427,User: user50<br>Type: 1min<br>Split: train
user51,1min,train,49,-117.45844,1.4956604,-17.302052,-10.885796,User: user51<br>Type: 1min<br>Split: train
user52,1min,train,50,-205.99944,13.8202095,27.424255,23.178616,User: user52<br>Type: 1min<br>Split: train
user53,1min,train,51,55.449383,-81.17141,10.662153,-18.117638,User: user53<br>Type: 1min<br>Split: train
user54,1min,train,52,145.2051,-145.3727,-6.208097,17.174042,User: user54<br>Type: 1min<br>Split: train
user55,1min,train,53,172.52057,43.54273,-2.4815052,9.196195,User: user55<br>Type: 1min<br>Split: train
user56,1min,train,54,113.61921,-132.74501,18.132416,23.715666,User: user56<br>Type: 1min<br>Split: train
user57,1min,train,55,36.89254,200.02829,23.323183,-9.718974,User: user57<br>Type: 1min<br>Split: train
user58,1min,train,56,-167.52768,-59.633446,22.533031,-17.432095,User: user58<br>Type: 1min<br>Split: train
user59,1min,train,57,150.87459,142.5436,5.914386,29.420177,User: user59<br>Type: 1min<br>Split: train
user6,1min,train,58,-25.36842,-154.0888,-2.912982,-21.164175,User: user6<br>Type: 1min<br>Split: train
user60,1min,train,59,-29.64157,175.02689,-14.055361,22.718204,User: user60<br>Type: 1min<br>Split: train
user61,1min,train,60,35.8123,-120.58185,1.3742467,-17.109612,User: user61<br>Type: 1min<br>Split: train
user62,1min,train,61,-81.71124,91.576035,24.77004,-2.9735785,User: user62<br>Type: 1min<br>Split: train
user62,1min,train,62,-84.458015,81.85563,24.763952,-2.9678376,User: user62<br>Type: 1min<br>Split: train
user62,1min,train,63,51.249367,60.493397,5.777493,-10.5779915,User: user62<br>Type: 1min<br>Split: train
user62,1min,train,64,54.492836,68.28116,5.775146,-10.580194,User: user62<br>Type: 1min<br>Split: train
user63,1min,train,65,-1.9675404,-112.565315,4.352706,32.615242,User: user63<br>Type: 1min<br>Split: train
user64,1min,train,66,-27.729897,-200.65443,28.94678,-2.7523956,User: user64<br>Type: 1min<br>Split: train
user65,1min,train,67,12.168938,-205.26733,2.4388812,0.5508894,User: user65<br>Type: 1min<br>Split: train
user66,1min,train,68,118.80554,-60.52403,13.323347,-1.8354422,User: user66<br>Type: 1min<br>Split: train
user67,1min,train,69,79.22855,26.769577,-4.5661483,-24.539305,User: user67<br>Type: 1min<br>Split: train
user68,1min,train,70,57.9333,-165.48994,-2.7732859,-6.427315,User: user68<br>Type: 1min<br>Split: train
user69,1min,train,71,-14.00857,-79.54234,-12.384514,19.835716,User: user69<br>Type: 1min<br>Split: train
user7,1min,train,72,48.825294,-199.64806,30.102198,-4.483963,User: user7<br>Type: 1min<br>Split: train
user70,1min,train,73,175.93806,-34.65023,12.287598,-9.467021,User: user70<br>Type: 1min<br>Split: train
user71,1min,train,74,81.85508,-36.461452,-19.35404,4.5045943,User: user71<br>Type: 1min<br>Split: train
user72,1min,train,75,36.853935,9.97278,23.48602,7.848879,User: user72<br>Type: 1min<br>Split: train
user73,1min,train,76,27.057673,-176.46997,17.600815,-6.5476236,User: user73<br>Type: 1min<br>Split: train
user74,1min,train,77,-68.24361,142.32835,-2.2380416,-9.127317,User: user74<br>Type: 1min<br>Split: train
user75,1min,train,78,188.63023,70.8722,15.425968,-8.341466,User: user75<br>Type: 1min<br>Split: train
user76,1min,train,79,199.77867,-3.079304,28.036667,11.258597,User: user76<br>Type: 1min<br>Split: train
user77,1min,train,80,-77.28262,-126.08055,-14.45567,-0.17371956,User: user77<br>Type: 1min<br>Split: train
user78,1min,train,81,-49.729443,-138.2307,-4.2872543,28.690367,User: user78<br>Type: 1min<br>Split: train
user79,1min,train,82,58.34866,18.843105,-23.814774,-0.086523436,User: user79<br>Type: 1min<br>Split: train
user8,1min,train,83,35.66394,-147.99033,-8.337457,1.0143349,User: user8<br>Type: 1min<br>Split: train
user80,1min,train,84,28.754505,-56.281715,21.63753,-23.719217,User: user80<br>Type: 1min<br>Split: train
user81,1min,train,85,78.12707,90.86591,15.668459,13.063412,User: user81<br>Type: 1min<br>Split: train
user82,1min,train,86,90.48308,-88.33487,-6.2082787,1.3727425,User: user82<br>Type: 1min<br>Split: train
user83,1min,train,87,32.28733,-32.657536,-10.742648,11.62672,User: user83<br>Type: 1min<br>Split: train
user84,1min,train,88,-58.753162,95.445625,-9.620101,-4.4775214,User: user84<br>Type: 1min<br>Split: train
user85,1min,train,89,165.4532,-78.67132,24.921507,4.195782,User: user85<br>Type: 1min<br>Split: train
user86,1min,train,90,81.66769,-186.85329,26.984856,0.52190745,User: user86<br>Type: 1min<br>Split: train
user87,1min,train,91,157.66782,77.72832,23.101995,-13.293477,User: user87<br>Type: 1min<br>Split: train
user88,1min,train,92,0.9241818,-53.96285,-9.014634,5.5123706,User: user88<br>Type: 1min<br>Split: train
user89,1min,train,93,135.43289,4.7855973,-10.879194,30.235004,User: user89<br>Type: 1min<br>Split: train
user9,1min,train,94,119.405075,134.9676,19.863153,-2.8621483,User: user9<br>Type: 1min<br>Split: train
user1,1min,train,95,114.02795,62.798267,33.542255,12.118623,User: user1<br>Type: 1min<br>Split: train
user1,1min,train,96,114.02795,62.798267,33.522118,12.139099,User: user1<br>Type: 1min<br>Split: train
user1,1min,train,97,114.02795,62.798267,33.53325,12.127201,User: user1<br>Type: 1min<br>Split: train
user1,1min,train,98,114.02795,62.798267,33.530655,12.1318865,User: user1<br>Type: 1min<br>Split: train
user1,1min,train,99,114.02795,62.798267,33.53856,12.122882,User: user1<br>Type: 1min<br>Split: train
user1,1min,train,100,114.02795,62.798267,33.5317,12.131572,User: user1<br>Type: 1min<br>Split: train
user1,1min,train,101,114.02795,62.798267,33.531803,12.130108,User: user1<br>Type: 1min<br>Split: train
user1,1min,train,102,114.02795,62.798267,33.527687,12.134242,User: user1<br>Type: 1min<br>Split: train
user1,1min,train,103,114.02795,62.798267,33.531876,12.1300125,User: user1<br>Type: 1min<br>Split: train
user1,1min,train,104,114.02795,62.798267,33.522205,12.139952,User: user1<br>Type: 1min<br>Split: train
user1,1min,train,105,114.02795,62.798267,33.531223,12.130698,User: user1<br>Type: 1min<br>Split: train
user1,1min,train,106,114.02795,62.798267,33.525192,12.136916,User: user1<br>Type: 1min<br>Split: train
user1,1min,train,107,114.02795,62.798267,33.529655,12.12915,User: user1<br>Type: 1min<br>Split: train
user1,1min,train,108,114.02795,62.798267,33.530964,12.13148,User: user1<br>Type: 1min<br>Split: train
user1,1min,train,109,114.02795,62.798267,33.52243,12.140329,User: user1<br>Type: 1min<br>Split: train
user1,1min,train,110,114.02795,62.798267,33.54184,12.115017,User: user1<br>Type: 1min<br>Split: train
user1,1min,train,111,114.02795,62.798267,33.536346,12.120366,User: user1<br>Type: 1min<br>Split: train
user1,1min,train,112,114.02795,62.798267,33.529575,12.131083,User: user1<br>Type: 1min<br>Split: train
user1,1min,train,113,114.02795,62.798267,33.52968,12.1310835,User: user1<br>Type: 1min<br>Split: train
user1,1min,train,114,114.02795,62.798267,33.52968,12.131052,User: user1<br>Type: 1min<br>Split: train
user1,1min,train,115,114.02795,62.798267,33.535507,12.12077,User: user1<br>Type: 1min<br>Split: train
user1,1min,train,116,114.02795,62.798267,33.52443,12.135984,User: user1<br>Type: 1min<br>Split: train
user1,1min,train,117,114.02795,62.798267,33.53227,12.128412,User: user1<br>Type: 1min<br>Split: train
user1,1min,train,118,114.02795,62.798267,33.538204,12.118124,User: user1<br>Type: 1min<br>Split: train
user1,1min,train,119,114.02795,62.798267,33.508553,12.152393,User: user1<br>Type: 1min<br>Split: train
user1,1min,train,120,114.02795,62.798267,33.540127,12.120598,User: user1<br>Type: 1min<br>Split: train
user1,1min,train,121,114.02795,62.798267,33.529217,12.131516,User: user1<br>Type: 1min<br>Split: train
user1,1min,train,122,114.02795,62.798267,33.519474,12.141362,User: user1<br>Type: 1min<br>Split: train
user1,1min,train,123,114.02795,62.798267,33.51377,12.146968,User: user1<br>Type: 1min<br>Split: train
user1,1min,train,124,114.02795,62.798267,33.52223,12.138485,User: user1<br>Type: 1min<br>Split: train
user1,1min,train,125,114.02795,62.798267,33.53164,12.12555,User: user1<br>Type: 1min<br>Split: train
user1,1min,train,126,114.02795,62.798267,33.54036,12.120766,User: user1<br>Type: 1min<br>Split: train
user1,1min,train,127,114.02795,62.798267,33.517044,12.144041,User: user1<br>Type: 1min<br>Split: train
user1,1min,train,128,114.02795,62.798267,33.540493,12.120097,User: user1<br>Type: 1min<br>Split: train
user1,1min,train,129,114.02795,62.798267,33.529896,12.130907,User: user1<br>Type: 1min<br>Split: train
user1,1min,train,130,114.02795,62.798267,33.518597,12.144917,User: user1<br>Type: 1min<br>Split: train
user1,1min,train,131,114.02795,62.798267,33.54436,12.146436,User: user1<br>Type: 1min<br>Split: train
user1,1min,train,132,114.02795,62.798267,33.53191,12.1495905,User: user1<br>Type: 1min<br>Split: train
user1,1min,train,133,114.02795,62.798267,33.555283,12.106064,User: user1<br>Type: 1min<br>Split: train
user1,1min,train,134,114.02795,62.798267,33.528522,12.124588,User: user1<br>Type: 1min<br>Split: train
user1,1min,train,135,114.02795,62.798267,33.529285,12.131996,User: user1<br>Type: 1min<br>Split: train
user1,1min,train,136,114.02795,62.798267,33.562862,12.161714,User: user1<br>Type: 1min<br>Split: train
user1,1min,train,137,114.02795,62.798267,33.529922,12.132108,User: user1<br>Type: 1min<br>Split: train
user1,1min,train,138,114.02795,62.798267,33.524773,12.126647,User: user1<br>Type: 1min<br>Split: train
user1,1min,train,139,114.02795,62.798267,33.529606,12.131976,User: user1<br>Type: 1min<br>Split: train
user1,1min,train,140,114.02795,62.798267,33.529854,12.13176,User: user1<br>Type: 1min<br>Split: train
user1,1min,train,141,114.02795,62.798267,33.52986,12.131679,User: user1<br>Type: 1min<br>Split: train
user1,1min,train,142,114.02795,62.798267,33.531116,12.12876,User: user1<br>Type: 1min<br>Split: train
user10,1min,train,143,39.52709,84.56213,14.87797,-3.4192576,User: user10<br>Type: 1min<br>Split: train
user10,1min,train,144,39.52709,84.56213,14.879022,-3.4204962,User: user10<br>Type: 1min<br>Split: train
user10,1min,train,145,39.52709,84.56213,-6.1011667,-10.884219,User: user10<br>Type: 1min<br>Split: train
user10,1min,train,146,39.837067,90.21582,-6.1011176,-10.884284,User: user10<br>Type: 1min<br>Split: train
user10,1min,train,147,39.52709,84.56213,14.877971,-3.4194677,User: user10<br>Type: 1min<br>Split: train
user10,1min,train,148,39.52709,84.56213,14.8779545,-3.4194372,User: user10<br>Type: 1min<br>Split: train
user10,1min,train,149,39.52709,84.56213,-6.1010723,-10.884361,User: user10<br>Type: 1min<br>Split: train
user10,1min,train,150,39.52709,84.56213,-6.1010704,-10.884205,User: user10<br>Type: 1min<br>Split: train
user10,1min,train,151,39.52709,84.56213,-6.1011157,-10.884245,User: user10<br>Type: 1min<br>Split: train
user10,1min,train,152,39.52709,84.56213,14.878005,-3.4194264,User: user10<br>Type: 1min<br>Split: train
user10,1min,train,153,39.52709,84.56213,-6.1009994,-10.884644,User: user10<br>Type: 1min<br>Split: train
user10,1min,train,154,39.52709,84.56213,-6.096818,-10.891712,User: user10<br>Type: 1min<br>Split: train
user10,1min,train,155,39.52709,84.56213,-6.101021,-10.884537,User: user10<br>Type: 1min<br>Split: train
user10,1min,train,156,39.52709,84.56213,-6.100915,-10.884527,User: user10<br>Type: 1min<br>Split: train
user10,1min,train,157,39.52709,84.56213,14.878219,-3.4195974,User: user10<br>Type: 1min<br>Split: train
user10,1min,train,158,47.982964,87.75705,14.878252,-3.4196856,User: user10<br>Type: 1min<br>Split: train
user10,1min,train,159,47.982964,87.75705,-6.1009235,-10.884509,User: user10<br>Type: 1min<br>Split: train
user10,1min,train,160,39.52709,84.56213,14.877982,-3.4196334,User: user10<br>Type: 1min<br>Split: train
user10,1min,train,161,39.52709,84.56213,-6.1005573,-10.884902,User: user10<br>Type: 1min<br>Split: train
user10,1min,train,162,39.52709,84.56213,14.878246,-3.419703,User: user10<br>Type: 1min<br>Split: train
user10,1min,train,163,39.52709,84.56213,14.878118,-3.4194527,User: user10<br>Type: 1min<br>Split: train
user10,1min,train,164,39.837067,90.21582,-6.100966,-10.8846445,User: user10<br>Type: 1min<br>Split: train
user10,1min,train,165,39.52709,84.56213,14.877162,-3.4185245,User: user10<br>Type: 1min<br>Split: train
user10,1min,train,166,39.52709,84.56213,14.87807,-3.4194684,User: user10<br>Type: 1min<br>Split: train
user10,1min,train,167,39.837067,90.21582,-6.100939,-10.884586,User: user10<br>Type: 1min<br>Split: train
user10,1min,train,168,39.52709,84.56213,-6.1009593,-10.884822,User: user10<br>Type: 1min<br>Split: train
user10,1min,train,169,39.52709,84.56213,14.878314,-3.419561,User: user10<br>Type: 1min<br>Split: train
user10,1min,train,170,39.52709,84.56213,-6.10129,-10.884575,User: user10<br>Type: 1min<br>Split: train
user10,1min,train,171,39.52709,84.56213,-6.0878077,-10.884785,User: user10<br>Type: 1min<br>Split: train
user10,1min,train,172,39.52709,84.56213,14.878016,-3.4195876,User: user10<br>Type: 1min<br>Split: train
user10,1min,train,173,39.52709,84.56213,14.888198,-3.429731,User: user10<br>Type: 1min<br>Split: train
user10,1min,train,174,39.52709,84.56213,14.879647,-3.4210885,User: user10<br>Type: 1min<br>Split: train
user10,1min,train,175,39.52709,84.56213,14.878758,-3.4201453,User: user10<br>Type: 1min<br>Split: train
user10,1min,train,176,39.837067,90.21582,-6.10096,-10.884588,User: user10<br>Type: 1min<br>Split: train
user10,1min,train,177,39.52709,84.56213,-6.1010604,-10.884627,User: user10<br>Type: 1min<br>Split: train
user10,1min,train,178,39.52709,84.56213,-6.1024885,-10.885872,User: user10<br>Type: 1min<br>Split: train
user10,1min,train,179,39.837067,90.21582,14.878442,-3.419765,User: user10<br>Type: 1min<br>Split: train
user10,1min,train,180,39.52709,84.56213,14.878425,-3.4198892,User: user10<br>Type: 1min<br>Split: train
user10,1min,train,181,39.52709,84.56213,-6.1010747,-10.884606,User: user10<br>Type: 1min<br>Split: train
user10,1min,train,182,39.837067,90.21582,14.878704,-3.419897,User: user10<br>Type: 1min<br>Split: train
user10,1min,train,183,39.837067,90.21582,-6.100922,-10.884664,User: user10<br>Type: 1min<br>Split: train
user10,1min,train,184,39.837067,90.21582,-6.100944,-10.884449,User: user10<br>Type: 1min<br>Split: train
user10,1min,train,185,39.52709,84.56213,-6.1007485,-10.884615,User: user10<br>Type: 1min<br>Split: train
user10,1min,train,186,39.52709,84.56213,14.878676,-3.4200842,User: user10<br>Type: 1min<br>Split: train
user10,1min,train,187,39.52709,84.56213,14.874474,-3.4160008,User: user10<br>Type: 1min<br>Split: train
user11,1min,train,188,-91.76647,-74.681595,-8.468158,24.277205,User: user11<br>Type: 1min<br>Split: train
user11,1min,train,189,-91.76647,-74.681595,-12.644707,3.6509414,User: user11<br>Type: 1min<br>Split: train
user11,1min,train,190,-82.34115,-76.34984,-8.468353,24.277277,User: user11<br>Type: 1min<br>Split: train
user11,1min,train,191,-82.34115,-76.34984,-8.468376,24.277227,User: user11<br>Type: 1min<br>Split: train
user11,1min,train,192,-91.76647,-74.681595,-12.644757,3.6510038,User: user11<br>Type: 1min<br>Split: train
user11,1min,train,193,-91.76647,-74.681595,-8.468048,24.277645,User: user11<br>Type: 1min<br>Split: train
user11,1min,train,194,-91.76647,-74.681595,-8.468201,24.277327,User: user11<br>Type: 1min<br>Split: train
user11,1min,train,195,-91.76647,-74.681595,-8.468372,24.277273,User: user11<br>Type: 1min<br>Split: train
user11,1min,train,196,-91.76647,-74.681595,-8.473082,24.274588,User: user11<br>Type: 1min<br>Split: train
user11,1min,train,197,-91.76647,-74.681595,-8.468689,24.27711,User: user11<br>Type: 1min<br>Split: train
user11,1min,train,198,-91.76647,-74.681595,-8.470426,24.276207,User: user11<br>Type: 1min<br>Split: train
user11,1min,train,199,-91.76647,-74.681595,-12.651064,3.6566427,User: user11<br>Type: 1min<br>Split: train
user11,1min,train,200,-91.76647,-74.681595,-8.469768,24.276878,User: user11<br>Type: 1min<br>Split: train
user11,1min,train,201,-91.76647,-74.681595,-8.468888,24.277065,User: user11<br>Type: 1min<br>Split: train
user11,1min,train,202,-91.76647,-74.681595,-12.644987,3.6509902,User: user11<br>Type: 1min<br>Split: train
user11,1min,train,203,-91.76647,-74.681595,-12.644568,3.6512284,User: user11<br>Type: 1min<br>Split: train
user11,1min,train,204,-91.76647,-74.681595,-8.4749565,24.27232,User: user11<br>Type: 1min<br>Split: train
user11,1min,train,205,-91.76647,-74.681595,-8.468724,24.277208,User: user11<br>Type: 1min<br>Split: train
user11,1min,train,206,-91.76647,-74.681595,-12.644932,3.6510637,User: user11<br>Type: 1min<br>Split: train
user11,1min,train,207,-91.76647,-74.681595,-12.644928,3.651065,User: user11<br>Type: 1min<br>Split: train
user11,1min,train,208,-91.76647,-74.681595,-12.644678,3.6510806,User: user11<br>Type: 1min<br>Split: train
user11,1min,train,209,-91.76647,-74.681595,-12.644903,3.6511261,User: user11<br>Type: 1min<br>Split: train
user11,1min,train,210,-91.76647,-74.681595,-12.644227,3.650912,User: user11<br>Type: 1min<br>Split: train
user11,1min,train,211,-91.76647,-74.681595,-8.469074,24.277029,User: user11<br>Type: 1min<br>Split: train
user11,1min,train,212,-91.76647,-74.681595,-8.494539,24.251348,User: user11<br>Type: 1min<br>Split: train
user11,1min,train,213,-91.76647,-74.681595,-8.468966,24.276838,User: user11<br>Type: 1min<br>Split: train
user11,1min,train,214,-91.76647,-74.681595,-12.6448145,3.6515064,User: user11<br>Type: 1min<br>Split: train
user11,1min,train,215,-91.76647,-74.681595,-12.644826,3.6512232,User: user11<br>Type: 1min<br>Split: train
user11,1min,train,216,-91.76647,-74.681595,-12.644904,3.6511848,User: user11<br>Type: 1min<br>Split: train
user11,1min,train,217,-91.76647,-74.681595,-8.466512,24.279364,User: user11<br>Type: 1min<br>Split: train
user11,1min,train,218,-91.76647,-74.681595,-8.468947,24.277256,User: user11<br>Type: 1min<br>Split: train
user11,1min,train,219,-91.76647,-74.681595,-8.46879,24.277107,User: user11<br>Type: 1min<br>Split: train
user11,1min,train,220,-91.76647,-74.681595,-12.64472,3.6511528,User: user11<br>Type: 1min<br>Split: train
user11,1min,train,221,-91.76647,-74.681595,-12.644916,3.651204,User: user11<br>Type: 1min<br>Split: train
user11,1min,train,222,-82.34115,-76.34984,-8.468335,24.27729,User: user11<br>Type: 1min<br>Split: train
user11,1min,train,223,-82.34115,-76.34984,-8.45378,24.29249,User: user11<br>Type: 1min<br>Split: train
user11,1min,train,224,-91.76647,-74.681595,-12.64493,3.6515827,User: user11<br>Type: 1min<br>Split: train
user11,1min,train,225,-91.76647,-74.681595,-12.64484,3.6518857,User: user11<br>Type: 1min<br>Split: train
user11,1min,train,226,-91.76647,-74.681595,-12.645109,3.6507506,User: user11<br>Type: 1min<br>Split: train
user11,1min,train,227,-91.76647,-74.681595,-8.472261,24.274725,User: user11<br>Type: 1min<br>Split: train
user11,1min,train,228,-91.76647,-74.681595,-12.644925,3.6511176,User: user11<br>Type: 1min<br>Split: train
user11,1min,train,229,-91.76647,-74.681595,-8.469007,24.276999,User: user11<br>Type: 1min<br>Split: train
user11,1min,train,230,-91.76647,-74.681595,-8.469112,24.277187,User: user11<br>Type: 1min<br>Split: train
user11,1min,train,231,-91.76647,-74.681595,-12.644873,3.6511385,User: user11<br>Type: 1min<br>Split: train
user11,1min,train,232,-91.76647,-74.681595,-12.644898,3.6511853,User: user11<br>Type: 1min<br>Split: train
user12,1min,train,233,111.76033,-166.63438,12.335258,32.678265,User: user12<br>Type: 1min<br>Split: train
user12,1min,train,234,111.76033,-166.63438,29.837622,0.5750443,User: user12<br>Type: 1min<br>Split: train
user12,1min,train,235,111.76033,-166.63438,12.328818,32.684696,User: user12<br>Type: 1min<br>Split: train
user12,1min,train,236,111.76033,-166.63438,12.338874,32.674618,User: user12<br>Type: 1min<br>Split: train
user12,1min,train,237,111.76033,-166.63438,12.335213,32.678276,User: user12<br>Type: 1min<br>Split: train
user12,1min,train,238,111.76033,-166.63438,29.837751,0.57470024,User: user12<br>Type: 1min<br>Split: train
user12,1min,train,239,111.76033,-166.63438,29.832005,0.5811093,User: user12<br>Type: 1min<br>Split: train
user12,1min,train,240,111.76033,-166.63438,29.837454,0.5752285,User: user12<br>Type: 1min<br>Split: train
user12,1min,train,241,111.76033,-166.63438,29.836609,0.57472533,User: user12<br>Type: 1min<br>Split: train
user12,1min,train,242,111.76033,-166.63438,29.837404,0.5752136,User: user12<br>Type: 1min<br>Split: train
user12,1min,train,243,111.76033,-166.63438,29.837227,0.57528055,User: user12<br>Type: 1min<br>Split: train
user12,1min,train,244,111.76033,-166.63438,29.837004,0.57470906,User: user12<br>Type: 1min<br>Split: train
user12,1min,train,245,111.76033,-166.63438,12.335824,32.677605,User: user12<br>Type: 1min<br>Split: train
user12,1min,train,246,111.76033,-166.63438,12.3291445,32.684208,User: user12<br>Type: 1min<br>Split: train
user12,1min,train,247,111.76033,-166.63438,29.837221,0.57527167,User: user12<br>Type: 1min<br>Split: train
user12,1min,train,248,111.76033,-166.63438,12.332518,32.68108,User: user12<br>Type: 1min<br>Split: train
user12,1min,train,249,111.76033,-166.63438,29.83737,0.57538426,User: user12<br>Type: 1min<br>Split: train
user12,1min,train,250,111.76033,-166.63438,29.846306,0.584523,User: user12<br>Type: 1min<br>Split: train
user12,1min,train,251,111.76033,-166.63438,12.341104,32.671783,User: user12<br>Type: 1min<br>Split: train
user12,1min,train,252,111.76033,-166.63438,12.344202,32.669277,User: user12<br>Type: 1min<br>Split: train
user12,1min,train,253,111.76033,-166.63438,29.837708,0.5757516,User: user12<br>Type: 1min<br>Split: train
user12,1min,train,254,111.76033,-166.63438,12.335226,32.678303,User: user12<br>Type: 1min<br>Split: train
user12,1min,train,255,111.76033,-166.63438,12.32181,32.69193,User: user12<br>Type: 1min<br>Split: train
user12,1min,train,256,111.76033,-166.63438,29.837803,0.57565755,User: user12<br>Type: 1min<br>Split: train
user12,1min,train,257,111.76033,-166.63438,29.859272,0.6010836,User: user12<br>Type: 1min<br>Split: train
user12,1min,train,258,111.76033,-166.63438,29.851665,0.58968264,User: user12<br>Type: 1min<br>Split: train
user12,1min,train,259,111.76033,-166.63438,12.335425,32.67803,User: user12<br>Type: 1min<br>Split: train
user12,1min,train,260,111.76033,-166.63438,29.838533,0.57681316,User: user12<br>Type: 1min<br>Split: train
user12,1min,train,261,111.76033,-166.63438,12.334907,32.678608,User: user12<br>Type: 1min<br>Split: train
user12,1min,train,262,111.76033,-166.63438,29.821283,0.59387755,User: user12<br>Type: 1min<br>Split: train
user12,1min,train,263,111.76033,-166.63438,29.83897,0.5776324,User: user12<br>Type: 1min<br>Split: train
user12,1min,train,264,111.76033,-166.63438,29.838678,0.5769105,User: user12<br>Type: 1min<br>Split: train
user12,1min,train,265,111.76033,-166.63438,12.334889,32.678635,User: user12<br>Type: 1min<br>Split: train
user12,1min,train,266,111.76033,-166.63438,12.335437,32.678005,User: user12<br>Type: 1min<br>Split: train
user12,1min,train,267,111.76033,-166.63438,12.335578,32.677803,User: user12<br>Type: 1min<br>Split: train
user12,1min,train,268,111.76033,-166.63438,12.338776,32.675198,User: user12<br>Type: 1min<br>Split: train
user12,1min,train,269,111.76033,-166.63438,12.335352,32.67808,User: user12<br>Type: 1min<br>Split: train
user12,1min,train,270,111.76033,-166.63438,29.838655,0.5768153,User: user12<br>Type: 1min<br>Split: train
user12,1min,train,271,111.76033,-166.63438,29.838543,0.5767477,User: user12<br>Type: 1min<br>Split: train
user12,1min,train,272,111.76033,-166.63438,29.83874,0.5768133,User: user12<br>Type: 1min<br>Split: train
user12,1min,train,273,111.76033,-166.63438,12.334888,32.67902,User: user12<br>Type: 1min<br>Split: train
user12,1min,train,274,111.76033,-166.63438,29.838621,0.5771822,User: user12<br>Type: 1min<br>Split: train
user12,1min,train,275,111.76033,-166.63438,12.327561,32.685894,User: user12<br>Type: 1min<br>Split: train
user12,1min,train,276,111.76033,-166.63438,29.838722,0.5770213,User: user12<br>Type: 1min<br>Split: train
user12,1min,train,277,111.76033,-166.63438,29.839003,0.5768611,User: user12<br>Type: 1min<br>Split: train
user12,1min,train,278,111.76033,-166.63438,12.327184,32.686073,User: user12<br>Type: 1min<br>Split: train
user12,1min,train,279,111.76033,-166.63438,12.334637,32.67886,User: user12<br>Type: 1min<br>Split: train
user12,1min,train,280,111.76033,-166.63438,12.334983,32.678493,User: user12<br>Type: 1min<br>Split: train
user12,1min,train,281,111.76033,-166.63438,12.343178,32.670414,User: user12<br>Type: 1min<br>Split: train
user12,1min,train,282,111.76033,-166.63438,12.331495,32.68222,User: user12<br>Type: 1min<br>Split: train
user12,1min,train,283,111.76033,-166.63438,29.838753,0.5768664,User: user12<br>Type: 1min<br>Split: train
user12,1min,train,284,111.76033,-166.63438,12.33502,32.678654,User: user12<br>Type: 1min<br>Split: train
user12,1min,train,285,111.76033,-166.63438,29.83978,0.5760693,User: user12<br>Type: 1min<br>Split: train
user12,1min,train,286,111.76033,-166.63438,29.838942,0.57717115,User: user12<br>Type: 1min<br>Split: train
user13,1min,train,287,113.2238,-101.23396,-29.019205,1.5682768,User: user13<br>Type: 1min<br>Split: train
user13,1min,train,288,113.2238,-101.23396,-29.031425,1.5805278,User: user13<br>Type: 1min<br>Split: train
user13,1min,train,289,113.2238,-101.23396,-29.028234,1.57732,User: user13<br>Type: 1min<br>Split: train
user13,1min,train,290,113.2238,-101.23396,-29.030035,1.579107,User: user13<br>Type: 1min<br>Split: train
user13,1min,train,291,113.2238,-101.23396,-28.997683,1.5467263,User: user13<br>Type: 1min<br>Split: train
user13,1min,train,292,113.2238,-101.23396,-29.03268,1.5818082,User: user13<br>Type: 1min<br>Split: train
user13,1min,train,293,113.2238,-101.23396,-29.032349,1.581477,User: user13<br>Type: 1min<br>Split: train
user13,1min,train,294,113.2238,-101.23396,-29.029997,1.5790576,User: user13<br>Type: 1min<br>Split: train
user13,1min,train,295,113.2238,-101.23396,-29.031088,1.5801895,User: user13<br>Type: 1min<br>Split: train
user13,1min,train,296,113.2238,-101.23396,-29.026022,1.5750921,User: user13<br>Type: 1min<br>Split: train
user13,1min,train,297,113.2238,-101.23396,-29.04233,1.5914078,User: user13<br>Type: 1min<br>Split: train
user13,1min,train,298,113.2238,-101.23396,-29.031754,1.5808439,User: user13<br>Type: 1min<br>Split: train
user13,1min,train,299,113.2238,-101.23396,-29.024685,1.5737505,User: user13<br>Type: 1min<br>Split: train
user13,1min,train,300,113.2238,-101.23396,-29.03713,1.5862353,User: user13<br>Type: 1min<br>Split: train
user13,1min,train,301,113.2238,-101.23396,-29.0296,1.5786479,User: user13<br>Type: 1min<br>Split: train
user13,1min,train,302,113.2238,-101.23396,-29.01806,1.5669968,User: user13<br>Type: 1min<br>Split: train
user13,1min,train,303,113.2238,-101.23396,-29.028173,1.5771376,User: user13<br>Type: 1min<br>Split: train
user13,1min,train,304,113.2238,-101.23396,-29.051155,1.6000668,User: user13<br>Type: 1min<br>Split: train
user13,1min,train,305,113.2238,-101.23396,-29.028605,1.5775496,User: user13<br>Type: 1min<br>Split: train
user13,1min,train,306,113.2238,-101.23396,-29.029448,1.5783801,User: user13<br>Type: 1min<br>Split: train
user13,1min,train,307,113.2238,-101.23396,-29.022255,1.570783,User: user13<br>Type: 1min<br>Split: train
user13,1min,train,308,113.2238,-101.23396,-29.001143,1.5500437,User: user13<br>Type: 1min<br>Split: train
user13,1min,train,309,113.2238,-101.23396,-29.060196,1.608871,User: user13<br>Type: 1min<br>Split: train
user13,1min,train,310,113.2238,-101.23396,-29.054108,1.6030451,User: user13<br>Type: 1min<br>Split: train
user13,1min,train,311,113.2238,-101.23396,-29.044611,1.593515,User: user13<br>Type: 1min<br>Split: train
user13,1min,train,312,113.2238,-101.23396,-29.029558,1.5784851,User: user13<br>Type: 1min<br>Split: train
user13,1min,train,313,113.2238,-101.23396,-29.029146,1.5780528,User: user13<br>Type: 1min<br>Split: train
user13,1min,train,314,113.2238,-101.23396,-29.035202,1.5867695,User: user13<br>Type: 1min<br>Split: train
user13,1min,train,315,113.2238,-101.23396,-29.029175,1.5781783,User: user13<br>Type: 1min<br>Split: train
user13,1min,train,316,113.2238,-101.23396,-29.028793,1.577817,User: user13<br>Type: 1min<br>Split: train
user13,1min,train,317,113.2238,-101.23396,-29.035162,1.585044,User: user13<br>Type: 1min<br>Split: train
user13,1min,train,318,113.2238,-101.23396,-29.028795,1.5778089,User: user13<br>Type: 1min<br>Split: train
user13,1min,train,319,113.2238,-101.23396,-29.028917,1.5779672,User: user13<br>Type: 1min<br>Split: train
user13,1min,train,320,113.2238,-101.23396,-29.028578,1.5776635,User: user13<br>Type: 1min<br>Split: train
user13,1min,train,321,113.2238,-101.23396,-29.036394,1.5853792,User: user13<br>Type: 1min<br>Split: train
user13,1min,train,322,113.2238,-101.23396,-28.994984,1.544028,User: user13<br>Type: 1min<br>Split: train
user13,1min,train,323,113.2238,-101.23396,-29.02938,1.5784227,User: user13<br>Type: 1min<br>Split: train
user13,1min,train,324,113.2238,-101.23396,-29.028786,1.5776354,User: user13<br>Type: 1min<br>Split: train
user13,1min,train,325,113.2238,-101.23396,-29.02887,1.5778787,User: user13<br>Type: 1min<br>Split: train
user13,1min,train,326,113.2238,-101.23396,-29.075768,1.6255623,User: user13<br>Type: 1min<br>Split: train
user13,1min,train,327,113.2238,-101.23396,-29.05607,1.6051005,User: user13<br>Type: 1min<br>Split: train
user13,1min,train,328,113.2238,-101.23396,-29.034464,1.5837582,User: user13<br>Type: 1min<br>Split: train
user13,1min,train,329,113.2238,-101.23396,-29.030722,1.5797256,User: user13<br>Type: 1min<br>Split: train
user13,1min,train,330,113.2238,-101.23396,-29.022068,1.5710741,User: user13<br>Type: 1min<br>Split: train
user13,1min,train,331,113.2238,-101.23396,-29.029615,1.5786346,User: user13<br>Type: 1min<br>Split: train
user13,1min,train,332,113.2238,-101.23396,-29.016607,1.5651196,User: user13<br>Type: 1min<br>Split: train
user14,1min,train,333,32.650173,132.4309,-21.71163,22.33004,User: user14<br>Type: 1min<br>Split: train
user14,1min,train,334,32.650173,132.4309,-21.71513,22.328926,User: user14<br>Type: 1min<br>Split: train
user14,1min,train,335,32.650173,132.4309,-21.718262,22.33186,User: user14<br>Type: 1min<br>Split: train
user14,1min,train,336,32.650173,132.4309,-21.708414,22.322084,User: user14<br>Type: 1min<br>Split: train
user14,1min,train,337,32.650173,132.4309,-21.71233,22.326149,User: user14<br>Type: 1min<br>Split: train
user14,1min,train,338,32.650173,132.4309,-21.72477,22.33814,User: user14<br>Type: 1min<br>Split: train
user14,1min,train,339,32.650173,132.4309,-21.707333,22.319971,User: user14<br>Type: 1min<br>Split: train
user14,1min,train,340,32.650173,132.4309,-21.707907,22.3212,User: user14<br>Type: 1min<br>Split: train
user14,1min,train,341,32.650173,132.4309,-21.715357,22.328882,User: user14<br>Type: 1min<br>Split: train
user14,1min,train,342,32.650173,132.4309,-21.713404,22.32711,User: user14<br>Type: 1min<br>Split: train
user14,1min,train,343,32.650173,132.4309,-21.705639,22.318834,User: user14<br>Type: 1min<br>Split: train
user14,1min,train,344,32.650173,132.4309,-21.707293,22.327667,User: user14<br>Type: 1min<br>Split: train
user14,1min,train,345,32.650173,132.4309,-21.71203,22.324787,User: user14<br>Type: 1min<br>Split: train
user14,1min,train,346,32.650173,132.4309,-21.712992,22.326862,User: user14<br>Type: 1min<br>Split: train
user14,1min,train,347,32.650173,132.4309,-21.710785,22.32954,User: user14<br>Type: 1min<br>Split: train
user14,1min,train,348,32.650173,132.4309,-21.697268,22.312788,User: user14<br>Type: 1min<br>Split: train
user14,1min,train,349,32.650173,132.4309,-21.709846,22.325323,User: user14<br>Type: 1min<br>Split: train
user14,1min,train,350,32.650173,132.4309,-21.709948,22.325504,User: user14<br>Type: 1min<br>Split: train
user14,1min,train,351,32.650173,132.4309,-21.721094,22.336897,User: user14<br>Type: 1min<br>Split: train
user14,1min,train,352,32.650173,132.4309,-21.709885,22.325375,User: user14<br>Type: 1min<br>Split: train
user14,1min,train,353,32.650173,132.4309,-21.708,22.326803,User: user14<br>Type: 1min<br>Split: train
user14,1min,train,354,32.650173,132.4309,-21.710167,22.326185,User: user14<br>Type: 1min<br>Split: train
user14,1min,train,355,32.650173,132.4309,-21.711754,22.324627,User: user14<br>Type: 1min<br>Split: train
user14,1min,train,356,32.650173,132.4309,-21.718893,22.334505,User: user14<br>Type: 1min<br>Split: train
user14,1min,train,357,32.650173,132.4309,-21.721052,22.336462,User: user14<br>Type: 1min<br>Split: train
user14,1min,train,358,32.650173,132.4309,-21.731815,22.347202,User: user14<br>Type: 1min<br>Split: train
user14,1min,train,359,32.650173,132.4309,-21.711369,22.326975,User: user14<br>Type: 1min<br>Split: train
user14,1min,train,360,32.650173,132.4309,-21.719225,22.335976,User: user14<br>Type: 1min<br>Split: train
user14,1min,train,361,32.650173,132.4309,-21.711367,22.327015,User: user14<br>Type: 1min<br>Split: train
user14,1min,train,362,32.650173,132.4309,-21.71089,22.326803,User: user14<br>Type: 1min<br>Split: train
user14,1min,train,363,32.650173,132.4309,-21.723663,22.346655,User: user14<br>Type: 1min<br>Split: train
user14,1min,train,364,32.650173,132.4309,-21.711256,22.327606,User: user14<br>Type: 1min<br>Split: train
user14,1min,train,365,32.650173,132.4309,-21.747564,22.363508,User: user14<br>Type: 1min<br>Split: train
user14,1min,train,366,32.650173,132.4309,-21.721256,22.339874,User: user14<br>Type: 1min<br>Split: train
user14,1min,train,367,32.650173,132.4309,-21.711704,22.327923,User: user14<br>Type: 1min<br>Split: train
user14,1min,train,368,32.650173,132.4309,-21.751587,22.365932,User: user14<br>Type: 1min<br>Split: train
user14,1min,train,369,32.650173,132.4309,-21.722012,22.334929,User: user14<br>Type: 1min<br>Split: train
user14,1min,train,370,32.650173,132.4309,-21.695183,22.311588,User: user14<br>Type: 1min<br>Split: train
user14,1min,train,371,32.650173,132.4309,-21.727186,22.34345,User: user14<br>Type: 1min<br>Split: train
user14,1min,train,372,32.650173,132.4309,-21.710983,22.318268,User: user14<br>Type: 1min<br>Split: train
user14,1min,train,373,32.650173,132.4309,-21.709496,22.325365,User: user14<br>Type: 1min<br>Split: train
user14,1min,train,374,32.650173,132.4309,-21.71213,22.327908,User: user14<br>Type: 1min<br>Split: train
user14,1min,train,375,32.650173,132.4309,-21.69556,22.311483,User: user14<br>Type: 1min<br>Split: train
user14,1min,train,376,32.650173,132.4309,-21.711527,22.327372,User: user14<br>Type: 1min<br>Split: train
user14,1min,train,377,32.650173,132.4309,-21.757862,22.288216,User: user14<br>Type: 1min<br>Split: train
user14,1min,train,378,32.650173,132.4309,-21.71259,22.327084,User: user14<br>Type: 1min<br>Split: train
user14,1min,train,379,32.650173,132.4309,-21.71252,22.327047,User: user14<br>Type: 1min<br>Split: train
user14,1min,train,380,32.650173,132.4309,-21.71295,22.327675,User: user14<br>Type: 1min<br>Split: train
user14,1min,train,381,32.650173,132.4309,-21.712175,22.326748,User: user14<br>Type: 1min<br>Split: train
user14,1min,train,382,32.650173,132.4309,-21.678593,22.292297,User: user14<br>Type: 1min<br>Split: train
user15,1min,train,383,-47.449463,-72.53144,-9.28819,36.180485,User: user15<br>Type: 1min<br>Split: train
user15,1min,train,384,-38.307766,-74.38655,-9.288122,36.18031,User: user15<br>Type: 1min<br>Split: train
user15,1min,train,385,-38.307766,-74.38655,-9.277573,36.191162,User: user15<br>Type: 1min<br>Split: train
user15,1min,train,386,-38.307766,-74.38655,-9.286746,36.18181,User: user15<br>Type: 1min<br>Split: train
user15,1min,train,387,-38.307766,-74.38655,-9.280199,36.173477,User: user15<br>Type: 1min<br>Split: train
user15,1min,train,388,-38.307766,-74.38655,-9.288771,36.179096,User: user15<br>Type: 1min<br>Split: train
user15,1min,train,389,-38.307766,-74.38655,-9.286359,36.181625,User: user15<br>Type: 1min<br>Split: train
user15,1min,train,390,-38.307766,-74.38655,-9.296178,36.171864,User: user15<br>Type: 1min<br>Split: train
user15,1min,train,391,-38.307766,-74.38655,-9.290477,36.17793,User: user15<br>Type: 1min<br>Split: train
user15,1min,train,392,-38.307766,-74.38655,-9.280218,36.18821,User: user15<br>Type: 1min<br>Split: train
user15,1min,train,393,-38.307766,-74.38655,-9.286335,36.181755,User: user15<br>Type: 1min<br>Split: train
user15,1min,train,394,-38.307766,-74.38655,-9.284428,36.17962,User: user15<br>Type: 1min<br>Split: train
user15,1min,train,395,-38.307766,-74.38655,-9.286447,36.180397,User: user15<br>Type: 1min<br>Split: train
user15,1min,train,396,-38.307766,-74.38655,-9.283848,36.181633,User: user15<br>Type: 1min<br>Split: train
user15,1min,train,397,-38.307766,-74.38655,-9.290992,36.175594,User: user15<br>Type: 1min<br>Split: train
user15,1min,train,398,-38.307766,-74.38655,-9.299294,36.192863,User: user15<br>Type: 1min<br>Split: train
user15,1min,train,399,-38.307766,-74.38655,-9.272064,36.19404,User: user15<br>Type: 1min<br>Split: train
user15,1min,train,400,-38.307766,-74.38655,-9.286866,36.18004,User: user15<br>Type: 1min<br>Split: train
user15,1min,train,401,-38.307766,-74.38655,-9.312173,36.155117,User: user15<br>Type: 1min<br>Split: train
user15,1min,train,402,-38.307766,-74.38655,-9.304556,36.199112,User: user15<br>Type: 1min<br>Split: train
user15,1min,train,403,-38.307766,-74.38655,-9.287697,36.180454,User: user15<br>Type: 1min<br>Split: train
user15,1min,train,404,-38.307766,-74.38655,-9.267537,36.20055,User: user15<br>Type: 1min<br>Split: train
user15,1min,train,405,-38.307766,-74.38655,-9.293651,36.17437,User: user15<br>Type: 1min<br>Split: train
user15,1min,train,406,-38.307766,-74.38655,-9.293084,36.18002,User: user15<br>Type: 1min<br>Split: train
user15,1min,train,407,-38.307766,-74.38655,-9.287623,36.18062,User: user15<br>Type: 1min<br>Split: train
user15,1min,train,408,-38.307766,-74.38655,-9.288226,36.172276,User: user15<br>Type: 1min<br>Split: train
user15,1min,train,409,-38.307766,-74.38655,-9.309287,36.15882,User: user15<br>Type: 1min<br>Split: train
user15,1min,train,410,-38.307766,-74.38655,-9.296973,36.17104,User: user15<br>Type: 1min<br>Split: train
user15,1min,train,411,-38.307766,-74.38655,-9.273529,36.170315,User: user15<br>Type: 1min<br>Split: train
user15,1min,train,412,-38.307766,-74.38655,-9.276862,36.191143,User: user15<br>Type: 1min<br>Split: train
user15,1min,train,413,-38.307766,-74.38655,-9.296374,36.171597,User: user15<br>Type: 1min<br>Split: train
user15,1min,train,414,-47.449463,-72.53144,-9.286915,36.181362,User: user15<br>Type: 1min<br>Split: train
user15,1min,train,415,-47.449463,-72.53144,-9.285296,36.18163,User: user15<br>Type: 1min<br>Split: train
user15,1min,train,416,-38.307766,-74.38655,-9.2796335,36.187847,User: user15<br>Type: 1min<br>Split: train
user15,1min,train,417,-38.307766,-74.38655,-9.2865095,36.181023,User: user15<br>Type: 1min<br>Split: train
user15,1min,train,418,-38.307766,-74.38655,-9.275051,36.192432,User: user15<br>Type: 1min<br>Split: train
user15,1min,train,419,-38.307766,-74.38655,-9.275549,36.191998,User: user15<br>Type: 1min<br>Split: train
user15,1min,train,420,-38.307766,-74.38655,-9.286918,36.180717,User: user15<br>Type: 1min<br>Split: train
user15,1min,train,421,-38.307766,-74.38655,-9.267294,36.191723,User: user15<br>Type: 1min<br>Split: train
user15,1min,train,422,-38.307766,-74.38655,-9.281436,36.190113,User: user15<br>Type: 1min<br>Split: train
user15,1min,train,423,-38.307766,-74.38655,-9.267645,36.18917,User: user15<br>Type: 1min<br>Split: train
user15,1min,train,424,-38.307766,-74.38655,-9.286233,36.181435,User: user15<br>Type: 1min<br>Split: train
user15,1min,train,425,-38.307766,-74.38655,-9.276017,36.168552,User: user15<br>Type: 1min<br>Split: train
user15,1min,train,426,-38.307766,-74.38655,-9.28607,36.18129,User: user15<br>Type: 1min<br>Split: train
user15,1min,train,427,-38.307766,-74.38655,-9.286447,36.180935,User: user15<br>Type: 1min<br>Split: train
user15,1min,train,428,-38.307766,-74.38655,-9.285808,36.18125,User: user15<br>Type: 1min<br>Split: train
user15,1min,train,429,-38.307766,-74.38655,-9.290288,36.176956,User: user15<br>Type: 1min<br>Split: train
user16,1min,train,430,89.53645,146.00551,-20.090052,-9.996595,User: user16<br>Type: 1min<br>Split: train
user16,1min,train,431,89.53645,146.00551,-11.231102,-0.33211067,User: user16<br>Type: 1min<br>Split: train
user16,1min,train,432,89.53645,146.00551,-20.090137,-9.996611,User: user16<br>Type: 1min<br>Split: train
user16,1min,train,433,89.53645,146.00551,-20.090137,-9.996571,User: user16<br>Type: 1min<br>Split: train
user16,1min,train,434,89.53645,146.00551,-11.230948,-0.33184516,User: user16<br>Type: 1min<br>Split: train
user16,1min,train,435,89.53645,146.00551,-20.090094,-9.996612,User: user16<br>Type: 1min<br>Split: train
user16,1min,train,436,89.53645,146.00551,-20.091364,-9.997593,User: user16<br>Type: 1min<br>Split: train
user16,1min,train,437,89.53645,146.00551,-20.084856,-9.991513,User: user16<br>Type: 1min<br>Split: train
user16,1min,train,438,89.53645,146.00551,-11.231226,-0.33186087,User: user16<br>Type: 1min<br>Split: train
user16,1min,train,439,89.53645,146.00551,-11.231265,-0.33187672,User: user16<br>Type: 1min<br>Split: train
user16,1min,train,440,89.53645,146.00551,-11.231265,-0.3318123,User: user16<br>Type: 1min<br>Split: train
user16,1min,train,441,89.53645,146.00551,-11.231279,-0.33185646,User: user16<br>Type: 1min<br>Split: train
user16,1min,train,442,89.53645,146.00551,-20.09997,-9.993993,User: user16<br>Type: 1min<br>Split: train
user16,1min,train,443,89.53645,146.00551,-11.231263,-0.33184195,User: user16<br>Type: 1min<br>Split: train
user16,1min,train,444,89.53645,146.00551,-11.230688,-0.33211216,User: user16<br>Type: 1min<br>Split: train
user16,1min,train,445,89.53645,146.00551,-20.090761,-9.996843,User: user16<br>Type: 1min<br>Split: train
user16,1min,train,446,89.53645,146.00551,-11.231212,-0.33186808,User: user16<br>Type: 1min<br>Split: train
user16,1min,train,447,89.53645,146.00551,-20.090738,-9.9968605,User: user16<br>Type: 1min<br>Split: train
user16,1min,train,448,89.53645,146.00551,-11.231402,-0.3317404,User: user16<br>Type: 1min<br>Split: train
user16,1min,train,449,89.53645,146.00551,-11.231207,-0.33194348,User: user16<br>Type: 1min<br>Split: train
user16,1min,train,450,89.53645,146.00551,-20.100058,-9.99902,User: user16<br>Type: 1min<br>Split: train
user16,1min,train,451,89.53645,146.00551,-11.231231,-0.3318782,User: user16<br>Type: 1min<br>Split: train
user16,1min,train,452,89.53645,146.00551,-20.09088,-9.996766,User: user16<br>Type: 1min<br>Split: train
user16,1min,train,453,89.53645,146.00551,-20.090727,-9.996844,User: user16<br>Type: 1min<br>Split: train
user16,1min,train,454,89.53645,146.00551,-11.23125,-0.33193278,User: user16<br>Type: 1min<br>Split: train
user16,1min,train,455,89.53645,146.00551,-11.231297,-0.33197513,User: user16<br>Type: 1min<br>Split: train
user16,1min,train,456,89.53645,146.00551,-20.07521,-9.982048,User: user16<br>Type: 1min<br>Split: train
user16,1min,train,457,89.53645,146.00551,-11.231394,-0.33185813,User: user16<br>Type: 1min<br>Split: train
user16,1min,train,458,89.53645,146.00551,-11.231324,-0.33203784,User: user16<br>Type: 1min<br>Split: train
user16,1min,train,459,89.53645,146.00551,-11.231302,-0.33178815,User: user16<br>Type: 1min<br>Split: train
user16,1min,train,460,89.53645,146.00551,-11.23137,-0.33192468,User: user16<br>Type: 1min<br>Split: train
user16,1min,train,461,89.53645,146.00551,-20.090176,-9.995385,User: user16<br>Type: 1min<br>Split: train
user16,1min,train,462,89.53645,146.00551,-20.07553,-9.986081,User: user16<br>Type: 1min<br>Split: train
user16,1min,train,463,89.53645,146.00551,-11.231022,-0.33184704,User: user16<br>Type: 1min<br>Split: train
user16,1min,train,464,89.53645,146.00551,-20.090096,-9.995692,User: user16<br>Type: 1min<br>Split: train
user16,1min,train,465,89.53645,146.00551,-20.091984,-9.99775,User: user16<br>Type: 1min<br>Split: train
user16,1min,train,466,89.53645,146.00551,-11.231255,-0.33188218,User: user16<br>Type: 1min<br>Split: train
user16,1min,train,467,89.53645,146.00551,-20.09809,-10.004366,User: user16<br>Type: 1min<br>Split: train
user16,1min,train,468,89.53645,146.00551,-11.231413,-0.3320848,User: user16<br>Type: 1min<br>Split: train
user16,1min,train,469,89.53645,146.00551,-20.090296,-9.995915,User: user16<br>Type: 1min<br>Split: train
user16,1min,train,470,89.53645,146.00551,-20.090261,-9.995911,User: user16<br>Type: 1min<br>Split: train
user16,1min,train,471,89.53645,146.00551,-20.090204,-9.995898,User: user16<br>Type: 1min<br>Split: train
user16,1min,train,472,89.53645,146.00551,-20.090126,-9.99606,User: user16<br>Type: 1min<br>Split: train
user16,1min,train,473,89.53645,146.00551,-11.23142,-0.33201095,User: user16<br>Type: 1min<br>Split: train
user16,1min,train,474,89.53645,146.00551,-20.090403,-9.99587,User: user16<br>Type: 1min<br>Split: train
user16,1min,train,475,89.53645,146.00551,-20.089151,-9.99553,User: user16<br>Type: 1min<br>Split: train
user16,1min,train,476,89.53645,146.00551,-20.104559,-10.009422,User: user16<br>Type: 1min<br>Split: train
user16,1min,train,477,89.53645,146.00551,-20.089706,-9.990467,User: user16<br>Type: 1min<br>Split: train
user16,1min,train,478,89.53645,146.00551,-11.231204,-0.3318994,User: user16<br>Type: 1min<br>Split: train
user16,1min,train,479,89.53645,146.00551,-11.231447,-0.3319513,User: user16<br>Type: 1min<br>Split: train
user17,1min,train,480,-178.5025,108.76491,11.255601,29.438435,User: user17<br>Type: 1min<br>Split: train
user17,1min,train,481,-178.5025,108.76491,11.267784,29.42894,User: user17<br>Type: 1min<br>Split: train
user17,1min,train,482,-178.5025,108.76491,11.266869,29.429834,User: user17<br>Type: 1min<br>Split: train
user17,1min,train,483,-178.5025,108.76491,11.269611,29.427158,User: user17<br>Type: 1min<br>Split: train
user17,1min,train,484,-178.5025,108.76491,11.265197,29.431551,User: user17<br>Type: 1min<br>Split: train
user17,1min,train,485,-178.5025,108.76491,11.264346,29.432089,User: user17<br>Type: 1min<br>Split: train
user17,1min,train,486,-178.5025,108.76491,11.274843,29.422028,User: user17<br>Type: 1min<br>Split: train
user17,1min,train,487,-178.5025,108.76491,11.268646,29.429356,User: user17<br>Type: 1min<br>Split: train
user17,1min,train,488,-178.5025,108.76491,11.262769,29.433802,User: user17<br>Type: 1min<br>Split: train
user17,1min,train,489,-178.5025,108.76491,11.26372,29.433025,User: user17<br>Type: 1min<br>Split: train
user17,1min,train,490,-178.5025,108.76491,11.266935,29.42982,User: user17<br>Type: 1min<br>Split: train
user17,1min,train,491,-178.5025,108.76491,11.253923,29.44282,User: user17<br>Type: 1min<br>Split: train
user17,1min,train,492,-178.5025,108.76491,11.2641115,29.432575,User: user17<br>Type: 1min<br>Split: train
user17,1min,train,493,-178.5025,108.76491,11.286938,29.409576,User: user17<br>Type: 1min<br>Split: train
user17,1min,train,494,-178.5025,108.76491,11.263758,29.422318,User: user17<br>Type: 1min<br>Split: train
user17,1min,train,495,-178.5025,108.76491,11.265578,29.430893,User: user17<br>Type: 1min<br>Split: train
user17,1min,train,496,-178.5025,108.76491,11.253041,29.44335,User: user17<br>Type: 1min<br>Split: train
user17,1min,train,497,-178.5025,108.76491,11.265489,29.43103,User: user17<br>Type: 1min<br>Split: train
user17,1min,train,498,-178.5025,108.76491,11.265133,29.43141,User: user17<br>Type: 1min<br>Split: train
user17,1min,train,499,-178.5025,108.76491,11.284606,29.412153,User: user17<br>Type: 1min<br>Split: train
user17,1min,train,500,-178.5025,108.76491,11.258013,29.441109,User: user17<br>Type: 1min<br>Split: train
user17,1min,train,501,-178.5025,108.76491,11.24411,29.452543,User: user17<br>Type: 1min<br>Split: train
user17,1min,train,502,-178.5025,108.76491,11.268704,29.428057,User: user17<br>Type: 1min<br>Split: train
user17,1min,train,503,-178.5025,108.76491,11.258484,29.439035,User: user17<br>Type: 1min<br>Split: train
user17,1min,train,504,-178.5025,108.76491,11.249043,29.447577,User: user17<br>Type: 1min<br>Split: train
user17,1min,train,505,-178.5025,108.76491,11.24983,29.446793,User: user17<br>Type: 1min<br>Split: train
user17,1min,train,506,-178.5025,108.76491,11.26077,29.436056,User: user17<br>Type: 1min<br>Split: train
user17,1min,train,507,-178.5025,108.76491,11.256332,29.440271,User: user17<br>Type: 1min<br>Split: train
user17,1min,train,508,-178.5025,108.76491,11.251025,29.446558,User: user17<br>Type: 1min<br>Split: train
user17,1min,train,509,-178.5025,108.76491,11.275066,29.421558,User: user17<br>Type: 1min<br>Split: train
user17,1min,train,510,-178.5025,108.76491,11.252408,29.444153,User: user17<br>Type: 1min<br>Split: train
user17,1min,train,511,-178.5025,108.76491,11.276106,29.421118,User: user17<br>Type: 1min<br>Split: train
user17,1min,train,512,-178.5025,108.76491,11.265837,29.431118,User: user17<br>Type: 1min<br>Split: train
user17,1min,train,513,-178.5025,108.76491,11.269845,29.426908,User: user17<br>Type: 1min<br>Split: train
user17,1min,train,514,-178.5025,108.76491,11.264373,29.432365,User: user17<br>Type: 1min<br>Split: train
user17,1min,train,515,-178.5025,108.76491,11.267785,29.42907,User: user17<br>Type: 1min<br>Split: train
user17,1min,train,516,-178.5025,108.76491,11.264606,29.432253,User: user17<br>Type: 1min<br>Split: train
user17,1min,train,517,-178.5025,108.76491,11.265464,29.432205,User: user17<br>Type: 1min<br>Split: train
user17,1min,train,518,-178.5025,108.76491,11.265433,29.431456,User: user17<br>Type: 1min<br>Split: train
user17,1min,train,519,-178.5025,108.76491,11.268831,29.428719,User: user17<br>Type: 1min<br>Split: train
user17,1min,train,520,-178.5025,108.76491,11.252294,29.443655,User: user17<br>Type: 1min<br>Split: train
user17,1min,train,521,-178.5025,108.76491,11.266135,29.43032,User: user17<br>Type: 1min<br>Split: train
user17,1min,train,522,-178.5025,108.76491,11.264767,29.432009,User: user17<br>Type: 1min<br>Split: train
user17,1min,train,523,-178.5025,108.76491,11.277187,29.419462,User: user17<br>Type: 1min<br>Split: train
user18,1min,train,524,99.390884,117.47287,19.10777,-13.637819,User: user18<br>Type: 1min<br>Split: train
user18,1min,train,525,99.390884,117.47287,19.110762,-13.634929,User: user18<br>Type: 1min<br>Split: train
user18,1min,train,526,99.390884,117.47287,19.111145,-13.634425,User: user18<br>Type: 1min<br>Split: train
user18,1min,train,527,99.390884,117.47287,19.110668,-13.634683,User: user18<br>Type: 1min<br>Split: train
user18,1min,train,528,99.390884,117.47287,19.110594,-13.634941,User: user18<br>Type: 1min<br>Split: train
user18,1min,train,529,99.390884,117.47287,19.110725,-13.634839,User: user18<br>Type: 1min<br>Split: train
user18,1min,train,530,99.390884,117.47287,19.110231,-13.635349,User: user18<br>Type: 1min<br>Split: train
user18,1min,train,531,99.390884,117.47287,19.101366,-13.644236,User: user18<br>Type: 1min<br>Split: train
user18,1min,train,532,99.390884,117.47287,19.103098,-13.642497,User: user18<br>Type: 1min<br>Split: train
user18,1min,train,533,99.390884,117.47287,19.108503,-13.637194,User: user18<br>Type: 1min<br>Split: train
user18,1min,train,534,99.390884,117.47287,19.131268,-13.614261,User: user18<br>Type: 1min<br>Split: train
user18,1min,train,535,99.390884,117.47287,19.104141,-13.641404,User: user18<br>Type: 1min<br>Split: train
user18,1min,train,536,99.390884,117.47287,19.115494,-13.629977,User: user18<br>Type: 1min<br>Split: train
user18,1min,train,537,99.390884,117.47287,19.09982,-13.645778,User: user18<br>Type: 1min<br>Split: train
user18,1min,train,538,119.39027,108.73603,19.108908,-13.636864,User: user18<br>Type: 1min<br>Split: train
user18,1min,train,539,119.39027,108.73603,19.10964,-13.636142,User: user18<br>Type: 1min<br>Split: train
user18,1min,train,540,99.390884,117.47287,19.109617,-13.6360035,User: user18<br>Type: 1min<br>Split: train
user18,1min,train,541,99.390884,117.47287,19.111994,-13.6300335,User: user18<br>Type: 1min<br>Split: train
user18,1min,train,542,108.37763,112.66751,19.097126,-13.648373,User: user18<br>Type: 1min<br>Split: train
user18,1min,train,543,108.37763,112.66751,19.122787,-13.622807,User: user18<br>Type: 1min<br>Split: train
user18,1min,train,544,119.39027,108.73603,19.113462,-13.630673,User: user18<br>Type: 1min<br>Split: train
user18,1min,train,545,119.39027,108.73603,19.115332,-13.630313,User: user18<br>Type: 1min<br>Split: train
user18,1min,train,546,119.39027,108.73603,19.120543,-13.625171,User: user18<br>Type: 1min<br>Split: train
user18,1min,train,547,119.39027,108.73603,19.12967,-13.615386,User: user18<br>Type: 1min<br>Split: train
user18,1min,train,548,119.39027,108.73603,19.12007,-13.6270485,User: user18<br>Type: 1min<br>Split: train
user18,1min,train,549,119.39027,108.73603,19.090992,-13.6551695,User: user18<br>Type: 1min<br>Split: train
user18,1min,train,550,89.808784,103.37539,19.152905,-13.592859,User: user18<br>Type: 1min<br>Split: train
user18,1min,train,551,89.808784,103.37539,19.09471,-13.650761,User: user18<br>Type: 1min<br>Split: train
user18,1min,train,552,89.808784,103.37539,19.109179,-13.636412,User: user18<br>Type: 1min<br>Split: train
user18,1min,train,553,119.39027,108.73603,19.110088,-13.635702,User: user18<br>Type: 1min<br>Split: train
user18,1min,train,554,119.39027,108.73603,19.102772,-13.641834,User: user18<br>Type: 1min<br>Split: train
user18,1min,train,555,99.390884,117.47287,19.099815,-13.645918,User: user18<br>Type: 1min<br>Split: train
user18,1min,train,556,99.390884,117.47287,19.109879,-13.635632,User: user18<br>Type: 1min<br>Split: train
user18,1min,train,557,99.390884,117.47287,19.10951,-13.636343,User: user18<br>Type: 1min<br>Split: train
user18,1min,train,558,75.61068,134.30711,19.110203,-13.635547,User: user18<br>Type: 1min<br>Split: train
user18,1min,train,559,99.390884,117.47287,19.112011,-13.633716,User: user18<br>Type: 1min<br>Split: train
user18,1min,train,560,119.39027,108.73603,19.113213,-13.632562,User: user18<br>Type: 1min<br>Split: train
user18,1min,train,561,99.390884,117.47287,19.126493,-13.616625,User: user18<br>Type: 1min<br>Split: train
user18,1min,train,562,99.390884,117.47287,19.100456,-13.645469,User: user18<br>Type: 1min<br>Split: train
user18,1min,train,563,99.390884,117.47287,19.116486,-13.626565,User: user18<br>Type: 1min<br>Split: train
user18,1min,train,564,99.390884,117.47287,19.07814,-13.669394,User: user18<br>Type: 1min<br>Split: train
user18,1min,train,565,99.390884,117.47287,19.110746,-13.634885,User: user18<br>Type: 1min<br>Split: train
user18,1min,train,566,99.390884,117.47287,19.110876,-13.634737,User: user18<br>Type: 1min<br>Split: train
user18,1min,train,567,99.390884,117.47287,19.12138,-13.624435,User: user18<br>Type: 1min<br>Split: train
user18,1min,train,568,99.390884,117.47287,19.112762,-13.632572,User: user18<br>Type: 1min<br>Split: train
user18,1min,train,569,99.390884,117.47287,19.110651,-13.634959,User: user18<br>Type: 1min<br>Split: train
user18,1min,train,570,99.390884,117.47287,19.079313,-13.666685,User: user18<br>Type: 1min<br>Split: train
user18,1min,train,571,99.390884,117.47287,19.107508,-13.63839,User: user18<br>Type: 1min<br>Split: train
user18,1min,train,572,99.390884,117.47287,19.093159,-13.652527,User: user18<br>Type: 1min<br>Split: train
user18,1min,train,573,99.390884,117.47287,19.116306,-13.629635,User: user18<br>Type: 1min<br>Split: train
user19,1min,train,574,-64.688286,-196.79924,21.369793,16.3484,User: user19<br>Type: 1min<br>Split: train
user19,1min,train,575,-64.688286,-196.79924,26.772556,-8.8477955,User: user19<br>Type: 1min<br>Split: train
user19,1min,train,576,-64.688286,-196.79924,26.772623,-8.847878,User: user19<br>Type: 1min<br>Split: train
user19,1min,train,577,-64.688286,-196.79924,26.772518,-8.847793,User: user19<br>Type: 1min<br>Split: train
user19,1min,train,578,-64.688286,-196.79924,26.77246,-8.847641,User: user19<br>Type: 1min<br>Split: train
user19,1min,train,579,-64.688286,-196.79924,21.369745,16.347393,User: user19<br>Type: 1min<br>Split: train
user19,1min,train,580,-64.688286,-196.79924,21.369781,16.347198,User: user19<br>Type: 1min<br>Split: train
user19,1min,train,581,-64.688286,-196.79924,26.772633,-8.847845,User: user19<br>Type: 1min<br>Split: train
user19,1min,train,582,-64.688286,-196.79924,21.369747,16.347218,User: user19<br>Type: 1min<br>Split: train
user19,1min,train,583,-64.688286,-196.79924,21.368828,16.349672,User: user19<br>Type: 1min<br>Split: train
user19,1min,train,584,-64.688286,-196.79924,26.772747,-8.848004,User: user19<br>Type: 1min<br>Split: train
user19,1min,train,585,-64.688286,-196.79924,26.772789,-8.848009,User: user19<br>Type: 1min<br>Split: train
user19,1min,train,586,-64.688286,-196.79924,21.369738,16.347353,User: user19<br>Type: 1min<br>Split: train
user19,1min,train,587,-64.688286,-196.79924,21.369688,16.347294,User: user19<br>Type: 1min<br>Split: train
user19,1min,train,588,-64.688286,-196.79924,21.369923,16.34734,User: user19<br>Type: 1min<br>Split: train
user19,1min,train,589,-64.688286,-196.79924,21.369755,16.347355,User: user19<br>Type: 1min<br>Split: train
user19,1min,train,590,-64.688286,-196.79924,21.369535,16.347343,User: user19<br>Type: 1min<br>Split: train
user19,1min,train,591,-64.688286,-196.79924,26.788294,-8.862319,User: user19<br>Type: 1min<br>Split: train
user19,1min,train,592,-64.688286,-196.79924,26.773165,-8.848342,User: user19<br>Type: 1min<br>Split: train
user19,1min,train,593,-64.688286,-196.79924,21.369682,16.347265,User: user19<br>Type: 1min<br>Split: train
user19,1min,train,594,-64.688286,-196.79924,26.773111,-8.8481865,User: user19<br>Type: 1min<br>Split: train
user19,1min,train,595,-64.688286,-196.79924,21.369778,16.347591,User: user19<br>Type: 1min<br>Split: train
user19,1min,train,596,-64.688286,-196.79924,21.369732,16.347347,User: user19<br>Type: 1min<br>Split: train
user19,1min,train,597,-64.688286,-196.79924,21.36997,16.347359,User: user19<br>Type: 1min<br>Split: train
user19,1min,train,598,-64.688286,-196.79924,26.773249,-8.848429,User: user19<br>Type: 1min<br>Split: train
user19,1min,train,599,-64.688286,-196.79924,26.773233,-8.848412,User: user19<br>Type: 1min<br>Split: train
user19,1min,train,600,-64.688286,-196.79924,21.369572,16.343744,User: user19<br>Type: 1min<br>Split: train
user19,1min,train,601,-64.688286,-196.79924,21.369425,16.345533,User: user19<br>Type: 1min<br>Split: train
user19,1min,train,602,-64.688286,-196.79924,21.369675,16.347061,User: user19<br>Type: 1min<br>Split: train
user19,1min,train,603,-64.688286,-196.79924,26.77587,-8.850677,User: user19<br>Type: 1min<br>Split: train
user19,1min,train,604,-64.688286,-196.79924,26.773407,-8.848588,User: user19<br>Type: 1min<br>Split: train
user19,1min,train,605,-64.688286,-196.79924,21.36957,16.347448,User: user19<br>Type: 1min<br>Split: train
user19,1min,train,606,-64.688286,-196.79924,21.369795,16.34733,User: user19<br>Type: 1min<br>Split: train
user19,1min,train,607,-64.688286,-196.79924,26.773155,-8.848316,User: user19<br>Type: 1min<br>Split: train
user19,1min,train,608,-64.688286,-196.79924,21.369722,16.347097,User: user19<br>Type: 1min<br>Split: train
user19,1min,train,609,-64.688286,-196.79924,26.774656,-8.849769,User: user19<br>Type: 1min<br>Split: train
user19,1min,train,610,-64.688286,-196.79924,26.773233,-8.848425,User: user19<br>Type: 1min<br>Split: train
user19,1min,train,611,-64.688286,-196.79924,21.36976,16.347288,User: user19<br>Type: 1min<br>Split: train
user2,1min,train,612,173.32616,-110.10887,-21.41624,-7.4418206,User: user2<br>Type: 1min<br>Split: train
user2,1min,train,613,173.32616,-110.10887,-21.415068,-7.4407206,User: user2<br>Type: 1min<br>Split: train
user2,1min,train,614,173.32616,-110.10887,-21.411005,-7.4365993,User: user2<br>Type: 1min<br>Split: train
user2,1min,train,615,173.32616,-110.10887,-21.40894,-7.4344907,User: user2<br>Type: 1min<br>Split: train
user2,1min,train,616,173.32616,-110.10887,-21.413473,-7.4390182,User: user2<br>Type: 1min<br>Split: train
user2,1min,train,617,173.32616,-110.10887,-21.41767,-7.442993,User: user2<br>Type: 1min<br>Split: train
user2,1min,train,618,173.32616,-110.10887,-21.412197,-7.437271,User: user2<br>Type: 1min<br>Split: train
user2,1min,train,619,173.32616,-110.10887,-21.4129,-7.4384294,User: user2<br>Type: 1min<br>Split: train
user2,1min,train,620,173.32616,-110.10887,-21.421337,-7.44691,User: user2<br>Type: 1min<br>Split: train
user2,1min,train,621,173.32616,-110.10887,-21.413567,-7.439103,User: user2<br>Type: 1min<br>Split: train
user2,1min,train,622,173.32616,-110.10887,-21.4134,-7.4389086,User: user2<br>Type: 1min<br>Split: train
user2,1min,train,623,173.32616,-110.10887,-21.413666,-7.4391513,User: user2<br>Type: 1min<br>Split: train
user2,1min,train,624,173.32616,-110.10887,-21.413662,-7.43919,User: user2<br>Type: 1min<br>Split: train
user2,1min,train,625,173.32616,-110.10887,-21.411533,-7.437049,User: user2<br>Type: 1min<br>Split: train
user2,1min,train,626,173.32616,-110.10887,-21.42151,-7.4471316,User: user2<br>Type: 1min<br>Split: train
user2,1min,train,627,173.32616,-110.10887,-21.426626,-7.4529133,User: user2<br>Type: 1min<br>Split: train
user2,1min,train,628,173.32616,-110.10887,-21.400402,-7.4256816,User: user2<br>Type: 1min<br>Split: train
user2,1min,train,629,173.32616,-110.10887,-21.413668,-7.4389973,User: user2<br>Type: 1min<br>Split: train
user2,1min,train,630,173.32616,-110.10887,-21.41381,-7.4390974,User: user2<br>Type: 1min<br>Split: train
user2,1min,train,631,173.32616,-110.10887,-21.410229,-7.4355793,User: user2<br>Type: 1min<br>Split: train
user2,1min,train,632,173.32616,-110.10887,-21.397987,-7.4232903,User: user2<br>Type: 1min<br>Split: train
user2,1min,train,633,173.32616,-110.10887,-21.41611,-7.4416904,User: user2<br>Type: 1min<br>Split: train
user2,1min,train,634,173.32616,-110.10887,-21.407816,-7.4324,User: user2<br>Type: 1min<br>Split: train
user2,1min,train,635,173.32616,-110.10887,-21.412851,-7.438383,User: user2<br>Type: 1min<br>Split: train
user2,1min,train,636,173.32616,-110.10887,-21.410593,-7.435848,User: user2<br>Type: 1min<br>Split: train
user2,1min,train,637,173.32616,-110.10887,-21.429535,-7.4552526,User: user2<br>Type: 1min<br>Split: train
user2,1min,train,638,173.32616,-110.10887,-21.425611,-7.4512315,User: user2<br>Type: 1min<br>Split: train
user2,1min,train,639,173.32616,-110.10887,-21.412489,-7.4379616,User: user2<br>Type: 1min<br>Split: train
user2,1min,train,640,173.32616,-110.10887,-21.414867,-7.4403567,User: user2<br>Type: 1min<br>Split: train
user2,1min,train,641,173.32616,-110.10887,-21.430983,-7.4566483,User: user2<br>Type: 1min<br>Split: train
user2,1min,train,642,173.32616,-110.10887,-21.43494,-7.4602203,User: user2<br>Type: 1min<br>Split: train
user2,1min,train,643,173.32616,-110.10887,-21.402472,-7.4277906,User: user2<br>Type: 1min<br>Split: train
user2,1min,train,644,173.32616,-110.10887,-21.415375,-7.4407578,User: user2<br>Type: 1min<br>Split: train
user2,1min,train,645,173.32616,-110.10887,-21.409782,-7.436636,User: user2<br>Type: 1min<br>Split: train
user2,1min,train,646,173.32616,-110.10887,-21.414186,-7.439853,User: user2<br>Type: 1min<br>Split: train
user2,1min,train,647,173.32616,-110.10887,-21.414598,-7.440112,User: user2<br>Type: 1min<br>Split: train
user2,1min,train,648,173.32616,-110.10887,-21.414026,-7.4393983,User: user2<br>Type: 1min<br>Split: train
user2,1min,train,649,173.32616,-110.10887,-21.414072,-7.4396453,User: user2<br>Type: 1min<br>Split: train
user2,1min,train,650,173.32616,-110.10887,-21.404526,-7.429291,User: user2<br>Type: 1min<br>Split: train
user2,1min,train,651,173.32616,-110.10887,-21.414059,-7.4396415,User: user2<br>Type: 1min<br>Split: train
user2,1min,train,652,173.32616,-110.10887,-21.402704,-7.428343,User: user2<br>Type: 1min<br>Split: train
user2,1min,train,653,173.32616,-110.10887,-21.41392,-7.4394765,User: user2<br>Type: 1min<br>Split: train
user2,1min,train,654,173.32616,-110.10887,-21.413933,-7.439597,User: user2<br>Type: 1min<br>Split: train
user20,1min,train,655,6.393639,-23.593113,26.891403,14.316693,User: user20<br>Type: 1min<br>Split: train
user20,1min,train,656,6.393639,-23.593113,-1.1810845,-11.581998,User: user20<br>Type: 1min<br>Split: train
user20,1min,train,657,6.393639,-23.593113,26.891449,14.316703,User: user20<br>Type: 1min<br>Split: train
user20,1min,train,658,6.393639,-23.593113,26.890888,14.316872,User: user20<br>Type: 1min<br>Split: train
user20,1min,train,659,6.393639,-23.593113,-1.1811081,-11.582042,User: user20<br>Type: 1min<br>Split: train
user20,1min,train,660,6.393639,-23.593113,26.891378,14.316697,User: user20<br>Type: 1min<br>Split: train
user20,1min,train,661,6.393639,-23.593113,-1.1812459,-11.582089,User: user20<br>Type: 1min<br>Split: train
user20,1min,train,662,6.393639,-23.593113,26.89146,14.316724,User: user20<br>Type: 1min<br>Split: train
user20,1min,train,663,6.393639,-23.593113,26.89133,14.316691,User: user20<br>Type: 1min<br>Split: train
user20,1min,train,664,6.393639,-23.593113,-1.181083,-11.582349,User: user20<br>Type: 1min<br>Split: train
user20,1min,train,665,6.393639,-23.593113,26.891582,14.316558,User: user20<br>Type: 1min<br>Split: train
user20,1min,train,666,6.393639,-23.593113,-1.1812787,-11.58219,User: user20<br>Type: 1min<br>Split: train
user20,1min,train,667,6.393639,-23.593113,26.891441,14.316712,User: user20<br>Type: 1min<br>Split: train
user20,1min,train,668,11.496983,-25.024792,-1.1811105,-11.582147,User: user20<br>Type: 1min<br>Split: train
user20,1min,train,669,11.496983,-25.024792,-1.181153,-11.582326,User: user20<br>Type: 1min<br>Split: train
user20,1min,train,670,7.0843263,-31.90667,26.891537,14.316742,User: user20<br>Type: 1min<br>Split: train
user20,1min,train,671,7.0843263,-31.90667,-1.1770318,-11.58103,User: user20<br>Type: 1min<br>Split: train
user20,1min,train,672,11.496983,-25.024792,26.891436,14.31683,User: user20<br>Type: 1min<br>Split: train
user20,1min,train,673,11.496983,-25.024792,-1.1808716,-11.582106,User: user20<br>Type: 1min<br>Split: train
user20,1min,train,674,11.496983,-25.024792,26.893663,14.314509,User: user20<br>Type: 1min<br>Split: train
user20,1min,train,675,6.393639,-23.593113,-1.1747789,-11.580387,User: user20<br>Type: 1min<br>Split: train
user20,1min,train,676,6.393639,-23.593113,26.891508,14.316659,User: user20<br>Type: 1min<br>Split: train
user20,1min,train,677,11.496983,-25.024792,-1.1808814,-11.582279,User: user20<br>Type: 1min<br>Split: train
user20,1min,train,678,11.496983,-25.024792,-1.1806165,-11.582176,User: user20<br>Type: 1min<br>Split: train
user20,1min,train,679,11.496983,-25.024792,-1.1805806,-11.582351,User: user20<br>Type: 1min<br>Split: train
user20,1min,train,680,11.496983,-25.024792,26.891478,14.316668,User: user20<br>Type: 1min<br>Split: train
user20,1min,train,681,11.496983,-25.024792,26.891558,14.31665,User: user20<br>Type: 1min<br>Split: train
user20,1min,train,682,11.496983,-25.024792,26.891472,14.316678,User: user20<br>Type: 1min<br>Split: train
user20,1min,train,683,11.496983,-25.024792,26.891518,14.316745,User: user20<br>Type: 1min<br>Split: train
user20,1min,train,684,11.496983,-25.024792,-1.1807063,-11.582141,User: user20<br>Type: 1min<br>Split: train
user20,1min,train,685,11.496983,-25.024792,-1.1807306,-11.582377,User: user20<br>Type: 1min<br>Split: train
user20,1min,train,686,11.496983,-25.024792,-1.1806474,-11.582154,User: user20<br>Type: 1min<br>Split: train
user20,1min,train,687,11.496983,-25.024792,-1.1809773,-11.58226,User: user20<br>Type: 1min<br>Split: train
user20,1min,train,688,11.496983,-25.024792,26.891596,14.31673,User: user20<br>Type: 1min<br>Split: train
user20,1min,train,689,11.496983,-25.024792,26.891535,14.316644,User: user20<br>Type: 1min<br>Split: train
user20,1min,train,690,11.496983,-25.024792,-1.1805607,-11.582116,User: user20<br>Type: 1min<br>Split: train
user20,1min,train,691,11.496983,-25.024792,-1.1807787,-11.583453,User: user20<br>Type: 1min<br>Split: train
user20,1min,train,692,11.496983,-25.024792,26.891575,14.316696,User: user20<br>Type: 1min<br>Split: train
user20,1min,train,693,11.496983,-25.024792,-1.181022,-11.582277,User: user20<br>Type: 1min<br>Split: train
user20,1min,train,694,11.496983,-25.024792,-1.1781121,-11.581978,User: user20<br>Type: 1min<br>Split: train
user21,1min,train,695,-127.43961,-165.35211,9.700269,10.583495,User: user21<br>Type: 1min<br>Split: train
user21,1min,train,696,-127.43961,-165.35211,9.702891,10.586356,User: user21<br>Type: 1min<br>Split: train
user21,1min,train,697,-127.43961,-165.35211,9.737326,10.620618,User: user21<br>Type: 1min<br>Split: train
user21,1min,train,698,-127.43961,-165.35211,9.699695,10.583375,User: user21<br>Type: 1min<br>Split: train
user21,1min,train,699,-127.43961,-165.35211,9.691209,10.5747795,User: user21<br>Type: 1min<br>Split: train
user21,1min,train,700,-127.43961,-165.35211,9.748726,10.630454,User: user21<br>Type: 1min<br>Split: train
user21,1min,train,701,-127.43961,-165.35211,9.703474,10.587444,User: user21<br>Type: 1min<br>Split: train
user21,1min,train,702,-127.43961,-165.35211,9.714987,10.598261,User: user21<br>Type: 1min<br>Split: train
user21,1min,train,703,-127.43961,-165.35211,9.712662,10.595982,User: user21<br>Type: 1min<br>Split: train
user21,1min,train,704,-127.43961,-165.35211,9.700062,10.583464,User: user21<br>Type: 1min<br>Split: train
user21,1min,train,705,-127.43961,-165.35211,9.689708,10.573336,User: user21<br>Type: 1min<br>Split: train
user21,1min,train,706,-127.43961,-165.35211,9.681439,10.565022,User: user21<br>Type: 1min<br>Split: train
user21,1min,train,707,-127.43961,-165.35211,9.698786,10.582296,User: user21<br>Type: 1min<br>Split: train
user21,1min,train,708,-127.43961,-165.35211,9.737543,10.6205,User: user21<br>Type: 1min<br>Split: train
user21,1min,train,709,-127.43961,-165.35211,9.746723,10.630021,User: user21<br>Type: 1min<br>Split: train
user21,1min,train,710,-127.43961,-165.35211,9.755367,10.638579,User: user21<br>Type: 1min<br>Split: train
user21,1min,train,711,-127.43961,-165.35211,9.758223,10.641385,User: user21<br>Type: 1min<br>Split: train
user21,1min,train,712,-127.43961,-165.35211,9.699505,10.5830765,User: user21<br>Type: 1min<br>Split: train
user21,1min,train,713,-127.43961,-165.35211,9.749031,10.633297,User: user21<br>Type: 1min<br>Split: train
user21,1min,train,714,-127.43961,-165.35211,9.693763,10.577294,User: user21<br>Type: 1min<br>Split: train
user21,1min,train,715,-127.43961,-165.35211,9.739255,10.622368,User: user21<br>Type: 1min<br>Split: train
user21,1min,train,716,-127.43961,-165.35211,9.68398,10.572032,User: user21<br>Type: 1min<br>Split: train
user21,1min,train,717,-127.43961,-165.35211,9.739127,10.622445,User: user21<br>Type: 1min<br>Split: train
user21,1min,train,718,-127.43961,-165.35211,9.702783,10.586297,User: user21<br>Type: 1min<br>Split: train
user21,1min,train,719,-127.43961,-165.35211,9.7005625,10.583704,User: user21<br>Type: 1min<br>Split: train
user21,1min,train,720,-127.43961,-165.35211,9.69275,10.57636,User: user21<br>Type: 1min<br>Split: train
user21,1min,train,721,-127.43961,-165.35211,9.701087,10.5844555,User: user21<br>Type: 1min<br>Split: train
user21,1min,train,722,-127.43961,-165.35211,9.7033825,10.586437,User: user21<br>Type: 1min<br>Split: train
user21,1min,train,723,-127.43961,-165.35211,9.685407,10.568498,User: user21<br>Type: 1min<br>Split: train
user21,1min,train,724,-127.43961,-165.35211,9.752448,10.636104,User: user21<br>Type: 1min<br>Split: train
user21,1min,train,725,-127.43961,-165.35211,9.71032,10.593422,User: user21<br>Type: 1min<br>Split: train
user21,1min,train,726,-127.43961,-165.35211,9.701877,10.584997,User: user21<br>Type: 1min<br>Split: train
user21,1min,train,727,-127.43961,-165.35211,9.700924,10.584707,User: user21<br>Type: 1min<br>Split: train
user21,1min,train,728,-127.43961,-165.35211,9.677177,10.561601,User: user21<br>Type: 1min<br>Split: train
user21,1min,train,729,-127.43961,-165.35211,9.735821,10.618078,User: user21<br>Type: 1min<br>Split: train
user21,1min,train,730,-127.43961,-165.35211,9.763428,10.64666,User: user21<br>Type: 1min<br>Split: train
user21,1min,train,731,-127.43961,-165.35211,9.739177,10.622484,User: user21<br>Type: 1min<br>Split: train
user21,1min,train,732,-127.43961,-165.35211,9.704633,10.588219,User: user21<br>Type: 1min<br>Split: train
user21,1min,train,733,-127.43961,-165.35211,9.70096,10.584811,User: user21<br>Type: 1min<br>Split: train
user21,1min,train,734,-127.43961,-165.35211,9.740285,10.624425,User: user21<br>Type: 1min<br>Split: train
user21,1min,train,735,-127.43961,-165.35211,9.713232,10.596357,User: user21<br>Type: 1min<br>Split: train
user21,1min,train,736,-127.43961,-165.35211,9.700367,10.58459,User: user21<br>Type: 1min<br>Split: train
user21,1min,train,737,-127.43961,-165.35211,9.755112,10.637935,User: user21<br>Type: 1min<br>Split: train
user22,1min,train,738,88.33123,-118.36165,11.407421,-26.44092,User: user22<br>Type: 1min<br>Split: train
user22,1min,train,739,88.33123,-118.36165,11.39999,-26.449533,User: user22<br>Type: 1min<br>Split: train
user22,1min,train,740,88.33123,-118.36165,11.3918295,-26.44347,User: user22<br>Type: 1min<br>Split: train
user22,1min,train,741,88.33123,-118.36165,11.395444,-26.452467,User: user22<br>Type: 1min<br>Split: train
user22,1min,train,742,88.33123,-118.36165,11.397807,-26.45035,User: user22<br>Type: 1min<br>Split: train
user22,1min,train,743,88.33123,-118.36165,11.397995,-26.450045,User: user22<br>Type: 1min<br>Split: train
user22,1min,train,744,88.33123,-118.36165,11.405008,-26.458406,User: user22<br>Type: 1min<br>Split: train
user22,1min,train,745,88.33123,-118.36165,11.398241,-26.450039,User: user22<br>Type: 1min<br>Split: train
user22,1min,train,746,88.33123,-118.36165,11.39943,-26.450191,User: user22<br>Type: 1min<br>Split: train
user22,1min,train,747,88.33123,-118.36165,11.397787,-26.449778,User: user22<br>Type: 1min<br>Split: train
user22,1min,train,748,88.33123,-118.36165,11.398042,-26.449448,User: user22<br>Type: 1min<br>Split: train
user22,1min,train,749,88.33123,-118.36165,11.402561,-26.447132,User: user22<br>Type: 1min<br>Split: train
user22,1min,train,750,88.33123,-118.36165,11.411846,-26.463774,User: user22<br>Type: 1min<br>Split: train
user22,1min,train,751,88.33123,-118.36165,11.40324,-26.454342,User: user22<br>Type: 1min<br>Split: train
user22,1min,train,752,88.33123,-118.36165,11.407775,-26.465046,User: user22<br>Type: 1min<br>Split: train
user22,1min,train,753,88.33123,-118.36165,11.382761,-26.466272,User: user22<br>Type: 1min<br>Split: train
user22,1min,train,754,88.33123,-118.36165,11.401695,-26.450655,User: user22<br>Type: 1min<br>Split: train
user22,1min,train,755,88.33123,-118.36165,11.398118,-26.450916,User: user22<br>Type: 1min<br>Split: train
user22,1min,train,756,88.33123,-118.36165,11.398246,-26.450727,User: user22<br>Type: 1min<br>Split: train
user22,1min,train,757,88.33123,-118.36165,11.395126,-26.454153,User: user22<br>Type: 1min<br>Split: train
user22,1min,train,758,88.33123,-118.36165,11.348876,-26.500446,User: user22<br>Type: 1min<br>Split: train
user22,1min,train,759,88.33123,-118.36165,11.397392,-26.45202,User: user22<br>Type: 1min<br>Split: train
user22,1min,train,760,88.33123,-118.36165,11.397411,-26.452118,User: user22<br>Type: 1min<br>Split: train
user22,1min,train,761,88.33123,-118.36165,11.3930855,-26.436016,User: user22<br>Type: 1min<br>Split: train
user22,1min,train,762,88.33123,-118.36165,11.432028,-26.48647,User: user22<br>Type: 1min<br>Split: train
user22,1min,train,763,88.33123,-118.36165,11.411322,-26.418264,User: user22<br>Type: 1min<br>Split: train
user22,1min,train,764,88.33123,-118.36165,11.406088,-26.444618,User: user22<br>Type: 1min<br>Split: train
user22,1min,train,765,88.33123,-118.36165,11.408122,-26.44589,User: user22<br>Type: 1min<br>Split: train
user22,1min,train,766,88.33123,-118.36165,11.4086,-26.463953,User: user22<br>Type: 1min<br>Split: train
user22,1min,train,767,88.33123,-118.36165,11.412746,-26.448103,User: user22<br>Type: 1min<br>Split: train
user22,1min,train,768,88.33123,-118.36165,11.39973,-26.451458,User: user22<br>Type: 1min<br>Split: train
user22,1min,train,769,88.33123,-118.36165,11.412324,-26.446602,User: user22<br>Type: 1min<br>Split: train
user22,1min,train,770,88.33123,-118.36165,11.382713,-26.443142,User: user22<br>Type: 1min<br>Split: train
user22,1min,train,771,88.33123,-118.36165,11.417574,-26.47131,User: user22<br>Type: 1min<br>Split: train
user22,1min,train,772,88.33123,-118.36165,11.400149,-26.452133,User: user22<br>Type: 1min<br>Split: train
user22,1min,train,773,88.33123,-118.36165,11.42794,-26.468296,User: user22<br>Type: 1min<br>Split: train
user22,1min,train,774,88.33123,-118.36165,11.388611,-26.441198,User: user22<br>Type: 1min<br>Split: train
user22,1min,train,775,88.33123,-118.36165,11.399604,-26.451153,User: user22<br>Type: 1min<br>Split: train
user22,1min,train,776,88.33123,-118.36165,11.374775,-26.425879,User: user22<br>Type: 1min<br>Split: train
user22,1min,train,777,88.33123,-118.36165,11.399523,-26.450895,User: user22<br>Type: 1min<br>Split: train
user22,1min,train,778,88.33123,-118.36165,11.399625,-26.450985,User: user22<br>Type: 1min<br>Split: train
user22,1min,train,779,88.33123,-118.36165,11.394836,-26.442997,User: user22<br>Type: 1min<br>Split: train
user22,1min,train,780,88.33123,-118.36165,11.3862295,-26.46384,User: user22<br>Type: 1min<br>Split: train
user22,1min,train,781,88.33123,-118.36165,11.40508,-26.448503,User: user22<br>Type: 1min<br>Split: train
user22,1min,train,782,88.33123,-118.36165,11.401803,-26.445389,User: user22<br>Type: 1min<br>Split: train
user22,1min,train,783,88.33123,-118.36165,11.411744,-26.463482,User: user22<br>Type: 1min<br>Split: train
user22,1min,train,784,88.33123,-118.36165,11.399389,-26.446924,User: user22<br>Type: 1min<br>Split: train
user22,1min,train,785,88.33123,-118.36165,11.399236,-26.45092,User: user22<br>Type: 1min<br>Split: train
user22,1min,train,786,88.33123,-118.36165,11.418352,-26.469952,User: user22<br>Type: 1min<br>Split: train
user22,1min,train,787,88.33123,-118.36165,11.399193,-26.450798,User: user22<br>Type: 1min<br>Split: train
user22,1min,train,788,88.33123,-118.36165,11.434357,-26.414318,User: user22<br>Type: 1min<br>Split: train
user22,1min,train,789,88.33123,-118.36165,11.389111,-26.460766,User: user22<br>Type: 1min<br>Split: train
user23,1min,train,790,-117.55268,-42.21818,-8.496104,21.031086,User: user23<br>Type: 1min<br>Split: train
user23,1min,train,791,-117.55268,-42.21818,-8.48499,21.019958,User: user23<br>Type: 1min<br>Split: train
user23,1min,train,792,-117.55268,-42.21818,-8.445008,20.97971,User: user23<br>Type: 1min<br>Split: train
user23,1min,train,793,-117.55268,-42.21818,-8.501326,21.036367,User: user23<br>Type: 1min<br>Split: train
user23,1min,train,794,-117.55268,-42.21818,-8.44491,20.979582,User: user23<br>Type: 1min<br>Split: train
user23,1min,train,795,-117.55268,-42.21818,-8.493014,21.02805,User: user23<br>Type: 1min<br>Split: train
user23,1min,train,796,-117.55268,-42.21818,-8.492221,21.027363,User: user23<br>Type: 1min<br>Split: train
user23,1min,train,797,-117.55268,-42.21818,-8.504103,21.039099,User: user23<br>Type: 1min<br>Split: train
user23,1min,train,798,-109.56798,-37.943615,-8.470432,21.005459,User: user23<br>Type: 1min<br>Split: train
user23,1min,train,799,-109.56798,-37.943615,-8.467314,21.002377,User: user23<br>Type: 1min<br>Split: train
user23,1min,train,800,-117.55268,-42.21818,-8.498598,21.033699,User: user23<br>Type: 1min<br>Split: train
user23,1min,train,801,-117.55268,-42.21818,-8.452695,20.987595,User: user23<br>Type: 1min<br>Split: train
user23,1min,train,802,-117.55268,-42.21818,-8.507149,21.042019,User: user23<br>Type: 1min<br>Split: train
user23,1min,train,803,-117.55268,-42.21818,-8.445348,20.979738,User: user23<br>Type: 1min<br>Split: train
user23,1min,train,804,-117.55268,-42.21818,-8.493408,21.028257,User: user23<br>Type: 1min<br>Split: train
user23,1min,train,805,-117.55268,-42.21818,-8.510026,21.045046,User: user23<br>Type: 1min<br>Split: train
user23,1min,train,806,-117.55268,-42.21818,-8.494876,21.030033,User: user23<br>Type: 1min<br>Split: train
user23,1min,train,807,-117.55268,-42.21818,-8.496474,21.030828,User: user23<br>Type: 1min<br>Split: train
user23,1min,train,808,-117.55268,-42.21818,-8.449764,20.984566,User: user23<br>Type: 1min<br>Split: train
user23,1min,train,809,-117.55268,-42.21818,-8.504456,21.039572,User: user23<br>Type: 1min<br>Split: train
user23,1min,train,810,-117.55268,-42.21818,-8.496627,21.031422,User: user23<br>Type: 1min<br>Split: train
user23,1min,train,811,-117.55268,-42.21818,-8.452357,20.98694,User: user23<br>Type: 1min<br>Split: train
user23,1min,train,812,-117.55268,-42.21818,-8.430797,20.965689,User: user23<br>Type: 1min<br>Split: train
user23,1min,train,813,-117.55268,-42.21818,-8.493595,21.028551,User: user23<br>Type: 1min<br>Split: train
user23,1min,train,814,-117.55268,-42.21818,-8.442567,20.977348,User: user23<br>Type: 1min<br>Split: train
user23,1min,train,815,-117.55268,-42.21818,-8.417252,20.950996,User: user23<br>Type: 1min<br>Split: train
user23,1min,train,816,-117.55268,-42.21818,-8.493044,21.027933,User: user23<br>Type: 1min<br>Split: train
user23,1min,train,817,-117.55268,-42.21818,-8.450461,20.985266,User: user23<br>Type: 1min<br>Split: train
user23,1min,train,818,-117.55268,-42.21818,-8.439042,20.973803,User: user23<br>Type: 1min<br>Split: train
user23,1min,train,819,-117.55268,-42.21818,-8.493418,21.027346,User: user23<br>Type: 1min<br>Split: train
user23,1min,train,820,-117.55268,-42.21818,-8.479954,21.014769,User: user23<br>Type: 1min<br>Split: train
user23,1min,train,821,-117.55268,-42.21818,-8.492554,21.02767,User: user23<br>Type: 1min<br>Split: train
user23,1min,train,822,-117.55268,-42.21818,-8.48925,21.025175,User: user23<br>Type: 1min<br>Split: train
user23,1min,train,823,-117.55268,-42.21818,-8.449512,20.98427,User: user23<br>Type: 1min<br>Split: train
user23,1min,train,824,-117.55268,-42.21818,-8.449417,20.984043,User: user23<br>Type: 1min<br>Split: train
user23,1min,train,825,-117.55268,-42.21818,-8.443084,20.977844,User: user23<br>Type: 1min<br>Split: train
user23,1min,train,826,-117.55268,-42.21818,-8.4591875,20.995361,User: user23<br>Type: 1min<br>Split: train
user23,1min,train,827,-117.55268,-42.21818,-8.450969,20.985245,User: user23<br>Type: 1min<br>Split: train
user23,1min,train,828,-117.55268,-42.21818,-8.492244,21.026953,User: user23<br>Type: 1min<br>Split: train
user23,1min,train,829,-117.55268,-42.21818,-8.451369,20.985655,User: user23<br>Type: 1min<br>Split: train
user23,1min,train,830,-109.56798,-37.943615,-8.477488,21.01225,User: user23<br>Type: 1min<br>Split: train
user23,1min,train,831,-109.56798,-37.943615,-8.477961,21.013077,User: user23<br>Type: 1min<br>Split: train
user24,1min,train,832,115.02652,-13.665815,20.370472,8.898223,User: user24<br>Type: 1min<br>Split: train
user24,1min,train,833,115.02652,-13.665815,20.370335,8.90511,User: user24<br>Type: 1min<br>Split: train
user24,1min,train,834,115.02652,-13.665815,20.37232,8.896436,User: user24<br>Type: 1min<br>Split: train
user24,1min,train,835,115.02652,-13.665815,20.368198,8.889574,User: user24<br>Type: 1min<br>Split: train
user24,1min,train,836,115.02652,-13.665815,20.373833,8.895062,User: user24<br>Type: 1min<br>Split: train
user24,1min,train,837,115.02652,-13.665815,20.36477,8.892759,User: user24<br>Type: 1min<br>Split: train
user24,1min,train,838,115.02652,-13.665815,20.373968,8.895284,User: user24<br>Type: 1min<br>Split: train
user24,1min,train,839,115.02652,-13.665815,20.373873,8.895018,User: user24<br>Type: 1min<br>Split: train
user24,1min,train,840,115.02652,-13.665815,20.373405,8.895164,User: user24<br>Type: 1min<br>Split: train
user24,1min,train,841,115.02652,-13.665815,20.369543,8.899263,User: user24<br>Type: 1min<br>Split: train
user24,1min,train,842,115.02652,-13.665815,20.373852,8.894989,User: user24<br>Type: 1min<br>Split: train
user24,1min,train,843,115.02652,-13.665815,20.37751,8.8912945,User: user24<br>Type: 1min<br>Split: train
user24,1min,train,844,115.02652,-13.665815,20.359415,8.904229,User: user24<br>Type: 1min<br>Split: train
user24,1min,train,845,115.02652,-13.665815,20.373688,8.894991,User: user24<br>Type: 1min<br>Split: train
user24,1min,train,846,115.02652,-13.665815,20.378643,8.892009,User: user24<br>Type: 1min<br>Split: train
user24,1min,train,847,115.02652,-13.665815,20.37272,8.896912,User: user24<br>Type: 1min<br>Split: train
user24,1min,train,848,115.02652,-13.665815,20.351027,8.918366,User: user24<br>Type: 1min<br>Split: train
user24,1min,train,849,115.02652,-13.665815,20.37972,8.889922,User: user24<br>Type: 1min<br>Split: train
user24,1min,train,850,115.02652,-13.665815,20.372612,8.896623,User: user24<br>Type: 1min<br>Split: train
user24,1min,train,851,115.02652,-13.665815,20.341948,8.924772,User: user24<br>Type: 1min<br>Split: train
user24,1min,train,852,115.02652,-13.665815,20.37148,8.897351,User: user24<br>Type: 1min<br>Split: train
user24,1min,train,853,115.02652,-13.665815,20.371227,8.898598,User: user24<br>Type: 1min<br>Split: train
user24,1min,train,854,115.02652,-13.665815,20.36134,8.907635,User: user24<br>Type: 1min<br>Split: train
user24,1min,train,855,115.02652,-13.665815,20.37459,8.905386,User: user24<br>Type: 1min<br>Split: train
user24,1min,train,856,115.02652,-13.665815,20.371243,8.898201,User: user24<br>Type: 1min<br>Split: train
user24,1min,train,857,115.02652,-13.665815,20.36669,8.893377,User: user24<br>Type: 1min<br>Split: train
user24,1min,train,858,115.02652,-13.665815,20.378036,8.89098,User: user24<br>Type: 1min<br>Split: train
user24,1min,train,859,115.02652,-13.665815,20.382933,8.910287,User: user24<br>Type: 1min<br>Split: train
user24,1min,train,860,115.02652,-13.665815,20.385399,8.879088,User: user24<br>Type: 1min<br>Split: train
user24,1min,train,861,115.02652,-13.665815,20.371695,8.897487,User: user24<br>Type: 1min<br>Split: train
user24,1min,train,862,115.02652,-13.665815,20.367819,8.89417,User: user24<br>Type: 1min<br>Split: train
user24,1min,train,863,115.02652,-13.665815,20.37146,8.897309,User: user24<br>Type: 1min<br>Split: train
user24,1min,train,864,115.02652,-13.665815,20.375023,8.893414,User: user24<br>Type: 1min<br>Split: train
user24,1min,train,865,115.02652,-13.665815,20.373127,8.900738,User: user24<br>Type: 1min<br>Split: train
user24,1min,train,866,115.02652,-13.665815,20.413988,8.860877,User: user24<br>Type: 1min<br>Split: train
user24,1min,train,867,115.02652,-13.665815,20.3565,8.912846,User: user24<br>Type: 1min<br>Split: train
user24,1min,train,868,115.02652,-13.665815,20.382366,8.8937,User: user24<br>Type: 1min<br>Split: train
user24,1min,train,869,115.02652,-13.665815,20.37268,8.89686,User: user24<br>Type: 1min<br>Split: train
user24,1min,train,870,115.02652,-13.665815,20.37215,8.897112,User: user24<br>Type: 1min<br>Split: train
user24,1min,train,871,115.02652,-13.665815,20.367985,8.899569,User: user24<br>Type: 1min<br>Split: train
user24,1min,train,872,115.02652,-13.665815,20.368818,8.894156,User: user24<br>Type: 1min<br>Split: train
user24,1min,train,873,115.02652,-13.665815,20.365652,8.88976,User: user24<br>Type: 1min<br>Split: train
user24,1min,train,874,115.02652,-13.665815,20.371662,8.8962345,User: user24<br>Type: 1min<br>Split: train
user24,1min,train,875,115.02652,-13.665815,20.401993,8.86196,User: user24<br>Type: 1min<br>Split: train
user25,1min,train,876,-22.242813,104.0879,-23.106264,-4.457649,User: user25<br>Type: 1min<br>Split: train
user25,1min,train,877,-22.242813,104.0879,-23.109503,-4.45448,User: user25<br>Type: 1min<br>Split: train
user25,1min,train,878,-22.242813,104.0879,-23.11027,-4.453774,User: user25<br>Type: 1min<br>Split: train
user25,1min,train,879,-22.242813,104.0879,-23.110626,-4.453612,User: user25<br>Type: 1min<br>Split: train
user25,1min,train,880,-22.242813,104.0879,-23.110598,-4.4536777,User: user25<br>Type: 1min<br>Split: train
user25,1min,train,881,-22.242813,104.0879,-23.109375,-4.4548607,User: user25<br>Type: 1min<br>Split: train
user25,1min,train,882,-22.242813,104.0879,-23.1192,-4.46179,User: user25<br>Type: 1min<br>Split: train
user25,1min,train,883,-22.242813,104.0879,-23.108263,-4.456765,User: user25<br>Type: 1min<br>Split: train
user25,1min,train,884,-22.242813,104.0879,-23.110777,-4.4540844,User: user25<br>Type: 1min<br>Split: train
user25,1min,train,885,-22.242813,104.0879,-23.114183,-4.4506855,User: user25<br>Type: 1min<br>Split: train
user25,1min,train,886,-22.242813,104.0879,-23.11091,-4.4539084,User: user25<br>Type: 1min<br>Split: train
user25,1min,train,887,-22.242813,104.0879,-23.11067,-4.454368,User: user25<br>Type: 1min<br>Split: train
user25,1min,train,888,-22.242813,104.0879,-23.110754,-4.4541206,User: user25<br>Type: 1min<br>Split: train
user25,1min,train,889,-22.242813,104.0879,-23.105295,-4.442448,User: user25<br>Type: 1min<br>Split: train
user25,1min,train,890,-22.242813,104.0879,-23.110023,-4.4544253,User: user25<br>Type: 1min<br>Split: train
user25,1min,train,891,-22.242813,104.0879,-23.13915,-4.425643,User: user25<br>Type: 1min<br>Split: train
user25,1min,train,892,-22.242813,104.0879,-23.110323,-4.454171,User: user25<br>Type: 1min<br>Split: train
user25,1min,train,893,-22.242813,104.0879,-23.107985,-4.4460588,User: user25<br>Type: 1min<br>Split: train
user25,1min,train,894,-22.242813,104.0879,-23.115986,-4.4480596,User: user25<br>Type: 1min<br>Split: train
user25,1min,train,895,-22.242813,104.0879,-23.112417,-4.451621,User: user25<br>Type: 1min<br>Split: train
user25,1min,train,896,-22.242813,104.0879,-23.129757,-4.4497995,User: user25<br>Type: 1min<br>Split: train
user25,1min,train,897,-22.242813,104.0879,-23.107668,-4.4565024,User: user25<br>Type: 1min<br>Split: train
user25,1min,train,898,-22.242813,104.0879,-23.111408,-4.452669,User: user25<br>Type: 1min<br>Split: train
user25,1min,train,899,-22.242813,104.0879,-23.111029,-4.4531713,User: user25<br>Type: 1min<br>Split: train
user25,1min,train,900,-22.242813,104.0879,-23.11931,-4.4448023,User: user25<br>Type: 1min<br>Split: train
user25,1min,train,901,-22.242813,104.0879,-23.11167,-4.4525304,User: user25<br>Type: 1min<br>Split: train
user25,1min,train,902,-22.242813,104.0879,-23.111279,-4.452873,User: user25<br>Type: 1min<br>Split: train
user25,1min,train,903,-22.242813,104.0879,-23.094849,-4.4694166,User: user25<br>Type: 1min<br>Split: train
user25,1min,train,904,-22.242813,104.0879,-23.110636,-4.453606,User: user25<br>Type: 1min<br>Split: train
user25,1min,train,905,-22.242813,104.0879,-23.11055,-4.4536905,User: user25<br>Type: 1min<br>Split: train
user25,1min,train,906,-22.242813,104.0879,-23.111628,-4.4527655,User: user25<br>Type: 1min<br>Split: train
user25,1min,train,907,-22.242813,104.0879,-23.109398,-4.455176,User: user25<br>Type: 1min<br>Split: train
user25,1min,train,908,-22.242813,104.0879,-23.11061,-4.453968,User: user25<br>Type: 1min<br>Split: train
user25,1min,train,909,-22.242813,104.0879,-23.10986,-4.454721,User: user25<br>Type: 1min<br>Split: train
user25,1min,train,910,-22.242813,104.0879,-23.11014,-4.454343,User: user25<br>Type: 1min<br>Split: train
user25,1min,train,911,-22.242813,104.0879,-23.110628,-4.453846,User: user25<br>Type: 1min<br>Split: train
user25,1min,train,912,-22.242813,104.0879,-23.110348,-4.4542694,User: user25<br>Type: 1min<br>Split: train
user25,1min,train,913,-22.242813,104.0879,-23.110334,-4.454174,User: user25<br>Type: 1min<br>Split: train
user25,1min,train,914,-22.242813,104.0879,-23.110397,-4.45427,User: user25<br>Type: 1min<br>Split: train
user26,1min,train,915,130.12918,83.99052,30.03661,10.003295,User: user26<br>Type: 1min<br>Split: train
user26,1min,train,916,130.12918,83.99052,30.038298,10.001611,User: user26<br>Type: 1min<br>Split: train
user26,1min,train,917,130.12918,83.99052,29.998457,10.041139,User: user26<br>Type: 1min<br>Split: train
user26,1min,train,918,130.12918,83.99052,30.014185,10.02558,User: user26<br>Type: 1min<br>Split: train
user26,1min,train,919,130.12918,83.99052,30.01687,10.023026,User: user26<br>Type: 1min<br>Split: train
user26,1min,train,920,130.12918,83.99052,30.004564,10.0349455,User: user26<br>Type: 1min<br>Split: train
user26,1min,train,921,130.12918,83.99052,30.015991,10.0237875,User: user26<br>Type: 1min<br>Split: train
user26,1min,train,922,130.12918,83.99052,29.987133,10.052344,User: user26<br>Type: 1min<br>Split: train
user26,1min,train,923,130.12918,83.99052,30.019218,10.020558,User: user26<br>Type: 1min<br>Split: train
user26,1min,train,924,130.12918,83.99052,30.006678,10.03313,User: user26<br>Type: 1min<br>Split: train
user26,1min,train,925,130.12918,83.99052,30.043184,9.996638,User: user26<br>Type: 1min<br>Split: train
user26,1min,train,926,130.12918,83.99052,30.00952,10.030279,User: user26<br>Type: 1min<br>Split: train
user26,1min,train,927,130.12918,83.99052,30.011272,10.028491,User: user26<br>Type: 1min<br>Split: train
user26,1min,train,928,130.12918,83.99052,30.019245,10.020494,User: user26<br>Type: 1min<br>Split: train
user26,1min,train,929,130.12918,83.99052,30.002934,10.036954,User: user26<br>Type: 1min<br>Split: train
user26,1min,train,930,130.12918,83.99052,30.026619,10.013266,User: user26<br>Type: 1min<br>Split: train
user26,1min,train,931,130.12918,83.99052,30.020267,10.019692,User: user26<br>Type: 1min<br>Split: train
user26,1min,train,932,130.12918,83.99052,30.037188,10.002769,User: user26<br>Type: 1min<br>Split: train
user26,1min,train,933,130.12918,83.99052,30.02028,10.019659,User: user26<br>Type: 1min<br>Split: train
user26,1min,train,934,130.12918,83.99052,30.018557,10.021478,User: user26<br>Type: 1min<br>Split: train
user26,1min,train,935,130.12918,83.99052,30.022102,10.017755,User: user26<br>Type: 1min<br>Split: train
user26,1min,train,936,130.12918,83.99052,29.994175,10.045385,User: user26<br>Type: 1min<br>Split: train
user26,1min,train,937,130.12918,83.99052,30.018194,10.021795,User: user26<br>Type: 1min<br>Split: train
user26,1min,train,938,130.12918,83.99052,30.006845,10.033077,User: user26<br>Type: 1min<br>Split: train
user26,1min,train,939,130.12918,83.99052,30.01029,10.029516,User: user26<br>Type: 1min<br>Split: train
user26,1min,train,940,130.12918,83.99052,30.018497,10.021606,User: user26<br>Type: 1min<br>Split: train
user26,1min,train,941,130.12918,83.99052,29.99397,10.045601,User: user26<br>Type: 1min<br>Split: train
user26,1min,train,942,130.12918,83.99052,29.996176,10.043398,User: user26<br>Type: 1min<br>Split: train
user26,1min,train,943,130.12918,83.99052,30.038034,10.001899,User: user26<br>Type: 1min<br>Split: train
user26,1min,train,944,130.12918,83.99052,30.018316,10.021492,User: user26<br>Type: 1min<br>Split: train
user26,1min,train,945,130.12918,83.99052,30.023418,10.016474,User: user26<br>Type: 1min<br>Split: train
user26,1min,train,946,130.12918,83.99052,30.029062,10.0108795,User: user26<br>Type: 1min<br>Split: train
user26,1min,train,947,130.12918,83.99052,29.980286,10.059249,User: user26<br>Type: 1min<br>Split: train
user26,1min,train,948,130.12918,83.99052,29.99434,10.045451,User: user26<br>Type: 1min<br>Split: train
user26,1min,train,949,130.12918,83.99052,29.97568,10.063984,User: user26<br>Type: 1min<br>Split: train
user26,1min,train,950,130.12918,83.99052,30.04458,9.995428,User: user26<br>Type: 1min<br>Split: train
user26,1min,train,951,130.12918,83.99052,29.989296,10.05029,User: user26<br>Type: 1min<br>Split: train
user26,1min,train,952,130.12918,83.99052,30.018143,10.021653,User: user26<br>Type: 1min<br>Split: train
user26,1min,train,953,130.12918,83.99052,30.005363,10.03474,User: user26<br>Type: 1min<br>Split: train
user26,1min,train,954,130.12918,83.99052,30.052006,9.988688,User: user26<br>Type: 1min<br>Split: train
user26,1min,train,955,130.12918,83.99052,30.02944,10.010578,User: user26<br>Type: 1min<br>Split: train
user26,1min,train,956,130.12918,83.99052,29.975576,10.064122,User: user26<br>Type: 1min<br>Split: train
user26,1min,train,957,130.12918,83.99052,29.998535,10.041117,User: user26<br>Type: 1min<br>Split: train
user26,1min,train,958,130.12918,83.99052,30.012627,10.027295,User: user26<br>Type: 1min<br>Split: train
user27,1min,train,959,193.67253,-72.78571,6.145353,22.108265,User: user27<br>Type: 1min<br>Split: train
user27,1min,train,960,193.67253,-72.78571,6.1495457,22.10208,User: user27<br>Type: 1min<br>Split: train
user27,1min,train,961,193.67253,-72.78571,6.149532,22.102129,User: user27<br>Type: 1min<br>Split: train
user27,1min,train,962,193.67253,-72.78571,6.1482306,22.102839,User: user27<br>Type: 1min<br>Split: train
user27,1min,train,963,193.67253,-72.78571,6.14947,22.102095,User: user27<br>Type: 1min<br>Split: train
user27,1min,train,964,193.67253,-72.78571,-16.034346,18.413286,User: user27<br>Type: 1min<br>Split: train
user27,1min,train,965,193.67253,-72.78571,6.14955,22.102161,User: user27<br>Type: 1min<br>Split: train
user27,1min,train,966,193.67253,-72.78571,-16.035767,18.414518,User: user27<br>Type: 1min<br>Split: train
user27,1min,train,967,193.67253,-72.78571,-16.035707,18.414534,User: user27<br>Type: 1min<br>Split: train
user27,1min,train,968,193.67253,-72.78571,6.1517653,22.101269,User: user27<br>Type: 1min<br>Split: train
user27,1min,train,969,193.67253,-72.78571,-16.035494,18.414198,User: user27<br>Type: 1min<br>Split: train
user27,1min,train,970,193.67253,-72.78571,-16.035788,18.414518,User: user27<br>Type: 1min<br>Split: train
user27,1min,train,971,193.67253,-72.78571,-16.035744,18.414516,User: user27<br>Type: 1min<br>Split: train
user27,1min,train,972,193.67253,-72.78571,6.149637,22.102177,User: user27<br>Type: 1min<br>Split: train
user27,1min,train,973,193.67253,-72.78571,-16.035788,18.414536,User: user27<br>Type: 1min<br>Split: train
user27,1min,train,974,193.67253,-72.78571,-16.03638,18.41496,User: user27<br>Type: 1min<br>Split: train
user27,1min,train,975,193.67253,-72.78571,6.14984,22.101885,User: user27<br>Type: 1min<br>Split: train
user27,1min,train,976,193.67253,-72.78571,6.1495175,22.103182,User: user27<br>Type: 1min<br>Split: train
user27,1min,train,977,193.67253,-72.78571,6.149673,22.102182,User: user27<br>Type: 1min<br>Split: train
user27,1min,train,978,193.67253,-72.78571,6.149353,22.102436,User: user27<br>Type: 1min<br>Split: train
user27,1min,train,979,193.67253,-72.78571,-16.035658,18.414188,User: user27<br>Type: 1min<br>Split: train
user27,1min,train,980,193.67253,-72.78571,-16.036015,18.414608,User: user27<br>Type: 1min<br>Split: train
user27,1min,train,981,193.67253,-72.78571,-16.036,18.41456,User: user27<br>Type: 1min<br>Split: train
user27,1min,train,982,193.67253,-72.78571,-16.032967,18.4125,User: user27<br>Type: 1min<br>Split: train
user27,1min,train,983,193.67253,-72.78571,-16.04939,18.428667,User: user27<br>Type: 1min<br>Split: train
user27,1min,train,984,193.67253,-72.78571,6.149392,22.102419,User: user27<br>Type: 1min<br>Split: train
user27,1min,train,985,193.67253,-72.78571,-16.036396,18.415037,User: user27<br>Type: 1min<br>Split: train
user27,1min,train,986,193.67253,-72.78571,-16.035496,18.414742,User: user27<br>Type: 1min<br>Split: train
user27,1min,train,987,193.67253,-72.78571,6.1496134,22.102184,User: user27<br>Type: 1min<br>Split: train
user27,1min,train,988,193.67253,-72.78571,6.1493635,22.10247,User: user27<br>Type: 1min<br>Split: train
user27,1min,train,989,193.67253,-72.78571,6.1498427,22.102118,User: user27<br>Type: 1min<br>Split: train
user27,1min,train,990,193.67253,-72.78571,-16.036045,18.414764,User: user27<br>Type: 1min<br>Split: train
user27,1min,train,991,193.67253,-72.78571,6.133609,22.11779,User: user27<br>Type: 1min<br>Split: train
user27,1min,train,992,193.67253,-72.78571,6.1497602,22.102345,User: user27<br>Type: 1min<br>Split: train
user27,1min,train,993,193.67253,-72.78571,-16.036074,18.414812,User: user27<br>Type: 1min<br>Split: train
user27,1min,train,994,193.67253,-72.78571,-16.035978,18.414793,User: user27<br>Type: 1min<br>Split: train
user27,1min,train,995,193.67253,-72.78571,6.1496773,22.102163,User: user27<br>Type: 1min<br>Split: train
user27,1min,train,996,193.67253,-72.78571,6.1495576,22.102205,User: user27<br>Type: 1min<br>Split: train
user27,1min,train,997,193.67253,-72.78571,-16.034384,18.414513,User: user27<br>Type: 1min<br>Split: train
user27,1min,train,998,193.67253,-72.78571,6.149657,22.102167,User: user27<br>Type: 1min<br>Split: train
user27,1min,train,999,193.67253,-72.78571,-16.043104,18.417742,User: user27<br>Type: 1min<br>Split: train
user27,1min,train,1000,193.67253,-72.78571,-16.03626,18.415161,User: user27<br>Type: 1min<br>Split: train
user28,1min,train,1001,32.73809,58.7959,18.177942,19.056597,User: user28<br>Type: 1min<br>Split: train
user28,1min,train,1002,32.73809,58.7959,18.177868,19.056538,User: user28<br>Type: 1min<br>Split: train
user28,1min,train,1003,32.73809,58.7959,-9.665339,8.821433,User: user28<br>Type: 1min<br>Split: train
user28,1min,train,1004,32.73809,58.7959,18.177849,19.056566,User: user28<br>Type: 1min<br>Split: train
user28,1min,train,1005,32.73809,58.7959,18.179459,19.055216,User: user28<br>Type: 1min<br>Split: train
user28,1min,train,1006,32.73809,58.7959,18.173334,19.061205,User: user28<br>Type: 1min<br>Split: train
user28,1min,train,1007,32.73809,58.7959,18.175354,19.05874,User: user28<br>Type: 1min<br>Split: train
user28,1min,train,1008,32.73809,58.7959,-9.666458,8.820432,User: user28<br>Type: 1min<br>Split: train
user28,1min,train,1009,32.73809,58.7959,-9.665953,8.820892,User: user28<br>Type: 1min<br>Split: train
user28,1min,train,1010,33.080883,64.24179,18.17765,19.056921,User: user28<br>Type: 1min<br>Split: train
user28,1min,train,1011,33.080883,64.24179,18.179354,19.055323,User: user28<br>Type: 1min<br>Split: train
user28,1min,train,1012,33.080883,64.24179,-9.66586,8.820955,User: user28<br>Type: 1min<br>Split: train
user28,1min,train,1013,33.080883,64.24179,-9.668896,8.818236,User: user28<br>Type: 1min<br>Split: train
user28,1min,train,1014,33.080883,64.24179,-9.666044,8.820824,User: user28<br>Type: 1min<br>Split: train
user28,1min,train,1015,33.080883,64.24179,18.171747,19.06227,User: user28<br>Type: 1min<br>Split: train
user28,1min,train,1016,33.080883,64.24179,-9.666087,8.820939,User: user28<br>Type: 1min<br>Split: train
user28,1min,train,1017,33.080883,64.24179,-9.664335,8.821944,User: user28<br>Type: 1min<br>Split: train
user28,1min,train,1018,33.080883,64.24179,-9.654667,8.831403,User: user28<br>Type: 1min<br>Split: train
user28,1min,train,1019,33.080883,64.24179,18.200176,19.034191,User: user28<br>Type: 1min<br>Split: train
user28,1min,train,1020,33.080883,64.24179,18.178082,19.056433,User: user28<br>Type: 1min<br>Split: train
user28,1min,train,1021,33.080883,64.24179,-9.665478,8.821281,User: user28<br>Type: 1min<br>Split: train
user28,1min,train,1022,24.959963,61.624477,-9.667525,8.819883,User: user28<br>Type: 1min<br>Split: train
user28,1min,train,1023,24.959963,61.624477,18.184877,19.049961,User: user28<br>Type: 1min<br>Split: train
user28,1min,train,1024,33.080883,64.24179,-9.665823,8.821002,User: user28<br>Type: 1min<br>Split: train
user28,1min,train,1025,33.080883,64.24179,18.178349,19.056238,User: user28<br>Type: 1min<br>Split: train
user28,1min,train,1026,33.080883,64.24179,18.17824,19.056479,User: user28<br>Type: 1min<br>Split: train
user28,1min,train,1027,32.73809,58.7959,-9.665511,8.820922,User: user28<br>Type: 1min<br>Split: train
user28,1min,train,1028,33.080883,64.24179,-9.665829,8.82121,User: user28<br>Type: 1min<br>Split: train
user28,1min,train,1029,32.73809,58.7959,18.178827,19.05556,User: user28<br>Type: 1min<br>Split: train
user28,1min,train,1030,32.73809,58.7959,18.178665,19.055899,User: user28<br>Type: 1min<br>Split: train
user28,1min,train,1031,32.73809,58.7959,-9.664836,8.822109,User: user28<br>Type: 1min<br>Split: train
user28,1min,train,1032,32.73809,58.7959,18.178995,19.055664,User: user28<br>Type: 1min<br>Split: train
user28,1min,train,1033,32.73809,58.7959,18.179026,19.055595,User: user28<br>Type: 1min<br>Split: train
user28,1min,train,1034,32.73809,58.7959,-9.664825,8.821856,User: user28<br>Type: 1min<br>Split: train
user28,1min,train,1035,32.73809,58.7959,-9.664631,8.822726,User: user28<br>Type: 1min<br>Split: train
user28,1min,train,1036,32.73809,58.7959,18.179308,19.05543,User: user28<br>Type: 1min<br>Split: train
user28,1min,train,1037,32.73809,58.7959,18.164246,19.069853,User: user28<br>Type: 1min<br>Split: train
user28,1min,train,1038,32.73809,58.7959,-9.67604,8.811218,User: user28<br>Type: 1min<br>Split: train
user28,1min,train,1039,32.73809,58.7959,18.178785,19.055779,User: user28<br>Type: 1min<br>Split: train
user28,1min,train,1040,32.73809,58.7959,18.178684,19.056131,User: user28<br>Type: 1min<br>Split: train
user28,1min,train,1041,32.73809,58.7959,18.179045,19.055687,User: user28<br>Type: 1min<br>Split: train
user28,1min,train,1042,32.73809,58.7959,-9.66595,8.821106,User: user28<br>Type: 1min<br>Split: train
user29,1min,train,1043,-99.091324,107.28848,24.203741,12.533313,User: user29<br>Type: 1min<br>Split: train
user29,1min,train,1044,-99.091324,107.28848,24.210838,12.535034,User: user29<br>Type: 1min<br>Split: train
user29,1min,train,1045,-99.091324,107.28848,24.212746,12.549019,User: user29<br>Type: 1min<br>Split: train
user29,1min,train,1046,-99.091324,107.28848,24.206322,12.540935,User: user29<br>Type: 1min<br>Split: train
user29,1min,train,1047,-99.091324,107.28848,24.203068,12.542879,User: user29<br>Type: 1min<br>Split: train
user29,1min,train,1048,-99.091324,107.28848,24.20763,12.540372,User: user29<br>Type: 1min<br>Split: train
user29,1min,train,1049,-99.091324,107.28848,24.19776,12.549609,User: user29<br>Type: 1min<br>Split: train
user29,1min,train,1050,-99.091324,107.28848,24.20855,12.537703,User: user29<br>Type: 1min<br>Split: train
user29,1min,train,1051,-99.091324,107.28848,24.198298,12.548407,User: user29<br>Type: 1min<br>Split: train
user29,1min,train,1052,-99.091324,107.28848,24.212322,12.532145,User: user29<br>Type: 1min<br>Split: train
user29,1min,train,1053,-99.091324,107.28848,24.21022,12.5367365,User: user29<br>Type: 1min<br>Split: train
user29,1min,train,1054,-99.091324,107.28848,24.207375,12.53905,User: user29<br>Type: 1min<br>Split: train
user29,1min,train,1055,-99.091324,107.28848,24.206623,12.537064,User: user29<br>Type: 1min<br>Split: train
user29,1min,train,1056,-99.091324,107.28848,24.194078,12.551982,User: user29<br>Type: 1min<br>Split: train
user29,1min,train,1057,-99.091324,107.28848,24.225132,12.519742,User: user29<br>Type: 1min<br>Split: train
user29,1min,train,1058,-99.091324,107.28848,24.20738,12.537948,User: user29<br>Type: 1min<br>Split: train
user29,1min,train,1059,-99.091324,107.28848,24.250027,12.579503,User: user29<br>Type: 1min<br>Split: train
user29,1min,train,1060,-99.091324,107.28848,24.185062,12.561258,User: user29<br>Type: 1min<br>Split: train
user29,1min,train,1061,-99.091324,107.28848,24.214844,12.574304,User: user29<br>Type: 1min<br>Split: train
user29,1min,train,1062,-99.091324,107.28848,24.21006,12.537818,User: user29<br>Type: 1min<br>Split: train
user29,1min,train,1063,-99.091324,107.28848,24.19667,12.526289,User: user29<br>Type: 1min<br>Split: train
user29,1min,train,1064,-99.091324,107.28848,24.208357,12.538762,User: user29<br>Type: 1min<br>Split: train
user29,1min,train,1065,-99.091324,107.28848,24.210037,12.53651,User: user29<br>Type: 1min<br>Split: train
user29,1min,train,1066,-99.091324,107.28848,24.21148,12.540733,User: user29<br>Type: 1min<br>Split: train
user29,1min,train,1067,-99.091324,107.28848,24.216106,12.526665,User: user29<br>Type: 1min<br>Split: train
user29,1min,train,1068,-99.091324,107.28848,24.195429,12.548705,User: user29<br>Type: 1min<br>Split: train
user29,1min,train,1069,-99.091324,107.28848,24.193403,12.556235,User: user29<br>Type: 1min<br>Split: train
user29,1min,train,1070,-99.091324,107.28848,24.206186,12.544333,User: user29<br>Type: 1min<br>Split: train
user29,1min,train,1071,-99.091324,107.28848,24.207577,12.537635,User: user29<br>Type: 1min<br>Split: train
user29,1min,train,1072,-99.091324,107.28848,24.206753,12.54045,User: user29<br>Type: 1min<br>Split: train
user29,1min,train,1073,-99.091324,107.28848,24.223188,12.545137,User: user29<br>Type: 1min<br>Split: train
user29,1min,train,1074,-99.091324,107.28848,24.205946,12.536452,User: user29<br>Type: 1min<br>Split: train
user29,1min,train,1075,-99.091324,107.28848,24.204527,12.541926,User: user29<br>Type: 1min<br>Split: train
user29,1min,train,1076,-99.091324,107.28848,24.22247,12.524003,User: user29<br>Type: 1min<br>Split: train
user29,1min,train,1077,-99.091324,107.28848,24.18083,12.532916,User: user29<br>Type: 1min<br>Split: train
user29,1min,train,1078,-99.091324,107.28848,24.20905,12.528609,User: user29<br>Type: 1min<br>Split: train
user29,1min,train,1079,-99.091324,107.28848,24.216688,12.52517,User: user29<br>Type: 1min<br>Split: train
user29,1min,train,1080,-99.091324,107.28848,24.223991,12.521575,User: user29<br>Type: 1min<br>Split: train
user29,1min,train,1081,-99.091324,107.28848,24.207594,12.538363,User: user29<br>Type: 1min<br>Split: train
user29,1min,train,1082,-99.091324,107.28848,24.207685,12.538336,User: user29<br>Type: 1min<br>Split: train
user29,1min,train,1083,-99.091324,107.28848,24.207502,12.538206,User: user29<br>Type: 1min<br>Split: train
user29,1min,train,1084,-99.091324,107.28848,24.192402,12.552588,User: user29<br>Type: 1min<br>Split: train
user29,1min,train,1085,-99.091324,107.28848,24.207823,12.543956,User: user29<br>Type: 1min<br>Split: train
user29,1min,train,1086,-99.091324,107.28848,24.207365,12.539709,User: user29<br>Type: 1min<br>Split: train
user29,1min,train,1087,-99.091324,107.28848,24.219252,12.531382,User: user29<br>Type: 1min<br>Split: train
user3,1min,train,1088,6.3432417,176.55115,23.573515,-5.5103607,User: user3<br>Type: 1min<br>Split: train
user3,1min,train,1089,6.3432417,176.55115,23.599638,-5.536753,User: user3<br>Type: 1min<br>Split: train
user3,1min,train,1090,6.3432417,176.55115,23.57867,-5.5157833,User: user3<br>Type: 1min<br>Split: train
user3,1min,train,1091,6.3432417,176.55115,23.57939,-5.5164595,User: user3<br>Type: 1min<br>Split: train
user3,1min,train,1092,6.3432417,176.55115,23.684063,-5.619581,User: user3<br>Type: 1min<br>Split: train
user3,1min,train,1093,6.3432417,176.55115,23.56476,-5.501951,User: user3<br>Type: 1min<br>Split: train
user3,1min,train,1094,6.3432417,176.55115,23.682884,-5.618492,User: user3<br>Type: 1min<br>Split: train
user3,1min,train,1095,6.3432417,176.55115,23.686165,-5.6214986,User: user3<br>Type: 1min<br>Split: train
user3,1min,train,1096,6.3432417,176.55115,23.581873,-5.5189495,User: user3<br>Type: 1min<br>Split: train
user3,1min,train,1097,6.3432417,176.55115,23.581598,-5.5184255,User: user3<br>Type: 1min<br>Split: train
user3,1min,train,1098,6.3432417,176.55115,23.574665,-5.511768,User: user3<br>Type: 1min<br>Split: train
user3,1min,train,1099,6.3432417,176.55115,23.580679,-5.517835,User: user3<br>Type: 1min<br>Split: train
user3,1min,train,1100,6.3432417,176.55115,23.57265,-5.509854,User: user3<br>Type: 1min<br>Split: train
user3,1min,train,1101,6.3432417,176.55115,23.578745,-5.5154924,User: user3<br>Type: 1min<br>Split: train
user3,1min,train,1102,6.3432417,176.55115,23.683619,-5.618838,User: user3<br>Type: 1min<br>Split: train
user3,1min,train,1103,6.3432417,176.55115,23.582247,-5.519567,User: user3<br>Type: 1min<br>Split: train
user3,1min,train,1104,6.3432417,176.55115,23.58439,-5.521398,User: user3<br>Type: 1min<br>Split: train
user3,1min,train,1105,6.3432417,176.55115,23.588865,-5.5258503,User: user3<br>Type: 1min<br>Split: train
user3,1min,train,1106,6.3432417,176.55115,23.581024,-5.5180883,User: user3<br>Type: 1min<br>Split: train
user3,1min,train,1107,6.3432417,176.55115,23.695776,-5.6313057,User: user3<br>Type: 1min<br>Split: train
user3,1min,train,1108,6.3432417,176.55115,23.691545,-5.6268177,User: user3<br>Type: 1min<br>Split: train
user3,1min,train,1109,6.3432417,176.55115,23.696535,-5.6321177,User: user3<br>Type: 1min<br>Split: train
user3,1min,train,1110,6.3432417,176.55115,23.69434,-5.629684,User: user3<br>Type: 1min<br>Split: train
user3,1min,train,1111,6.3432417,176.55115,23.567194,-5.5042877,User: user3<br>Type: 1min<br>Split: train
user3,1min,train,1112,6.3432417,176.55115,23.562466,-5.4994016,User: user3<br>Type: 1min<br>Split: train
user3,1min,train,1113,6.3432417,176.55115,23.578327,-5.5154424,User: user3<br>Type: 1min<br>Split: train
user3,1min,train,1114,6.3432417,176.55115,23.58892,-5.526162,User: user3<br>Type: 1min<br>Split: train
user3,1min,train,1115,6.3432417,176.55115,23.571642,-5.5088887,User: user3<br>Type: 1min<br>Split: train
user3,1min,train,1116,6.3432417,176.55115,23.683622,-5.6191325,User: user3<br>Type: 1min<br>Split: train
user3,1min,train,1117,6.3432417,176.55115,23.579714,-5.517088,User: user3<br>Type: 1min<br>Split: train
user3,1min,train,1118,15.470301,175.50325,23.653215,-5.588841,User: user3<br>Type: 1min<br>Split: train
user3,1min,train,1119,15.470301,175.50325,23.619747,-5.5560803,User: user3<br>Type: 1min<br>Split: train
user3,1min,train,1120,6.3432417,176.55115,23.688543,-5.623959,User: user3<br>Type: 1min<br>Split: train
user3,1min,train,1121,6.3432417,176.55115,23.690111,-5.6255074,User: user3<br>Type: 1min<br>Split: train
user3,1min,train,1122,6.3432417,176.55115,23.583235,-5.520155,User: user3<br>Type: 1min<br>Split: train
user3,1min,train,1123,6.3432417,176.55115,23.68274,-5.6171227,User: user3<br>Type: 1min<br>Split: train
user3,1min,train,1124,6.3432417,176.55115,23.68457,-5.6198816,User: user3<br>Type: 1min<br>Split: train
user3,1min,train,1125,6.3432417,176.55115,23.682375,-5.6176996,User: user3<br>Type: 1min<br>Split: train
user3,1min,train,1126,6.3432417,176.55115,23.679935,-5.615486,User: user3<br>Type: 1min<br>Split: train
user3,1min,train,1127,6.3432417,176.55115,23.719662,-5.654929,User: user3<br>Type: 1min<br>Split: train
user3,1min,train,1128,6.3432417,176.55115,23.666784,-5.601979,User: user3<br>Type: 1min<br>Split: train
user3,1min,train,1129,6.3432417,176.55115,23.713223,-5.6483626,User: user3<br>Type: 1min<br>Split: train
user3,1min,train,1130,6.3432417,176.55115,23.6007,-5.5375767,User: user3<br>Type: 1min<br>Split: train
user3,1min,train,1131,6.3432417,176.55115,23.583296,-5.520291,User: user3<br>Type: 1min<br>Split: train
user3,1min,train,1132,6.3432417,176.55115,23.698729,-5.634359,User: user3<br>Type: 1min<br>Split: train
user30,1min,train,1133,-7.734976,-140.22911,17.955742,-19.390512,User: user30<br>Type: 1min<br>Split: train
user30,1min,train,1134,7.670691,-156.97093,17.364288,3.5168545,User: user30<br>Type: 1min<br>Split: train
user30,1min,train,1135,7.670691,-156.97093,17.363235,3.515791,User: user30<br>Type: 1min<br>Split: train
user30,1min,train,1136,7.670691,-156.97093,17.363531,3.515994,User: user30<br>Type: 1min<br>Split: train
user30,1min,train,1137,7.670691,-156.97093,17.964663,-19.397787,User: user30<br>Type: 1min<br>Split: train
user30,1min,train,1138,7.670691,-156.97093,17.363142,3.5161624,User: user30<br>Type: 1min<br>Split: train
user30,1min,train,1139,7.670691,-156.97093,17.363668,3.5159976,User: user30<br>Type: 1min<br>Split: train
user30,1min,train,1140,7.670691,-156.97093,17.956955,-19.39151,User: user30<br>Type: 1min<br>Split: train
user30,1min,train,1141,7.670691,-156.97093,17.363367,3.5160372,User: user30<br>Type: 1min<br>Split: train
user30,1min,train,1142,7.670691,-156.97093,17.956917,-19.391422,User: user30<br>Type: 1min<br>Split: train
user30,1min,train,1143,7.670691,-156.97093,17.957083,-19.391626,User: user30<br>Type: 1min<br>Split: train
user30,1min,train,1144,7.670691,-156.97093,17.363237,3.5158625,User: user30<br>Type: 1min<br>Split: train
user30,1min,train,1145,7.670691,-156.97093,17.957088,-19.391678,User: user30<br>Type: 1min<br>Split: train
user30,1min,train,1146,7.670691,-156.97093,17.363369,3.5159218,User: user30<br>Type: 1min<br>Split: train
user30,1min,train,1147,7.670691,-156.97093,17.95713,-19.391676,User: user30<br>Type: 1min<br>Split: train
user30,1min,train,1148,7.670691,-156.97093,17.957373,-19.391905,User: user30<br>Type: 1min<br>Split: train
user30,1min,train,1149,7.670691,-156.97093,17.96322,-19.397564,User: user30<br>Type: 1min<br>Split: train
user30,1min,train,1150,-0.77786994,-149.71747,17.363403,3.5159006,User: user30<br>Type: 1min<br>Split: train
user30,1min,train,1151,-0.77786994,-149.71747,17.363317,3.5159245,User: user30<br>Type: 1min<br>Split: train
user30,1min,train,1152,7.670691,-156.97093,17.961836,-19.396135,User: user30<br>Type: 1min<br>Split: train
user30,1min,train,1153,7.670691,-156.97093,17.363474,3.5160103,User: user30<br>Type: 1min<br>Split: train
user30,1min,train,1154,7.670691,-156.97093,17.957462,-19.392017,User: user30<br>Type: 1min<br>Split: train
user30,1min,train,1155,-7.734976,-140.22911,17.363478,3.5159094,User: user30<br>Type: 1min<br>Split: train
user30,1min,train,1156,-7.734976,-140.22911,17.957916,-19.392502,User: user30<br>Type: 1min<br>Split: train
user30,1min,train,1157,-7.734976,-140.22911,17.363258,3.5159042,User: user30<br>Type: 1min<br>Split: train
user30,1min,train,1158,-7.734976,-140.22911,17.95749,-19.391977,User: user30<br>Type: 1min<br>Split: train
user30,1min,train,1159,-7.734976,-140.22911,17.36334,3.5160952,User: user30<br>Type: 1min<br>Split: train
user30,1min,train,1160,-7.734976,-140.22911,17.957678,-19.392147,User: user30<br>Type: 1min<br>Split: train
user30,1min,train,1161,-7.734976,-140.22911,17.363693,3.515958,User: user30<br>Type: 1min<br>Split: train
user30,1min,train,1162,-7.734976,-140.22911,17.363552,3.5160325,User: user30<br>Type: 1min<br>Split: train
user30,1min,train,1163,-7.734976,-140.22911,17.957813,-19.392284,User: user30<br>Type: 1min<br>Split: train
user30,1min,train,1164,-7.734976,-140.22911,17.957083,-19.391924,User: user30<br>Type: 1min<br>Split: train
user30,1min,train,1165,-7.734976,-140.22911,17.957855,-19.392315,User: user30<br>Type: 1min<br>Split: train
user30,1min,train,1166,-7.734976,-140.22911,17.958038,-19.39284,User: user30<br>Type: 1min<br>Split: train
user30,1min,train,1167,-7.734976,-140.22911,17.95717,-19.391714,User: user30<br>Type: 1min<br>Split: train
user30,1min,train,1168,-7.734976,-140.22911,17.963627,-19.39794,User: user30<br>Type: 1min<br>Split: train
user30,1min,train,1169,-7.734976,-140.22911,17.958374,-19.393265,User: user30<br>Type: 1min<br>Split: train
user30,1min,train,1170,7.670691,-156.97093,17.3635,3.5158665,User: user30<br>Type: 1min<br>Split: train
user30,1min,train,1171,7.670691,-156.97093,17.95767,-19.392172,User: user30<br>Type: 1min<br>Split: train
user30,1min,train,1172,7.670691,-156.97093,17.363016,3.5167294,User: user30<br>Type: 1min<br>Split: train
user30,1min,train,1173,7.670691,-156.97093,17.957672,-19.392216,User: user30<br>Type: 1min<br>Split: train
user30,1min,train,1174,7.670691,-156.97093,17.95767,-19.39205,User: user30<br>Type: 1min<br>Split: train
user30,1min,train,1175,7.670691,-156.97093,17.3636,3.516034,User: user30<br>Type: 1min<br>Split: train
user30,1min,train,1176,-7.734976,-140.22911,17.957539,-19.392048,User: user30<br>Type: 1min<br>Split: train
user30,1min,train,1177,-7.734976,-140.22911,17.363363,3.5159228,User: user30<br>Type: 1min<br>Split: train
user30,1min,train,1178,7.670691,-156.97093,17.363194,3.5156667,User: user30<br>Type: 1min<br>Split: train
user30,1min,train,1179,7.670691,-156.97093,17.36342,3.5160077,User: user30<br>Type: 1min<br>Split: train
user30,1min,train,1180,7.670691,-156.97093,17.957613,-19.392103,User: user30<br>Type: 1min<br>Split: train
user30,1min,train,1181,7.670691,-156.97093,17.957642,-19.392042,User: user30<br>Type: 1min<br>Split: train
user30,1min,train,1182,-0.77786994,-149.71747,17.957672,-19.391994,User: user30<br>Type: 1min<br>Split: train
user31,1min,train,1183,97.350235,-39.026566,3.7590377,-15.148442,User: user31<br>Type: 1min<br>Split: train
user31,1min,train,1184,105.64757,-36.64431,-15.153515,-20.742514,User: user31<br>Type: 1min<br>Split: train
user31,1min,train,1185,105.64757,-36.64431,3.7590046,-15.148441,User: user31<br>Type: 1min<br>Split: train
user31,1min,train,1186,105.64757,-36.64431,3.7590303,-15.148418,User: user31<br>Type: 1min<br>Split: train
user31,1min,train,1187,105.64757,-36.64431,-15.162442,-20.751335,User: user31<br>Type: 1min<br>Split: train
user31,1min,train,1188,105.64757,-36.64431,-15.162463,-20.751354,User: user31<br>Type: 1min<br>Split: train
user31,1min,train,1189,105.64757,-36.64431,-15.162437,-20.75134,User: user31<br>Type: 1min<br>Split: train
user31,1min,train,1190,105.64757,-36.64431,-15.162421,-20.751328,User: user31<br>Type: 1min<br>Split: train
user31,1min,train,1191,105.64757,-36.64431,3.758895,-15.148007,User: user31<br>Type: 1min<br>Split: train
user31,1min,train,1192,105.64757,-36.64431,3.7589574,-15.148345,User: user31<br>Type: 1min<br>Split: train
user31,1min,train,1193,105.64757,-36.64431,3.7590234,-15.148404,User: user31<br>Type: 1min<br>Split: train
user31,1min,train,1194,105.64757,-36.64431,3.7591872,-15.148465,User: user31<br>Type: 1min<br>Split: train
user31,1min,train,1195,105.64757,-36.64431,3.7591684,-15.148395,User: user31<br>Type: 1min<br>Split: train
user31,1min,train,1196,105.64757,-36.64431,-15.162442,-20.751348,User: user31<br>Type: 1min<br>Split: train
user31,1min,train,1197,105.64757,-36.64431,-15.161009,-20.750368,User: user31<br>Type: 1min<br>Split: train
user31,1min,train,1198,105.64757,-36.64431,3.7601526,-15.149469,User: user31<br>Type: 1min<br>Split: train
user31,1min,train,1199,105.64757,-36.64431,-15.162288,-20.751156,User: user31<br>Type: 1min<br>Split: train
user31,1min,train,1200,105.64757,-36.64431,3.7591217,-15.148448,User: user31<br>Type: 1min<br>Split: train
user31,1min,train,1201,105.64757,-36.64431,-15.162379,-20.751392,User: user31<br>Type: 1min<br>Split: train
user31,1min,train,1202,105.64757,-36.64431,-15.173363,-20.762255,User: user31<br>Type: 1min<br>Split: train
user31,1min,train,1203,105.64757,-36.64431,3.7594132,-15.148929,User: user31<br>Type: 1min<br>Split: train
user31,1min,train,1204,105.64757,-36.64431,3.7599556,-15.147631,User: user31<br>Type: 1min<br>Split: train
user31,1min,train,1205,105.64757,-36.64431,-15.161704,-20.750624,User: user31<br>Type: 1min<br>Split: train
user31,1min,train,1206,105.64757,-36.64431,3.759174,-15.148442,User: user31<br>Type: 1min<br>Split: train
user31,1min,train,1207,105.64757,-36.64431,-15.162743,-20.751656,User: user31<br>Type: 1min<br>Split: train
user31,1min,train,1208,105.64757,-36.64431,3.7591834,-15.148462,User: user31<br>Type: 1min<br>Split: train
user31,1min,train,1209,105.64757,-36.64431,3.759124,-15.148496,User: user31<br>Type: 1min<br>Split: train
user31,1min,train,1210,105.64757,-36.64431,3.7591898,-15.148336,User: user31<br>Type: 1min<br>Split: train
user31,1min,train,1211,105.64757,-36.64431,-15.161931,-20.751123,User: user31<br>Type: 1min<br>Split: train
user31,1min,train,1212,105.64757,-36.64431,-15.162864,-20.751854,User: user31<br>Type: 1min<br>Split: train
user31,1min,train,1213,105.64757,-36.64431,-15.173917,-20.762844,User: user31<br>Type: 1min<br>Split: train
user31,1min,train,1214,97.350235,-39.026566,3.7590013,-15.148353,User: user31<br>Type: 1min<br>Split: train
user31,1min,train,1215,97.350235,-39.026566,3.7590995,-15.148403,User: user31<br>Type: 1min<br>Split: train
user31,1min,train,1216,105.64757,-36.64431,-15.162746,-20.751715,User: user31<br>Type: 1min<br>Split: train
user31,1min,train,1217,105.64757,-36.64431,3.7616212,-15.151039,User: user31<br>Type: 1min<br>Split: train
user31,1min,train,1218,105.64757,-36.64431,-15.16275,-20.751696,User: user31<br>Type: 1min<br>Split: train
user31,1min,train,1219,105.64757,-36.64431,3.7588065,-15.14789,User: user31<br>Type: 1min<br>Split: train
user31,1min,train,1220,105.64757,-36.64431,-15.162615,-20.751545,User: user31<br>Type: 1min<br>Split: train
user31,1min,train,1221,105.64757,-36.64431,3.7591522,-15.148496,User: user31<br>Type: 1min<br>Split: train
user31,1min,train,1222,105.64757,-36.64431,3.759134,-15.148362,User: user31<br>Type: 1min<br>Split: train
user31,1min,train,1223,105.64757,-36.64431,-15.157371,-20.745485,User: user31<br>Type: 1min<br>Split: train
user32,1min,train,1224,70.51692,173.2435,2.6305296,37.355732,User: user32<br>Type: 1min<br>Split: train
user32,1min,train,1225,70.51692,173.2435,2.625888,37.360203,User: user32<br>Type: 1min<br>Split: train
user32,1min,train,1226,70.51692,173.2435,2.6303494,37.355686,User: user32<br>Type: 1min<br>Split: train
user32,1min,train,1227,70.51692,173.2435,2.6301146,37.355896,User: user32<br>Type: 1min<br>Split: train
user32,1min,train,1228,70.51692,173.2435,2.6301441,37.355896,User: user32<br>Type: 1min<br>Split: train
user32,1min,train,1229,70.51692,173.2435,2.6300106,37.35601,User: user32<br>Type: 1min<br>Split: train
user32,1min,train,1230,70.51692,173.2435,2.618824,37.36738,User: user32<br>Type: 1min<br>Split: train
user32,1min,train,1231,70.51692,173.2435,2.6293442,37.35627,User: user32<br>Type: 1min<br>Split: train
user32,1min,train,1232,70.51692,173.2435,2.6261091,37.359623,User: user32<br>Type: 1min<br>Split: train
user32,1min,train,1233,70.51692,173.2435,2.6263757,37.35937,User: user32<br>Type: 1min<br>Split: train
user32,1min,train,1234,70.51692,173.2435,2.6340733,37.351612,User: user32<br>Type: 1min<br>Split: train
user32,1min,train,1235,70.51692,173.2435,2.629077,37.356655,User: user32<br>Type: 1min<br>Split: train
user32,1min,train,1236,70.51692,173.2435,2.6355534,37.350445,User: user32<br>Type: 1min<br>Split: train
user32,1min,train,1237,70.51692,173.2435,2.621102,37.342182,User: user32<br>Type: 1min<br>Split: train
user32,1min,train,1238,70.51692,173.2435,2.681322,37.30094,User: user32<br>Type: 1min<br>Split: train
user32,1min,train,1239,70.51692,173.2435,2.631513,37.35215,User: user32<br>Type: 1min<br>Split: train
user32,1min,train,1240,70.51692,173.2435,2.639775,37.34029,User: user32<br>Type: 1min<br>Split: train
user32,1min,train,1241,70.51692,173.2435,2.619128,37.36475,User: user32<br>Type: 1min<br>Split: train
user32,1min,train,1242,70.51692,173.2435,2.6317616,37.352528,User: user32<br>Type: 1min<br>Split: train
user32,1min,train,1243,70.51692,173.2435,2.642833,37.363487,User: user32<br>Type: 1min<br>Split: train
user32,1min,train,1244,70.51692,173.2435,2.6224978,37.36701,User: user32<br>Type: 1min<br>Split: train
user32,1min,train,1245,70.51692,173.2435,2.6313372,37.35297,User: user32<br>Type: 1min<br>Split: train
user32,1min,train,1246,61.27542,176.41281,2.6350753,37.348877,User: user32<br>Type: 1min<br>Split: train
user32,1min,train,1247,61.27542,176.41281,2.631734,37.35548,User: user32<br>Type: 1min<br>Split: train
user32,1min,train,1248,70.51692,173.2435,2.6318521,37.352715,User: user32<br>Type: 1min<br>Split: train
user32,1min,train,1249,70.51692,173.2435,2.6396394,37.343204,User: user32<br>Type: 1min<br>Split: train
user32,1min,train,1250,70.51692,173.2435,2.6175547,37.36639,User: user32<br>Type: 1min<br>Split: train
user32,1min,train,1251,70.51692,173.2435,2.6470344,37.337227,User: user32<br>Type: 1min<br>Split: train
user32,1min,train,1252,70.51692,173.2435,2.641485,37.342995,User: user32<br>Type: 1min<br>Split: train
user32,1min,train,1253,70.51692,173.2435,2.5956054,37.3905,User: user32<br>Type: 1min<br>Split: train
user32,1min,train,1254,70.51692,173.2435,2.611054,37.373817,User: user32<br>Type: 1min<br>Split: train
user32,1min,train,1255,70.51692,173.2435,2.617323,37.3404,User: user32<br>Type: 1min<br>Split: train
user32,1min,train,1256,70.51692,173.2435,2.6345198,37.343925,User: user32<br>Type: 1min<br>Split: train
user32,1min,train,1257,70.51692,173.2435,2.6021724,37.382572,User: user32<br>Type: 1min<br>Split: train
user32,1min,train,1258,70.51692,173.2435,2.6298988,37.3546,User: user32<br>Type: 1min<br>Split: train
user32,1min,train,1259,70.51692,173.2435,2.6368363,37.359795,User: user32<br>Type: 1min<br>Split: train
user32,1min,train,1260,70.51692,173.2435,2.630257,37.354332,User: user32<br>Type: 1min<br>Split: train
user32,1min,train,1261,70.51692,173.2435,2.6243978,37.361313,User: user32<br>Type: 1min<br>Split: train
user32,1min,train,1262,70.51692,173.2435,2.6374876,37.350456,User: user32<br>Type: 1min<br>Split: train
user32,1min,train,1263,70.51692,173.2435,2.628253,37.356804,User: user32<br>Type: 1min<br>Split: train
user32,1min,train,1264,70.51692,173.2435,2.644159,37.340885,User: user32<br>Type: 1min<br>Split: train
user32,1min,train,1265,70.51692,173.2435,2.630179,37.35481,User: user32<br>Type: 1min<br>Split: train
user32,1min,train,1266,70.51692,173.2435,2.6252327,37.35483,User: user32<br>Type: 1min<br>Split: train
user32,1min,train,1267,70.51692,173.2435,2.6305373,37.35419,User: user32<br>Type: 1min<br>Split: train
user32,1min,train,1268,70.51692,173.2435,2.628105,37.350266,User: user32<br>Type: 1min<br>Split: train
user32,1min,train,1269,70.51692,173.2435,2.6448345,37.362583,User: user32<br>Type: 1min<br>Split: train
user32,1min,train,1270,70.51692,173.2435,2.6366253,37.3478,User: user32<br>Type: 1min<br>Split: train
user32,1min,train,1271,70.51692,173.2435,2.5950706,37.39002,User: user32<br>Type: 1min<br>Split: train
user33,1min,train,1272,1.9683803,122.01718,-18.057207,-16.39955,User: user33<br>Type: 1min<br>Split: train
user33,1min,train,1273,1.9683803,122.01718,-18.058903,-16.401318,User: user33<br>Type: 1min<br>Split: train
user33,1min,train,1274,1.9683803,122.01718,-18.063738,-16.40617,User: user33<br>Type: 1min<br>Split: train
user33,1min,train,1275,1.9683803,122.01718,-18.056734,-16.399134,User: user33<br>Type: 1min<br>Split: train
user33,1min,train,1276,1.9683803,122.01718,-18.052288,-16.394697,User: user33<br>Type: 1min<br>Split: train
user33,1min,train,1277,1.9683803,122.01718,-18.05968,-16.402103,User: user33<br>Type: 1min<br>Split: train
user33,1min,train,1278,1.9683803,122.01718,-18.058228,-16.400635,User: user33<br>Type: 1min<br>Split: train
user33,1min,train,1279,1.9683803,122.01718,-18.052723,-16.39505,User: user33<br>Type: 1min<br>Split: train
user33,1min,train,1280,1.9683803,122.01718,-18.0613,-16.40381,User: user33<br>Type: 1min<br>Split: train
user33,1min,train,1281,1.9683803,122.01718,-18.05226,-16.394724,User: user33<br>Type: 1min<br>Split: train
user33,1min,train,1282,1.9683803,122.01718,-18.05808,-16.400608,User: user33<br>Type: 1min<br>Split: train
user33,1min,train,1283,1.9683803,122.01718,-18.057674,-16.400118,User: user33<br>Type: 1min<br>Split: train
user33,1min,train,1284,1.9683803,122.01718,-18.06332,-16.405815,User: user33<br>Type: 1min<br>Split: train
user33,1min,train,1285,1.9683803,122.01718,-18.057892,-16.400124,User: user33<br>Type: 1min<br>Split: train
user33,1min,train,1286,1.9683803,122.01718,-18.056963,-16.399488,User: user33<br>Type: 1min<br>Split: train
user33,1min,train,1287,1.9683803,122.01718,-18.05757,-16.399874,User: user33<br>Type: 1min<br>Split: train
user33,1min,train,1288,1.9683803,122.01718,-18.057468,-16.399828,User: user33<br>Type: 1min<br>Split: train
user33,1min,train,1289,1.9683803,122.01718,-18.016638,-16.359053,User: user33<br>Type: 1min<br>Split: train
user33,1min,train,1290,1.9683803,122.01718,-18.077778,-16.420202,User: user33<br>Type: 1min<br>Split: train
user33,1min,train,1291,1.9683803,122.01718,-18.05803,-16.400373,User: user33<br>Type: 1min<br>Split: train
user33,1min,train,1292,1.9683803,122.01718,-18.04856,-16.3909,User: user33<br>Type: 1min<br>Split: train
user33,1min,train,1293,1.9683803,122.01718,-18.053024,-16.395283,User: user33<br>Type: 1min<br>Split: train
user33,1min,train,1294,1.9683803,122.01718,-18.066553,-16.409166,User: user33<br>Type: 1min<br>Split: train
user33,1min,train,1295,1.9683803,122.01718,-18.057693,-16.400084,User: user33<br>Type: 1min<br>Split: train
user33,1min,train,1296,1.9683803,122.01718,-18.056265,-16.398888,User: user33<br>Type: 1min<br>Split: train
user33,1min,train,1297,1.9683803,122.01718,-18.058123,-16.400503,User: user33<br>Type: 1min<br>Split: train
user33,1min,train,1298,1.9683803,122.01718,-18.05788,-16.400272,User: user33<br>Type: 1min<br>Split: train
user33,1min,train,1299,1.9683803,122.01718,-18.05791,-16.400288,User: user33<br>Type: 1min<br>Split: train
user33,1min,train,1300,1.9683803,122.01718,-18.075415,-16.417982,User: user33<br>Type: 1min<br>Split: train
user33,1min,train,1301,1.9683803,122.01718,-18.062323,-16.404615,User: user33<br>Type: 1min<br>Split: train
user33,1min,train,1302,1.9683803,122.01718,-18.057613,-16.399889,User: user33<br>Type: 1min<br>Split: train
user33,1min,train,1303,1.9683803,122.01718,-18.058388,-16.40081,User: user33<br>Type: 1min<br>Split: train
user33,1min,train,1304,1.9683803,122.01718,-18.058277,-16.400566,User: user33<br>Type: 1min<br>Split: train
user33,1min,train,1305,1.9683803,122.01718,-18.053892,-16.396252,User: user33<br>Type: 1min<br>Split: train
user33,1min,train,1306,1.9683803,122.01718,-18.057858,-16.400232,User: user33<br>Type: 1min<br>Split: train
user33,1min,train,1307,1.9683803,122.01718,-18.057858,-16.400267,User: user33<br>Type: 1min<br>Split: train
user33,1min,train,1308,1.9683803,122.01718,-18.06236,-16.406746,User: user33<br>Type: 1min<br>Split: train
user33,1min,train,1309,1.9683803,122.01718,-18.057936,-16.400267,User: user33<br>Type: 1min<br>Split: train
user33,1min,train,1310,1.9683803,122.01718,-18.059679,-16.402058,User: user33<br>Type: 1min<br>Split: train
user33,1min,train,1311,1.9683803,122.01718,-18.05791,-16.40026,User: user33<br>Type: 1min<br>Split: train
user33,1min,train,1312,1.9683803,122.01718,-18.057907,-16.400286,User: user33<br>Type: 1min<br>Split: train
user33,1min,train,1313,1.9683803,122.01718,-18.05784,-16.40022,User: user33<br>Type: 1min<br>Split: train
user33,1min,train,1314,1.9683803,122.01718,-18.057508,-16.399923,User: user33<br>Type: 1min<br>Split: train
user33,1min,train,1315,1.9683803,122.01718,-18.060661,-16.403433,User: user33<br>Type: 1min<br>Split: train
user33,1min,train,1316,1.9683803,122.01718,-18.057875,-16.400274,User: user33<br>Type: 1min<br>Split: train
user33,1min,train,1317,1.9683803,122.01718,-18.067177,-16.409027,User: user33<br>Type: 1min<br>Split: train
user34,1min,train,1318,-94.14436,-179.3397,14.976133,-10.987818,User: user34<br>Type: 1min<br>Split: train
user34,1min,train,1319,-94.14436,-179.3397,14.977288,-10.986283,User: user34<br>Type: 1min<br>Split: train
user34,1min,train,1320,-94.14436,-179.3397,14.977751,-10.989171,User: user34<br>Type: 1min<br>Split: train
user34,1min,train,1321,-94.14436,-179.3397,8.308362,-11.618799,User: user34<br>Type: 1min<br>Split: train
user34,1min,train,1322,-94.14436,-179.3397,8.308025,-11.618557,User: user34<br>Type: 1min<br>Split: train
user34,1min,train,1323,-94.14436,-179.3397,8.308073,-11.618562,User: user34<br>Type: 1min<br>Split: train
user34,1min,train,1324,-94.14436,-179.3397,14.975997,-10.987954,User: user34<br>Type: 1min<br>Split: train
user34,1min,train,1325,-94.14436,-179.3397,8.30796,-11.6184635,User: user34<br>Type: 1min<br>Split: train
user34,1min,train,1326,-94.14436,-179.3397,14.976035,-10.987923,User: user34<br>Type: 1min<br>Split: train
user34,1min,train,1327,-94.14436,-179.3397,14.976079,-10.987908,User: user34<br>Type: 1min<br>Split: train
user34,1min,train,1328,-94.14436,-179.3397,14.971393,-10.992724,User: user34<br>Type: 1min<br>Split: train
user34,1min,train,1329,-94.14436,-179.3397,14.975934,-10.9882145,User: user34<br>Type: 1min<br>Split: train
user34,1min,train,1330,-94.14436,-179.3397,14.9760475,-10.988597,User: user34<br>Type: 1min<br>Split: train
user34,1min,train,1331,-94.14436,-179.3397,14.967898,-10.996406,User: user34<br>Type: 1min<br>Split: train
user34,1min,train,1332,-94.14436,-179.3397,14.975675,-10.988337,User: user34<br>Type: 1min<br>Split: train
user34,1min,train,1333,-94.14436,-179.3397,14.975741,-10.988353,User: user34<br>Type: 1min<br>Split: train
user34,1min,train,1334,-94.14436,-179.3397,8.3080015,-11.618337,User: user34<br>Type: 1min<br>Split: train
user34,1min,train,1335,-94.14436,-179.3397,8.308843,-11.619175,User: user34<br>Type: 1min<br>Split: train
user34,1min,train,1336,-94.14436,-179.3397,8.308129,-11.618643,User: user34<br>Type: 1min<br>Split: train
user34,1min,train,1337,-94.14436,-179.3397,14.975643,-10.988377,User: user34<br>Type: 1min<br>Split: train
user34,1min,train,1338,-94.14436,-179.3397,14.97568,-10.988335,User: user34<br>Type: 1min<br>Split: train
user34,1min,train,1339,-94.14436,-179.3397,8.302649,-11.613295,User: user34<br>Type: 1min<br>Split: train
user34,1min,train,1340,-94.14436,-179.3397,8.313767,-11.623467,User: user34<br>Type: 1min<br>Split: train
user34,1min,train,1341,-94.14436,-179.3397,14.975765,-10.988436,User: user34<br>Type: 1min<br>Split: train
user34,1min,train,1342,-94.14436,-179.3397,14.975545,-10.988565,User: user34<br>Type: 1min<br>Split: train
user34,1min,train,1343,-94.14436,-179.3397,14.975691,-10.988832,User: user34<br>Type: 1min<br>Split: train
user34,1min,train,1344,-94.14436,-179.3397,8.308396,-11.618817,User: user34<br>Type: 1min<br>Split: train
user34,1min,train,1345,-94.14436,-179.3397,8.308147,-11.618596,User: user34<br>Type: 1min<br>Split: train
user34,1min,train,1346,-94.14436,-179.3397,8.308152,-11.618645,User: user34<br>Type: 1min<br>Split: train
user34,1min,train,1347,-94.14436,-179.3397,14.975126,-10.987485,User: user34<br>Type: 1min<br>Split: train
user34,1min,train,1348,-94.14436,-179.3397,8.308058,-11.618367,User: user34<br>Type: 1min<br>Split: train
user34,1min,train,1349,-94.14436,-179.3397,8.308354,-11.618835,User: user34<br>Type: 1min<br>Split: train
user34,1min,train,1350,-94.14436,-179.3397,8.295933,-11.606628,User: user34<br>Type: 1min<br>Split: train
user34,1min,train,1351,-94.14436,-179.3397,14.975411,-10.988691,User: user34<br>Type: 1min<br>Split: train
user34,1min,train,1352,-94.14436,-179.3397,8.304895,-11.616259,User: user34<br>Type: 1min<br>Split: train
user34,1min,train,1353,-94.14436,-179.3397,14.975428,-10.988394,User: user34<br>Type: 1min<br>Split: train
user34,1min,train,1354,-94.14436,-179.3397,8.32483,-11.634441,User: user34<br>Type: 1min<br>Split: train
user34,1min,train,1355,-94.14436,-179.3397,8.307773,-11.6182375,User: user34<br>Type: 1min<br>Split: train
user34,1min,train,1356,-94.14436,-179.3397,14.975493,-10.988446,User: user34<br>Type: 1min<br>Split: train
user34,1min,train,1357,-94.14436,-179.3397,14.976486,-10.987603,User: user34<br>Type: 1min<br>Split: train
user34,1min,train,1358,-94.14436,-179.3397,14.975787,-10.988257,User: user34<br>Type: 1min<br>Split: train
user34,1min,train,1359,-94.14436,-179.3397,8.307875,-11.618407,User: user34<br>Type: 1min<br>Split: train
user34,1min,train,1360,-94.14436,-179.3397,8.307775,-11.618434,User: user34<br>Type: 1min<br>Split: train
user34,1min,train,1361,-94.14436,-179.3397,14.975804,-10.988259,User: user34<br>Type: 1min<br>Split: train
user34,1min,train,1362,-94.14436,-179.3397,8.30774,-11.6183405,User: user34<br>Type: 1min<br>Split: train
user34,1min,train,1363,-94.14436,-179.3397,14.974721,-10.990336,User: user34<br>Type: 1min<br>Split: train
user34,1min,train,1364,-94.14436,-179.3397,8.307644,-11.618088,User: user34<br>Type: 1min<br>Split: train
user34,1min,train,1365,-94.14436,-179.3397,8.30716,-11.617914,User: user34<br>Type: 1min<br>Split: train
user35,1min,train,1366,202.73471,-38.5927,11.867845,23.78429,User: user35<br>Type: 1min<br>Split: train
user35,1min,train,1367,202.73471,-38.5927,10.727591,1.2582092,User: user35<br>Type: 1min<br>Split: train
user35,1min,train,1368,202.73471,-38.5927,10.731196,1.2543817,User: user35<br>Type: 1min<br>Split: train
user35,1min,train,1369,202.73471,-38.5927,11.867697,23.784544,User: user35<br>Type: 1min<br>Split: train
user35,1min,train,1370,202.73471,-38.5927,11.875812,23.776794,User: user35<br>Type: 1min<br>Split: train
user35,1min,train,1371,202.73471,-38.5927,10.731085,1.2544048,User: user35<br>Type: 1min<br>Split: train
user35,1min,train,1372,202.73471,-38.5927,11.868201,23.78395,User: user35<br>Type: 1min<br>Split: train
user35,1min,train,1373,202.73471,-38.5927,10.730701,1.254814,User: user35<br>Type: 1min<br>Split: train
user35,1min,train,1374,202.73471,-38.5927,10.730449,1.2579037,User: user35<br>Type: 1min<br>Split: train
user35,1min,train,1375,202.73471,-38.5927,11.868338,23.783152,User: user35<br>Type: 1min<br>Split: train
user35,1min,train,1376,202.73471,-38.5927,10.731016,1.2543291,User: user35<br>Type: 1min<br>Split: train
user35,1min,train,1377,202.73471,-38.5927,10.731328,1.2543677,User: user35<br>Type: 1min<br>Split: train
user35,1min,train,1378,202.73471,-38.5927,11.868464,23.783932,User: user35<br>Type: 1min<br>Split: train
user35,1min,train,1379,202.73471,-38.5927,10.731045,1.2544392,User: user35<br>Type: 1min<br>Split: train
user35,1min,train,1380,202.73471,-38.5927,10.731066,1.2543751,User: user35<br>Type: 1min<br>Split: train
user35,1min,train,1381,202.73471,-38.5927,11.868411,23.783773,User: user35<br>Type: 1min<br>Split: train
user35,1min,train,1382,202.73471,-38.5927,11.868202,23.78328,User: user35<br>Type: 1min<br>Split: train
user35,1min,train,1383,202.73471,-38.5927,11.868601,23.782928,User: user35<br>Type: 1min<br>Split: train
user35,1min,train,1384,202.73471,-38.5927,11.868511,23.783562,User: user35<br>Type: 1min<br>Split: train
user35,1min,train,1385,202.73471,-38.5927,11.86857,23.78359,User: user35<br>Type: 1min<br>Split: train
user35,1min,train,1386,202.73471,-38.5927,11.8704,23.781551,User: user35<br>Type: 1min<br>Split: train
user35,1min,train,1387,202.73471,-38.5927,10.731088,1.2542803,User: user35<br>Type: 1min<br>Split: train
user35,1min,train,1388,202.73471,-38.5927,11.868641,23.783556,User: user35<br>Type: 1min<br>Split: train
user35,1min,train,1389,202.73471,-38.5927,11.876808,23.775717,User: user35<br>Type: 1min<br>Split: train
user35,1min,train,1390,202.73471,-38.5927,11.872301,23.780418,User: user35<br>Type: 1min<br>Split: train
user35,1min,train,1391,202.73471,-38.5927,10.730727,1.2549138,User: user35<br>Type: 1min<br>Split: train
user35,1min,train,1392,202.73471,-38.5927,11.869331,23.783062,User: user35<br>Type: 1min<br>Split: train
user35,1min,train,1393,202.73471,-38.5927,11.869157,23.783142,User: user35<br>Type: 1min<br>Split: train
user35,1min,train,1394,202.73471,-38.5927,10.731018,1.2547578,User: user35<br>Type: 1min<br>Split: train
user35,1min,train,1395,202.73471,-38.5927,10.731526,1.2541937,User: user35<br>Type: 1min<br>Split: train
user35,1min,train,1396,202.73471,-38.5927,11.871047,23.782923,User: user35<br>Type: 1min<br>Split: train
user35,1min,train,1397,202.73471,-38.5927,11.866896,23.785048,User: user35<br>Type: 1min<br>Split: train
user35,1min,train,1398,202.73471,-38.5927,10.731623,1.2540317,User: user35<br>Type: 1min<br>Split: train
user35,1min,train,1399,202.73471,-38.5927,10.731192,1.2544453,User: user35<br>Type: 1min<br>Split: train
user35,1min,train,1400,202.73471,-38.5927,11.869102,23.783285,User: user35<br>Type: 1min<br>Split: train
user35,1min,train,1401,202.73471,-38.5927,10.735351,1.2437493,User: user35<br>Type: 1min<br>Split: train
user35,1min,train,1402,202.73471,-38.5927,11.869189,23.78325,User: user35<br>Type: 1min<br>Split: train
user35,1min,train,1403,202.73471,-38.5927,10.731858,1.2541152,User: user35<br>Type: 1min<br>Split: train
user35,1min,train,1404,202.73471,-38.5927,10.730717,1.2549361,User: user35<br>Type: 1min<br>Split: train
user35,1min,train,1405,202.73471,-38.5927,10.731104,1.2545422,User: user35<br>Type: 1min<br>Split: train
user35,1min,train,1406,202.73471,-38.5927,11.873288,23.774313,User: user35<br>Type: 1min<br>Split: train
user35,1min,train,1407,202.73471,-38.5927,11.861281,23.790213,User: user35<br>Type: 1min<br>Split: train
user35,1min,train,1408,202.73471,-38.5927,11.868977,23.783276,User: user35<br>Type: 1min<br>Split: train
user35,1min,train,1409,82.97994,3.85593,-14.7092285,-6.6352706,User: user35<br>Type: 1min<br>Split: train
user35,1min,train,1410,82.97994,3.85593,10.985568,15.841641,User: user35<br>Type: 1min<br>Split: train
user35,1min,train,1411,82.97994,3.85593,-14.711019,-6.6344624,User: user35<br>Type: 1min<br>Split: train
user35,1min,train,1412,82.97994,3.85593,-14.710966,-6.634505,User: user35<br>Type: 1min<br>Split: train
user35,1min,train,1413,82.97994,3.85593,10.985564,15.841612,User: user35<br>Type: 1min<br>Split: train
user35,1min,train,1414,82.97994,3.85593,-14.715756,-6.6331906,User: user35<br>Type: 1min<br>Split: train
user35,1min,train,1415,82.97994,3.85593,10.985463,15.841613,User: user35<br>Type: 1min<br>Split: train
user35,1min,train,1416,82.97994,3.85593,-14.711161,-6.6344557,User: user35<br>Type: 1min<br>Split: train
user35,1min,train,1417,82.97994,3.85593,10.977562,15.83395,User: user35<br>Type: 1min<br>Split: train
user35,1min,train,1418,82.97994,3.85593,10.98522,15.841457,User: user35<br>Type: 1min<br>Split: train
user35,1min,train,1419,82.97994,3.85593,10.985233,15.841485,User: user35<br>Type: 1min<br>Split: train
user35,1min,train,1420,82.97994,3.85593,-14.71101,-6.634577,User: user35<br>Type: 1min<br>Split: train
user35,1min,train,1421,82.97994,3.85593,10.985861,15.841775,User: user35<br>Type: 1min<br>Split: train
user35,1min,train,1422,82.97994,3.85593,-14.711115,-6.634484,User: user35<br>Type: 1min<br>Split: train
user35,1min,train,1423,82.97994,3.85593,-14.7109165,-6.634569,User: user35<br>Type: 1min<br>Split: train
user35,1min,train,1424,82.97994,3.85593,10.985342,15.841402,User: user35<br>Type: 1min<br>Split: train
user35,1min,train,1425,82.97994,3.85593,10.985208,15.841087,User: user35<br>Type: 1min<br>Split: train
user35,1min,train,1426,82.97994,3.85593,10.985256,15.841139,User: user35<br>Type: 1min<br>Split: train
user35,1min,train,1427,82.97994,3.85593,10.985165,15.841012,User: user35<br>Type: 1min<br>Split: train
user35,1min,train,1428,82.97994,3.85593,10.979245,15.835575,User: user35<br>Type: 1min<br>Split: train
user35,1min,train,1429,82.97994,3.85593,-14.711473,-6.634249,User: user35<br>Type: 1min<br>Split: train
user35,1min,train,1430,82.97994,3.85593,10.985051,15.841003,User: user35<br>Type: 1min<br>Split: train
user35,1min,train,1431,82.97994,3.85593,10.984805,15.840745,User: user35<br>Type: 1min<br>Split: train
user35,1min,train,1432,82.97994,3.85593,-14.711457,-6.63424,User: user35<br>Type: 1min<br>Split: train
user35,1min,train,1433,82.97994,3.85593,10.985068,15.841078,User: user35<br>Type: 1min<br>Split: train
user35,1min,train,1434,85.78875,-1.1111763,-14.711417,-6.634201,User: user35<br>Type: 1min<br>Split: train
user35,1min,train,1435,82.97994,3.85593,-14.7114525,-6.634196,User: user35<br>Type: 1min<br>Split: train
user35,1min,train,1436,85.78875,-1.1111763,10.980036,15.8422365,User: user35<br>Type: 1min<br>Split: train
user35,1min,train,1437,82.97994,3.85593,11.001816,15.857842,User: user35<br>Type: 1min<br>Split: train
user35,1min,train,1438,91.040794,9.333639,-14.711483,-6.63442,User: user35<br>Type: 1min<br>Split: train
user35,1min,train,1439,91.040794,9.333639,10.984747,15.840506,User: user35<br>Type: 1min<br>Split: train
user35,1min,train,1440,85.78875,-1.1111763,10.984945,15.840921,User: user35<br>Type: 1min<br>Split: train
user35,1min,train,1441,85.78875,-1.1111763,-14.711191,-6.6346803,User: user35<br>Type: 1min<br>Split: train
user35,1min,train,1442,85.78875,-1.1111763,10.986498,15.8415165,User: user35<br>Type: 1min<br>Split: train
user35,1min,train,1443,85.78875,-1.1111763,-14.7239275,-6.6232123,User: user35<br>Type: 1min<br>Split: train
user35,1min,train,1444,85.78875,-1.1111763,10.968235,15.824542,User: user35<br>Type: 1min<br>Split: train
user35,1min,train,1445,85.78875,-1.1111763,10.984894,15.841066,User: user35<br>Type: 1min<br>Split: train
user35,1min,train,1446,82.97994,3.85593,-14.711324,-6.6344132,User: user35<br>Type: 1min<br>Split: train
user35,1min,train,1447,82.97994,3.85593,10.985273,15.841144,User: user35<br>Type: 1min<br>Split: train
user35,1min,train,1448,82.97994,3.85593,-14.711405,-6.6344075,User: user35<br>Type: 1min<br>Split: train
user35,1min,train,1449,82.97994,3.85593,10.984793,15.840982,User: user35<br>Type: 1min<br>Split: train
user35,1min,train,1450,82.97994,3.85593,-14.711479,-6.63447,User: user35<br>Type: 1min<br>Split: train
user35,1min,train,1451,82.97994,3.85593,10.984901,15.841181,User: user35<br>Type: 1min<br>Split: train
user35,1min,train,1452,82.97994,3.85593,10.984823,15.841029,User: user35<br>Type: 1min<br>Split: train
user35,1min,train,1453,82.97994,3.85593,-14.725405,-6.6204214,User: user35<br>Type: 1min<br>Split: train
user35,1min,train,1454,82.97994,3.85593,-14.704071,-6.6378317,User: user35<br>Type: 1min<br>Split: train
user35,1min,train,1455,82.97994,3.85593,10.988297,15.838926,User: user35<br>Type: 1min<br>Split: train
user36,1min,train,1456,-159.88823,81.72353,3.5956073,20.975632,User: user36<br>Type: 1min<br>Split: train
user36,1min,train,1457,-159.88823,81.72353,3.5937648,20.973837,User: user36<br>Type: 1min<br>Split: train
user36,1min,train,1458,-159.88823,81.72353,3.6060297,20.986242,User: user36<br>Type: 1min<br>Split: train
user36,1min,train,1459,-159.88823,81.72353,3.596439,20.976421,User: user36<br>Type: 1min<br>Split: train
user36,1min,train,1460,-159.88823,81.72353,3.5978067,20.977928,User: user36<br>Type: 1min<br>Split: train
user36,1min,train,1461,-159.88823,81.72353,3.5988586,20.97911,User: user36<br>Type: 1min<br>Split: train
user36,1min,train,1462,-159.88823,81.72353,3.5976036,20.97777,User: user36<br>Type: 1min<br>Split: train
user36,1min,train,1463,-159.88823,81.72353,3.6021154,20.98264,User: user36<br>Type: 1min<br>Split: train
user36,1min,train,1464,-159.88823,81.72353,3.5981,20.978222,User: user36<br>Type: 1min<br>Split: train
user36,1min,train,1465,-159.88823,81.72353,3.5876076,20.966671,User: user36<br>Type: 1min<br>Split: train
user36,1min,train,1466,-159.88823,81.72353,3.605155,20.985352,User: user36<br>Type: 1min<br>Split: train
user36,1min,train,1467,-159.88823,81.72353,3.6029809,20.972393,User: user36<br>Type: 1min<br>Split: train
user36,1min,train,1468,-159.88823,81.72353,3.5970213,20.97689,User: user36<br>Type: 1min<br>Split: train
user36,1min,train,1469,-159.88823,81.72353,3.5962389,20.976625,User: user36<br>Type: 1min<br>Split: train
user36,1min,train,1470,-159.88823,81.72353,3.5961607,20.976044,User: user36<br>Type: 1min<br>Split: train
user36,1min,train,1471,-159.88823,81.72353,3.5968592,20.976402,User: user36<br>Type: 1min<br>Split: train
user36,1min,train,1472,-159.88823,81.72353,3.5955856,20.975275,User: user36<br>Type: 1min<br>Split: train
user36,1min,train,1473,-159.88823,81.72353,3.5962608,20.975794,User: user36<br>Type: 1min<br>Split: train
user36,1min,train,1474,-159.88823,81.72353,3.6077538,20.986494,User: user36<br>Type: 1min<br>Split: train
user36,1min,train,1475,-159.88823,81.72353,3.59669,20.976526,User: user36<br>Type: 1min<br>Split: train
user36,1min,train,1476,-159.88823,81.72353,3.6239502,21.0039,User: user36<br>Type: 1min<br>Split: train
user36,1min,train,1477,-159.88823,81.72353,3.5943475,20.97415,User: user36<br>Type: 1min<br>Split: train
user36,1min,train,1478,-159.88823,81.72353,3.598828,20.978989,User: user36<br>Type: 1min<br>Split: train
user36,1min,train,1479,-159.88823,81.72353,3.5939572,20.97359,User: user36<br>Type: 1min<br>Split: train
user36,1min,train,1480,-159.88823,81.72353,3.5952818,20.9749,User: user36<br>Type: 1min<br>Split: train
user36,1min,train,1481,-159.88823,81.72353,3.5974445,20.9772,User: user36<br>Type: 1min<br>Split: train
user36,1min,train,1482,-159.88823,81.72353,3.5979419,20.977669,User: user36<br>Type: 1min<br>Split: train
user36,1min,train,1483,-159.88823,81.72353,3.5740597,20.954172,User: user36<br>Type: 1min<br>Split: train
user36,1min,train,1484,-159.88823,81.72353,3.5934815,20.973589,User: user36<br>Type: 1min<br>Split: train
user36,1min,train,1485,-159.88823,81.72353,3.610526,20.98988,User: user36<br>Type: 1min<br>Split: train
user36,1min,train,1486,-159.88823,81.72353,3.582113,20.961475,User: user36<br>Type: 1min<br>Split: train
user36,1min,train,1487,-159.88823,81.72353,3.589892,20.969187,User: user36<br>Type: 1min<br>Split: train
user36,1min,train,1488,-159.88823,81.72353,3.610732,20.990437,User: user36<br>Type: 1min<br>Split: train
user36,1min,train,1489,-159.88823,81.72353,3.598508,20.972883,User: user36<br>Type: 1min<br>Split: train
user36,1min,train,1490,-159.88823,81.72353,3.5969546,20.976683,User: user36<br>Type: 1min<br>Split: train
user36,1min,train,1491,-159.88823,81.72353,3.6224082,21.002007,User: user36<br>Type: 1min<br>Split: train
user36,1min,train,1492,-159.88823,81.72353,3.582496,20.961674,User: user36<br>Type: 1min<br>Split: train
user36,1min,train,1493,-159.88823,81.72353,3.597551,20.97713,User: user36<br>Type: 1min<br>Split: train
user36,1min,train,1494,-159.88823,81.72353,3.6032314,20.984282,User: user36<br>Type: 1min<br>Split: train
user36,1min,train,1495,-159.88823,81.72353,3.6021986,20.97819,User: user36<br>Type: 1min<br>Split: train
user36,1min,train,1496,-159.88823,81.72353,3.5973961,20.97706,User: user36<br>Type: 1min<br>Split: train
user36,1min,train,1497,-159.88823,81.72353,3.608756,20.987476,User: user36<br>Type: 1min<br>Split: train
user36,1min,train,1498,-159.88823,81.72353,3.5978692,20.977472,User: user36<br>Type: 1min<br>Split: train
user37,1min,train,1499,33.005253,37.185078,-15.23964,11.933386,User: user37<br>Type: 1min<br>Split: train
user37,1min,train,1500,33.005253,37.185078,-15.242387,11.936585,User: user37<br>Type: 1min<br>Split: train
user37,1min,train,1501,33.005253,37.185078,-15.234805,11.928316,User: user37<br>Type: 1min<br>Split: train
user37,1min,train,1502,41.842976,42.242584,-15.240058,11.928733,User: user37<br>Type: 1min<br>Split: train
user37,1min,train,1503,41.842976,42.242584,-15.2372265,11.930925,User: user37<br>Type: 1min<br>Split: train
user37,1min,train,1504,33.005253,37.185078,-15.237973,11.932097,User: user37<br>Type: 1min<br>Split: train
user37,1min,train,1505,33.005253,37.185078,-15.24907,11.94283,User: user37<br>Type: 1min<br>Split: train
user37,1min,train,1506,33.005253,37.185078,-15.236938,11.935704,User: user37<br>Type: 1min<br>Split: train
user37,1min,train,1507,33.005253,37.185078,-15.240052,11.933849,User: user37<br>Type: 1min<br>Split: train
user37,1min,train,1508,33.005253,37.185078,-15.244267,11.937652,User: user37<br>Type: 1min<br>Split: train
user37,1min,train,1509,33.005253,37.185078,-15.239749,11.935153,User: user37<br>Type: 1min<br>Split: train
user37,1min,train,1510,33.005253,37.185078,-15.240738,11.933934,User: user37<br>Type: 1min<br>Split: train
user37,1min,train,1511,33.005253,37.185078,-15.244658,11.93777,User: user37<br>Type: 1min<br>Split: train
user37,1min,train,1512,37.44995,33.29242,-15.239713,11.934215,User: user37<br>Type: 1min<br>Split: train
user37,1min,train,1513,33.005253,37.185078,-15.242971,11.95353,User: user37<br>Type: 1min<br>Split: train
user37,1min,train,1514,37.44995,33.29242,-15.23983,11.934735,User: user37<br>Type: 1min<br>Split: train
user37,1min,train,1515,37.44995,33.29242,-15.229923,11.924749,User: user37<br>Type: 1min<br>Split: train
user37,1min,train,1516,37.44995,33.29242,-15.241113,11.934794,User: user37<br>Type: 1min<br>Split: train
user37,1min,train,1517,37.44995,33.29242,-15.240292,11.935009,User: user37<br>Type: 1min<br>Split: train
user37,1min,train,1518,33.005253,37.185078,-15.239817,11.934605,User: user37<br>Type: 1min<br>Split: train
user37,1min,train,1519,37.44995,33.29242,-15.24539,11.946923,User: user37<br>Type: 1min<br>Split: train
user37,1min,train,1520,37.44995,33.29242,-15.236225,11.931213,User: user37<br>Type: 1min<br>Split: train
user37,1min,train,1521,37.44995,33.29242,-15.241227,11.935634,User: user37<br>Type: 1min<br>Split: train
user37,1min,train,1522,37.44995,33.29242,-15.239823,11.934538,User: user37<br>Type: 1min<br>Split: train
user37,1min,train,1523,33.005253,37.185078,-15.258122,11.94507,User: user37<br>Type: 1min<br>Split: train
user37,1min,train,1524,33.005253,37.185078,-15.226196,11.921364,User: user37<br>Type: 1min<br>Split: train
user37,1min,train,1525,37.44995,33.29242,-15.248309,11.9265175,User: user37<br>Type: 1min<br>Split: train
user37,1min,train,1526,37.44995,33.29242,-15.2445965,11.930545,User: user37<br>Type: 1min<br>Split: train
user37,1min,train,1527,37.44995,33.29242,-15.240586,11.934429,User: user37<br>Type: 1min<br>Split: train
user37,1min,train,1528,37.44995,33.29242,-15.229172,11.948347,User: user37<br>Type: 1min<br>Split: train
user37,1min,train,1529,37.44995,33.29242,-15.270932,11.967341,User: user37<br>Type: 1min<br>Split: train
user37,1min,train,1530,37.44995,33.29242,-15.241275,11.918706,User: user37<br>Type: 1min<br>Split: train
user37,1min,train,1531,37.44995,33.29242,-15.240783,11.934003,User: user37<br>Type: 1min<br>Split: train
user37,1min,train,1532,37.44995,33.29242,-15.243399,11.922419,User: user37<br>Type: 1min<br>Split: train
user37,1min,train,1533,37.44995,33.29242,-15.276324,11.970552,User: user37<br>Type: 1min<br>Split: train
user37,1min,train,1534,41.842976,42.242584,-15.241799,11.9359045,User: user37<br>Type: 1min<br>Split: train
user37,1min,train,1535,41.842976,42.242584,-15.241114,11.943688,User: user37<br>Type: 1min<br>Split: train
user37,1min,train,1536,37.44995,33.29242,-15.251963,11.945877,User: user37<br>Type: 1min<br>Split: train
user37,1min,train,1537,37.44995,33.29242,-15.2568245,11.951202,User: user37<br>Type: 1min<br>Split: train
user37,1min,train,1538,37.44995,33.29242,-15.243074,11.936816,User: user37<br>Type: 1min<br>Split: train
user37,1min,train,1539,37.44995,33.29242,-15.242276,11.957526,User: user37<br>Type: 1min<br>Split: train
user37,1min,train,1540,33.005253,37.185078,-15.241631,11.945846,User: user37<br>Type: 1min<br>Split: train
user37,1min,train,1541,33.005253,37.185078,-15.205406,11.958536,User: user37<br>Type: 1min<br>Split: train
user37,1min,train,1542,33.005253,37.185078,-15.252175,11.923318,User: user37<br>Type: 1min<br>Split: train
user37,1min,train,1543,33.005253,37.185078,-15.241284,11.935069,User: user37<br>Type: 1min<br>Split: train
user37,1min,train,1544,33.005253,37.185078,-15.241134,11.93506,User: user37<br>Type: 1min<br>Split: train
user37,1min,train,1545,33.005253,37.185078,-15.24116,11.93509,User: user37<br>Type: 1min<br>Split: train
user37,1min,train,1546,33.005253,37.185078,-15.221259,11.915717,User: user37<br>Type: 1min<br>Split: train
user37,1min,train,1547,33.005253,37.185078,-15.239979,11.932771,User: user37<br>Type: 1min<br>Split: train
user37,1min,train,1548,33.005253,37.185078,-15.238182,11.931014,User: user37<br>Type: 1min<br>Split: train
user37,1min,train,1549,33.005253,37.185078,-15.231626,11.921139,User: user37<br>Type: 1min<br>Split: train
user38,1min,train,1550,37.10903,164.98616,1.7699363,18.89206,User: user38<br>Type: 1min<br>Split: train
user38,1min,train,1551,37.10903,164.98616,1.769862,18.892084,User: user38<br>Type: 1min<br>Split: train
user38,1min,train,1552,37.10903,164.98616,1.7703462,18.891685,User: user38<br>Type: 1min<br>Split: train
user38,1min,train,1553,37.10903,164.98616,10.705822,-22.495995,User: user38<br>Type: 1min<br>Split: train
user38,1min,train,1554,37.10903,164.98616,10.705825,-22.496025,User: user38<br>Type: 1min<br>Split: train
user38,1min,train,1555,37.10903,164.98616,10.705822,-22.496033,User: user38<br>Type: 1min<br>Split: train
user38,1min,train,1556,37.10903,164.98616,1.7699003,18.89224,User: user38<br>Type: 1min<br>Split: train
user38,1min,train,1557,37.10903,164.98616,10.705796,-22.496088,User: user38<br>Type: 1min<br>Split: train
user38,1min,train,1558,37.10903,164.98616,1.769821,18.89226,User: user38<br>Type: 1min<br>Split: train
user38,1min,train,1559,37.10903,164.98616,10.705896,-22.496128,User: user38<br>Type: 1min<br>Split: train
user38,1min,train,1560,37.10903,164.98616,10.705921,-22.496096,User: user38<br>Type: 1min<br>Split: train
user38,1min,train,1561,37.10903,164.98616,1.7703425,18.891891,User: user38<br>Type: 1min<br>Split: train
user38,1min,train,1562,37.10903,164.98616,10.705856,-22.496164,User: user38<br>Type: 1min<br>Split: train
user38,1min,train,1563,37.10903,164.98616,10.705887,-22.49616,User: user38<br>Type: 1min<br>Split: train
user38,1min,train,1564,37.10903,164.98616,10.705702,-22.49581,User: user38<br>Type: 1min<br>Split: train
user38,1min,train,1565,37.10903,164.98616,1.7698841,18.892208,User: user38<br>Type: 1min<br>Split: train
user38,1min,train,1566,37.10903,164.98616,1.7729384,18.887373,User: user38<br>Type: 1min<br>Split: train
user38,1min,train,1567,37.10903,164.98616,10.705674,-22.49594,User: user38<br>Type: 1min<br>Split: train
user38,1min,train,1568,37.10903,164.98616,1.769957,18.89218,User: user38<br>Type: 1min<br>Split: train
user38,1min,train,1569,37.10903,164.98616,10.705886,-22.496199,User: user38<br>Type: 1min<br>Split: train
user38,1min,train,1570,37.10903,164.98616,1.7702932,18.891855,User: user38<br>Type: 1min<br>Split: train
user38,1min,train,1571,37.10903,164.98616,10.70585,-22.496134,User: user38<br>Type: 1min<br>Split: train
user38,1min,train,1572,37.10903,164.98616,1.7701026,18.891941,User: user38<br>Type: 1min<br>Split: train
user38,1min,train,1573,37.10903,164.98616,10.705843,-22.496172,User: user38<br>Type: 1min<br>Split: train
user38,1min,train,1574,37.10903,164.98616,10.705779,-22.495882,User: user38<br>Type: 1min<br>Split: train
user38,1min,train,1575,37.10903,164.98616,10.705847,-22.496225,User: user38<br>Type: 1min<br>Split: train
user38,1min,train,1576,37.10903,164.98616,1.7531114,18.90905,User: user38<br>Type: 1min<br>Split: train
user38,1min,train,1577,37.10903,164.98616,10.705159,-22.495478,User: user38<br>Type: 1min<br>Split: train
user38,1min,train,1578,37.10903,164.98616,1.7681838,18.893866,User: user38<br>Type: 1min<br>Split: train
user38,1min,train,1579,37.10903,164.98616,1.7695729,18.8924,User: user38<br>Type: 1min<br>Split: train
user38,1min,train,1580,37.10903,164.98616,10.705808,-22.496038,User: user38<br>Type: 1min<br>Split: train
user38,1min,train,1581,37.10903,164.98616,10.705819,-22.49578,User: user38<br>Type: 1min<br>Split: train
user38,1min,train,1582,37.10903,164.98616,10.705816,-22.496004,User: user38<br>Type: 1min<br>Split: train
user38,1min,train,1583,37.10903,164.98616,1.7806542,18.882149,User: user38<br>Type: 1min<br>Split: train
user38,1min,train,1584,37.10903,164.98616,10.704608,-22.497803,User: user38<br>Type: 1min<br>Split: train
user38,1min,train,1585,37.10903,164.98616,1.7668265,18.894924,User: user38<br>Type: 1min<br>Split: train
user38,1min,train,1586,37.10903,164.98616,10.705834,-22.495924,User: user38<br>Type: 1min<br>Split: train
user38,1min,train,1587,37.10903,164.98616,1.7691697,18.892746,User: user38<br>Type: 1min<br>Split: train
user38,1min,train,1588,37.10903,164.98616,1.768017,18.893908,User: user38<br>Type: 1min<br>Split: train
user38,1min,train,1589,37.10903,164.98616,10.705698,-22.496447,User: user38<br>Type: 1min<br>Split: train
user38,1min,train,1590,37.10903,164.98616,10.705796,-22.495907,User: user38<br>Type: 1min<br>Split: train
user38,1min,train,1591,37.10903,164.98616,10.705788,-22.496094,User: user38<br>Type: 1min<br>Split: train
user38,1min,train,1592,37.10903,164.98616,1.7691296,18.89273,User: user38<br>Type: 1min<br>Split: train
user38,1min,train,1593,37.10903,164.98616,1.7673572,18.895954,User: user38<br>Type: 1min<br>Split: train
user38,1min,train,1594,37.10903,164.98616,1.7693447,18.892633,User: user38<br>Type: 1min<br>Split: train
user38,1min,train,1595,37.10903,164.98616,10.706784,-22.496582,User: user38<br>Type: 1min<br>Split: train
user38,1min,train,1596,37.10903,164.98616,1.7692401,18.892994,User: user38<br>Type: 1min<br>Split: train
user38,1min,train,1597,37.10903,164.98616,1.7732012,18.8878,User: user38<br>Type: 1min<br>Split: train
user38,1min,train,1598,37.10903,164.98616,10.706634,-22.497377,User: user38<br>Type: 1min<br>Split: train
user38,1min,train,1599,37.10903,164.98616,10.705833,-22.496054,User: user38<br>Type: 1min<br>Split: train
user39,1min,train,1600,66.524475,-101.8941,-9.761179,-23.842869,User: user39<br>Type: 1min<br>Split: train
user39,1min,train,1601,66.524475,-101.8941,-9.766325,-23.848013,User: user39<br>Type: 1min<br>Split: train
user39,1min,train,1602,66.524475,-101.8941,-9.770668,-23.852352,User: user39<br>Type: 1min<br>Split: train
user39,1min,train,1603,66.524475,-101.8941,-9.760244,-23.841898,User: user39<br>Type: 1min<br>Split: train
user39,1min,train,1604,66.524475,-101.8941,-9.766835,-23.848522,User: user39<br>Type: 1min<br>Split: train
user39,1min,train,1605,66.524475,-101.8941,-9.758822,-23.840506,User: user39<br>Type: 1min<br>Split: train
user39,1min,train,1606,66.524475,-101.8941,-9.765512,-23.847178,User: user39<br>Type: 1min<br>Split: train
user39,1min,train,1607,66.524475,-101.8941,-9.77325,-23.854918,User: user39<br>Type: 1min<br>Split: train
user39,1min,train,1608,66.524475,-101.8941,-9.772937,-23.854588,User: user39<br>Type: 1min<br>Split: train
user39,1min,train,1609,66.524475,-101.8941,-9.766752,-23.848446,User: user39<br>Type: 1min<br>Split: train
user39,1min,train,1610,66.524475,-101.8941,-9.755429,-23.837162,User: user39<br>Type: 1min<br>Split: train
user39,1min,train,1611,66.524475,-101.8941,-9.75918,-23.840866,User: user39<br>Type: 1min<br>Split: train
user39,1min,train,1612,66.524475,-101.8941,-9.754589,-23.836323,User: user39<br>Type: 1min<br>Split: train
user39,1min,train,1613,66.524475,-101.8941,-9.75823,-23.840014,User: user39<br>Type: 1min<br>Split: train
user39,1min,train,1614,66.524475,-101.8941,-9.753442,-23.835941,User: user39<br>Type: 1min<br>Split: train
user39,1min,train,1615,66.524475,-101.8941,-9.751796,-23.833473,User: user39<br>Type: 1min<br>Split: train
user39,1min,train,1616,66.524475,-101.8941,-9.7985115,-23.880186,User: user39<br>Type: 1min<br>Split: train
user39,1min,train,1617,66.524475,-101.8941,-9.765057,-23.846811,User: user39<br>Type: 1min<br>Split: train
user39,1min,train,1618,66.524475,-101.8941,-9.766132,-23.847898,User: user39<br>Type: 1min<br>Split: train
user39,1min,train,1619,66.524475,-101.8941,-9.7650175,-23.846727,User: user39<br>Type: 1min<br>Split: train
user39,1min,train,1620,66.524475,-101.8941,-9.794677,-23.875946,User: user39<br>Type: 1min<br>Split: train
user39,1min,train,1621,66.524475,-101.8941,-9.777296,-23.859253,User: user39<br>Type: 1min<br>Split: train
user39,1min,train,1622,66.524475,-101.8941,-9.789289,-23.870789,User: user39<br>Type: 1min<br>Split: train
user39,1min,train,1623,66.524475,-101.8941,-9.787357,-23.868793,User: user39<br>Type: 1min<br>Split: train
user39,1min,train,1624,66.524475,-101.8941,-9.766821,-23.848488,User: user39<br>Type: 1min<br>Split: train
user39,1min,train,1625,66.524475,-101.8941,-9.778822,-23.860474,User: user39<br>Type: 1min<br>Split: train
user39,1min,train,1626,66.524475,-101.8941,-9.7666645,-23.84838,User: user39<br>Type: 1min<br>Split: train
user39,1min,train,1627,66.524475,-101.8941,-9.750663,-23.832367,User: user39<br>Type: 1min<br>Split: train
user39,1min,train,1628,66.524475,-101.8941,-9.766399,-23.848055,User: user39<br>Type: 1min<br>Split: train
user39,1min,train,1629,66.524475,-101.8941,-9.76998,-23.851748,User: user39<br>Type: 1min<br>Split: train
user39,1min,train,1630,65.76142,-111.4714,-9.766127,-23.847828,User: user39<br>Type: 1min<br>Split: train
user39,1min,train,1631,65.76142,-111.4714,-9.766903,-23.848602,User: user39<br>Type: 1min<br>Split: train
user39,1min,train,1632,66.524475,-101.8941,-9.778864,-23.860495,User: user39<br>Type: 1min<br>Split: train
user39,1min,train,1633,66.524475,-101.8941,-9.771987,-23.853733,User: user39<br>Type: 1min<br>Split: train
user39,1min,train,1634,66.524475,-101.8941,-9.770493,-23.851736,User: user39<br>Type: 1min<br>Split: train
user39,1min,train,1635,66.524475,-101.8941,-9.767672,-23.849325,User: user39<br>Type: 1min<br>Split: train
user39,1min,train,1636,66.524475,-101.8941,-9.769529,-23.851248,User: user39<br>Type: 1min<br>Split: train
user39,1min,train,1637,66.524475,-101.8941,-9.767456,-23.849146,User: user39<br>Type: 1min<br>Split: train
user39,1min,train,1638,66.524475,-101.8941,-9.767115,-23.848772,User: user39<br>Type: 1min<br>Split: train
user39,1min,train,1639,66.524475,-101.8941,-9.7827215,-23.864405,User: user39<br>Type: 1min<br>Split: train
user39,1min,train,1640,66.524475,-101.8941,-9.73826,-23.819944,User: user39<br>Type: 1min<br>Split: train
user39,1min,train,1641,66.524475,-101.8941,-9.76642,-23.848099,User: user39<br>Type: 1min<br>Split: train
user39,1min,train,1642,66.524475,-101.8941,-9.755092,-23.836948,User: user39<br>Type: 1min<br>Split: train
user39,1min,train,1643,66.524475,-101.8941,-9.743969,-23.825787,User: user39<br>Type: 1min<br>Split: train
user39,1min,train,1644,66.524475,-101.8941,-9.764089,-23.845768,User: user39<br>Type: 1min<br>Split: train
user39,1min,train,1645,66.524475,-101.8941,-9.765288,-23.846943,User: user39<br>Type: 1min<br>Split: train
user39,1min,train,1646,66.524475,-101.8941,-9.730851,-23.813084,User: user39<br>Type: 1min<br>Split: train
user39,1min,train,1647,66.524475,-101.8941,-9.792358,-23.874117,User: user39<br>Type: 1min<br>Split: train
user39,1min,train,1648,66.524475,-101.8941,-9.746035,-23.827768,User: user39<br>Type: 1min<br>Split: train
user4,1min,train,1649,48.37789,110.34881,6.891953,13.553203,User: user4<br>Type: 1min<br>Split: train
user4,1min,train,1650,48.37789,110.34881,6.881518,13.542496,User: user4<br>Type: 1min<br>Split: train
user4,1min,train,1651,48.37789,110.34881,6.912227,13.573643,User: user4<br>Type: 1min<br>Split: train
user4,1min,train,1652,48.37789,110.34881,6.8809905,13.542187,User: user4<br>Type: 1min<br>Split: train
user4,1min,train,1653,48.37789,110.34881,6.8644767,13.525893,User: user4<br>Type: 1min<br>Split: train
user4,1min,train,1654,48.37789,110.34881,6.90667,13.567868,User: user4<br>Type: 1min<br>Split: train
user4,1min,train,1655,48.37789,110.34881,6.958029,13.619956,User: user4<br>Type: 1min<br>Split: train
user4,1min,train,1656,48.37789,110.34881,6.903419,13.564712,User: user4<br>Type: 1min<br>Split: train
user4,1min,train,1657,48.37789,110.34881,6.9454203,13.607322,User: user4<br>Type: 1min<br>Split: train
user4,1min,train,1658,48.37789,110.34881,6.948507,13.61052,User: user4<br>Type: 1min<br>Split: train
user4,1min,train,1659,48.37789,110.34881,6.867764,13.529042,User: user4<br>Type: 1min<br>Split: train
user4,1min,train,1660,48.37789,110.34881,6.870645,13.531711,User: user4<br>Type: 1min<br>Split: train
user4,1min,train,1661,48.37789,110.34881,6.8800435,13.5414915,User: user4<br>Type: 1min<br>Split: train
user4,1min,train,1662,48.37789,110.34881,6.866373,13.527814,User: user4<br>Type: 1min<br>Split: train
user4,1min,train,1663,48.37789,110.34881,6.909009,13.570007,User: user4<br>Type: 1min<br>Split: train
user4,1min,train,1664,48.37789,110.34881,6.911994,13.572899,User: user4<br>Type: 1min<br>Split: train
user4,1min,train,1665,48.37789,110.34881,6.87216,13.533783,User: user4<br>Type: 1min<br>Split: train
user4,1min,train,1666,48.37789,110.34881,6.962498,13.624291,User: user4<br>Type: 1min<br>Split: train
user4,1min,train,1667,48.37789,110.34881,6.8797126,13.541504,User: user4<br>Type: 1min<br>Split: train
user4,1min,train,1668,48.37789,110.34881,6.8746386,13.535958,User: user4<br>Type: 1min<br>Split: train
user4,1min,train,1669,48.37789,110.34881,6.8995924,13.560777,User: user4<br>Type: 1min<br>Split: train
user4,1min,train,1670,48.37789,110.34881,6.960552,13.622359,User: user4<br>Type: 1min<br>Split: train
user4,1min,train,1671,48.37789,110.34881,6.936598,13.599789,User: user4<br>Type: 1min<br>Split: train
user4,1min,train,1672,48.37789,110.34881,6.9452,13.60723,User: user4<br>Type: 1min<br>Split: train
user4,1min,train,1673,48.37789,110.34881,6.8755975,13.536811,User: user4<br>Type: 1min<br>Split: train
user4,1min,train,1674,48.37789,110.34881,6.8996925,13.560446,User: user4<br>Type: 1min<br>Split: train
user4,1min,train,1675,48.37789,110.34881,6.8734155,13.53518,User: user4<br>Type: 1min<br>Split: train
user4,1min,train,1676,48.37789,110.34881,6.9422455,13.604594,User: user4<br>Type: 1min<br>Split: train
user4,1min,train,1677,48.37789,110.34881,6.9069285,13.568543,User: user4<br>Type: 1min<br>Split: train
user4,1min,train,1678,48.37789,110.34881,6.9335337,13.595207,User: user4<br>Type: 1min<br>Split: train
user4,1min,train,1679,48.37789,110.34881,6.860658,13.522054,User: user4<br>Type: 1min<br>Split: train
user4,1min,train,1680,48.37789,110.34881,6.875165,13.536663,User: user4<br>Type: 1min<br>Split: train
user4,1min,train,1681,48.37789,110.34881,6.8629856,13.52419,User: user4<br>Type: 1min<br>Split: train
user4,1min,train,1682,48.37789,110.34881,6.874846,13.536035,User: user4<br>Type: 1min<br>Split: train
user4,1min,train,1683,48.37789,110.34881,6.9538393,13.615794,User: user4<br>Type: 1min<br>Split: train
user4,1min,train,1684,48.37789,110.34881,6.9477015,13.609939,User: user4<br>Type: 1min<br>Split: train
user4,1min,train,1685,48.37789,110.34881,6.946735,13.609697,User: user4<br>Type: 1min<br>Split: train
user4,1min,train,1686,48.37789,110.34881,6.9480257,13.610133,User: user4<br>Type: 1min<br>Split: train
user4,1min,train,1687,48.37789,110.34881,6.875236,13.536894,User: user4<br>Type: 1min<br>Split: train
user4,1min,train,1688,48.37789,110.34881,6.948544,13.61022,User: user4<br>Type: 1min<br>Split: train
user4,1min,train,1689,48.37789,110.34881,6.8529377,13.513999,User: user4<br>Type: 1min<br>Split: train
user4,1min,train,1690,48.37789,110.34881,6.900064,13.560965,User: user4<br>Type: 1min<br>Split: train
user4,1min,train,1691,48.37789,110.34881,6.9473033,13.609181,User: user4<br>Type: 1min<br>Split: train
user40,1min,train,1692,-194.09854,72.63616,32.724438,17.193853,User: user40<br>Type: 1min<br>Split: train
user40,1min,train,1693,-194.09854,72.63616,32.731606,17.201126,User: user40<br>Type: 1min<br>Split: train
user40,1min,train,1694,-194.09854,72.63616,32.71056,17.180273,User: user40<br>Type: 1min<br>Split: train
user40,1min,train,1695,-194.09854,72.63616,32.723686,17.193338,User: user40<br>Type: 1min<br>Split: train
user40,1min,train,1696,-194.09854,72.63616,32.724087,17.193363,User: user40<br>Type: 1min<br>Split: train
user40,1min,train,1697,-194.09854,72.63616,32.731018,17.20077,User: user40<br>Type: 1min<br>Split: train
user40,1min,train,1698,-194.09854,72.63616,32.72855,17.198093,User: user40<br>Type: 1min<br>Split: train
user40,1min,train,1699,-194.09854,72.63616,32.735123,17.204655,User: user40<br>Type: 1min<br>Split: train
user40,1min,train,1700,-194.09854,72.63616,32.733448,17.202965,User: user40<br>Type: 1min<br>Split: train
user40,1min,train,1701,-194.09854,72.63616,32.738735,17.208242,User: user40<br>Type: 1min<br>Split: train
user40,1min,train,1702,-194.09854,72.63616,32.728127,17.19763,User: user40<br>Type: 1min<br>Split: train
user40,1min,train,1703,-194.09854,72.63616,32.72571,17.195234,User: user40<br>Type: 1min<br>Split: train
user40,1min,train,1704,-194.09854,72.63616,32.734787,17.204239,User: user40<br>Type: 1min<br>Split: train
user40,1min,train,1705,-194.09854,72.63616,32.722816,17.192299,User: user40<br>Type: 1min<br>Split: train
user40,1min,train,1706,-194.09854,72.63616,32.729767,17.199259,User: user40<br>Type: 1min<br>Split: train
user40,1min,train,1707,-194.09854,72.63616,32.730324,17.199825,User: user40<br>Type: 1min<br>Split: train
user40,1min,train,1708,-194.09854,72.63616,32.72857,17.198166,User: user40<br>Type: 1min<br>Split: train
user40,1min,train,1709,-194.09854,72.63616,32.752262,17.221912,User: user40<br>Type: 1min<br>Split: train
user40,1min,train,1710,-194.09854,72.63616,32.731697,17.201233,User: user40<br>Type: 1min<br>Split: train
user40,1min,train,1711,-194.09854,72.63616,32.72921,17.198793,User: user40<br>Type: 1min<br>Split: train
user40,1min,train,1712,-194.09854,72.63616,32.73391,17.20355,User: user40<br>Type: 1min<br>Split: train
user40,1min,train,1713,-194.09854,72.63616,32.76799,17.237328,User: user40<br>Type: 1min<br>Split: train
user40,1min,train,1714,-194.09854,72.63616,32.740467,17.20996,User: user40<br>Type: 1min<br>Split: train
user40,1min,train,1715,-194.09854,72.63616,32.74374,17.213388,User: user40<br>Type: 1min<br>Split: train
user40,1min,train,1716,-194.09854,72.63616,32.7303,17.199986,User: user40<br>Type: 1min<br>Split: train
user40,1min,train,1717,-194.09854,72.63616,32.739517,17.20653,User: user40<br>Type: 1min<br>Split: train
user40,1min,train,1718,-194.09854,72.63616,32.705128,17.174736,User: user40<br>Type: 1min<br>Split: train
user40,1min,train,1719,-194.09854,72.63616,32.730045,17.199629,User: user40<br>Type: 1min<br>Split: train
user40,1min,train,1720,-194.09854,72.63616,32.7011,17.170683,User: user40<br>Type: 1min<br>Split: train
user40,1min,train,1721,-194.09854,72.63616,32.746716,17.216434,User: user40<br>Type: 1min<br>Split: train
user40,1min,train,1722,-194.09854,72.63616,32.73675,17.20574,User: user40<br>Type: 1min<br>Split: train
user40,1min,train,1723,-194.09854,72.63616,32.73036,17.19992,User: user40<br>Type: 1min<br>Split: train
user40,1min,train,1724,-194.09854,72.63616,32.727364,17.196764,User: user40<br>Type: 1min<br>Split: train
user40,1min,train,1725,-194.09854,72.63616,32.715816,17.185354,User: user40<br>Type: 1min<br>Split: train
user40,1min,train,1726,-194.09854,72.63616,32.71159,17.181107,User: user40<br>Type: 1min<br>Split: train
user40,1min,train,1727,-194.09854,72.63616,32.72256,17.192114,User: user40<br>Type: 1min<br>Split: train
user40,1min,train,1728,-194.09854,72.63616,32.72912,17.198719,User: user40<br>Type: 1min<br>Split: train
user40,1min,train,1729,-194.09854,72.63616,32.72987,17.199438,User: user40<br>Type: 1min<br>Split: train
user40,1min,train,1730,-194.09854,72.63616,32.728687,17.198137,User: user40<br>Type: 1min<br>Split: train
user40,1min,train,1731,-194.09854,72.63616,32.70637,17.175957,User: user40<br>Type: 1min<br>Split: train
user40,1min,train,1732,-194.09854,72.63616,32.73124,17.199903,User: user40<br>Type: 1min<br>Split: train
user40,1min,train,1733,-194.09854,72.63616,32.71533,17.18488,User: user40<br>Type: 1min<br>Split: train
user40,1min,train,1734,-194.09854,72.63616,32.733864,17.203423,User: user40<br>Type: 1min<br>Split: train
user40,1min,train,1735,-194.09854,72.63616,32.71461,17.184196,User: user40<br>Type: 1min<br>Split: train
user40,1min,train,1736,-194.09854,72.63616,32.738506,17.208086,User: user40<br>Type: 1min<br>Split: train
user40,1min,train,1737,-194.09854,72.63616,32.74152,17.211323,User: user40<br>Type: 1min<br>Split: train
user41,1min,train,1738,-42.684586,150.36568,-11.769255,8.856133,User: user41<br>Type: 1min<br>Split: train
user41,1min,train,1739,-42.684586,150.36568,-11.768768,8.85617,User: user41<br>Type: 1min<br>Split: train
user41,1min,train,1740,-42.684586,150.36568,-11.768999,8.854608,User: user41<br>Type: 1min<br>Split: train
user41,1min,train,1741,-42.684586,150.36568,7.9598603,19.173994,User: user41<br>Type: 1min<br>Split: train
user41,1min,train,1742,-42.684586,150.36568,7.9625554,19.165606,User: user41<br>Type: 1min<br>Split: train
user41,1min,train,1743,-42.684586,150.36568,7.9599957,19.173687,User: user41<br>Type: 1min<br>Split: train
user41,1min,train,1744,-42.684586,150.36568,-11.768811,8.8561,User: user41<br>Type: 1min<br>Split: train
user41,1min,train,1745,-42.684586,150.36568,-11.768762,8.856126,User: user41<br>Type: 1min<br>Split: train
user41,1min,train,1746,-42.684586,150.36568,7.9597244,19.174202,User: user41<br>Type: 1min<br>Split: train
user41,1min,train,1747,-42.684586,150.36568,7.959944,19.17312,User: user41<br>Type: 1min<br>Split: train
user41,1min,train,1748,-42.684586,150.36568,-11.768736,8.856022,User: user41<br>Type: 1min<br>Split: train
user41,1min,train,1749,-42.684586,150.36568,-11.765116,8.855638,User: user41<br>Type: 1min<br>Split: train
user41,1min,train,1750,-42.684586,150.36568,7.959731,19.173735,User: user41<br>Type: 1min<br>Split: train
user41,1min,train,1751,-42.684586,150.36568,7.9597054,19.173704,User: user41<br>Type: 1min<br>Split: train
user41,1min,train,1752,-42.684586,150.36568,-11.768673,8.8562155,User: user41<br>Type: 1min<br>Split: train
user41,1min,train,1753,-42.684586,150.36568,7.959573,19.17841,User: user41<br>Type: 1min<br>Split: train
user41,1min,train,1754,-42.684586,150.36568,7.9598637,19.173946,User: user41<br>Type: 1min<br>Split: train
user41,1min,train,1755,-42.684586,150.36568,7.959845,19.173603,User: user41<br>Type: 1min<br>Split: train
user41,1min,train,1756,-42.684586,150.36568,-11.768768,8.856194,User: user41<br>Type: 1min<br>Split: train
user41,1min,train,1757,-42.684586,150.36568,7.959865,19.174004,User: user41<br>Type: 1min<br>Split: train
user41,1min,train,1758,-42.684586,150.36568,-11.775396,8.8578825,User: user41<br>Type: 1min<br>Split: train
user41,1min,train,1759,-42.684586,150.36568,7.9598308,19.173857,User: user41<br>Type: 1min<br>Split: train
user41,1min,train,1760,-42.684586,150.36568,-11.77967,8.866724,User: user41<br>Type: 1min<br>Split: train
user41,1min,train,1761,-42.684586,150.36568,-11.770272,8.856609,User: user41<br>Type: 1min<br>Split: train
user41,1min,train,1762,-42.684586,150.36568,7.9599004,19.173841,User: user41<br>Type: 1min<br>Split: train
user41,1min,train,1763,-42.684586,150.36568,-11.769228,8.856714,User: user41<br>Type: 1min<br>Split: train
user41,1min,train,1764,-42.684586,150.36568,7.9596033,19.174131,User: user41<br>Type: 1min<br>Split: train
user41,1min,train,1765,-42.684586,150.36568,7.9582524,19.173794,User: user41<br>Type: 1min<br>Split: train
user41,1min,train,1766,-42.684586,150.36568,-11.769128,8.856083,User: user41<br>Type: 1min<br>Split: train
user41,1min,train,1767,-42.684586,150.36568,7.961846,19.164318,User: user41<br>Type: 1min<br>Split: train
user41,1min,train,1768,-42.684586,150.36568,-11.74711,8.833889,User: user41<br>Type: 1min<br>Split: train
user41,1min,train,1769,-42.684586,150.36568,-11.772779,8.855767,User: user41<br>Type: 1min<br>Split: train
user41,1min,train,1770,-42.684586,150.36568,-11.762415,8.855733,User: user41<br>Type: 1min<br>Split: train
user41,1min,train,1771,-42.684586,150.36568,-11.768731,8.855855,User: user41<br>Type: 1min<br>Split: train
user41,1min,train,1772,-42.684586,150.36568,7.9598,19.174019,User: user41<br>Type: 1min<br>Split: train
user41,1min,train,1773,-42.684586,150.36568,7.9602466,19.173548,User: user41<br>Type: 1min<br>Split: train
user41,1min,train,1774,-42.684586,150.36568,7.9595575,19.17374,User: user41<br>Type: 1min<br>Split: train
user41,1min,train,1775,-42.684586,150.36568,7.959724,19.17478,User: user41<br>Type: 1min<br>Split: train
user41,1min,train,1776,-42.684586,150.36568,-11.768618,8.856044,User: user41<br>Type: 1min<br>Split: train
user41,1min,train,1777,-42.684586,150.36568,7.959975,19.173779,User: user41<br>Type: 1min<br>Split: train
user42,1min,train,1778,152.8267,24.15739,2.9013832,-4.115406,User: user42<br>Type: 1min<br>Split: train
user42,1min,train,1779,152.8267,24.15739,2.9059656,-4.120431,User: user42<br>Type: 1min<br>Split: train
user42,1min,train,1780,152.8267,24.15739,2.9060032,-4.120071,User: user42<br>Type: 1min<br>Split: train
user42,1min,train,1781,152.8267,24.15739,2.9012263,-4.115367,User: user42<br>Type: 1min<br>Split: train
user42,1min,train,1782,152.8267,24.15739,2.9092448,-4.123638,User: user42<br>Type: 1min<br>Split: train
user42,1min,train,1783,152.8267,24.15739,2.9085267,-4.122666,User: user42<br>Type: 1min<br>Split: train
user42,1min,train,1784,152.8267,24.15739,2.8987856,-4.1130357,User: user42<br>Type: 1min<br>Split: train
user42,1min,train,1785,152.8267,24.15739,2.9007187,-4.1147676,User: user42<br>Type: 1min<br>Split: train
user42,1min,train,1786,152.8267,24.15739,2.89119,-4.1051126,User: user42<br>Type: 1min<br>Split: train
user42,1min,train,1787,152.8267,24.15739,2.9061925,-4.120184,User: user42<br>Type: 1min<br>Split: train
user42,1min,train,1788,152.8267,24.15739,2.8973892,-4.1109347,User: user42<br>Type: 1min<br>Split: train
user42,1min,train,1789,152.8267,24.15739,2.9100547,-4.124388,User: user42<br>Type: 1min<br>Split: train
user42,1min,train,1790,152.8267,24.15739,2.8916748,-4.1052737,User: user42<br>Type: 1min<br>Split: train
user42,1min,train,1791,152.8267,24.15739,2.901361,-4.115466,User: user42<br>Type: 1min<br>Split: train
user42,1min,train,1792,152.8267,24.15739,2.9200106,-4.132907,User: user42<br>Type: 1min<br>Split: train
user42,1min,train,1793,152.8267,24.15739,2.9108365,-4.125107,User: user42<br>Type: 1min<br>Split: train
user42,1min,train,1794,152.8267,24.15739,2.9191976,-4.1332273,User: user42<br>Type: 1min<br>Split: train
user42,1min,train,1795,152.8267,24.15739,2.9150832,-4.132954,User: user42<br>Type: 1min<br>Split: train
user42,1min,train,1796,152.8267,24.15739,2.8990912,-4.112942,User: user42<br>Type: 1min<br>Split: train
user42,1min,train,1797,152.8267,24.15739,2.892433,-4.106435,User: user42<br>Type: 1min<br>Split: train
user42,1min,train,1798,152.8267,24.15739,2.9201307,-4.1343446,User: user42<br>Type: 1min<br>Split: train
user42,1min,train,1799,152.8267,24.15739,2.887564,-4.1026692,User: user42<br>Type: 1min<br>Split: train
user42,1min,train,1800,152.8267,24.15739,2.898315,-4.111925,User: user42<br>Type: 1min<br>Split: train
user42,1min,train,1801,152.8267,24.15739,2.8943121,-4.108571,User: user42<br>Type: 1min<br>Split: train
user42,1min,train,1802,152.8267,24.15739,2.8783782,-4.0921693,User: user42<br>Type: 1min<br>Split: train
user42,1min,train,1803,152.8267,24.15739,2.9614031,-4.175703,User: user42<br>Type: 1min<br>Split: train
user42,1min,train,1804,152.8267,24.15739,2.8860657,-4.0996385,User: user42<br>Type: 1min<br>Split: train
user42,1min,train,1805,152.8267,24.15739,2.883524,-4.0873084,User: user42<br>Type: 1min<br>Split: train
user42,1min,train,1806,152.8267,24.15739,2.895217,-4.109208,User: user42<br>Type: 1min<br>Split: train
user42,1min,train,1807,152.8267,24.15739,2.9413989,-4.156209,User: user42<br>Type: 1min<br>Split: train
user42,1min,train,1808,152.8267,24.15739,2.8876843,-4.1019015,User: user42<br>Type: 1min<br>Split: train
user42,1min,train,1809,152.8267,24.15739,2.9132302,-4.1276045,User: user42<br>Type: 1min<br>Split: train
user42,1min,train,1810,152.8267,24.15739,2.9093392,-4.1232977,User: user42<br>Type: 1min<br>Split: train
user42,1min,train,1811,152.8267,24.15739,2.9157462,-4.1305842,User: user42<br>Type: 1min<br>Split: train
user42,1min,train,1812,152.8267,24.15739,2.9143221,-4.1287766,User: user42<br>Type: 1min<br>Split: train
user42,1min,train,1813,152.8267,24.15739,2.9307466,-4.1457033,User: user42<br>Type: 1min<br>Split: train
user42,1min,train,1814,152.8267,24.15739,2.9067376,-4.120519,User: user42<br>Type: 1min<br>Split: train
user42,1min,train,1815,152.8267,24.15739,2.899675,-4.1137543,User: user42<br>Type: 1min<br>Split: train
user42,1min,train,1816,152.8267,24.15739,2.9006689,-4.116632,User: user42<br>Type: 1min<br>Split: train
user42,1min,train,1817,152.8267,24.15739,2.8881874,-4.102232,User: user42<br>Type: 1min<br>Split: train
user42,1min,train,1818,152.8267,24.15739,2.9254441,-4.1400642,User: user42<br>Type: 1min<br>Split: train
user42,1min,train,1819,152.8267,24.15739,2.8996325,-4.113454,User: user42<br>Type: 1min<br>Split: train
user42,1min,train,1820,152.8267,24.15739,2.8972387,-4.110487,User: user42<br>Type: 1min<br>Split: train
user42,1min,train,1821,152.8267,24.15739,2.923258,-4.1383495,User: user42<br>Type: 1min<br>Split: train
user42,1min,train,1822,152.8267,24.15739,2.908577,-4.1223655,User: user42<br>Type: 1min<br>Split: train
user42,1min,train,1823,152.8267,24.15739,2.9002848,-4.1143293,User: user42<br>Type: 1min<br>Split: train
user42,1min,train,1824,152.8267,24.15739,2.9172728,-4.131895,User: user42<br>Type: 1min<br>Split: train
user43,1min,train,1825,59.53925,145.67554,-7.2819886,8.970505,User: user43<br>Type: 1min<br>Split: train
user43,1min,train,1826,59.53925,145.67554,8.336982,-8.696324,User: user43<br>Type: 1min<br>Split: train
user43,1min,train,1827,59.53925,145.67554,8.33731,-8.695806,User: user43<br>Type: 1min<br>Split: train
user43,1min,train,1828,59.53925,145.67554,-7.2819695,8.9703665,User: user43<br>Type: 1min<br>Split: train
user43,1min,train,1829,59.53925,145.67554,-7.282619,8.970166,User: user43<br>Type: 1min<br>Split: train
user43,1min,train,1830,59.53925,145.67554,-7.2820406,8.970389,User: user43<br>Type: 1min<br>Split: train
user43,1min,train,1831,59.53925,145.67554,8.337788,-8.69803,User: user43<br>Type: 1min<br>Split: train
user43,1min,train,1832,59.53925,145.67554,8.3369875,-8.696775,User: user43<br>Type: 1min<br>Split: train
user43,1min,train,1833,59.53925,145.67554,-7.294604,8.965193,User: user43<br>Type: 1min<br>Split: train
user43,1min,train,1834,59.53925,145.67554,8.336817,-8.69641,User: user43<br>Type: 1min<br>Split: train
user43,1min,train,1835,59.53925,145.67554,-7.281888,8.970069,User: user43<br>Type: 1min<br>Split: train
user43,1min,train,1836,59.53925,145.67554,8.336892,-8.697078,User: user43<br>Type: 1min<br>Split: train
user43,1min,train,1837,59.53925,145.67554,-7.282779,8.970017,User: user43<br>Type: 1min<br>Split: train
user43,1min,train,1838,59.53925,145.67554,-7.2823687,8.970139,User: user43<br>Type: 1min<br>Split: train
user43,1min,train,1839,59.53925,145.67554,8.337039,-8.696738,User: user43<br>Type: 1min<br>Split: train
user43,1min,train,1840,59.53925,145.67554,8.336995,-8.696578,User: user43<br>Type: 1min<br>Split: train
user43,1min,train,1841,59.53925,145.67554,-7.277401,8.959342,User: user43<br>Type: 1min<br>Split: train
user43,1min,train,1842,59.53925,145.67554,-7.2831197,8.969115,User: user43<br>Type: 1min<br>Split: train
user43,1min,train,1843,59.53925,145.67554,8.337552,-8.698164,User: user43<br>Type: 1min<br>Split: train
user43,1min,train,1844,59.53925,145.67554,8.337064,-8.696723,User: user43<br>Type: 1min<br>Split: train
user43,1min,train,1845,59.53925,145.67554,-7.282422,8.969954,User: user43<br>Type: 1min<br>Split: train
user43,1min,train,1846,59.53925,145.67554,-7.2822237,8.970019,User: user43<br>Type: 1min<br>Split: train
user43,1min,train,1847,59.53925,145.67554,-7.2823787,8.969926,User: user43<br>Type: 1min<br>Split: train
user43,1min,train,1848,59.53925,145.67554,-7.284018,8.968232,User: user43<br>Type: 1min<br>Split: train
user43,1min,train,1849,59.53925,145.67554,8.337754,-8.703192,User: user43<br>Type: 1min<br>Split: train
user43,1min,train,1850,59.53925,145.67554,-7.2824535,8.969898,User: user43<br>Type: 1min<br>Split: train
user43,1min,train,1851,59.53925,145.67554,8.337649,-8.697683,User: user43<br>Type: 1min<br>Split: train
user43,1min,train,1852,59.53925,145.67554,8.3370695,-8.696994,User: user43<br>Type: 1min<br>Split: train
user43,1min,train,1853,59.53925,145.67554,8.337036,-8.696827,User: user43<br>Type: 1min<br>Split: train
user43,1min,train,1854,59.53925,145.67554,8.337129,-8.696746,User: user43<br>Type: 1min<br>Split: train
user43,1min,train,1855,59.53925,145.67554,8.337094,-8.697078,User: user43<br>Type: 1min<br>Split: train
user43,1min,train,1856,59.53925,145.67554,-7.2831306,8.97082,User: user43<br>Type: 1min<br>Split: train
user43,1min,train,1857,59.53925,145.67554,-7.2825065,8.969758,User: user43<br>Type: 1min<br>Split: train
user43,1min,train,1858,59.53925,145.67554,8.337236,-8.696981,User: user43<br>Type: 1min<br>Split: train
user43,1min,train,1859,59.53925,145.67554,-7.282462,8.969976,User: user43<br>Type: 1min<br>Split: train
user43,1min,train,1860,59.53925,145.67554,8.336582,-8.695643,User: user43<br>Type: 1min<br>Split: train
user43,1min,train,1861,59.53925,145.67554,8.336542,-8.701781,User: user43<br>Type: 1min<br>Split: train
user43,1min,train,1862,59.53925,145.67554,-7.2831483,8.970576,User: user43<br>Type: 1min<br>Split: train
user43,1min,train,1863,59.53925,145.67554,-7.2824445,8.969633,User: user43<br>Type: 1min<br>Split: train
user44,1min,train,1864,-72.805145,19.469667,-24.375418,14.285129,User: user44<br>Type: 1min<br>Split: train
user44,1min,train,1865,-72.805145,19.469667,-24.385595,14.275077,User: user44<br>Type: 1min<br>Split: train
user44,1min,train,1866,-72.805145,19.469667,-24.388145,14.272495,User: user44<br>Type: 1min<br>Split: train
user44,1min,train,1867,-72.805145,19.469667,-24.38216,14.278466,User: user44<br>Type: 1min<br>Split: train
user44,1min,train,1868,-72.805145,19.469667,-24.381496,14.279134,User: user44<br>Type: 1min<br>Split: train
user44,1min,train,1869,-72.805145,19.469667,-24.392458,14.2679615,User: user44<br>Type: 1min<br>Split: train
user44,1min,train,1870,-72.805145,19.469667,-24.37524,14.285271,User: user44<br>Type: 1min<br>Split: train
user44,1min,train,1871,-72.805145,19.469667,-24.380392,14.280259,User: user44<br>Type: 1min<br>Split: train
user44,1min,train,1872,-72.805145,19.469667,-24.381905,14.278745,User: user44<br>Type: 1min<br>Split: train
user44,1min,train,1873,-72.805145,19.469667,-24.383474,14.277187,User: user44<br>Type: 1min<br>Split: train
user44,1min,train,1874,-72.805145,19.469667,-24.380892,14.279789,User: user44<br>Type: 1min<br>Split: train
user44,1min,train,1875,-72.805145,19.469667,-24.381552,14.279127,User: user44<br>Type: 1min<br>Split: train
user44,1min,train,1876,-72.805145,19.469667,-24.388842,14.27191,User: user44<br>Type: 1min<br>Split: train
user44,1min,train,1877,-72.805145,19.469667,-24.353573,14.307043,User: user44<br>Type: 1min<br>Split: train
user44,1min,train,1878,-72.805145,19.469667,-24.398935,14.261617,User: user44<br>Type: 1min<br>Split: train
user44,1min,train,1879,-72.805145,19.469667,-24.381308,14.279268,User: user44<br>Type: 1min<br>Split: train
user44,1min,train,1880,-72.805145,19.469667,-24.3751,14.285426,User: user44<br>Type: 1min<br>Split: train
user44,1min,train,1881,-72.805145,19.469667,-24.381252,14.279302,User: user44<br>Type: 1min<br>Split: train
user44,1min,train,1882,-72.805145,19.469667,-24.37423,14.28629,User: user44<br>Type: 1min<br>Split: train
user44,1min,train,1883,-72.805145,19.469667,-24.380661,14.279872,User: user44<br>Type: 1min<br>Split: train
user44,1min,train,1884,-72.805145,19.469667,-24.38131,14.279233,User: user44<br>Type: 1min<br>Split: train
user44,1min,train,1885,-72.805145,19.469667,-24.358688,14.301845,User: user44<br>Type: 1min<br>Split: train
user44,1min,train,1886,-75.87119,10.77022,-24.367945,14.292822,User: user44<br>Type: 1min<br>Split: train
user44,1min,train,1887,-75.87119,10.77022,-24.395239,14.265489,User: user44<br>Type: 1min<br>Split: train
user44,1min,train,1888,-72.805145,19.469667,-24.404922,14.256916,User: user44<br>Type: 1min<br>Split: train
user44,1min,train,1889,-72.805145,19.469667,-24.380848,14.279717,User: user44<br>Type: 1min<br>Split: train
user44,1min,train,1890,-72.805145,19.469667,-24.369127,14.291421,User: user44<br>Type: 1min<br>Split: train
user44,1min,train,1891,-72.805145,19.469667,-24.356434,14.304249,User: user44<br>Type: 1min<br>Split: train
user44,1min,train,1892,-72.805145,19.469667,-24.379164,14.281907,User: user44<br>Type: 1min<br>Split: train
user44,1min,train,1893,-72.805145,19.469667,-24.380243,14.280447,User: user44<br>Type: 1min<br>Split: train
user44,1min,train,1894,-72.805145,19.469667,-24.404936,14.255676,User: user44<br>Type: 1min<br>Split: train
user44,1min,train,1895,-67.56247,16.607391,-24.382507,14.278201,User: user44<br>Type: 1min<br>Split: train
user44,1min,train,1896,-72.805145,19.469667,-24.403017,14.257726,User: user44<br>Type: 1min<br>Split: train
user44,1min,train,1897,-72.805145,19.469667,-24.352554,14.308133,User: user44<br>Type: 1min<br>Split: train
user44,1min,train,1898,-67.56247,16.607391,-24.377012,14.283962,User: user44<br>Type: 1min<br>Split: train
user44,1min,train,1899,-67.56247,16.607391,-24.414953,14.245725,User: user44<br>Type: 1min<br>Split: train
user44,1min,train,1900,-67.56247,16.607391,-24.40725,14.253399,User: user44<br>Type: 1min<br>Split: train
user44,1min,train,1901,-67.56247,16.607391,-24.38001,14.280679,User: user44<br>Type: 1min<br>Split: train
user44,1min,train,1902,-67.56247,16.607391,-24.390635,14.270043,User: user44<br>Type: 1min<br>Split: train
user44,1min,train,1903,-72.805145,19.469667,-24.421068,14.239578,User: user44<br>Type: 1min<br>Split: train
user44,1min,train,1904,-67.56247,16.607391,-24.38794,14.27323,User: user44<br>Type: 1min<br>Split: train
user44,1min,train,1905,-72.805145,19.469667,-24.404476,14.256143,User: user44<br>Type: 1min<br>Split: train
user44,1min,train,1906,-72.805145,19.469667,-24.374561,14.286312,User: user44<br>Type: 1min<br>Split: train
user44,1min,train,1907,-72.805145,19.469667,-24.383411,14.277285,User: user44<br>Type: 1min<br>Split: train
user44,1min,train,1908,-72.805145,19.469667,-24.383278,14.277407,User: user44<br>Type: 1min<br>Split: train
user44,1min,train,1909,-72.805145,19.469667,-24.396923,14.263809,User: user44<br>Type: 1min<br>Split: train
user44,1min,train,1910,-72.805145,19.469667,-24.366236,14.294419,User: user44<br>Type: 1min<br>Split: train
user44,1min,train,1911,-72.805145,19.469667,-24.370043,14.290608,User: user44<br>Type: 1min<br>Split: train
user44,1min,train,1912,-72.805145,19.469667,-24.35273,14.30783,User: user44<br>Type: 1min<br>Split: train
user44,1min,train,1913,-72.805145,19.469667,-24.371813,14.288848,User: user44<br>Type: 1min<br>Split: train
user45,1min,train,1914,121.629715,41.312,35.857895,-1.1402572,User: user45<br>Type: 1min<br>Split: train
user45,1min,train,1915,121.629715,41.312,35.865303,-1.147702,User: user45<br>Type: 1min<br>Split: train
user45,1min,train,1916,106.04101,40.180244,35.854683,-1.1369808,User: user45<br>Type: 1min<br>Split: train
user45,1min,train,1917,106.04101,40.180244,35.858925,-1.1412386,User: user45<br>Type: 1min<br>Split: train
user45,1min,train,1918,114.780785,37.04808,35.857582,-1.1399314,User: user45<br>Type: 1min<br>Split: train
user45,1min,train,1919,114.780785,37.04808,35.858215,-1.1405954,User: user45<br>Type: 1min<br>Split: train
user45,1min,train,1920,106.04101,40.180244,35.860783,-1.1431818,User: user45<br>Type: 1min<br>Split: train
user45,1min,train,1921,106.04101,40.180244,35.860046,-1.1424233,User: user45<br>Type: 1min<br>Split: train
user45,1min,train,1922,106.04101,40.180244,35.85711,-1.1398008,User: user45<br>Type: 1min<br>Split: train
user45,1min,train,1923,106.04101,40.180244,35.860382,-1.1404729,User: user45<br>Type: 1min<br>Split: train
user45,1min,train,1924,106.04101,40.180244,35.847965,-1.1302491,User: user45<br>Type: 1min<br>Split: train
user45,1min,train,1925,121.629715,41.312,35.85308,-1.1353716,User: user45<br>Type: 1min<br>Split: train
user45,1min,train,1926,106.04101,40.180244,35.86102,-1.1433055,User: user45<br>Type: 1min<br>Split: train
user45,1min,train,1927,106.04101,40.180244,35.853893,-1.136154,User: user45<br>Type: 1min<br>Split: train
user45,1min,train,1928,106.04101,40.180244,35.863926,-1.1461347,User: user45<br>Type: 1min<br>Split: train
user45,1min,train,1929,106.04101,40.180244,35.89136,-1.1736044,User: user45<br>Type: 1min<br>Split: train
user45,1min,train,1930,106.04101,40.180244,35.857246,-1.1395149,User: user45<br>Type: 1min<br>Split: train
user45,1min,train,1931,106.04101,40.180244,35.85394,-1.1362222,User: user45<br>Type: 1min<br>Split: train
user45,1min,train,1932,121.629715,41.312,35.85711,-1.1393659,User: user45<br>Type: 1min<br>Split: train
user45,1min,train,1933,106.57482,14.90609,35.856556,-1.1388546,User: user45<br>Type: 1min<br>Split: train
user45,1min,train,1934,106.04101,40.180244,35.87964,-1.1619819,User: user45<br>Type: 1min<br>Split: train
user45,1min,train,1935,106.04101,40.180244,35.860012,-1.1425673,User: user45<br>Type: 1min<br>Split: train
user45,1min,train,1936,106.57482,14.90609,35.85389,-1.1361563,User: user45<br>Type: 1min<br>Split: train
user45,1min,train,1937,106.57482,14.90609,35.857452,-1.1396008,User: user45<br>Type: 1min<br>Split: train
user45,1min,train,1938,106.57482,14.90609,35.867897,-1.1502296,User: user45<br>Type: 1min<br>Split: train
user45,1min,train,1939,106.57482,14.90609,35.83985,-1.1221114,User: user45<br>Type: 1min<br>Split: train
user45,1min,train,1940,106.04101,40.180244,35.871128,-1.1534885,User: user45<br>Type: 1min<br>Split: train
user45,1min,train,1941,106.04101,40.180244,35.85766,-1.1399425,User: user45<br>Type: 1min<br>Split: train
user45,1min,train,1942,106.04101,40.180244,35.838593,-1.1206752,User: user45<br>Type: 1min<br>Split: train
user45,1min,train,1943,106.57482,14.90609,35.85706,-1.1393334,User: user45<br>Type: 1min<br>Split: train
user45,1min,train,1944,106.57482,14.90609,35.857025,-1.1392672,User: user45<br>Type: 1min<br>Split: train
user45,1min,train,1945,106.57482,14.90609,35.857044,-1.1393301,User: user45<br>Type: 1min<br>Split: train
user45,1min,train,1946,106.57482,14.90609,35.837143,-1.1194218,User: user45<br>Type: 1min<br>Split: train
user45,1min,train,1947,106.57482,14.90609,35.856358,-1.1385856,User: user45<br>Type: 1min<br>Split: train
user45,1min,train,1948,106.57482,14.90609,35.856403,-1.1386788,User: user45<br>Type: 1min<br>Split: train
user45,1min,train,1949,106.57482,14.90609,35.857857,-1.1400679,User: user45<br>Type: 1min<br>Split: train
user45,1min,train,1950,114.780785,37.04808,35.856037,-1.1382304,User: user45<br>Type: 1min<br>Split: train
user45,1min,train,1951,114.780785,37.04808,35.82979,-1.1118554,User: user45<br>Type: 1min<br>Split: train
user45,1min,train,1952,126.132614,32.54707,35.855495,-1.1376821,User: user45<br>Type: 1min<br>Split: train
user45,1min,train,1953,126.132614,32.54707,35.855713,-1.137801,User: user45<br>Type: 1min<br>Split: train
user45,1min,train,1954,121.629715,41.312,35.859158,-1.1412092,User: user45<br>Type: 1min<br>Split: train
user45,1min,train,1955,121.629715,41.312,35.8559,-1.1380867,User: user45<br>Type: 1min<br>Split: train
user45,1min,train,1956,126.132614,32.54707,35.85352,-1.1360168,User: user45<br>Type: 1min<br>Split: train
user46,1min,train,1957,-49.02953,30.212856,-17.213293,-6.1674466,User: user46<br>Type: 1min<br>Split: train
user46,1min,train,1958,-49.02953,30.212856,-17.20515,-6.171949,User: user46<br>Type: 1min<br>Split: train
user46,1min,train,1959,-49.02953,30.212856,-8.435786,-8.555074,User: user46<br>Type: 1min<br>Split: train
user46,1min,train,1960,-49.02953,30.212856,-17.212952,-6.1676846,User: user46<br>Type: 1min<br>Split: train
user46,1min,train,1961,-49.02953,30.212856,-17.212923,-6.1677237,User: user46<br>Type: 1min<br>Split: train
user46,1min,train,1962,-49.02953,30.212856,-8.443538,-8.547441,User: user46<br>Type: 1min<br>Split: train
user46,1min,train,1963,-49.02953,30.212856,-8.441856,-8.549033,User: user46<br>Type: 1min<br>Split: train
user46,1min,train,1964,-49.02953,30.212856,-8.441814,-8.549061,User: user46<br>Type: 1min<br>Split: train
user46,1min,train,1965,-49.02953,30.212856,-17.212967,-6.1677055,User: user46<br>Type: 1min<br>Split: train
user46,1min,train,1966,-49.02953,30.212856,-8.441938,-8.548901,User: user46<br>Type: 1min<br>Split: train
user46,1min,train,1967,-49.02953,30.212856,-17.21285,-6.1678767,User: user46<br>Type: 1min<br>Split: train
user46,1min,train,1968,-49.02953,30.212856,-8.442112,-8.548354,User: user46<br>Type: 1min<br>Split: train
user46,1min,train,1969,-49.02953,30.212856,-17.239449,-6.1412115,User: user46<br>Type: 1min<br>Split: train
user46,1min,train,1970,-49.02953,30.212856,-17.213303,-6.1673055,User: user46<br>Type: 1min<br>Split: train
user46,1min,train,1971,-49.02953,30.212856,-17.213007,-6.167692,User: user46<br>Type: 1min<br>Split: train
user46,1min,train,1972,-49.02953,30.212856,-8.457532,-8.533091,User: user46<br>Type: 1min<br>Split: train
user46,1min,train,1973,-49.02953,30.212856,-17.212997,-6.1676655,User: user46<br>Type: 1min<br>Split: train
user46,1min,train,1974,-49.02953,30.212856,-17.21061,-6.1701636,User: user46<br>Type: 1min<br>Split: train
user46,1min,train,1975,-49.02953,30.212856,-8.442481,-8.548446,User: user46<br>Type: 1min<br>Split: train
user46,1min,train,1976,-49.02953,30.212856,-8.4412775,-8.549711,User: user46<br>Type: 1min<br>Split: train
user46,1min,train,1977,-49.02953,30.212856,-17.214556,-6.165945,User: user46<br>Type: 1min<br>Split: train
user46,1min,train,1978,-49.02953,30.212856,-17.213087,-6.167586,User: user46<br>Type: 1min<br>Split: train
user46,1min,train,1979,-49.02953,30.212856,-17.212841,-6.168211,User: user46<br>Type: 1min<br>Split: train
user46,1min,train,1980,-49.02953,30.212856,-17.213148,-6.1675577,User: user46<br>Type: 1min<br>Split: train
user46,1min,train,1981,-49.02953,30.212856,-17.213478,-6.1670623,User: user46<br>Type: 1min<br>Split: train
user46,1min,train,1982,-50.335964,40.782356,-8.44218,-8.548742,User: user46<br>Type: 1min<br>Split: train
user46,1min,train,1983,-50.335964,40.782356,-8.442197,-8.54878,User: user46<br>Type: 1min<br>Split: train
user46,1min,train,1984,-45.33721,34.98956,-8.434406,-8.556761,User: user46<br>Type: 1min<br>Split: train
user46,1min,train,1985,-45.33721,34.98956,-8.442158,-8.548566,User: user46<br>Type: 1min<br>Split: train
user46,1min,train,1986,-45.33721,34.98956,-17.213531,-6.1671886,User: user46<br>Type: 1min<br>Split: train
user46,1min,train,1987,-49.02953,30.212856,-8.439194,-8.551903,User: user46<br>Type: 1min<br>Split: train
user46,1min,train,1988,-45.33721,34.98956,-8.457572,-8.533331,User: user46<br>Type: 1min<br>Split: train
user46,1min,train,1989,-45.33721,34.98956,-17.213505,-6.167157,User: user46<br>Type: 1min<br>Split: train
user46,1min,train,1990,-45.33721,34.98956,-8.449512,-8.540618,User: user46<br>Type: 1min<br>Split: train
user46,1min,train,1991,-45.33721,34.98956,-8.432996,-8.557706,User: user46<br>Type: 1min<br>Split: train
user46,1min,train,1992,-45.33721,34.98956,-17.213512,-6.167114,User: user46<br>Type: 1min<br>Split: train
user46,1min,train,1993,-45.33721,34.98956,-17.213552,-6.1671114,User: user46<br>Type: 1min<br>Split: train
user46,1min,train,1994,-45.33721,34.98956,-8.441499,-8.5493765,User: user46<br>Type: 1min<br>Split: train
user46,1min,train,1995,-49.02953,30.212856,-8.441829,-8.549368,User: user46<br>Type: 1min<br>Split: train
user46,1min,train,1996,-49.02953,30.212856,-17.186043,-6.1911364,User: user46<br>Type: 1min<br>Split: train
user46,1min,train,1997,-49.02953,30.212856,-17.213507,-6.1671114,User: user46<br>Type: 1min<br>Split: train
user46,1min,train,1998,-49.02953,30.212856,-17.21344,-6.167024,User: user46<br>Type: 1min<br>Split: train
user46,1min,train,1999,-49.02953,30.212856,-8.451201,-8.539696,User: user46<br>Type: 1min<br>Split: train
user46,1min,train,2000,-49.02953,30.212856,-17.215887,-6.1664743,User: user46<br>Type: 1min<br>Split: train
user46,1min,train,2001,-49.02953,30.212856,-8.457068,-8.5338955,User: user46<br>Type: 1min<br>Split: train
user46,1min,train,2002,-49.02953,30.212856,-8.441998,-8.548758,User: user46<br>Type: 1min<br>Split: train
user46,1min,train,2003,-49.02953,30.212856,-8.442111,-8.548787,User: user46<br>Type: 1min<br>Split: train
user46,1min,train,2004,-49.02953,30.212856,-8.437433,-8.553075,User: user46<br>Type: 1min<br>Split: train
user46,1min,train,2005,-49.02953,30.212856,-8.441629,-8.549179,User: user46<br>Type: 1min<br>Split: train
user46,1min,train,2006,-49.02953,30.212856,-8.441496,-8.549211,User: user46<br>Type: 1min<br>Split: train
user46,1min,train,2007,-49.02953,30.212856,-17.21356,-6.1671066,User: user46<br>Type: 1min<br>Split: train
user47,1min,train,2008,215.91035,25.37823,34.079754,-6.4613857,User: user47<br>Type: 1min<br>Split: train
user47,1min,train,2009,215.91035,25.37823,34.07856,-6.462625,User: user47<br>Type: 1min<br>Split: train
user47,1min,train,2010,215.91035,25.37823,34.08648,-6.4548607,User: user47<br>Type: 1min<br>Split: train
user47,1min,train,2011,215.91035,25.37823,34.08372,-6.4574766,User: user47<br>Type: 1min<br>Split: train
user47,1min,train,2012,215.91035,25.37823,34.089897,-6.4513083,User: user47<br>Type: 1min<br>Split: train
user47,1min,train,2013,215.91035,25.37823,34.080555,-6.460671,User: user47<br>Type: 1min<br>Split: train
user47,1min,train,2014,206.47098,33.49952,34.082283,-6.4590425,User: user47<br>Type: 1min<br>Split: train
user47,1min,train,2015,206.47098,33.49952,34.089554,-6.45179,User: user47<br>Type: 1min<br>Split: train
user47,1min,train,2016,215.91035,25.37823,34.079014,-6.4622765,User: user47<br>Type: 1min<br>Split: train
user47,1min,train,2017,215.91035,25.37823,34.072086,-6.469207,User: user47<br>Type: 1min<br>Split: train
user47,1min,train,2018,215.91035,25.37823,34.08078,-6.4605203,User: user47<br>Type: 1min<br>Split: train
user47,1min,train,2019,197.8336,40.993343,34.08813,-6.4532127,User: user47<br>Type: 1min<br>Split: train
user47,1min,train,2020,197.8336,40.993343,34.06956,-6.4717484,User: user47<br>Type: 1min<br>Split: train
user47,1min,train,2021,215.91035,25.37823,34.077736,-6.4635563,User: user47<br>Type: 1min<br>Split: train
user47,1min,train,2022,197.8336,40.993343,34.080524,-6.460791,User: user47<br>Type: 1min<br>Split: train
user47,1min,train,2023,215.91035,25.37823,34.08078,-6.4604225,User: user47<br>Type: 1min<br>Split: train
user47,1min,train,2024,215.91035,25.37823,34.091637,-6.449626,User: user47<br>Type: 1min<br>Split: train
user47,1min,train,2025,197.8336,40.993343,34.078644,-6.4617233,User: user47<br>Type: 1min<br>Split: train
user47,1min,train,2026,197.8336,40.993343,34.065063,-6.4776354,User: user47<br>Type: 1min<br>Split: train
user47,1min,train,2027,197.8336,40.993343,34.08105,-6.4602036,User: user47<br>Type: 1min<br>Split: train
user47,1min,train,2028,197.8336,40.993343,34.06699,-6.474229,User: user47<br>Type: 1min<br>Split: train
user47,1min,train,2029,197.8336,40.993343,34.081146,-6.4600887,User: user47<br>Type: 1min<br>Split: train
user47,1min,train,2030,197.8336,40.993343,34.08284,-6.45756,User: user47<br>Type: 1min<br>Split: train
user47,1min,train,2031,215.91035,25.37823,34.077763,-6.4635305,User: user47<br>Type: 1min<br>Split: train
user47,1min,train,2032,197.8336,40.993343,34.080647,-6.4605103,User: user47<br>Type: 1min<br>Split: train
user47,1min,train,2033,197.8336,40.993343,34.080658,-6.460571,User: user47<br>Type: 1min<br>Split: train
user47,1min,train,2034,197.8336,40.993343,34.088223,-6.453009,User: user47<br>Type: 1min<br>Split: train
user47,1min,train,2035,197.8336,40.993343,34.093796,-6.447416,User: user47<br>Type: 1min<br>Split: train
user47,1min,train,2036,197.8336,40.993343,34.07026,-6.470997,User: user47<br>Type: 1min<br>Split: train
user47,1min,train,2037,197.8336,40.993343,34.099262,-6.441947,User: user47<br>Type: 1min<br>Split: train
user47,1min,train,2038,197.8336,40.993343,34.08821,-6.453108,User: user47<br>Type: 1min<br>Split: train
user47,1min,train,2039,197.8336,40.993343,34.08273,-6.458431,User: user47<br>Type: 1min<br>Split: train
user47,1min,train,2040,197.8336,40.993343,34.09564,-6.445917,User: user47<br>Type: 1min<br>Split: train
user47,1min,train,2041,197.8336,40.993343,34.06848,-6.47277,User: user47<br>Type: 1min<br>Split: train
user47,1min,train,2042,197.8336,40.993343,34.086678,-6.4547033,User: user47<br>Type: 1min<br>Split: train
user47,1min,train,2043,197.8336,40.993343,34.08865,-6.45261,User: user47<br>Type: 1min<br>Split: train
user47,1min,train,2044,197.8336,40.993343,34.08211,-6.4591513,User: user47<br>Type: 1min<br>Split: train
user47,1min,train,2045,197.8336,40.993343,34.050224,-6.491006,User: user47<br>Type: 1min<br>Split: train
user47,1min,train,2046,206.47098,33.49952,34.09257,-6.4490857,User: user47<br>Type: 1min<br>Split: train
user47,1min,train,2047,206.47098,33.49952,34.102036,-6.4391665,User: user47<br>Type: 1min<br>Split: train
user47,1min,train,2048,197.8336,40.993343,34.07837,-6.4628663,User: user47<br>Type: 1min<br>Split: train
user47,1min,train,2049,215.91035,25.37823,34.111008,-6.4301987,User: user47<br>Type: 1min<br>Split: train
user47,1min,train,2050,197.8336,40.993343,34.081303,-6.460016,User: user47<br>Type: 1min<br>Split: train
user47,1min,train,2051,197.8336,40.993343,34.02162,-6.5196724,User: user47<br>Type: 1min<br>Split: train
user47,1min,train,2052,215.91035,25.37823,34.08364,-6.4576197,User: user47<br>Type: 1min<br>Split: train
user47,1min,train,2053,197.8336,40.993343,34.09015,-6.452728,User: user47<br>Type: 1min<br>Split: train
user47,1min,train,2054,215.91035,25.37823,34.066353,-6.4751554,User: user47<br>Type: 1min<br>Split: train
user47,1min,train,2055,197.8336,40.993343,34.080875,-6.460397,User: user47<br>Type: 1min<br>Split: train
user47,1min,train,2056,197.8336,40.993343,34.080856,-6.4604163,User: user47<br>Type: 1min<br>Split: train
user48,1min,train,2057,175.52635,106.96174,14.844472,16.92852,User: user48<br>Type: 1min<br>Split: train
user48,1min,train,2058,175.52635,106.96174,14.844627,16.928286,User: user48<br>Type: 1min<br>Split: train
user48,1min,train,2059,175.52635,106.96174,14.928458,16.844158,User: user48<br>Type: 1min<br>Split: train
user48,1min,train,2060,175.52635,106.96174,14.923202,16.84885,User: user48<br>Type: 1min<br>Split: train
user48,1min,train,2061,175.52635,106.96174,14.844716,16.9283,User: user48<br>Type: 1min<br>Split: train
user48,1min,train,2062,175.52635,106.96174,14.92376,16.848448,User: user48<br>Type: 1min<br>Split: train
user48,1min,train,2063,175.52635,106.96174,14.84497,16.928001,User: user48<br>Type: 1min<br>Split: train
user48,1min,train,2064,175.52635,106.96174,14.830151,16.94236,User: user48<br>Type: 1min<br>Split: train
user48,1min,train,2065,175.52635,106.96174,14.93685,16.835869,User: user48<br>Type: 1min<br>Split: train
user48,1min,train,2066,175.52635,106.96174,14.84464,16.928278,User: user48<br>Type: 1min<br>Split: train
user48,1min,train,2067,175.52635,106.96174,14.813277,16.959703,User: user48<br>Type: 1min<br>Split: train
user48,1min,train,2068,175.52635,106.96174,14.9172735,16.854948,User: user48<br>Type: 1min<br>Split: train
user48,1min,train,2069,175.52635,106.96174,14.844013,16.928946,User: user48<br>Type: 1min<br>Split: train
user48,1min,train,2070,175.52635,106.96174,14.9341545,16.837898,User: user48<br>Type: 1min<br>Split: train
user48,1min,train,2071,175.52635,106.96174,14.925336,16.84697,User: user48<br>Type: 1min<br>Split: train
user48,1min,train,2072,175.52635,106.96174,14.925792,16.846405,User: user48<br>Type: 1min<br>Split: train
user48,1min,train,2073,175.52635,106.96174,14.833197,16.939474,User: user48<br>Type: 1min<br>Split: train
user48,1min,train,2074,175.52635,106.96174,14.921723,16.850607,User: user48<br>Type: 1min<br>Split: train
user48,1min,train,2075,175.52635,106.96174,14.911482,16.860977,User: user48<br>Type: 1min<br>Split: train
user48,1min,train,2076,175.52635,106.96174,14.918865,16.853464,User: user48<br>Type: 1min<br>Split: train
user48,1min,train,2077,175.52635,106.96174,14.930761,16.841558,User: user48<br>Type: 1min<br>Split: train
user48,1min,train,2078,175.52635,106.96174,14.893825,16.878704,User: user48<br>Type: 1min<br>Split: train
user48,1min,train,2079,175.52635,106.96174,14.89727,16.87588,User: user48<br>Type: 1min<br>Split: train
user48,1min,train,2080,175.52635,106.96174,14.8443365,16.92903,User: user48<br>Type: 1min<br>Split: train
user48,1min,train,2081,175.52635,106.96174,14.936268,16.836452,User: user48<br>Type: 1min<br>Split: train
user48,1min,train,2082,175.52635,106.96174,14.845302,16.927628,User: user48<br>Type: 1min<br>Split: train
user48,1min,train,2083,175.52635,106.96174,14.931462,16.841059,User: user48<br>Type: 1min<br>Split: train
user48,1min,train,2084,175.52635,106.96174,14.853424,16.92012,User: user48<br>Type: 1min<br>Split: train
user48,1min,train,2085,175.52635,106.96174,14.949124,16.823301,User: user48<br>Type: 1min<br>Split: train
user48,1min,train,2086,175.52635,106.96174,14.846434,16.926739,User: user48<br>Type: 1min<br>Split: train
user48,1min,train,2087,175.52635,106.96174,14.92018,16.852777,User: user48<br>Type: 1min<br>Split: train
user48,1min,train,2088,175.52635,106.96174,14.847053,16.925907,User: user48<br>Type: 1min<br>Split: train
user48,1min,train,2089,175.52635,106.96174,14.9176035,16.855515,User: user48<br>Type: 1min<br>Split: train
user48,1min,train,2090,175.52635,106.96174,14.92778,16.84472,User: user48<br>Type: 1min<br>Split: train
user48,1min,train,2091,175.52635,106.96174,14.857932,16.915127,User: user48<br>Type: 1min<br>Split: train
user48,1min,train,2092,175.52635,106.96174,14.925357,16.847666,User: user48<br>Type: 1min<br>Split: train
user48,1min,train,2093,175.52635,106.96174,14.845944,16.926682,User: user48<br>Type: 1min<br>Split: train
user48,1min,train,2094,175.52635,106.96174,14.840934,16.932037,User: user48<br>Type: 1min<br>Split: train
user48,1min,train,2095,175.52635,106.96174,14.8454275,16.927773,User: user48<br>Type: 1min<br>Split: train
user48,1min,train,2096,175.52635,106.96174,14.914887,16.857353,User: user48<br>Type: 1min<br>Split: train
user48,1min,train,2097,175.52635,106.96174,14.917003,16.855528,User: user48<br>Type: 1min<br>Split: train
user48,1min,train,2098,175.52635,106.96174,14.920465,16.851734,User: user48<br>Type: 1min<br>Split: train
user48,1min,train,2099,175.52635,106.96174,14.845556,16.927507,User: user48<br>Type: 1min<br>Split: train
user49,1min,train,2100,137.9941,50.808807,4.2264366,15.30815,User: user49<br>Type: 1min<br>Split: train
user49,1min,train,2101,137.9941,50.808807,4.3443527,15.049672,User: user49<br>Type: 1min<br>Split: train
user49,1min,train,2102,137.9941,50.808807,4.5297127,14.70508,User: user49<br>Type: 1min<br>Split: train
user49,1min,train,2103,137.9941,50.808807,4.186488,15.395393,User: user49<br>Type: 1min<br>Split: train
user49,1min,train,2104,137.9941,50.808807,4.4984455,14.761252,User: user49<br>Type: 1min<br>Split: train
user49,1min,train,2105,137.9941,50.808807,4.532276,14.700782,User: user49<br>Type: 1min<br>Split: train
user49,1min,train,2106,137.9941,50.808807,4.533161,14.698427,User: user49<br>Type: 1min<br>Split: train
user49,1min,train,2107,137.9941,50.808807,4.34042,15.057897,User: user49<br>Type: 1min<br>Split: train
user49,1min,train,2108,137.9941,50.808807,4.192278,15.383423,User: user49<br>Type: 1min<br>Split: train
user49,1min,train,2109,137.9941,50.808807,4.1900826,15.387253,User: user49<br>Type: 1min<br>Split: train
user49,1min,train,2110,139.23103,40.02904,4.535285,14.698041,User: user49<br>Type: 1min<br>Split: train
user49,1min,train,2111,139.23103,40.02904,4.192608,15.382247,User: user49<br>Type: 1min<br>Split: train
user49,1min,train,2112,137.9941,50.808807,4.541077,14.6924515,User: user49<br>Type: 1min<br>Split: train
user49,1min,train,2113,137.9941,50.808807,4.3452597,15.048356,User: user49<br>Type: 1min<br>Split: train
user49,1min,train,2114,137.9941,50.808807,4.532962,14.700297,User: user49<br>Type: 1min<br>Split: train
user49,1min,train,2115,137.9941,50.808807,4.531584,14.70252,User: user49<br>Type: 1min<br>Split: train
user49,1min,train,2116,137.9941,50.808807,4.186251,15.39631,User: user49<br>Type: 1min<br>Split: train
user49,1min,train,2117,137.9941,50.808807,4.3567247,15.035957,User: user49<br>Type: 1min<br>Split: train
user49,1min,train,2118,137.9941,50.808807,4.5247436,14.709336,User: user49<br>Type: 1min<br>Split: train
user49,1min,train,2119,137.9941,50.808807,4.3437862,15.05189,User: user49<br>Type: 1min<br>Split: train
user49,1min,train,2120,137.9941,50.808807,4.3620563,15.041802,User: user49<br>Type: 1min<br>Split: train
user49,1min,train,2121,137.9941,50.808807,4.5301375,14.704089,User: user49<br>Type: 1min<br>Split: train
user49,1min,train,2122,137.9941,50.808807,4.347076,15.046589,User: user49<br>Type: 1min<br>Split: train
user49,1min,train,2123,137.9941,50.808807,4.193868,15.381065,User: user49<br>Type: 1min<br>Split: train
user49,1min,train,2124,137.9941,50.808807,4.545087,14.689069,User: user49<br>Type: 1min<br>Split: train
user49,1min,train,2125,137.9941,50.808807,4.541996,14.690788,User: user49<br>Type: 1min<br>Split: train
user49,1min,train,2126,137.9941,50.808807,4.1897054,15.388203,User: user49<br>Type: 1min<br>Split: train
user49,1min,train,2127,137.9941,50.808807,4.5331736,14.700158,User: user49<br>Type: 1min<br>Split: train
user49,1min,train,2128,137.9941,50.808807,4.341146,15.057878,User: user49<br>Type: 1min<br>Split: train
user49,1min,train,2129,137.9941,50.808807,4.192724,15.382947,User: user49<br>Type: 1min<br>Split: train
user49,1min,train,2130,137.9941,50.808807,4.5267763,14.707593,User: user49<br>Type: 1min<br>Split: train
user49,1min,train,2131,137.9941,50.808807,4.5320315,14.701963,User: user49<br>Type: 1min<br>Split: train
user49,1min,train,2132,137.9941,50.808807,4.531606,14.698316,User: user49<br>Type: 1min<br>Split: train
user49,1min,train,2133,137.9941,50.808807,4.1917553,15.384476,User: user49<br>Type: 1min<br>Split: train
user49,1min,train,2134,137.9941,50.808807,4.348762,15.04326,User: user49<br>Type: 1min<br>Split: train
user49,1min,train,2135,137.9941,50.808807,4.3409853,15.058109,User: user49<br>Type: 1min<br>Split: train
user49,1min,train,2136,137.9941,50.808807,4.3412714,15.059026,User: user49<br>Type: 1min<br>Split: train
user49,1min,train,2137,137.9941,50.808807,4.1841927,15.386554,User: user49<br>Type: 1min<br>Split: train
user49,1min,train,2138,137.9941,50.808807,4.189172,15.389726,User: user49<br>Type: 1min<br>Split: train
user49,1min,train,2139,137.9941,50.808807,4.530602,14.704063,User: user49<br>Type: 1min<br>Split: train
user49,1min,train,2140,137.9941,50.808807,4.3474965,15.045914,User: user49<br>Type: 1min<br>Split: train
user49,1min,train,2141,137.9941,50.808807,4.34062,15.058084,User: user49<br>Type: 1min<br>Split: train
user49,1min,train,2142,139.23103,40.02904,4.192309,15.383925,User: user49<br>Type: 1min<br>Split: train
user49,1min,train,2143,139.23103,40.02904,4.327239,15.072608,User: user49<br>Type: 1min<br>Split: train
user49,1min,train,2144,137.9941,50.808807,4.530488,14.704556,User: user49<br>Type: 1min<br>Split: train
user49,1min,train,2145,137.9941,50.808807,4.5327015,14.70012,User: user49<br>Type: 1min<br>Split: train
user49,1min,train,2146,137.9941,50.808807,4.189678,15.3885,User: user49<br>Type: 1min<br>Split: train
user49,1min,train,2147,137.9941,50.808807,4.537398,14.695765,User: user49<br>Type: 1min<br>Split: train
user49,1min,train,2148,137.9941,50.808807,4.1890635,15.389117,User: user49<br>Type: 1min<br>Split: train
user49,1min,train,2149,137.9941,50.808807,4.530866,14.703438,User: user49<br>Type: 1min<br>Split: train
user49,1min,train,2150,137.9941,50.808807,4.191443,15.384233,User: user49<br>Type: 1min<br>Split: train
user49,1min,train,2151,137.9941,50.808807,4.546145,14.687621,User: user49<br>Type: 1min<br>Split: train
user49,1min,train,2152,137.9941,50.808807,4.534279,14.698241,User: user49<br>Type: 1min<br>Split: train
user5,1min,train,2153,74.49237,116.63218,6.6247835,-23.831322,User: user5<br>Type: 1min<br>Split: train
user5,1min,train,2154,74.49237,116.63218,6.620897,-23.831213,User: user5<br>Type: 1min<br>Split: train
user5,1min,train,2155,74.49237,116.63218,6.622108,-23.82803,User: user5<br>Type: 1min<br>Split: train
user5,1min,train,2156,74.49237,116.63218,6.6251345,-23.827236,User: user5<br>Type: 1min<br>Split: train
user5,1min,train,2157,74.49237,116.63218,6.629043,-23.824537,User: user5<br>Type: 1min<br>Split: train
user5,1min,train,2158,74.49237,116.63218,6.6149583,-23.820965,User: user5<br>Type: 1min<br>Split: train
user5,1min,train,2159,74.49237,116.63218,6.620078,-23.824158,User: user5<br>Type: 1min<br>Split: train
user5,1min,train,2160,74.49237,116.63218,6.6241407,-23.8272,User: user5<br>Type: 1min<br>Split: train
user5,1min,train,2161,74.49237,116.63218,6.630082,-23.822603,User: user5<br>Type: 1min<br>Split: train
user5,1min,train,2162,74.49237,116.63218,6.62697,-23.825695,User: user5<br>Type: 1min<br>Split: train
user5,1min,train,2163,74.49237,116.63218,6.6297884,-23.823887,User: user5<br>Type: 1min<br>Split: train
user5,1min,train,2164,74.49237,116.63218,6.6267366,-23.825077,User: user5<br>Type: 1min<br>Split: train
user5,1min,train,2165,74.49237,116.63218,6.624742,-23.827242,User: user5<br>Type: 1min<br>Split: train
user5,1min,train,2166,74.49237,116.63218,6.632899,-23.83625,User: user5<br>Type: 1min<br>Split: train
user5,1min,train,2167,74.49237,116.63218,6.62473,-23.825893,User: user5<br>Type: 1min<br>Split: train
user5,1min,train,2168,74.49237,116.63218,6.600071,-23.80235,User: user5<br>Type: 1min<br>Split: train
user5,1min,train,2169,74.49237,116.63218,6.6230483,-23.831724,User: user5<br>Type: 1min<br>Split: train
user5,1min,train,2170,74.49237,116.63218,6.624132,-23.826147,User: user5<br>Type: 1min<br>Split: train
user5,1min,train,2171,74.49237,116.63218,6.5980587,-23.852274,User: user5<br>Type: 1min<br>Split: train
user5,1min,train,2172,74.49237,116.63218,6.6310754,-23.819412,User: user5<br>Type: 1min<br>Split: train
user5,1min,train,2173,74.49237,116.63218,6.623504,-23.826868,User: user5<br>Type: 1min<br>Split: train
user5,1min,train,2174,74.49237,116.63218,6.6248918,-23.827345,User: user5<br>Type: 1min<br>Split: train
user5,1min,train,2175,74.49237,116.63218,6.6275883,-23.824533,User: user5<br>Type: 1min<br>Split: train
user5,1min,train,2176,74.49237,116.63218,6.625415,-23.825,User: user5<br>Type: 1min<br>Split: train
user5,1min,train,2177,74.49237,116.63218,6.623784,-23.831247,User: user5<br>Type: 1min<br>Split: train
user5,1min,train,2178,74.49237,116.63218,6.623787,-23.827038,User: user5<br>Type: 1min<br>Split: train
user5,1min,train,2179,74.49237,116.63218,6.623718,-23.827047,User: user5<br>Type: 1min<br>Split: train
user5,1min,train,2180,74.49237,116.63218,6.6365075,-23.840351,User: user5<br>Type: 1min<br>Split: train
user5,1min,train,2181,74.49237,116.63218,6.620671,-23.827255,User: user5<br>Type: 1min<br>Split: train
user5,1min,train,2182,74.49237,116.63218,6.6239657,-23.826622,User: user5<br>Type: 1min<br>Split: train
user5,1min,train,2183,74.49237,116.63218,6.6451125,-23.80567,User: user5<br>Type: 1min<br>Split: train
user5,1min,train,2184,74.49237,116.63218,6.625034,-23.826807,User: user5<br>Type: 1min<br>Split: train
user5,1min,train,2185,74.49237,116.63218,6.596799,-23.854015,User: user5<br>Type: 1min<br>Split: train
user5,1min,train,2186,74.49237,116.63218,6.6305494,-23.831974,User: user5<br>Type: 1min<br>Split: train
user5,1min,train,2187,74.49237,116.63218,6.6248727,-23.827116,User: user5<br>Type: 1min<br>Split: train
user5,1min,train,2188,74.49237,116.63218,6.624934,-23.827053,User: user5<br>Type: 1min<br>Split: train
user5,1min,train,2189,74.49237,116.63218,6.625651,-23.826246,User: user5<br>Type: 1min<br>Split: train
user5,1min,train,2190,74.49237,116.63218,6.6418014,-23.810085,User: user5<br>Type: 1min<br>Split: train
user5,1min,train,2191,74.49237,116.63218,6.628236,-23.83356,User: user5<br>Type: 1min<br>Split: train
user5,1min,train,2192,74.49237,116.63218,6.636594,-23.83365,User: user5<br>Type: 1min<br>Split: train
user5,1min,train,2193,74.49237,116.63218,6.6210623,-23.830929,User: user5<br>Type: 1min<br>Split: train
user5,1min,train,2194,74.49237,116.63218,6.634797,-23.817583,User: user5<br>Type: 1min<br>Split: train
user5,1min,train,2195,74.49237,116.63218,6.621844,-23.838415,User: user5<br>Type: 1min<br>Split: train
user5,1min,train,2196,74.49237,116.63218,6.6091003,-23.843353,User: user5<br>Type: 1min<br>Split: train
user5,1min,train,2197,74.49237,116.63218,6.601369,-23.818172,User: user5<br>Type: 1min<br>Split: train
user5,1min,train,2198,74.49237,116.63218,6.636405,-23.815556,User: user5<br>Type: 1min<br>Split: train
user5,1min,train,2199,74.49237,116.63218,6.628395,-23.82343,User: user5<br>Type: 1min<br>Split: train
user50,1min,train,2200,-190.58421,39.548077,-6.430472,6.399094,User: user50<br>Type: 1min<br>Split: train
user50,1min,train,2201,-190.58421,39.548077,-6.4248323,6.393379,User: user50<br>Type: 1min<br>Split: train
user50,1min,train,2202,-190.58421,39.548077,-6.429677,6.3982,User: user50<br>Type: 1min<br>Split: train
user50,1min,train,2203,-190.58421,39.548077,-6.42484,6.3940563,User: user50<br>Type: 1min<br>Split: train
user50,1min,train,2204,-190.58421,39.548077,-6.423042,6.392048,User: user50<br>Type: 1min<br>Split: train
user50,1min,train,2205,-190.58421,39.548077,-6.4206686,6.3893604,User: user50<br>Type: 1min<br>Split: train
user50,1min,train,2206,-190.58421,39.548077,-6.4281936,6.3970637,User: user50<br>Type: 1min<br>Split: train
user50,1min,train,2207,-190.58421,39.548077,-6.4258795,6.394385,User: user50<br>Type: 1min<br>Split: train
user50,1min,train,2208,-190.58421,39.548077,-6.4203258,6.3888903,User: user50<br>Type: 1min<br>Split: train
user50,1min,train,2209,-190.58421,39.548077,-6.42541,6.3939176,User: user50<br>Type: 1min<br>Split: train
user50,1min,train,2210,-190.58421,39.548077,-6.4159856,6.3845835,User: user50<br>Type: 1min<br>Split: train
user50,1min,train,2211,-190.58421,39.548077,-6.4254165,6.3939815,User: user50<br>Type: 1min<br>Split: train
user50,1min,train,2212,-190.58421,39.548077,-6.4257793,6.394367,User: user50<br>Type: 1min<br>Split: train
user50,1min,train,2213,-190.58421,39.548077,-6.42684,6.3953943,User: user50<br>Type: 1min<br>Split: train
user50,1min,train,2214,-190.58421,39.548077,-6.4152713,6.3837137,User: user50<br>Type: 1min<br>Split: train
user50,1min,train,2215,-190.58421,39.548077,-6.424214,6.3925567,User: user50<br>Type: 1min<br>Split: train
user50,1min,train,2216,-190.58421,39.548077,-6.4594216,6.4300876,User: user50<br>Type: 1min<br>Split: train
user50,1min,train,2217,-190.58421,39.548077,-6.426771,6.395645,User: user50<br>Type: 1min<br>Split: train
user50,1min,train,2218,-190.58421,39.548077,-6.415366,6.3841443,User: user50<br>Type: 1min<br>Split: train
user50,1min,train,2219,-190.58421,39.548077,-6.4242597,6.3924947,User: user50<br>Type: 1min<br>Split: train
user50,1min,train,2220,-190.58421,39.548077,-6.4393716,6.4079447,User: user50<br>Type: 1min<br>Split: train
user50,1min,train,2221,-190.58421,39.548077,-6.421122,6.38978,User: user50<br>Type: 1min<br>Split: train
user50,1min,train,2222,-190.58421,39.548077,-6.3999434,6.368389,User: user50<br>Type: 1min<br>Split: train
user50,1min,train,2223,-190.58421,39.548077,-6.3756504,6.3446875,User: user50<br>Type: 1min<br>Split: train
user50,1min,train,2224,-190.58421,39.548077,-6.4227147,6.3911347,User: user50<br>Type: 1min<br>Split: train
user50,1min,train,2225,-190.58421,39.548077,-6.42224,6.390761,User: user50<br>Type: 1min<br>Split: train
user50,1min,train,2226,-190.58421,39.548077,-6.4252295,6.3944263,User: user50<br>Type: 1min<br>Split: train
user50,1min,train,2227,-190.58421,39.548077,-6.4068375,6.3754234,User: user50<br>Type: 1min<br>Split: train
user50,1min,train,2228,-190.58421,39.548077,-6.4228888,6.3915873,User: user50<br>Type: 1min<br>Split: train
user50,1min,train,2229,-190.58421,39.548077,-6.423232,6.3917017,User: user50<br>Type: 1min<br>Split: train
user50,1min,train,2230,-190.58421,39.548077,-6.4412484,6.4097085,User: user50<br>Type: 1min<br>Split: train
user50,1min,train,2231,-190.58421,39.548077,-6.425973,6.394286,User: user50<br>Type: 1min<br>Split: train
user50,1min,train,2232,-190.58421,39.548077,-6.4375596,6.4061904,User: user50<br>Type: 1min<br>Split: train
user50,1min,train,2233,-190.58421,39.548077,-6.447124,6.4157104,User: user50<br>Type: 1min<br>Split: train
user50,1min,train,2234,-190.58421,39.548077,-6.431798,6.399823,User: user50<br>Type: 1min<br>Split: train
user50,1min,train,2235,-190.58421,39.548077,-6.4242067,6.3928924,User: user50<br>Type: 1min<br>Split: train
user50,1min,train,2236,-190.58421,39.548077,-6.436898,6.405751,User: user50<br>Type: 1min<br>Split: train
user50,1min,train,2237,-190.58421,39.548077,-6.4206123,6.3893504,User: user50<br>Type: 1min<br>Split: train
user50,1min,train,2238,-190.58421,39.548077,-6.414833,6.3830194,User: user50<br>Type: 1min<br>Split: train
user50,1min,train,2239,-190.58421,39.548077,-6.4244294,6.3926816,User: user50<br>Type: 1min<br>Split: train
user50,1min,train,2240,-190.58421,39.548077,-6.4325323,6.4011426,User: user50<br>Type: 1min<br>Split: train
user50,1min,train,2241,-190.58421,39.548077,-6.4326677,6.4027257,User: user50<br>Type: 1min<br>Split: train
user51,1min,train,2242,-117.45844,1.4956604,-17.30199,-10.885821,User: user51<br>Type: 1min<br>Split: train
user51,1min,train,2243,-117.45844,1.4956604,-17.300013,-10.883535,User: user51<br>Type: 1min<br>Split: train
user51,1min,train,2244,-117.45844,1.4956604,-17.296848,-10.880573,User: user51<br>Type: 1min<br>Split: train
user51,1min,train,2245,-117.45844,1.4956604,-17.301598,-10.885364,User: user51<br>Type: 1min<br>Split: train
user51,1min,train,2246,-117.45844,1.4956604,-17.295464,-10.879284,User: user51<br>Type: 1min<br>Split: train
user51,1min,train,2247,-117.45844,1.4956604,-17.305735,-10.889227,User: user51<br>Type: 1min<br>Split: train
user51,1min,train,2248,-117.45844,1.4956604,-17.30529,-10.889025,User: user51<br>Type: 1min<br>Split: train
user51,1min,train,2249,-117.45844,1.4956604,-17.303074,-10.886818,User: user51<br>Type: 1min<br>Split: train
user51,1min,train,2250,-117.45844,1.4956604,-17.28512,-10.86885,User: user51<br>Type: 1min<br>Split: train
user51,1min,train,2251,-117.45844,1.4956604,-17.298944,-10.882928,User: user51<br>Type: 1min<br>Split: train
user51,1min,train,2252,-117.45844,1.4956604,-17.305403,-10.889214,User: user51<br>Type: 1min<br>Split: train
user51,1min,train,2253,-117.45844,1.4956604,-17.294863,-10.878572,User: user51<br>Type: 1min<br>Split: train
user51,1min,train,2254,-117.45844,1.4956604,-17.301662,-10.885463,User: user51<br>Type: 1min<br>Split: train
user51,1min,train,2255,-117.45844,1.4956604,-17.303486,-10.887243,User: user51<br>Type: 1min<br>Split: train
user51,1min,train,2256,-117.45844,1.4956604,-17.302418,-10.886115,User: user51<br>Type: 1min<br>Split: train
user51,1min,train,2257,-117.45844,1.4956604,-17.297794,-10.881391,User: user51<br>Type: 1min<br>Split: train
user51,1min,train,2258,-117.45844,1.4956604,-17.275795,-10.859316,User: user51<br>Type: 1min<br>Split: train
user51,1min,train,2259,-117.45844,1.4956604,-17.288225,-10.871886,User: user51<br>Type: 1min<br>Split: train
user51,1min,train,2260,-117.45844,1.4956604,-17.301332,-10.884954,User: user51<br>Type: 1min<br>Split: train
user51,1min,train,2261,-117.45844,1.4956604,-17.298983,-10.884123,User: user51<br>Type: 1min<br>Split: train
user51,1min,train,2262,-117.45844,1.4956604,-17.33921,-10.9231205,User: user51<br>Type: 1min<br>Split: train
user51,1min,train,2263,-117.45844,1.4956604,-17.298811,-10.882192,User: user51<br>Type: 1min<br>Split: train
user51,1min,train,2264,-117.45844,1.4956604,-17.2761,-10.860078,User: user51<br>Type: 1min<br>Split: train
user51,1min,train,2265,-117.45844,1.4956604,-17.300945,-10.884806,User: user51<br>Type: 1min<br>Split: train
user51,1min,train,2266,-117.45844,1.4956604,-17.294966,-10.876254,User: user51<br>Type: 1min<br>Split: train
user51,1min,train,2267,-117.45844,1.4956604,-17.302874,-10.886888,User: user51<br>Type: 1min<br>Split: train
user51,1min,train,2268,-117.45844,1.4956604,-17.301188,-10.885203,User: user51<br>Type: 1min<br>Split: train
user51,1min,train,2269,-117.45844,1.4956604,-17.309093,-10.893051,User: user51<br>Type: 1min<br>Split: train
user51,1min,train,2270,-117.45844,1.4956604,-17.298563,-10.882438,User: user51<br>Type: 1min<br>Split: train
user51,1min,train,2271,-117.45844,1.4956604,-17.3126,-10.896446,User: user51<br>Type: 1min<br>Split: train
user51,1min,train,2272,-117.45844,1.4956604,-17.29742,-10.881189,User: user51<br>Type: 1min<br>Split: train
user51,1min,train,2273,-117.45844,1.4956604,-17.291815,-10.875652,User: user51<br>Type: 1min<br>Split: train
user51,1min,train,2274,-117.45844,1.4956604,-17.345366,-10.927332,User: user51<br>Type: 1min<br>Split: train
user51,1min,train,2275,-117.45844,1.4956604,-17.274458,-10.858087,User: user51<br>Type: 1min<br>Split: train
user51,1min,train,2276,-117.45844,1.4956604,-17.300648,-10.884553,User: user51<br>Type: 1min<br>Split: train
user51,1min,train,2277,-117.45844,1.4956604,-17.311363,-10.895051,User: user51<br>Type: 1min<br>Split: train
user51,1min,train,2278,-117.45844,1.4956604,-17.300417,-10.884143,User: user51<br>Type: 1min<br>Split: train
user51,1min,train,2279,-117.45844,1.4956604,-17.278606,-10.862425,User: user51<br>Type: 1min<br>Split: train
user51,1min,train,2280,-117.45844,1.4956604,-17.295267,-10.879252,User: user51<br>Type: 1min<br>Split: train
user51,1min,train,2281,-117.45844,1.4956604,-17.323462,-10.907157,User: user51<br>Type: 1min<br>Split: train
user51,1min,train,2282,-117.45844,1.4956604,-17.312042,-10.896123,User: user51<br>Type: 1min<br>Split: train
user52,1min,train,2283,-205.99944,13.8202095,27.42128,23.17484,User: user52<br>Type: 1min<br>Split: train
user52,1min,train,2284,-205.99944,13.8202095,27.407465,23.161098,User: user52<br>Type: 1min<br>Split: train
user52,1min,train,2285,-205.99944,13.8202095,27.421055,23.174677,User: user52<br>Type: 1min<br>Split: train
user52,1min,train,2286,-205.99944,13.8202095,27.430613,23.183315,User: user52<br>Type: 1min<br>Split: train
user52,1min,train,2287,-205.99944,13.8202095,27.424385,23.176216,User: user52<br>Type: 1min<br>Split: train
user52,1min,train,2288,-205.99944,13.8202095,27.425005,23.177555,User: user52<br>Type: 1min<br>Split: train
user52,1min,train,2289,-205.99944,13.8202095,27.442078,23.195013,User: user52<br>Type: 1min<br>Split: train
user52,1min,train,2290,-205.99944,13.8202095,27.42271,23.175426,User: user52<br>Type: 1min<br>Split: train
user52,1min,train,2291,-205.99944,13.8202095,27.422909,23.1755,User: user52<br>Type: 1min<br>Split: train
user52,1min,train,2292,-205.99944,13.8202095,27.42257,23.175266,User: user52<br>Type: 1min<br>Split: train
user52,1min,train,2293,-205.99944,13.8202095,27.423065,23.175564,User: user52<br>Type: 1min<br>Split: train
user52,1min,train,2294,-205.99944,13.8202095,27.42935,23.18216,User: user52<br>Type: 1min<br>Split: train
user52,1min,train,2295,-205.99944,13.8202095,27.42412,23.17642,User: user52<br>Type: 1min<br>Split: train
user52,1min,train,2296,-205.99944,13.8202095,27.42318,23.175436,User: user52<br>Type: 1min<br>Split: train
user52,1min,train,2297,-205.99944,13.8202095,27.411428,23.166323,User: user52<br>Type: 1min<br>Split: train
user52,1min,train,2298,-205.99944,13.8202095,27.420036,23.173124,User: user52<br>Type: 1min<br>Split: train
user52,1min,train,2299,-205.99944,13.8202095,27.394716,23.149017,User: user52<br>Type: 1min<br>Split: train
user52,1min,train,2300,-205.99944,13.8202095,27.430902,23.185846,User: user52<br>Type: 1min<br>Split: train
user52,1min,train,2301,-205.99944,13.8202095,27.41673,23.199785,User: user52<br>Type: 1min<br>Split: train
user52,1min,train,2302,-205.99944,13.8202095,27.424845,23.180094,User: user52<br>Type: 1min<br>Split: train
user52,1min,train,2303,-205.99944,13.8202095,27.454962,23.214798,User: user52<br>Type: 1min<br>Split: train
user52,1min,train,2304,-205.99944,13.8202095,27.42329,23.178068,User: user52<br>Type: 1min<br>Split: train
user52,1min,train,2305,-205.99944,13.8202095,27.423208,23.178072,User: user52<br>Type: 1min<br>Split: train
user52,1min,train,2306,-205.99944,13.8202095,27.423225,23.178082,User: user52<br>Type: 1min<br>Split: train
user52,1min,train,2307,-205.99944,13.8202095,27.412413,23.16751,User: user52<br>Type: 1min<br>Split: train
user52,1min,train,2308,-205.99944,13.8202095,27.422693,23.17841,User: user52<br>Type: 1min<br>Split: train
user52,1min,train,2309,-205.99944,13.8202095,27.422878,23.17793,User: user52<br>Type: 1min<br>Split: train
user52,1min,train,2310,-205.99944,13.8202095,27.437958,23.192907,User: user52<br>Type: 1min<br>Split: train
user52,1min,train,2311,-205.99944,13.8202095,27.456266,23.147034,User: user52<br>Type: 1min<br>Split: train
user52,1min,train,2312,-205.99944,13.8202095,27.4018,23.156256,User: user52<br>Type: 1min<br>Split: train
user52,1min,train,2313,-205.99944,13.8202095,27.440489,23.205908,User: user52<br>Type: 1min<br>Split: train
user52,1min,train,2314,-205.99944,13.8202095,27.428902,23.18362,User: user52<br>Type: 1min<br>Split: train
user52,1min,train,2315,-205.99944,13.8202095,27.407335,23.166836,User: user52<br>Type: 1min<br>Split: train
user52,1min,train,2316,-205.99944,13.8202095,27.44465,23.151535,User: user52<br>Type: 1min<br>Split: train
user52,1min,train,2317,-205.99944,13.8202095,27.460901,23.213833,User: user52<br>Type: 1min<br>Split: train
user52,1min,train,2318,-205.99944,13.8202095,27.423895,23.17679,User: user52<br>Type: 1min<br>Split: train
user52,1min,train,2319,-205.99944,13.8202095,27.41497,23.177645,User: user52<br>Type: 1min<br>Split: train
user52,1min,train,2320,-205.99944,13.8202095,27.422832,23.176352,User: user52<br>Type: 1min<br>Split: train
user52,1min,train,2321,-205.99944,13.8202095,27.426481,23.179966,User: user52<br>Type: 1min<br>Split: train
user52,1min,train,2322,-205.99944,13.8202095,27.422651,23.17871,User: user52<br>Type: 1min<br>Split: train
user52,1min,train,2323,-205.99944,13.8202095,27.428665,23.174637,User: user52<br>Type: 1min<br>Split: train
user52,1min,train,2324,-205.99944,13.8202095,27.422012,23.175451,User: user52<br>Type: 1min<br>Split: train
user52,1min,train,2325,-205.99944,13.8202095,27.423836,23.177292,User: user52<br>Type: 1min<br>Split: train
user52,1min,train,2326,-205.99944,13.8202095,27.4148,23.167799,User: user52<br>Type: 1min<br>Split: train
user52,1min,train,2327,-205.99944,13.8202095,27.42057,23.174294,User: user52<br>Type: 1min<br>Split: train
user52,1min,train,2328,-205.99944,13.8202095,27.423122,23.176699,User: user52<br>Type: 1min<br>Split: train
user52,1min,train,2329,-205.99944,13.8202095,27.417368,23.184032,User: user52<br>Type: 1min<br>Split: train
user52,1min,train,2330,-205.99944,13.8202095,27.437778,23.143627,User: user52<br>Type: 1min<br>Split: train
user53,1min,train,2331,55.449383,-81.17141,10.663067,-18.116087,User: user53<br>Type: 1min<br>Split: train
user53,1min,train,2332,55.449383,-81.17141,10.6622505,-18.11789,User: user53<br>Type: 1min<br>Split: train
user53,1min,train,2333,55.449383,-81.17141,10.662216,-18.117887,User: user53<br>Type: 1min<br>Split: train
user53,1min,train,2334,48.74691,-77.675766,10.662031,-18.11814,User: user53<br>Type: 1min<br>Split: train
user53,1min,train,2335,48.74691,-77.675766,10.665068,-18.122105,User: user53<br>Type: 1min<br>Split: train
user53,1min,train,2336,55.449383,-81.17141,10.662103,-18.118303,User: user53<br>Type: 1min<br>Split: train
user53,1min,train,2337,55.449383,-81.17141,10.662133,-18.119328,User: user53<br>Type: 1min<br>Split: train
user53,1min,train,2338,55.449383,-81.17141,10.66362,-18.11685,User: user53<br>Type: 1min<br>Split: train
user53,1min,train,2339,55.449383,-81.17141,10.662163,-18.118212,User: user53<br>Type: 1min<br>Split: train
user53,1min,train,2340,55.449383,-81.17141,10.662651,-18.116228,User: user53<br>Type: 1min<br>Split: train
user53,1min,train,2341,55.449383,-81.17141,10.6617985,-18.11778,User: user53<br>Type: 1min<br>Split: train
user53,1min,train,2342,55.449383,-81.17141,10.66553,-18.121584,User: user53<br>Type: 1min<br>Split: train
user53,1min,train,2343,55.449383,-81.17141,10.66254,-18.118437,User: user53<br>Type: 1min<br>Split: train
user53,1min,train,2344,55.449383,-81.17141,10.662546,-18.118559,User: user53<br>Type: 1min<br>Split: train
user53,1min,train,2345,55.449383,-81.17141,10.666802,-18.123396,User: user53<br>Type: 1min<br>Split: train
user53,1min,train,2346,55.449383,-81.17141,10.65125,-18.106634,User: user53<br>Type: 1min<br>Split: train
user53,1min,train,2347,55.449383,-81.17141,10.671082,-18.11609,User: user53<br>Type: 1min<br>Split: train
user53,1min,train,2348,55.449383,-81.17141,10.66259,-18.117485,User: user53<br>Type: 1min<br>Split: train
user53,1min,train,2349,55.449383,-81.17141,10.66466,-18.119207,User: user53<br>Type: 1min<br>Split: train
user53,1min,train,2350,55.449383,-81.17141,10.662222,-18.1172,User: user53<br>Type: 1min<br>Split: train
user53,1min,train,2351,55.449383,-81.17141,10.661838,-18.117493,User: user53<br>Type: 1min<br>Split: train
user53,1min,train,2352,55.449383,-81.17141,10.66264,-18.118023,User: user53<br>Type: 1min<br>Split: train
user53,1min,train,2353,55.449383,-81.17141,10.66255,-18.117693,User: user53<br>Type: 1min<br>Split: train
user53,1min,train,2354,55.449383,-81.17141,10.660602,-18.115732,User: user53<br>Type: 1min<br>Split: train
user53,1min,train,2355,55.449383,-81.17141,10.6467,-18.142405,User: user53<br>Type: 1min<br>Split: train
user53,1min,train,2356,55.449383,-81.17141,10.642602,-18.099955,User: user53<br>Type: 1min<br>Split: train
user53,1min,train,2357,55.449383,-81.17141,10.665246,-18.121029,User: user53<br>Type: 1min<br>Split: train
user53,1min,train,2358,55.449383,-81.17141,10.661702,-18.117445,User: user53<br>Type: 1min<br>Split: train
user53,1min,train,2359,55.449383,-81.17141,10.661872,-18.117393,User: user53<br>Type: 1min<br>Split: train
user53,1min,train,2360,55.449383,-81.17141,10.661768,-18.117365,User: user53<br>Type: 1min<br>Split: train
user53,1min,train,2361,55.449383,-81.17141,10.6615925,-18.117147,User: user53<br>Type: 1min<br>Split: train
user53,1min,train,2362,55.449383,-81.17141,10.678995,-18.134518,User: user53<br>Type: 1min<br>Split: train
user53,1min,train,2363,55.449383,-81.17141,10.662409,-18.117884,User: user53<br>Type: 1min<br>Split: train
user53,1min,train,2364,55.449383,-81.17141,10.675524,-18.134365,User: user53<br>Type: 1min<br>Split: train
user53,1min,train,2365,55.449383,-81.17141,10.662313,-18.11808,User: user53<br>Type: 1min<br>Split: train
user54,1min,train,2366,145.2051,-145.3727,-13.443403,-11.05158,User: user54<br>Type: 1min<br>Split: train
user54,1min,train,2367,145.2051,-145.3727,-6.205803,17.166107,User: user54<br>Type: 1min<br>Split: train
user54,1min,train,2368,145.2051,-145.3727,-13.443416,-11.051526,User: user54<br>Type: 1min<br>Split: train
user54,1min,train,2369,145.2051,-145.3727,-6.207089,17.172049,User: user54<br>Type: 1min<br>Split: train
user54,1min,train,2370,145.2051,-145.3727,-13.443426,-11.051529,User: user54<br>Type: 1min<br>Split: train
user54,1min,train,2371,145.2051,-145.3727,-13.442741,-11.053517,User: user54<br>Type: 1min<br>Split: train
user54,1min,train,2372,145.2051,-145.3727,-13.443369,-11.051587,User: user54<br>Type: 1min<br>Split: train
user54,1min,train,2373,145.2051,-145.3727,-6.207912,17.173536,User: user54<br>Type: 1min<br>Split: train
user54,1min,train,2374,145.2051,-145.3727,-13.443376,-11.051587,User: user54<br>Type: 1min<br>Split: train
user54,1min,train,2375,145.2051,-145.3727,-6.2079134,17.17354,User: user54<br>Type: 1min<br>Split: train
user54,1min,train,2376,145.2051,-145.3727,-6.207979,17.173548,User: user54<br>Type: 1min<br>Split: train
user54,1min,train,2377,145.2051,-145.3727,-6.207705,17.173727,User: user54<br>Type: 1min<br>Split: train
user54,1min,train,2378,145.2051,-145.3727,-13.443274,-11.051427,User: user54<br>Type: 1min<br>Split: train
user54,1min,train,2379,145.2051,-145.3727,-6.207906,17.173637,User: user54<br>Type: 1min<br>Split: train
user54,1min,train,2380,145.2051,-145.3727,-13.443362,-11.051574,User: user54<br>Type: 1min<br>Split: train
user54,1min,train,2381,145.2051,-145.3727,-13.443377,-11.051576,User: user54<br>Type: 1min<br>Split: train
user54,1min,train,2382,145.2051,-145.3727,-6.2078266,17.173616,User: user54<br>Type: 1min<br>Split: train
user54,1min,train,2383,145.2051,-145.3727,-13.443365,-11.051573,User: user54<br>Type: 1min<br>Split: train
user54,1min,train,2384,145.2051,-145.3727,-6.2082896,17.174082,User: user54<br>Type: 1min<br>Split: train
user54,1min,train,2385,145.2051,-145.3727,-13.443312,-11.0515175,User: user54<br>Type: 1min<br>Split: train
user54,1min,train,2386,145.2051,-145.3727,-6.2060857,17.176033,User: user54<br>Type: 1min<br>Split: train
user54,1min,train,2387,145.2051,-145.3727,-13.443363,-11.051563,User: user54<br>Type: 1min<br>Split: train
user54,1min,train,2388,145.2051,-145.3727,-13.443379,-11.05166,User: user54<br>Type: 1min<br>Split: train
user54,1min,train,2389,145.2051,-145.3727,-13.443349,-11.051588,User: user54<br>Type: 1min<br>Split: train
user54,1min,train,2390,145.2051,-145.3727,-6.2083445,17.174442,User: user54<br>Type: 1min<br>Split: train
user54,1min,train,2391,145.2051,-145.3727,-6.2081056,17.174082,User: user54<br>Type: 1min<br>Split: train
user54,1min,train,2392,145.2051,-145.3727,-6.1952386,17.159365,User: user54<br>Type: 1min<br>Split: train
user54,1min,train,2393,145.2051,-145.3727,-13.44379,-11.052392,User: user54<br>Type: 1min<br>Split: train
user54,1min,train,2394,145.2051,-145.3727,-13.440255,-11.046512,User: user54<br>Type: 1min<br>Split: train
user54,1min,train,2395,145.2051,-145.3727,-6.2083874,17.173634,User: user54<br>Type: 1min<br>Split: train
user54,1min,train,2396,145.2051,-145.3727,-13.443516,-11.05111,User: user54<br>Type: 1min<br>Split: train
user54,1min,train,2397,145.2051,-145.3727,-6.2074995,17.17356,User: user54<br>Type: 1min<br>Split: train
user54,1min,train,2398,145.2051,-145.3727,-6.207932,17.173557,User: user54<br>Type: 1min<br>Split: train
user54,1min,train,2399,145.2051,-145.3727,-6.207561,17.17331,User: user54<br>Type: 1min<br>Split: train
user54,1min,train,2400,145.2051,-145.3727,-6.207426,17.173632,User: user54<br>Type: 1min<br>Split: train
user54,1min,train,2401,145.2051,-145.3727,-13.444025,-11.052826,User: user54<br>Type: 1min<br>Split: train
user54,1min,train,2402,145.2051,-145.3727,-6.2055926,17.169355,User: user54<br>Type: 1min<br>Split: train
user54,1min,train,2403,145.2051,-145.3727,-13.443359,-11.051608,User: user54<br>Type: 1min<br>Split: train
user54,1min,train,2404,145.2051,-145.3727,-6.2073603,17.173107,User: user54<br>Type: 1min<br>Split: train
user54,1min,train,2405,145.2051,-145.3727,-13.443438,-11.051762,User: user54<br>Type: 1min<br>Split: train
user54,1min,train,2406,145.2051,-145.3727,-6.2074904,17.173304,User: user54<br>Type: 1min<br>Split: train
user54,1min,train,2407,145.2051,-145.3727,-6.207372,17.17326,User: user54<br>Type: 1min<br>Split: train
user54,1min,train,2408,145.2051,-145.3727,-13.443328,-11.051737,User: user54<br>Type: 1min<br>Split: train
user54,1min,train,2409,145.2051,-145.3727,-6.2211723,17.18689,User: user54<br>Type: 1min<br>Split: train
user54,1min,train,2410,145.2051,-145.3727,-13.443437,-11.051805,User: user54<br>Type: 1min<br>Split: train
user54,1min,train,2411,145.2051,-145.3727,-6.2075124,17.172903,User: user54<br>Type: 1min<br>Split: train
user54,1min,train,2412,145.2051,-145.3727,-6.2074366,17.17338,User: user54<br>Type: 1min<br>Split: train
user54,1min,train,2413,145.2051,-145.3727,-13.443414,-11.051737,User: user54<br>Type: 1min<br>Split: train
user54,1min,train,2414,145.2051,-145.3727,-6.207478,17.173336,User: user54<br>Type: 1min<br>Split: train
user55,1min,train,2415,180.13483,21.379145,-2.3830502,9.095342,User: user55<br>Type: 1min<br>Split: train
user55,1min,train,2416,180.13483,21.379145,-2.3824725,9.094099,User: user55<br>Type: 1min<br>Split: train
user55,1min,train,2417,180.13483,21.379145,-2.386116,9.098419,User: user55<br>Type: 1min<br>Split: train
user55,1min,train,2418,180.13483,21.379145,-2.3837433,9.095954,User: user55<br>Type: 1min<br>Split: train
user55,1min,train,2419,180.13483,21.379145,-2.503553,9.218101,User: user55<br>Type: 1min<br>Split: train
user55,1min,train,2420,180.13483,21.379145,-2.4849725,9.199441,User: user55<br>Type: 1min<br>Split: train
user55,1min,train,2421,180.13483,21.379145,-2.3867238,9.099029,User: user55<br>Type: 1min<br>Split: train
user55,1min,train,2422,180.13483,21.379145,-2.4851842,9.199667,User: user55<br>Type: 1min<br>Split: train
user55,1min,train,2423,180.13483,21.379145,-2.4846485,9.199046,User: user55<br>Type: 1min<br>Split: train
user55,1min,train,2424,180.13483,21.379145,-2.5026033,9.217053,User: user55<br>Type: 1min<br>Split: train
user55,1min,train,2425,180.13483,21.379145,-2.3910255,9.103314,User: user55<br>Type: 1min<br>Split: train
user55,1min,train,2426,180.13483,21.379145,-2.3823345,9.094658,User: user55<br>Type: 1min<br>Split: train
user55,1min,train,2427,180.13483,21.379145,-2.3750594,9.0873995,User: user55<br>Type: 1min<br>Split: train
user55,1min,train,2428,180.13483,21.379145,-2.3837976,9.095825,User: user55<br>Type: 1min<br>Split: train
user55,1min,train,2429,172.52057,43.54273,-2.3733587,9.085629,User: user55<br>Type: 1min<br>Split: train
user55,1min,train,2430,176.15501,31.96844,-2.4292848,9.142357,User: user55<br>Type: 1min<br>Split: train
user55,1min,train,2431,176.15501,31.96844,-2.4230542,9.136356,User: user55<br>Type: 1min<br>Split: train
user55,1min,train,2432,180.13483,21.379145,-2.4873598,9.2018585,User: user55<br>Type: 1min<br>Split: train
user55,1min,train,2433,172.52057,43.54273,-2.486792,9.201465,User: user55<br>Type: 1min<br>Split: train
user55,1min,train,2434,172.52057,43.54273,-2.3630373,9.075296,User: user55<br>Type: 1min<br>Split: train
user55,1min,train,2435,172.52057,43.54273,-2.3920631,9.104523,User: user55<br>Type: 1min<br>Split: train
user55,1min,train,2436,172.52057,43.54273,-2.3615866,9.073941,User: user55<br>Type: 1min<br>Split: train
user55,1min,train,2437,172.52057,43.54273,-2.3850968,9.097508,User: user55<br>Type: 1min<br>Split: train
user55,1min,train,2438,172.52057,43.54273,-2.4842482,9.198758,User: user55<br>Type: 1min<br>Split: train
user55,1min,train,2439,172.52057,43.54273,-2.3865223,9.098753,User: user55<br>Type: 1min<br>Split: train
user55,1min,train,2440,172.52057,43.54273,-2.3869069,9.099311,User: user55<br>Type: 1min<br>Split: train
user55,1min,train,2441,172.52057,43.54273,-2.381834,9.094246,User: user55<br>Type: 1min<br>Split: train
user55,1min,train,2442,172.52057,43.54273,-2.3867583,9.099241,User: user55<br>Type: 1min<br>Split: train
user55,1min,train,2443,172.52057,43.54273,-2.3765428,9.088772,User: user55<br>Type: 1min<br>Split: train
user55,1min,train,2444,172.52057,43.54273,-2.495681,9.210326,User: user55<br>Type: 1min<br>Split: train
user55,1min,train,2445,172.52057,43.54273,-2.371479,9.083939,User: user55<br>Type: 1min<br>Split: train
user55,1min,train,2446,172.52057,43.54273,-2.3787422,9.091499,User: user55<br>Type: 1min<br>Split: train
user55,1min,train,2447,172.52057,43.54273,-2.505194,9.219885,User: user55<br>Type: 1min<br>Split: train
user55,1min,train,2448,172.52057,43.54273,-2.48433,9.1985655,User: user55<br>Type: 1min<br>Split: train
user55,1min,train,2449,172.52057,43.54273,-2.360299,9.072132,User: user55<br>Type: 1min<br>Split: train
user55,1min,train,2450,172.52057,43.54273,-2.3850658,9.097354,User: user55<br>Type: 1min<br>Split: train
user55,1min,train,2451,180.13483,21.379145,-2.3907974,9.103226,User: user55<br>Type: 1min<br>Split: train
user55,1min,train,2452,180.13483,21.379145,-2.4989772,9.213605,User: user55<br>Type: 1min<br>Split: train
user55,1min,train,2453,180.13483,21.379145,-2.477231,9.191339,User: user55<br>Type: 1min<br>Split: train
user55,1min,train,2454,180.13483,21.379145,-2.4830744,9.197422,User: user55<br>Type: 1min<br>Split: train
user55,1min,train,2455,180.13483,21.379145,-2.4945364,9.216006,User: user55<br>Type: 1min<br>Split: train
user55,1min,train,2456,180.13483,21.379145,-2.50601,9.219956,User: user55<br>Type: 1min<br>Split: train
user55,1min,train,2457,180.13483,21.379145,-2.400119,9.112434,User: user55<br>Type: 1min<br>Split: train
user55,1min,train,2458,180.13483,21.379145,-2.487532,9.202159,User: user55<br>Type: 1min<br>Split: train
user55,1min,train,2459,180.13483,21.379145,-2.4850774,9.199165,User: user55<br>Type: 1min<br>Split: train
user55,1min,train,2460,180.13483,21.379145,-2.4829183,9.19734,User: user55<br>Type: 1min<br>Split: train
user55,1min,train,2461,180.13483,21.379145,-2.3874276,9.099693,User: user55<br>Type: 1min<br>Split: train
user56,1min,train,2462,113.61921,-132.74501,18.13773,23.72114,User: user56<br>Type: 1min<br>Split: train
user56,1min,train,2463,113.61921,-132.74501,18.12942,23.712702,User: user56<br>Type: 1min<br>Split: train
user56,1min,train,2464,113.61921,-132.74501,18.132141,23.715462,User: user56<br>Type: 1min<br>Split: train
user56,1min,train,2465,113.61921,-132.74501,18.13174,23.71505,User: user56<br>Type: 1min<br>Split: train
user56,1min,train,2466,113.61921,-132.74501,18.134544,23.717817,User: user56<br>Type: 1min<br>Split: train
user56,1min,train,2467,113.61921,-132.74501,18.139473,23.722372,User: user56<br>Type: 1min<br>Split: train
user56,1min,train,2468,113.61921,-132.74501,18.12988,23.713182,User: user56<br>Type: 1min<br>Split: train
user56,1min,train,2469,113.61921,-132.74501,18.13251,23.715744,User: user56<br>Type: 1min<br>Split: train
user56,1min,train,2470,113.61921,-132.74501,18.133274,23.716576,User: user56<br>Type: 1min<br>Split: train
user56,1min,train,2471,113.61921,-132.74501,18.142395,23.725714,User: user56<br>Type: 1min<br>Split: train
user56,1min,train,2472,113.61921,-132.74501,18.127026,23.71036,User: user56<br>Type: 1min<br>Split: train
user56,1min,train,2473,113.61921,-132.74501,18.111547,23.6949,User: user56<br>Type: 1min<br>Split: train
user56,1min,train,2474,113.61921,-132.74501,18.1223,23.705605,User: user56<br>Type: 1min<br>Split: train
user56,1min,train,2475,113.61921,-132.74501,18.131031,23.714714,User: user56<br>Type: 1min<br>Split: train
user56,1min,train,2476,113.61921,-132.74501,18.1309,23.714193,User: user56<br>Type: 1min<br>Split: train
user56,1min,train,2477,113.61921,-132.74501,18.151644,23.734943,User: user56<br>Type: 1min<br>Split: train
user56,1min,train,2478,113.61921,-132.74501,18.131697,23.715141,User: user56<br>Type: 1min<br>Split: train
user56,1min,train,2479,113.61921,-132.74501,18.13071,23.713964,User: user56<br>Type: 1min<br>Split: train
user56,1min,train,2480,113.61921,-132.74501,18.134333,23.717857,User: user56<br>Type: 1min<br>Split: train
user56,1min,train,2481,113.61921,-132.74501,18.151518,23.734196,User: user56<br>Type: 1min<br>Split: train
user56,1min,train,2482,113.61921,-132.74501,18.122581,23.705818,User: user56<br>Type: 1min<br>Split: train
user56,1min,train,2483,113.61921,-132.74501,18.144657,23.727865,User: user56<br>Type: 1min<br>Split: train
user56,1min,train,2484,113.61921,-132.74501,18.13435,23.71781,User: user56<br>Type: 1min<br>Split: train
user56,1min,train,2485,113.61921,-132.74501,18.146141,23.729256,User: user56<br>Type: 1min<br>Split: train
user56,1min,train,2486,113.61921,-132.74501,18.132082,23.715416,User: user56<br>Type: 1min<br>Split: train
user56,1min,train,2487,113.61921,-132.74501,18.150928,23.734573,User: user56<br>Type: 1min<br>Split: train
user56,1min,train,2488,113.61921,-132.74501,18.13275,23.715837,User: user56<br>Type: 1min<br>Split: train
user56,1min,train,2489,113.61921,-132.74501,18.099699,23.683105,User: user56<br>Type: 1min<br>Split: train
user56,1min,train,2490,113.61921,-132.74501,18.131897,23.71534,User: user56<br>Type: 1min<br>Split: train
user56,1min,train,2491,113.61921,-132.74501,18.131609,23.715014,User: user56<br>Type: 1min<br>Split: train
user56,1min,train,2492,113.61921,-132.74501,18.131832,23.71499,User: user56<br>Type: 1min<br>Split: train
user56,1min,train,2493,113.61921,-132.74501,18.146894,23.730204,User: user56<br>Type: 1min<br>Split: train
user56,1min,train,2494,113.61921,-132.74501,18.122166,23.705427,User: user56<br>Type: 1min<br>Split: train
user56,1min,train,2495,113.61921,-132.74501,18.114681,23.699808,User: user56<br>Type: 1min<br>Split: train
user56,1min,train,2496,113.61921,-132.74501,18.125841,23.70927,User: user56<br>Type: 1min<br>Split: train
user56,1min,train,2497,113.61921,-132.74501,18.131317,23.71446,User: user56<br>Type: 1min<br>Split: train
user56,1min,train,2498,113.61921,-132.74501,18.131021,23.71425,User: user56<br>Type: 1min<br>Split: train
user56,1min,train,2499,113.61921,-132.74501,18.127077,23.710463,User: user56<br>Type: 1min<br>Split: train
user56,1min,train,2500,113.61921,-132.74501,18.116695,23.700119,User: user56<br>Type: 1min<br>Split: train
user56,1min,train,2501,113.61921,-132.74501,18.120346,23.704943,User: user56<br>Type: 1min<br>Split: train
user56,1min,train,2502,113.61921,-132.74501,18.134642,23.718063,User: user56<br>Type: 1min<br>Split: train
user56,1min,train,2503,113.61921,-132.74501,18.168789,23.751535,User: user56<br>Type: 1min<br>Split: train
user57,1min,train,2504,36.89254,200.02829,23.323141,-9.718972,User: user57<br>Type: 1min<br>Split: train
user57,1min,train,2505,36.89254,200.02829,-4.19126,3.5348227,User: user57<br>Type: 1min<br>Split: train
user57,1min,train,2506,36.89254,200.02829,23.32322,-9.719,User: user57<br>Type: 1min<br>Split: train
user57,1min,train,2507,36.89254,200.02829,23.32283,-9.719255,User: user57<br>Type: 1min<br>Split: train
user57,1min,train,2508,36.89254,200.02829,23.32321,-9.719038,User: user57<br>Type: 1min<br>Split: train
user57,1min,train,2509,36.89254,200.02829,-4.19209,3.5351753,User: user57<br>Type: 1min<br>Split: train
user57,1min,train,2510,36.89254,200.02829,-4.191937,3.5355837,User: user57<br>Type: 1min<br>Split: train
user57,1min,train,2511,36.89254,200.02829,23.326063,-9.71699,User: user57<br>Type: 1min<br>Split: train
user57,1min,train,2512,36.89254,200.02829,-4.1798844,3.5474389,User: user57<br>Type: 1min<br>Split: train
user57,1min,train,2513,36.89254,200.02829,23.323345,-9.718954,User: user57<br>Type: 1min<br>Split: train
user57,1min,train,2514,36.89254,200.02829,-4.1932197,3.5348294,User: user57<br>Type: 1min<br>Split: train
user57,1min,train,2515,36.89254,200.02829,-4.1917605,3.5356123,User: user57<br>Type: 1min<br>Split: train
user57,1min,train,2516,36.89254,200.02829,23.322287,-9.719931,User: user57<br>Type: 1min<br>Split: train
user57,1min,train,2517,36.89254,200.02829,-4.2035375,3.5471385,User: user57<br>Type: 1min<br>Split: train
user57,1min,train,2518,36.89254,200.02829,-4.192507,3.5359604,User: user57<br>Type: 1min<br>Split: train
user57,1min,train,2519,36.89254,200.02829,-4.1929245,3.535543,User: user57<br>Type: 1min<br>Split: train
user57,1min,train,2520,36.89254,200.02829,-4.192743,3.535867,User: user57<br>Type: 1min<br>Split: train
user57,1min,train,2521,36.89254,200.02829,-4.1928887,3.535573,User: user57<br>Type: 1min<br>Split: train
user57,1min,train,2522,36.89254,200.02829,-4.1925664,3.5358577,User: user57<br>Type: 1min<br>Split: train
user57,1min,train,2523,36.89254,200.02829,-4.19216,3.5365021,User: user57<br>Type: 1min<br>Split: train
user57,1min,train,2524,36.89254,200.02829,23.323265,-9.719016,User: user57<br>Type: 1min<br>Split: train
user57,1min,train,2525,36.89254,200.02829,-4.192954,3.5357351,User: user57<br>Type: 1min<br>Split: train
user57,1min,train,2526,36.89254,200.02829,-4.192315,3.5360067,User: user57<br>Type: 1min<br>Split: train
user57,1min,train,2527,36.89254,200.02829,23.324326,-9.717954,User: user57<br>Type: 1min<br>Split: train
user57,1min,train,2528,36.89254,200.02829,23.32366,-9.719585,User: user57<br>Type: 1min<br>Split: train
user57,1min,train,2529,36.89254,200.02829,23.32229,-9.719771,User: user57<br>Type: 1min<br>Split: train
user57,1min,train,2530,36.89254,200.02829,23.323725,-9.718636,User: user57<br>Type: 1min<br>Split: train
user57,1min,train,2531,36.89254,200.02829,-4.2054744,3.5228794,User: user57<br>Type: 1min<br>Split: train
user57,1min,train,2532,36.89254,200.02829,23.32384,-9.719262,User: user57<br>Type: 1min<br>Split: train
user57,1min,train,2533,36.89254,200.02829,23.323288,-9.718933,User: user57<br>Type: 1min<br>Split: train
user57,1min,train,2534,36.89254,200.02829,23.32321,-9.719248,User: user57<br>Type: 1min<br>Split: train
user57,1min,train,2535,36.89254,200.02829,23.321629,-9.720023,User: user57<br>Type: 1min<br>Split: train
user57,1min,train,2536,36.89254,200.02829,-4.194673,3.544653,User: user57<br>Type: 1min<br>Split: train
user57,1min,train,2537,36.89254,200.02829,-4.1922393,3.53628,User: user57<br>Type: 1min<br>Split: train
user57,1min,train,2538,36.89254,200.02829,23.323162,-9.719257,User: user57<br>Type: 1min<br>Split: train
user57,1min,train,2539,36.89254,200.02829,23.324259,-9.718415,User: user57<br>Type: 1min<br>Split: train
user57,1min,train,2540,36.89254,200.02829,23.325182,-9.716636,User: user57<br>Type: 1min<br>Split: train
user57,1min,train,2541,36.89254,200.02829,23.321623,-9.718655,User: user57<br>Type: 1min<br>Split: train
user57,1min,train,2542,36.89254,200.02829,-4.188897,3.5349722,User: user57<br>Type: 1min<br>Split: train
user57,1min,train,2543,36.89254,200.02829,-4.2201796,3.5078685,User: user57<br>Type: 1min<br>Split: train
user57,1min,train,2544,36.89254,200.02829,23.323372,-9.71897,User: user57<br>Type: 1min<br>Split: train
user57,1min,train,2545,36.89254,200.02829,23.323334,-9.719066,User: user57<br>Type: 1min<br>Split: train
user57,1min,train,2546,36.89254,200.02829,-4.1922607,3.5361211,User: user57<br>Type: 1min<br>Split: train
user57,1min,train,2547,36.89254,200.02829,23.32336,-9.719104,User: user57<br>Type: 1min<br>Split: train
user57,1min,train,2548,36.89254,200.02829,23.32337,-9.718825,User: user57<br>Type: 1min<br>Split: train
user57,1min,train,2549,36.89254,200.02829,-4.1922708,3.536179,User: user57<br>Type: 1min<br>Split: train
user57,1min,train,2550,36.89254,200.02829,23.323366,-9.718998,User: user57<br>Type: 1min<br>Split: train
user57,1min,train,2551,36.89254,200.02829,23.323273,-9.719,User: user57<br>Type: 1min<br>Split: train
user58,1min,train,2552,-167.52768,-59.633446,22.552292,-17.412863,User: user58<br>Type: 1min<br>Split: train
user58,1min,train,2553,-167.52768,-59.633446,22.535046,-17.430038,User: user58<br>Type: 1min<br>Split: train
user58,1min,train,2554,-167.52768,-59.633446,22.537523,-17.42793,User: user58<br>Type: 1min<br>Split: train
user58,1min,train,2555,-167.52768,-59.633446,22.537848,-17.427265,User: user58<br>Type: 1min<br>Split: train
user58,1min,train,2556,-167.52768,-59.633446,22.53159,-17.433601,User: user58<br>Type: 1min<br>Split: train
user58,1min,train,2557,-167.52768,-59.633446,22.532627,-17.432507,User: user58<br>Type: 1min<br>Split: train
user58,1min,train,2558,-167.52768,-59.633446,22.535765,-17.429388,User: user58<br>Type: 1min<br>Split: train
user58,1min,train,2559,-167.52768,-59.633446,22.53512,-17.430017,User: user58<br>Type: 1min<br>Split: train
user58,1min,train,2560,-167.52768,-59.633446,22.53515,-17.43,User: user58<br>Type: 1min<br>Split: train
user58,1min,train,2561,-167.52768,-59.633446,22.534044,-17.431076,User: user58<br>Type: 1min<br>Split: train
user58,1min,train,2562,-167.52768,-59.633446,22.533005,-17.43218,User: user58<br>Type: 1min<br>Split: train
user58,1min,train,2563,-167.52768,-59.633446,22.537546,-17.427622,User: user58<br>Type: 1min<br>Split: train
user58,1min,train,2564,-167.52768,-59.633446,22.53527,-17.429913,User: user58<br>Type: 1min<br>Split: train
user58,1min,train,2565,-167.52768,-59.633446,22.5326,-17.432629,User: user58<br>Type: 1min<br>Split: train
user58,1min,train,2566,-167.52768,-59.633446,22.529406,-17.435816,User: user58<br>Type: 1min<br>Split: train
user58,1min,train,2567,-167.52768,-59.633446,22.545187,-17.420145,User: user58<br>Type: 1min<br>Split: train
user58,1min,train,2568,-167.52768,-59.633446,22.53273,-17.432644,User: user58<br>Type: 1min<br>Split: train
user58,1min,train,2569,-167.52768,-59.633446,22.50754,-17.457739,User: user58<br>Type: 1min<br>Split: train
user58,1min,train,2570,-167.52768,-59.633446,22.552076,-17.413166,User: user58<br>Type: 1min<br>Split: train
user58,1min,train,2571,-167.52768,-59.633446,22.543203,-17.421925,User: user58<br>Type: 1min<br>Split: train
user58,1min,train,2572,-167.52768,-59.633446,22.532375,-17.432848,User: user58<br>Type: 1min<br>Split: train
user58,1min,train,2573,-167.52768,-59.633446,22.533531,-17.431536,User: user58<br>Type: 1min<br>Split: train
user58,1min,train,2574,-167.52768,-59.633446,22.533213,-17.431988,User: user58<br>Type: 1min<br>Split: train
user58,1min,train,2575,-167.52768,-59.633446,22.506943,-17.457834,User: user58<br>Type: 1min<br>Split: train
user58,1min,train,2576,-167.52768,-59.633446,22.541124,-17.424011,User: user58<br>Type: 1min<br>Split: train
user58,1min,train,2577,-167.52768,-59.633446,22.534544,-17.43049,User: user58<br>Type: 1min<br>Split: train
user58,1min,train,2578,-167.52768,-59.633446,22.552137,-17.413115,User: user58<br>Type: 1min<br>Split: train
user58,1min,train,2579,-167.52768,-59.633446,22.524529,-17.440716,User: user58<br>Type: 1min<br>Split: train
user58,1min,train,2580,-167.52768,-59.633446,22.541008,-17.422974,User: user58<br>Type: 1min<br>Split: train
user58,1min,train,2581,-167.52768,-59.633446,22.53408,-17.431087,User: user58<br>Type: 1min<br>Split: train
user58,1min,train,2582,-167.52768,-59.633446,22.534077,-17.430967,User: user58<br>Type: 1min<br>Split: train
user58,1min,train,2583,-167.52768,-59.633446,22.53467,-17.430489,User: user58<br>Type: 1min<br>Split: train
user58,1min,train,2584,-167.52768,-59.633446,22.51312,-17.452316,User: user58<br>Type: 1min<br>Split: train
user58,1min,train,2585,-167.52768,-59.633446,22.521343,-17.443747,User: user58<br>Type: 1min<br>Split: train
user58,1min,train,2586,-167.52768,-59.633446,22.531273,-17.43422,User: user58<br>Type: 1min<br>Split: train
user58,1min,train,2587,-167.52768,-59.633446,22.559828,-17.404837,User: user58<br>Type: 1min<br>Split: train
user58,1min,train,2588,-167.52768,-59.633446,22.51001,-17.455164,User: user58<br>Type: 1min<br>Split: train
user58,1min,train,2589,-167.52768,-59.633446,22.532991,-17.432154,User: user58<br>Type: 1min<br>Split: train
user58,1min,train,2590,-167.52768,-59.633446,22.550306,-17.414944,User: user58<br>Type: 1min<br>Split: train
user58,1min,train,2591,-167.52768,-59.633446,22.535704,-17.429888,User: user58<br>Type: 1min<br>Split: train
user58,1min,train,2592,-167.52768,-59.633446,22.533237,-17.432035,User: user58<br>Type: 1min<br>Split: train
user58,1min,train,2593,-167.52768,-59.633446,22.560007,-17.405188,User: user58<br>Type: 1min<br>Split: train
user58,1min,train,2594,-167.52768,-59.633446,22.572187,-17.393019,User: user58<br>Type: 1min<br>Split: train
user58,1min,train,2595,-167.52768,-59.633446,22.532564,-17.432714,User: user58<br>Type: 1min<br>Split: train
user58,1min,train,2596,-167.52768,-59.633446,22.534983,-17.430204,User: user58<br>Type: 1min<br>Split: train
user59,1min,train,2597,150.87459,142.5436,5.9077454,29.426716,User: user59<br>Type: 1min<br>Split: train
user59,1min,train,2598,150.87459,142.5436,5.909919,29.424435,User: user59<br>Type: 1min<br>Split: train
user59,1min,train,2599,150.87459,142.5436,5.900036,29.434408,User: user59<br>Type: 1min<br>Split: train
user59,1min,train,2600,150.87459,142.5436,5.9082527,29.428951,User: user59<br>Type: 1min<br>Split: train
user59,1min,train,2601,150.87459,142.5436,5.9165025,29.418972,User: user59<br>Type: 1min<br>Split: train
user59,1min,train,2602,150.87459,142.5436,5.8900075,29.445284,User: user59<br>Type: 1min<br>Split: train
user59,1min,train,2603,150.87459,142.5436,5.911909,29.426073,User: user59<br>Type: 1min<br>Split: train
user59,1min,train,2604,150.87459,142.5436,5.9013643,29.416965,User: user59<br>Type: 1min<br>Split: train
user59,1min,train,2605,150.87459,142.5436,5.908871,29.4276,User: user59<br>Type: 1min<br>Split: train
user59,1min,train,2606,150.87459,142.5436,5.9169407,29.418493,User: user59<br>Type: 1min<br>Split: train
user59,1min,train,2607,150.87459,142.5436,5.901347,29.433908,User: user59<br>Type: 1min<br>Split: train
user59,1min,train,2608,150.87459,142.5436,5.911929,29.422358,User: user59<br>Type: 1min<br>Split: train
user59,1min,train,2609,150.87459,142.5436,5.9030275,29.427933,User: user59<br>Type: 1min<br>Split: train
user59,1min,train,2610,150.87459,142.5436,5.906818,29.428074,User: user59<br>Type: 1min<br>Split: train
user59,1min,train,2611,150.87459,142.5436,5.8816705,29.453363,User: user59<br>Type: 1min<br>Split: train
user59,1min,train,2612,150.87459,142.5436,5.8912163,29.442806,User: user59<br>Type: 1min<br>Split: train
user59,1min,train,2613,150.87459,142.5436,5.928996,29.39934,User: user59<br>Type: 1min<br>Split: train
user59,1min,train,2614,150.87459,142.5436,5.930145,29.40339,User: user59<br>Type: 1min<br>Split: train
user59,1min,train,2615,150.87459,142.5436,5.907805,29.425947,User: user59<br>Type: 1min<br>Split: train
user59,1min,train,2616,150.87459,142.5436,5.9079843,29.425634,User: user59<br>Type: 1min<br>Split: train
user59,1min,train,2617,150.87459,142.5436,5.903048,29.417295,User: user59<br>Type: 1min<br>Split: train
user59,1min,train,2618,150.87459,142.5436,5.9199834,29.436695,User: user59<br>Type: 1min<br>Split: train
user59,1min,train,2619,150.87459,142.5436,5.892557,29.440521,User: user59<br>Type: 1min<br>Split: train
user59,1min,train,2620,150.87459,142.5436,5.9102,29.42331,User: user59<br>Type: 1min<br>Split: train
user59,1min,train,2621,150.87459,142.5436,5.9083104,29.425663,User: user59<br>Type: 1min<br>Split: train
user59,1min,train,2622,150.87459,142.5436,5.932681,29.417673,User: user59<br>Type: 1min<br>Split: train
user59,1min,train,2623,150.87459,142.5436,5.9087567,29.424007,User: user59<br>Type: 1min<br>Split: train
user59,1min,train,2624,150.87459,142.5436,5.9121094,29.423477,User: user59<br>Type: 1min<br>Split: train
user59,1min,train,2625,150.87459,142.5436,5.9223056,29.437208,User: user59<br>Type: 1min<br>Split: train
user59,1min,train,2626,150.87459,142.5436,5.909468,29.423756,User: user59<br>Type: 1min<br>Split: train
user59,1min,train,2627,150.87459,142.5436,5.9092913,29.423897,User: user59<br>Type: 1min<br>Split: train
user59,1min,train,2628,150.87459,142.5436,5.9083443,29.424667,User: user59<br>Type: 1min<br>Split: train
user59,1min,train,2629,150.87459,142.5436,5.8802276,29.45266,User: user59<br>Type: 1min<br>Split: train
user59,1min,train,2630,150.87459,142.5436,5.903417,29.423803,User: user59<br>Type: 1min<br>Split: train
user59,1min,train,2631,150.87459,142.5436,5.8947377,29.438004,User: user59<br>Type: 1min<br>Split: train
user59,1min,train,2632,150.87459,142.5436,5.9045286,29.428667,User: user59<br>Type: 1min<br>Split: train
user59,1min,train,2633,150.87459,142.5436,5.907432,29.425404,User: user59<br>Type: 1min<br>Split: train
user59,1min,train,2634,150.87459,142.5436,5.9043493,29.428595,User: user59<br>Type: 1min<br>Split: train
user59,1min,train,2635,150.87459,142.5436,5.9231067,29.441715,User: user59<br>Type: 1min<br>Split: train
user59,1min,train,2636,150.87459,142.5436,5.90781,29.424953,User: user59<br>Type: 1min<br>Split: train
user59,1min,train,2637,150.87459,142.5436,5.9073095,29.42573,User: user59<br>Type: 1min<br>Split: train
user59,1min,train,2638,150.87459,142.5436,5.9421325,29.410769,User: user59<br>Type: 1min<br>Split: train
user59,1min,train,2639,150.87459,142.5436,5.925375,29.40809,User: user59<br>Type: 1min<br>Split: train
user59,1min,train,2640,150.87459,142.5436,5.93029,29.403336,User: user59<br>Type: 1min<br>Split: train
user59,1min,train,2641,150.87459,142.5436,5.892459,29.409115,User: user59<br>Type: 1min<br>Split: train
user59,1min,train,2642,150.87459,142.5436,5.884418,29.449741,User: user59<br>Type: 1min<br>Split: train
user59,1min,train,2643,150.87459,142.5436,5.9138956,29.424519,User: user59<br>Type: 1min<br>Split: train
user59,1min,train,2644,150.87459,142.5436,5.9061275,29.429897,User: user59<br>Type: 1min<br>Split: train
user59,1min,train,2645,150.87459,142.5436,5.9186625,29.416164,User: user59<br>Type: 1min<br>Split: train
user6,1min,train,2646,-25.36842,-154.0888,-2.9177139,-21.159441,User: user6<br>Type: 1min<br>Split: train
user6,1min,train,2647,-25.36842,-154.0888,-2.9182203,-21.159016,User: user6<br>Type: 1min<br>Split: train
user6,1min,train,2648,-25.36842,-154.0888,-2.917811,-21.159363,User: user6<br>Type: 1min<br>Split: train
user6,1min,train,2649,-25.36842,-154.0888,-2.919221,-21.157705,User: user6<br>Type: 1min<br>Split: train
user6,1min,train,2650,-25.36842,-154.0888,-1.6793404,27.287235,User: user6<br>Type: 1min<br>Split: train
user6,1min,train,2651,-25.36842,-154.0888,-2.9121666,-21.16505,User: user6<br>Type: 1min<br>Split: train
user6,1min,train,2652,-25.36842,-154.0888,-1.6728112,27.280529,User: user6<br>Type: 1min<br>Split: train
user6,1min,train,2653,-25.36842,-154.0888,-2.9176466,-21.159548,User: user6<br>Type: 1min<br>Split: train
user6,1min,train,2654,-25.36842,-154.0888,-2.9049182,-21.172209,User: user6<br>Type: 1min<br>Split: train
user6,1min,train,2655,-25.36842,-154.0888,-1.6727633,27.280546,User: user6<br>Type: 1min<br>Split: train
user6,1min,train,2656,-25.36842,-154.0888,-2.9272122,-21.150078,User: user6<br>Type: 1min<br>Split: train
user6,1min,train,2657,-25.36842,-154.0888,-2.9184442,-21.15876,User: user6<br>Type: 1min<br>Split: train
user6,1min,train,2658,-25.36842,-154.0888,-1.6727269,27.280504,User: user6<br>Type: 1min<br>Split: train
user6,1min,train,2659,-25.36842,-154.0888,-1.6728342,27.280512,User: user6<br>Type: 1min<br>Split: train
user6,1min,train,2660,-25.36842,-154.0888,-2.9167843,-21.160435,User: user6<br>Type: 1min<br>Split: train
user6,1min,train,2661,-25.36842,-154.0888,-2.9057136,-21.171665,User: user6<br>Type: 1min<br>Split: train
user6,1min,train,2662,-25.36842,-154.0888,-2.9171965,-21.16001,User: user6<br>Type: 1min<br>Split: train
user6,1min,train,2663,-25.36842,-154.0888,-2.9172087,-21.160059,User: user6<br>Type: 1min<br>Split: train
user6,1min,train,2664,-25.36842,-154.0888,-2.9232147,-21.154238,User: user6<br>Type: 1min<br>Split: train
user6,1min,train,2665,-25.36842,-154.0888,-2.9177809,-21.159328,User: user6<br>Type: 1min<br>Split: train
user6,1min,train,2666,-25.36842,-154.0888,-1.6728488,27.280508,User: user6<br>Type: 1min<br>Split: train
user6,1min,train,2667,-25.36842,-154.0888,-2.9195552,-21.157475,User: user6<br>Type: 1min<br>Split: train
user6,1min,train,2668,-25.36842,-154.0888,-2.9333148,-21.143896,User: user6<br>Type: 1min<br>Split: train
user6,1min,train,2669,-25.36842,-154.0888,-1.6736608,27.281336,User: user6<br>Type: 1min<br>Split: train
user6,1min,train,2670,-25.36842,-154.0888,-2.9178848,-21.159285,User: user6<br>Type: 1min<br>Split: train
user6,1min,train,2671,-25.36842,-154.0888,-2.9179912,-21.159214,User: user6<br>Type: 1min<br>Split: train
user6,1min,train,2672,-25.36842,-154.0888,-1.6736312,27.281412,User: user6<br>Type: 1min<br>Split: train
user6,1min,train,2673,-25.36842,-154.0888,-1.6747319,27.28181,User: user6<br>Type: 1min<br>Split: train
user6,1min,train,2674,-25.36842,-154.0888,-2.9185681,-21.158665,User: user6<br>Type: 1min<br>Split: train
user6,1min,train,2675,-25.36842,-154.0888,-2.911782,-21.168983,User: user6<br>Type: 1min<br>Split: train
user6,1min,train,2676,-25.36842,-154.0888,-1.6730101,27.280722,User: user6<br>Type: 1min<br>Split: train
user6,1min,train,2677,-25.36842,-154.0888,-2.9176776,-21.159584,User: user6<br>Type: 1min<br>Split: train
user6,1min,train,2678,-25.36842,-154.0888,-1.6689605,27.276299,User: user6<br>Type: 1min<br>Split: train
user6,1min,train,2679,-25.36842,-154.0888,-2.917006,-21.16027,User: user6<br>Type: 1min<br>Split: train
user6,1min,train,2680,-25.36842,-154.0888,-1.6728882,27.280582,User: user6<br>Type: 1min<br>Split: train
user6,1min,train,2681,-25.36842,-154.0888,-1.67266,27.280474,User: user6<br>Type: 1min<br>Split: train
user6,1min,train,2682,-25.36842,-154.0888,-2.9196568,-21.157398,User: user6<br>Type: 1min<br>Split: train
user6,1min,train,2683,-25.36842,-154.0888,-2.9179292,-21.159386,User: user6<br>Type: 1min<br>Split: train
user6,1min,train,2684,-25.36842,-154.0888,-2.9156678,-21.161667,User: user6<br>Type: 1min<br>Split: train
user6,1min,train,2685,-25.36842,-154.0888,-1.6726247,27.280449,User: user6<br>Type: 1min<br>Split: train
user6,1min,train,2686,-25.36842,-154.0888,-1.672863,27.280518,User: user6<br>Type: 1min<br>Split: train
user6,1min,train,2687,-25.36842,-154.0888,-1.6729556,27.28047,User: user6<br>Type: 1min<br>Split: train
user6,1min,train,2688,-25.36842,-154.0888,-1.6726559,27.280571,User: user6<br>Type: 1min<br>Split: train
user6,1min,train,2689,-25.36842,-154.0888,-2.913739,-21.163534,User: user6<br>Type: 1min<br>Split: train
user6,1min,train,2690,-25.36842,-154.0888,-2.9142103,-21.162579,User: user6<br>Type: 1min<br>Split: train
user6,1min,train,2691,-25.36842,-154.0888,-1.672671,27.280447,User: user6<br>Type: 1min<br>Split: train
user6,1min,train,2692,-25.36842,-154.0888,-2.917105,-21.160168,User: user6<br>Type: 1min<br>Split: train
user60,1min,train,2693,-29.64157,175.02689,15.243981,-6.058166,User: user60<br>Type: 1min<br>Split: train
user60,1min,train,2694,-29.64157,175.02689,15.244716,-6.0571575,User: user60<br>Type: 1min<br>Split: train
user60,1min,train,2695,-29.64157,175.02689,-14.055358,22.718187,User: user60<br>Type: 1min<br>Split: train
user60,1min,train,2696,-29.64157,175.02689,15.244485,-6.057667,User: user60<br>Type: 1min<br>Split: train
user60,1min,train,2697,-29.64157,175.02689,15.244419,-6.0574174,User: user60<br>Type: 1min<br>Split: train
user60,1min,train,2698,-29.64157,175.02689,15.244098,-6.0579967,User: user60<br>Type: 1min<br>Split: train
user60,1min,train,2699,-29.64157,175.02689,15.244048,-6.0577245,User: user60<br>Type: 1min<br>Split: train
user60,1min,train,2700,-29.64157,175.02689,-14.055213,22.718483,User: user60<br>Type: 1min<br>Split: train
user60,1min,train,2701,-29.64157,175.02689,15.244222,-6.0575333,User: user60<br>Type: 1min<br>Split: train
user60,1min,train,2702,-29.64157,175.02689,15.244157,-6.0577235,User: user60<br>Type: 1min<br>Split: train
user60,1min,train,2703,-29.64157,175.02689,-14.055347,22.718222,User: user60<br>Type: 1min<br>Split: train
user60,1min,train,2704,-29.64157,175.02689,15.2413845,-6.060738,User: user60<br>Type: 1min<br>Split: train
user60,1min,train,2705,-29.64157,175.02689,-14.055281,22.718397,User: user60<br>Type: 1min<br>Split: train
user60,1min,train,2706,-29.64157,175.02689,15.243555,-6.058132,User: user60<br>Type: 1min<br>Split: train
user60,1min,train,2707,-29.64157,175.02689,15.234551,-6.067024,User: user60<br>Type: 1min<br>Split: train
user60,1min,train,2708,-29.64157,175.02689,-14.055358,22.718208,User: user60<br>Type: 1min<br>Split: train
user60,1min,train,2709,-29.64157,175.02689,-14.0553255,22.71825,User: user60<br>Type: 1min<br>Split: train
user60,1min,train,2710,-29.64157,175.02689,-14.055783,22.717146,User: user60<br>Type: 1min<br>Split: train
user60,1min,train,2711,-29.64157,175.02689,-14.055385,22.71819,User: user60<br>Type: 1min<br>Split: train
user60,1min,train,2712,-29.64157,175.02689,15.243474,-6.057662,User: user60<br>Type: 1min<br>Split: train
user60,1min,train,2713,-29.64157,175.02689,-14.055393,22.718212,User: user60<br>Type: 1min<br>Split: train
user60,1min,train,2714,-29.64157,175.02689,-14.055378,22.718227,User: user60<br>Type: 1min<br>Split: train
user60,1min,train,2715,-29.64157,175.02689,15.243737,-6.058029,User: user60<br>Type: 1min<br>Split: train
user60,1min,train,2716,-29.64157,175.02689,-14.055345,22.71824,User: user60<br>Type: 1min<br>Split: train
user60,1min,train,2717,-29.64157,175.02689,-14.055339,22.718258,User: user60<br>Type: 1min<br>Split: train
user60,1min,train,2718,-29.64157,175.02689,15.243857,-6.058083,User: user60<br>Type: 1min<br>Split: train
user60,1min,train,2719,-29.64157,175.02689,-14.055319,22.718292,User: user60<br>Type: 1min<br>Split: train
user60,1min,train,2720,-29.64157,175.02689,-14.0553255,22.718288,User: user60<br>Type: 1min<br>Split: train
user60,1min,train,2721,-29.64157,175.02689,15.246188,-6.055148,User: user60<br>Type: 1min<br>Split: train
user60,1min,train,2722,-29.64157,175.02689,-14.055548,22.718138,User: user60<br>Type: 1min<br>Split: train
user60,1min,train,2723,-29.64157,175.02689,-14.056012,22.717258,User: user60<br>Type: 1min<br>Split: train
user60,1min,train,2724,-29.64157,175.02689,15.244185,-6.0578675,User: user60<br>Type: 1min<br>Split: train
user60,1min,train,2725,-29.64157,175.02689,-14.055535,22.718071,User: user60<br>Type: 1min<br>Split: train
user60,1min,train,2726,-29.64157,175.02689,15.244028,-6.057314,User: user60<br>Type: 1min<br>Split: train
user60,1min,train,2727,-29.64157,175.02689,15.24123,-6.060548,User: user60<br>Type: 1min<br>Split: train
user60,1min,train,2728,-29.64157,175.02689,-14.055622,22.71808,User: user60<br>Type: 1min<br>Split: train
user60,1min,train,2729,-29.64157,175.02689,-14.056143,22.71744,User: user60<br>Type: 1min<br>Split: train
user60,1min,train,2730,-29.64157,175.02689,15.2439785,-6.057903,User: user60<br>Type: 1min<br>Split: train
user60,1min,train,2731,-29.64157,175.02689,15.2441025,-6.057891,User: user60<br>Type: 1min<br>Split: train
user60,1min,train,2732,-29.64157,175.02689,15.241481,-6.0590353,User: user60<br>Type: 1min<br>Split: train
user60,1min,train,2733,-29.64157,175.02689,-14.05615,22.71757,User: user60<br>Type: 1min<br>Split: train
user60,1min,train,2734,-29.64157,175.02689,-14.055832,22.717896,User: user60<br>Type: 1min<br>Split: train
user60,1min,train,2735,-29.64157,175.02689,-14.052514,22.720936,User: user60<br>Type: 1min<br>Split: train
user60,1min,train,2736,-29.64157,175.02689,-14.054027,22.720001,User: user60<br>Type: 1min<br>Split: train
user61,1min,train,2737,35.8123,-120.58185,1.365904,-17.115711,User: user61<br>Type: 1min<br>Split: train
user61,1min,train,2738,35.8123,-120.58185,-10.687422,21.705414,User: user61<br>Type: 1min<br>Split: train
user61,1min,train,2739,35.8123,-120.58185,-10.687453,21.705866,User: user61<br>Type: 1min<br>Split: train
user61,1min,train,2740,35.8123,-120.58185,1.3739699,-17.10981,User: user61<br>Type: 1min<br>Split: train
user61,1min,train,2741,35.8123,-120.58185,1.374147,-17.109632,User: user61<br>Type: 1min<br>Split: train
user61,1min,train,2742,35.8123,-120.58185,1.3739445,-17.109827,User: user61<br>Type: 1min<br>Split: train
user61,1min,train,2743,35.8123,-120.58185,-10.687612,21.70614,User: user61<br>Type: 1min<br>Split: train
user61,1min,train,2744,35.8123,-120.58185,1.3738364,-17.109884,User: user61<br>Type: 1min<br>Split: train
user61,1min,train,2745,35.8123,-120.58185,1.3710388,-17.110193,User: user61<br>Type: 1min<br>Split: train
user61,1min,train,2746,35.8123,-120.58185,1.3724279,-17.109709,User: user61<br>Type: 1min<br>Split: train
user61,1min,train,2747,35.8123,-120.58185,1.3737936,-17.109808,User: user61<br>Type: 1min<br>Split: train
user61,1min,train,2748,35.8123,-120.58185,-10.687775,21.706184,User: user61<br>Type: 1min<br>Split: train
user61,1min,train,2749,35.8123,-120.58185,1.3737941,-17.10975,User: user61<br>Type: 1min<br>Split: train
user61,1min,train,2750,36.94375,-113.06596,-10.686089,21.70459,User: user61<br>Type: 1min<br>Split: train
user61,1min,train,2751,36.94375,-113.06596,-10.687023,21.705826,User: user61<br>Type: 1min<br>Split: train
user61,1min,train,2752,35.8123,-120.58185,1.3853219,-17.106817,User: user61<br>Type: 1min<br>Split: train
user61,1min,train,2753,35.8123,-120.58185,1.3742843,-17.109695,User: user61<br>Type: 1min<br>Split: train
user61,1min,train,2754,35.8123,-120.58185,1.3743863,-17.10979,User: user61<br>Type: 1min<br>Split: train
user61,1min,train,2755,35.8123,-120.58185,-10.68744,21.706367,User: user61<br>Type: 1min<br>Split: train
user61,1min,train,2756,35.8123,-120.58185,1.3933253,-17.09036,User: user61<br>Type: 1min<br>Split: train
user61,1min,train,2757,35.8123,-120.58185,-10.687094,21.708664,User: user61<br>Type: 1min<br>Split: train
user61,1min,train,2758,35.8123,-120.58185,1.3746657,-17.10922,User: user61<br>Type: 1min<br>Split: train
user61,1min,train,2759,35.8123,-120.58185,-10.687768,21.70612,User: user61<br>Type: 1min<br>Split: train
user61,1min,train,2760,35.8123,-120.58185,1.37479,-17.108746,User: user61<br>Type: 1min<br>Split: train
user61,1min,train,2761,35.8123,-120.58185,-10.687623,21.706408,User: user61<br>Type: 1min<br>Split: train
user61,1min,train,2762,35.8123,-120.58185,-10.687609,21.706535,User: user61<br>Type: 1min<br>Split: train
user61,1min,train,2763,35.8123,-120.58185,-10.687674,21.706509,User: user61<br>Type: 1min<br>Split: train
user61,1min,train,2764,35.8123,-120.58185,-10.687956,21.706585,User: user61<br>Type: 1min<br>Split: train
user61,1min,train,2765,35.8123,-120.58185,1.374617,-17.109186,User: user61<br>Type: 1min<br>Split: train
user61,1min,train,2766,35.8123,-120.58185,-10.6877775,21.70665,User: user61<br>Type: 1min<br>Split: train
user61,1min,train,2767,35.8123,-120.58185,1.3748027,-17.109207,User: user61<br>Type: 1min<br>Split: train
user61,1min,train,2768,35.8123,-120.58185,1.3749626,-17.109219,User: user61<br>Type: 1min<br>Split: train
user61,1min,train,2769,35.8123,-120.58185,-10.692703,21.711645,User: user61<br>Type: 1min<br>Split: train
user61,1min,train,2770,35.8123,-120.58185,-10.688329,21.70667,User: user61<br>Type: 1min<br>Split: train
user61,1min,train,2771,35.8123,-120.58185,-10.687608,21.708244,User: user61<br>Type: 1min<br>Split: train
user62,1min,train,2772,-81.71124,91.576035,24.775358,-2.97894,User: user62<br>Type: 1min<br>Split: train
user62,1min,train,2773,-85.32774,71.950195,24.74535,-2.9493847,User: user62<br>Type: 1min<br>Split: train
user62,1min,train,2774,-85.32774,71.950195,24.76848,-2.9721365,User: user62<br>Type: 1min<br>Split: train
user62,1min,train,2775,-85.32774,71.950195,24.744274,-2.9482985,User: user62<br>Type: 1min<br>Split: train
user62,1min,train,2776,-85.32774,71.950195,24.761518,-2.9651506,User: user62<br>Type: 1min<br>Split: train
user62,1min,train,2777,-85.32774,71.950195,24.74141,-2.9455853,User: user62<br>Type: 1min<br>Split: train
user62,1min,train,2778,-85.32774,71.950195,24.771858,-2.9755266,User: user62<br>Type: 1min<br>Split: train
user62,1min,train,2779,-85.32774,71.950195,24.780334,-2.9839897,User: user62<br>Type: 1min<br>Split: train
user62,1min,train,2780,-85.32774,71.950195,24.77359,-2.9773347,User: user62<br>Type: 1min<br>Split: train
user62,1min,train,2781,-85.32774,71.950195,24.731426,-2.9355268,User: user62<br>Type: 1min<br>Split: train
user62,1min,train,2782,-84.458015,81.85563,24.74928,-2.9531796,User: user62<br>Type: 1min<br>Split: train
user62,1min,train,2783,-84.458015,81.85563,24.75073,-2.9546964,User: user62<br>Type: 1min<br>Split: train
user62,1min,train,2784,-85.32774,71.950195,24.773943,-2.9773457,User: user62<br>Type: 1min<br>Split: train
user62,1min,train,2785,-85.32774,71.950195,24.740435,-2.9442785,User: user62<br>Type: 1min<br>Split: train
user62,1min,train,2786,-85.32774,71.950195,24.771027,-2.9746435,User: user62<br>Type: 1min<br>Split: train
user62,1min,train,2787,-81.71124,91.576035,24.747416,-2.951384,User: user62<br>Type: 1min<br>Split: train
user62,1min,train,2788,-81.71124,91.576035,24.73333,-2.9375818,User: user62<br>Type: 1min<br>Split: train
user62,1min,train,2789,-81.71124,91.576035,24.77146,-2.9749537,User: user62<br>Type: 1min<br>Split: train
user62,1min,train,2790,-81.71124,91.576035,24.771042,-2.9744515,User: user62<br>Type: 1min<br>Split: train
user62,1min,train,2791,-81.71124,91.576035,24.749844,-2.9539685,User: user62<br>Type: 1min<br>Split: train
user62,1min,train,2792,-81.71124,91.576035,24.77067,-2.973455,User: user62<br>Type: 1min<br>Split: train
user62,1min,train,2793,-85.32774,71.950195,24.767147,-2.9707758,User: user62<br>Type: 1min<br>Split: train
user62,1min,train,2794,-81.71124,91.576035,24.722433,-2.9264638,User: user62<br>Type: 1min<br>Split: train
user62,1min,train,2795,-81.71124,91.576035,24.766577,-2.9699545,User: user62<br>Type: 1min<br>Split: train
user62,1min,train,2796,-81.71124,91.576035,24.73285,-2.9369612,User: user62<br>Type: 1min<br>Split: train
user62,1min,train,2797,-81.71124,91.576035,24.783056,-2.9866168,User: user62<br>Type: 1min<br>Split: train
user62,1min,train,2798,-81.71124,91.576035,24.729221,-2.9333072,User: user62<br>Type: 1min<br>Split: train
user62,1min,train,2799,-81.71124,91.576035,24.768547,-2.9723628,User: user62<br>Type: 1min<br>Split: train
user62,1min,train,2800,-81.71124,91.576035,24.731295,-2.9355836,User: user62<br>Type: 1min<br>Split: train
user62,1min,train,2801,-81.71124,91.576035,24.767632,-2.9710774,User: user62<br>Type: 1min<br>Split: train
user62,1min,train,2802,-85.32774,71.950195,24.738375,-2.9425218,User: user62<br>Type: 1min<br>Split: train
user62,1min,train,2803,-81.71124,91.576035,24.767511,-2.9711883,User: user62<br>Type: 1min<br>Split: train
user62,1min,train,2804,-81.71124,91.576035,24.74324,-2.9469154,User: user62<br>Type: 1min<br>Split: train
user62,1min,train,2805,-81.71124,91.576035,24.774677,-2.9781816,User: user62<br>Type: 1min<br>Split: train
user62,1min,train,2806,-81.71124,91.576035,24.742262,-2.946247,User: user62<br>Type: 1min<br>Split: train
user62,1min,train,2807,-81.71124,91.576035,24.742922,-2.946964,User: user62<br>Type: 1min<br>Split: train
user62,1min,train,2808,-81.71124,91.576035,24.71633,-2.9202754,User: user62<br>Type: 1min<br>Split: train
user62,1min,train,2809,-81.71124,91.576035,24.724543,-2.9286542,User: user62<br>Type: 1min<br>Split: train
user62,1min,train,2810,-81.71124,91.576035,24.727623,-2.9313443,User: user62<br>Type: 1min<br>Split: train
user62,1min,train,2811,-81.71124,91.576035,24.771612,-2.9751835,User: user62<br>Type: 1min<br>Split: train
user62,1min,train,2812,-81.71124,91.576035,24.798079,-3.0017724,User: user62<br>Type: 1min<br>Split: train
user62,1min,train,2813,-81.71124,91.576035,24.734035,-2.9390526,User: user62<br>Type: 1min<br>Split: train
user62,1min,train,2814,-84.458015,81.85563,24.74953,-2.9535887,User: user62<br>Type: 1min<br>Split: train
user62,1min,train,2815,-84.458015,81.85563,24.741217,-2.9446852,User: user62<br>Type: 1min<br>Split: train
user62,1min,train,2816,-85.32774,71.950195,24.729445,-2.9334497,User: user62<br>Type: 1min<br>Split: train
user62,1min,train,2817,-85.32774,71.950195,24.72528,-2.92931,User: user62<br>Type: 1min<br>Split: train
user62,1min,train,2818,-85.32774,71.950195,24.7728,-2.9759753,User: user62<br>Type: 1min<br>Split: train
user62,1min,train,2819,-85.32774,71.950195,24.7399,-2.9436579,User: user62<br>Type: 1min<br>Split: train
user62,1min,train,2820,47.364277,52.968773,5.756168,-10.599193,User: user62<br>Type: 1min<br>Split: train
user62,1min,train,2821,47.364277,52.968773,5.7564187,-10.599061,User: user62<br>Type: 1min<br>Split: train
user62,1min,train,2822,47.364277,52.968773,5.778045,-10.577426,User: user62<br>Type: 1min<br>Split: train
user62,1min,train,2823,54.492836,68.28116,5.7631273,-10.592448,User: user62<br>Type: 1min<br>Split: train
user62,1min,train,2824,54.492836,68.28116,5.789277,-10.566249,User: user62<br>Type: 1min<br>Split: train
user62,1min,train,2825,54.492836,68.28116,5.790253,-10.565152,User: user62<br>Type: 1min<br>Split: train
user62,1min,train,2826,47.364277,52.968773,5.758945,-10.596571,User: user62<br>Type: 1min<br>Split: train
user62,1min,train,2827,47.364277,52.968773,5.745897,-10.609554,User: user62<br>Type: 1min<br>Split: train
user62,1min,train,2828,54.492836,68.28116,5.787815,-10.567631,User: user62<br>Type: 1min<br>Split: train
user62,1min,train,2829,54.492836,68.28116,5.792749,-10.562821,User: user62<br>Type: 1min<br>Split: train
user62,1min,train,2830,54.492836,68.28116,5.7677097,-10.587898,User: user62<br>Type: 1min<br>Split: train
user62,1min,train,2831,54.492836,68.28116,5.794727,-10.560754,User: user62<br>Type: 1min<br>Split: train
user62,1min,train,2832,54.492836,68.28116,5.7681336,-10.587219,User: user62<br>Type: 1min<br>Split: train
user62,1min,train,2833,54.492836,68.28116,5.767769,-10.587625,User: user62<br>Type: 1min<br>Split: train
user62,1min,train,2834,54.492836,68.28116,5.7912874,-10.564137,User: user62<br>Type: 1min<br>Split: train
user62,1min,train,2835,47.364277,52.968773,5.7486024,-10.607085,User: user62<br>Type: 1min<br>Split: train
user62,1min,train,2836,54.492836,68.28116,5.767223,-10.587864,User: user62<br>Type: 1min<br>Split: train
user62,1min,train,2837,54.492836,68.28116,5.805423,-10.550146,User: user62<br>Type: 1min<br>Split: train
user62,1min,train,2838,54.492836,68.28116,5.777786,-10.577549,User: user62<br>Type: 1min<br>Split: train
user62,1min,train,2839,54.492836,68.28116,5.803382,-10.551843,User: user62<br>Type: 1min<br>Split: train
user62,1min,train,2840,54.492836,68.28116,5.802276,-10.553365,User: user62<br>Type: 1min<br>Split: train
user62,1min,train,2841,54.492836,68.28116,5.8215604,-10.536394,User: user62<br>Type: 1min<br>Split: train
user62,1min,train,2842,47.364277,52.968773,5.7594466,-10.596072,User: user62<br>Type: 1min<br>Split: train
user62,1min,train,2843,54.492836,68.28116,5.795519,-10.560146,User: user62<br>Type: 1min<br>Split: train
user62,1min,train,2844,54.492836,68.28116,5.795581,-10.560002,User: user62<br>Type: 1min<br>Split: train
user62,1min,train,2845,54.492836,68.28116,5.8113256,-10.544526,User: user62<br>Type: 1min<br>Split: train
user62,1min,train,2846,51.249367,60.493397,5.7924447,-10.563148,User: user62<br>Type: 1min<br>Split: train
user62,1min,train,2847,51.249367,60.493397,5.7599764,-10.596226,User: user62<br>Type: 1min<br>Split: train
user62,1min,train,2848,54.492836,68.28116,5.7589436,-10.5962925,User: user62<br>Type: 1min<br>Split: train
user62,1min,train,2849,54.492836,68.28116,5.792722,-10.562843,User: user62<br>Type: 1min<br>Split: train
user62,1min,train,2850,54.492836,68.28116,5.7690115,-10.586269,User: user62<br>Type: 1min<br>Split: train
user62,1min,train,2851,54.492836,68.28116,5.807644,-10.547739,User: user62<br>Type: 1min<br>Split: train
user62,1min,train,2852,54.492836,68.28116,5.759555,-10.596052,User: user62<br>Type: 1min<br>Split: train
user62,1min,train,2853,54.492836,68.28116,5.7690554,-10.586291,User: user62<br>Type: 1min<br>Split: train
user62,1min,train,2854,54.492836,68.28116,5.7534385,-10.6020975,User: user62<br>Type: 1min<br>Split: train
user62,1min,train,2855,54.492836,68.28116,5.7769165,-10.578725,User: user62<br>Type: 1min<br>Split: train
user62,1min,train,2856,54.492836,68.28116,5.7817535,-10.573738,User: user62<br>Type: 1min<br>Split: train
user62,1min,train,2857,54.492836,68.28116,5.8276443,-10.528255,User: user62<br>Type: 1min<br>Split: train
user63,1min,train,2858,-1.9675404,-112.565315,4.356712,32.611176,User: user63<br>Type: 1min<br>Split: train
user63,1min,train,2859,-1.9675404,-112.565315,4.3523164,32.616093,User: user63<br>Type: 1min<br>Split: train
user63,1min,train,2860,-1.9675404,-112.565315,21.261175,2.7524421,User: user63<br>Type: 1min<br>Split: train
user63,1min,train,2861,-1.9675404,-112.565315,21.261269,2.7525141,User: user63<br>Type: 1min<br>Split: train
user63,1min,train,2862,-1.9675404,-112.565315,4.3528843,32.61555,User: user63<br>Type: 1min<br>Split: train
user63,1min,train,2863,-1.9675404,-112.565315,4.3527594,32.615425,User: user63<br>Type: 1min<br>Split: train
user63,1min,train,2864,-1.9675404,-112.565315,4.3533196,32.61478,User: user63<br>Type: 1min<br>Split: train
user63,1min,train,2865,-1.9675404,-112.565315,21.257433,2.7489746,User: user63<br>Type: 1min<br>Split: train
user63,1min,train,2866,-1.9675404,-112.565315,21.26102,2.7523217,User: user63<br>Type: 1min<br>Split: train
user63,1min,train,2867,-1.9675404,-112.565315,4.353314,32.614727,User: user63<br>Type: 1min<br>Split: train
user63,1min,train,2868,-1.9675404,-112.565315,21.272383,2.7637005,User: user63<br>Type: 1min<br>Split: train
user63,1min,train,2869,-1.9675404,-112.565315,4.353474,32.615067,User: user63<br>Type: 1min<br>Split: train
user63,1min,train,2870,-1.9675404,-112.565315,4.352668,32.61541,User: user63<br>Type: 1min<br>Split: train
user63,1min,train,2871,-1.9675404,-112.565315,4.355273,32.61272,User: user63<br>Type: 1min<br>Split: train
user63,1min,train,2872,-1.9675404,-112.565315,4.3512554,32.61673,User: user63<br>Type: 1min<br>Split: train
user63,1min,train,2873,-1.9675404,-112.565315,21.26123,2.752501,User: user63<br>Type: 1min<br>Split: train
user63,1min,train,2874,-1.9675404,-112.565315,4.3625526,32.605453,User: user63<br>Type: 1min<br>Split: train
user63,1min,train,2875,-1.9675404,-112.565315,4.359567,32.607418,User: user63<br>Type: 1min<br>Split: train
user63,1min,train,2876,-1.9675404,-112.565315,21.261261,2.7525325,User: user63<br>Type: 1min<br>Split: train
user63,1min,train,2877,-1.9675404,-112.565315,4.363435,32.601906,User: user63<br>Type: 1min<br>Split: train
user63,1min,train,2878,-1.9675404,-112.565315,4.3547,32.613388,User: user63<br>Type: 1min<br>Split: train
user63,1min,train,2879,-1.9675404,-112.565315,21.26132,2.7526038,User: user63<br>Type: 1min<br>Split: train
user63,1min,train,2880,-1.9675404,-112.565315,21.261257,2.7525218,User: user63<br>Type: 1min<br>Split: train
user63,1min,train,2881,-1.9675404,-112.565315,21.261444,2.7525623,User: user63<br>Type: 1min<br>Split: train
user63,1min,train,2882,-1.9675404,-112.565315,21.261269,2.7525985,User: user63<br>Type: 1min<br>Split: train
user63,1min,train,2883,-1.9675404,-112.565315,21.261532,2.752814,User: user63<br>Type: 1min<br>Split: train
user63,1min,train,2884,-1.9675404,-112.565315,21.261469,2.752891,User: user63<br>Type: 1min<br>Split: train
user63,1min,train,2885,-1.9675404,-112.565315,4.367764,32.600243,User: user63<br>Type: 1min<br>Split: train
user63,1min,train,2886,-1.9675404,-112.565315,4.3695536,32.598503,User: user63<br>Type: 1min<br>Split: train
user63,1min,train,2887,-1.9675404,-112.565315,21.261297,2.752542,User: user63<br>Type: 1min<br>Split: train
user63,1min,train,2888,-1.9675404,-112.565315,21.258448,2.7491333,User: user63<br>Type: 1min<br>Split: train
user63,1min,train,2889,-1.9675404,-112.565315,4.3538365,32.61425,User: user63<br>Type: 1min<br>Split: train
user63,1min,train,2890,-1.9675404,-112.565315,21.2613,2.752528,User: user63<br>Type: 1min<br>Split: train
user63,1min,train,2891,-1.9675404,-112.565315,4.3610687,32.607487,User: user63<br>Type: 1min<br>Split: train
user63,1min,train,2892,-1.9675404,-112.565315,21.2611,2.7524137,User: user63<br>Type: 1min<br>Split: train
user63,1min,train,2893,-1.9675404,-112.565315,21.261295,2.7524378,User: user63<br>Type: 1min<br>Split: train
user63,1min,train,2894,-1.9675404,-112.565315,21.261698,2.7527158,User: user63<br>Type: 1min<br>Split: train
user63,1min,train,2895,-1.9675404,-112.565315,4.3520427,32.61645,User: user63<br>Type: 1min<br>Split: train
user63,1min,train,2896,-1.9675404,-112.565315,4.3526444,32.615913,User: user63<br>Type: 1min<br>Split: train
user63,1min,train,2897,-1.9675404,-112.565315,4.3538857,32.614326,User: user63<br>Type: 1min<br>Split: train
user63,1min,train,2898,-1.9675404,-112.565315,4.3537483,32.614307,User: user63<br>Type: 1min<br>Split: train
user63,1min,train,2899,-1.9675404,-112.565315,4.353806,32.61426,User: user63<br>Type: 1min<br>Split: train
user63,1min,train,2900,-1.9675404,-112.565315,4.3537555,32.614388,User: user63<br>Type: 1min<br>Split: train
user63,1min,train,2901,-1.9675404,-112.565315,4.370346,32.594143,User: user63<br>Type: 1min<br>Split: train
user63,1min,train,2902,-1.9675404,-112.565315,4.3539352,32.614044,User: user63<br>Type: 1min<br>Split: train
user64,1min,train,2903,-27.729897,-200.65443,28.94019,-2.7456238,User: user64<br>Type: 1min<br>Split: train
user64,1min,train,2904,-27.729897,-200.65443,14.395144,26.14961,User: user64<br>Type: 1min<br>Split: train
user64,1min,train,2905,-27.729897,-200.65443,28.954956,-2.7605093,User: user64<br>Type: 1min<br>Split: train
user64,1min,train,2906,-27.729897,-200.65443,14.395212,26.149715,User: user64<br>Type: 1min<br>Split: train
user64,1min,train,2907,-27.729897,-200.65443,28.947382,-2.7526696,User: user64<br>Type: 1min<br>Split: train
user64,1min,train,2908,-27.729897,-200.65443,28.947104,-2.7526743,User: user64<br>Type: 1min<br>Split: train
user64,1min,train,2909,-27.729897,-200.65443,28.948563,-2.7571151,User: user64<br>Type: 1min<br>Split: train
user64,1min,train,2910,-27.729897,-200.65443,14.39533,26.14951,User: user64<br>Type: 1min<br>Split: train
user64,1min,train,2911,-27.729897,-200.65443,14.395315,26.149458,User: user64<br>Type: 1min<br>Split: train
user64,1min,train,2912,-27.729897,-200.65443,28.947176,-2.7530143,User: user64<br>Type: 1min<br>Split: train
user64,1min,train,2913,-27.729897,-200.65443,14.395281,26.149498,User: user64<br>Type: 1min<br>Split: train
user64,1min,train,2914,-27.729897,-200.65443,14.395283,26.149525,User: user64<br>Type: 1min<br>Split: train
user64,1min,train,2915,-27.729897,-200.65443,14.395272,26.149572,User: user64<br>Type: 1min<br>Split: train
user64,1min,train,2916,-27.729897,-200.65443,28.95412,-2.7600687,User: user64<br>Type: 1min<br>Split: train
user64,1min,train,2917,-27.729897,-200.65443,28.947197,-2.7530136,User: user64<br>Type: 1min<br>Split: train
user64,1min,train,2918,-27.729897,-200.65443,14.395239,26.149591,User: user64<br>Type: 1min<br>Split: train
user64,1min,train,2919,-27.729897,-200.65443,28.928883,-2.734587,User: user64<br>Type: 1min<br>Split: train
user64,1min,train,2920,-27.729897,-200.65443,28.946644,-2.7524629,User: user64<br>Type: 1min<br>Split: train
user64,1min,train,2921,-27.729897,-200.65443,14.395347,26.149654,User: user64<br>Type: 1min<br>Split: train
user64,1min,train,2922,-27.729897,-200.65443,14.394322,26.145697,User: user64<br>Type: 1min<br>Split: train
user64,1min,train,2923,-27.729897,-200.65443,28.94819,-2.7540412,User: user64<br>Type: 1min<br>Split: train
user64,1min,train,2924,-27.729897,-200.65443,28.946701,-2.7526035,User: user64<br>Type: 1min<br>Split: train
user64,1min,train,2925,-27.729897,-200.65443,28.930998,-2.7368805,User: user64<br>Type: 1min<br>Split: train
user64,1min,train,2926,-27.729897,-200.65443,14.394697,26.150015,User: user64<br>Type: 1min<br>Split: train
user64,1min,train,2927,-27.729897,-200.65443,28.941387,-2.7472725,User: user64<br>Type: 1min<br>Split: train
user64,1min,train,2928,-27.729897,-200.65443,28.9455,-2.751109,User: user64<br>Type: 1min<br>Split: train
user64,1min,train,2929,-27.729897,-200.65443,14.395195,26.149466,User: user64<br>Type: 1min<br>Split: train
user64,1min,train,2930,-27.729897,-200.65443,14.395146,26.149448,User: user64<br>Type: 1min<br>Split: train
user64,1min,train,2931,-27.729897,-200.65443,28.945364,-2.7510886,User: user64<br>Type: 1min<br>Split: train
user64,1min,train,2932,-27.729897,-200.65443,28.945301,-2.7509663,User: user64<br>Type: 1min<br>Split: train
user64,1min,train,2933,-27.729897,-200.65443,28.931395,-2.7369037,User: user64<br>Type: 1min<br>Split: train
user64,1min,train,2934,-27.729897,-200.65443,28.94535,-2.7510514,User: user64<br>Type: 1min<br>Split: train
user64,1min,train,2935,-27.729897,-200.65443,28.945501,-2.7511988,User: user64<br>Type: 1min<br>Split: train
user64,1min,train,2936,-27.729897,-200.65443,28.95213,-2.7578084,User: user64<br>Type: 1min<br>Split: train
user64,1min,train,2937,-27.729897,-200.65443,28.958113,-2.7637823,User: user64<br>Type: 1min<br>Split: train
user64,1min,train,2938,-27.729897,-200.65443,28.940216,-2.7473977,User: user64<br>Type: 1min<br>Split: train
user64,1min,train,2939,-27.729897,-200.65443,14.395213,26.14947,User: user64<br>Type: 1min<br>Split: train
user64,1min,train,2940,-27.729897,-200.65443,28.940283,-2.7457986,User: user64<br>Type: 1min<br>Split: train
user64,1min,train,2941,-27.729897,-200.65443,14.395192,26.14952,User: user64<br>Type: 1min<br>Split: train
user64,1min,train,2942,-27.729897,-200.65443,28.956781,-2.7624054,User: user64<br>Type: 1min<br>Split: train
user64,1min,train,2943,-27.729897,-200.65443,14.39507,26.149492,User: user64<br>Type: 1min<br>Split: train
user64,1min,train,2944,-27.729897,-200.65443,28.945698,-2.7514029,User: user64<br>Type: 1min<br>Split: train
user64,1min,train,2945,-27.729897,-200.65443,14.3951845,26.149641,User: user64<br>Type: 1min<br>Split: train
user64,1min,train,2946,-27.729897,-200.65443,14.395043,26.149439,User: user64<br>Type: 1min<br>Split: train
user64,1min,train,2947,-27.729897,-200.65443,28.945662,-2.7513587,User: user64<br>Type: 1min<br>Split: train
user64,1min,train,2948,-27.729897,-200.65443,28.95197,-2.7619362,User: user64<br>Type: 1min<br>Split: train
user64,1min,train,2949,-27.729897,-200.65443,14.395089,26.149504,User: user64<br>Type: 1min<br>Split: train
user64,1min,train,2950,-27.729897,-200.65443,14.395074,26.149473,User: user64<br>Type: 1min<br>Split: train
user64,1min,train,2951,-27.729897,-200.65443,14.394885,26.149939,User: user64<br>Type: 1min<br>Split: train
user64,1min,train,2952,-27.729897,-200.65443,14.394402,26.150867,User: user64<br>Type: 1min<br>Split: train
user64,1min,train,2953,-27.729897,-200.65443,28.946041,-2.7519329,User: user64<br>Type: 1min<br>Split: train
user64,1min,train,2954,-27.729897,-200.65443,14.400046,26.146156,User: user64<br>Type: 1min<br>Split: train
user64,1min,train,2955,-27.729897,-200.65443,14.394016,26.149843,User: user64<br>Type: 1min<br>Split: train
user64,1min,train,2956,-27.729897,-200.65443,14.395327,26.149193,User: user64<br>Type: 1min<br>Split: train
user64,1min,train,2957,-27.729897,-200.65443,14.395167,26.149494,User: user64<br>Type: 1min<br>Split: train
user65,1min,train,2958,12.168938,-205.26733,-14.512676,17.345598,User: user65<br>Type: 1min<br>Split: train
user65,1min,train,2959,12.168938,-205.26733,-14.513863,17.346138,User: user65<br>Type: 1min<br>Split: train
user65,1min,train,2960,12.168938,-205.26733,2.4389527,0.55098975,User: user65<br>Type: 1min<br>Split: train
user65,1min,train,2961,12.168938,-205.26733,2.4394965,0.55128205,User: user65<br>Type: 1min<br>Split: train
user65,1min,train,2962,12.168938,-205.26733,-14.513809,17.34613,User: user65<br>Type: 1min<br>Split: train
user65,1min,train,2963,12.168938,-205.26733,-14.513788,17.346134,User: user65<br>Type: 1min<br>Split: train
user65,1min,train,2964,12.168938,-205.26733,2.438964,0.55093867,User: user65<br>Type: 1min<br>Split: train
user65,1min,train,2965,12.168938,-205.26733,2.4388452,0.55081266,User: user65<br>Type: 1min<br>Split: train
user65,1min,train,2966,12.168938,-205.26733,-14.513882,17.346153,User: user65<br>Type: 1min<br>Split: train
user65,1min,train,2967,12.168938,-205.26733,-14.514027,17.346342,User: user65<br>Type: 1min<br>Split: train
user65,1min,train,2968,12.168938,-205.26733,-14.513972,17.346384,User: user65<br>Type: 1min<br>Split: train
user65,1min,train,2969,12.168938,-205.26733,-14.5139,17.346355,User: user65<br>Type: 1min<br>Split: train
user65,1min,train,2970,12.168938,-205.26733,2.4388754,0.55071735,User: user65<br>Type: 1min<br>Split: train
user65,1min,train,2971,12.168938,-205.26733,-14.5141535,17.346516,User: user65<br>Type: 1min<br>Split: train
user65,1min,train,2972,12.168938,-205.26733,-14.514236,17.346645,User: user65<br>Type: 1min<br>Split: train
user65,1min,train,2973,12.168938,-205.26733,-14.523731,17.339878,User: user65<br>Type: 1min<br>Split: train
user65,1min,train,2974,12.168938,-205.26733,2.4388204,0.550777,User: user65<br>Type: 1min<br>Split: train
user65,1min,train,2975,12.168938,-205.26733,2.4386783,0.55090755,User: user65<br>Type: 1min<br>Split: train
user65,1min,train,2976,12.168938,-205.26733,-14.5143175,17.346231,User: user65<br>Type: 1min<br>Split: train
user65,1min,train,2977,12.168938,-205.26733,-14.512448,17.344332,User: user65<br>Type: 1min<br>Split: train
user65,1min,train,2978,12.168938,-205.26733,-14.5136795,17.3464,User: user65<br>Type: 1min<br>Split: train
user65,1min,train,2979,12.168938,-205.26733,-14.514424,17.346256,User: user65<br>Type: 1min<br>Split: train
user65,1min,train,2980,12.168938,-205.26733,-14.515918,17.344736,User: user65<br>Type: 1min<br>Split: train
user65,1min,train,2981,12.168938,-205.26733,2.4389725,0.5509843,User: user65<br>Type: 1min<br>Split: train
user65,1min,train,2982,12.168938,-205.26733,-14.516503,17.348148,User: user65<br>Type: 1min<br>Split: train
user65,1min,train,2983,12.168938,-205.26733,2.4389353,0.5509658,User: user65<br>Type: 1min<br>Split: train
user65,1min,train,2984,12.168938,-205.26733,2.4388614,0.5508408,User: user65<br>Type: 1min<br>Split: train
user65,1min,train,2985,12.168938,-205.26733,2.4393823,0.5527467,User: user65<br>Type: 1min<br>Split: train
user65,1min,train,2986,12.168938,-205.26733,-14.514161,17.345903,User: user65<br>Type: 1min<br>Split: train
user65,1min,train,2987,12.168938,-205.26733,2.4389873,0.55113477,User: user65<br>Type: 1min<br>Split: train
user65,1min,train,2988,12.168938,-205.26733,-14.513851,17.345564,User: user65<br>Type: 1min<br>Split: train
user65,1min,train,2989,12.168938,-205.26733,2.4389992,0.551155,User: user65<br>Type: 1min<br>Split: train
user65,1min,train,2990,12.168938,-205.26733,2.4394095,0.5511109,User: user65<br>Type: 1min<br>Split: train
user65,1min,train,2991,12.168938,-205.26733,-14.513987,17.34585,User: user65<br>Type: 1min<br>Split: train
user65,1min,train,2992,12.168938,-205.26733,2.4387336,0.55066216,User: user65<br>Type: 1min<br>Split: train
user65,1min,train,2993,12.168938,-205.26733,-14.513933,17.34579,User: user65<br>Type: 1min<br>Split: train
user65,1min,train,2994,12.168938,-205.26733,-14.513705,17.345488,User: user65<br>Type: 1min<br>Split: train
user65,1min,train,2995,12.168938,-205.26733,-14.513674,17.345675,User: user65<br>Type: 1min<br>Split: train
user65,1min,train,2996,12.168938,-205.26733,-14.513784,17.345713,User: user65<br>Type: 1min<br>Split: train
user65,1min,train,2997,12.168938,-205.26733,2.4387157,0.5504323,User: user65<br>Type: 1min<br>Split: train
user65,1min,train,2998,12.168938,-205.26733,2.4438853,0.561189,User: user65<br>Type: 1min<br>Split: train
user65,1min,train,2999,12.168938,-205.26733,-14.531523,17.364967,User: user65<br>Type: 1min<br>Split: train
user65,1min,train,3000,12.168938,-205.26733,-14.514244,17.345879,User: user65<br>Type: 1min<br>Split: train
user66,1min,train,3001,118.80554,-60.52403,13.323159,-1.834118,User: user66<br>Type: 1min<br>Split: train
user66,1min,train,3002,118.80554,-60.52403,13.324159,-1.8380237,User: user66<br>Type: 1min<br>Split: train
user66,1min,train,3003,118.80554,-60.52403,13.320108,-1.8384434,User: user66<br>Type: 1min<br>Split: train
user66,1min,train,3004,118.80554,-60.52403,13.321168,-1.8345199,User: user66<br>Type: 1min<br>Split: train
user66,1min,train,3005,118.80554,-60.52403,13.324496,-1.8394526,User: user66<br>Type: 1min<br>Split: train
user66,1min,train,3006,118.80554,-60.52403,13.312077,-1.8215475,User: user66<br>Type: 1min<br>Split: train
user66,1min,train,3007,118.80554,-60.52403,13.320629,-1.8354057,User: user66<br>Type: 1min<br>Split: train
user66,1min,train,3008,118.80554,-60.52403,13.322854,-1.8361421,User: user66<br>Type: 1min<br>Split: train
user66,1min,train,3009,118.80554,-60.52403,13.326268,-1.8326075,User: user66<br>Type: 1min<br>Split: train
user66,1min,train,3010,118.80554,-60.52403,13.322735,-1.8362243,User: user66<br>Type: 1min<br>Split: train
user66,1min,train,3011,118.80554,-60.52403,13.328236,-1.8367621,User: user66<br>Type: 1min<br>Split: train
user66,1min,train,3012,118.80554,-60.52403,13.322728,-1.8363473,User: user66<br>Type: 1min<br>Split: train
user66,1min,train,3013,118.80554,-60.52403,13.32534,-1.8317233,User: user66<br>Type: 1min<br>Split: train
user66,1min,train,3014,118.80554,-60.52403,13.313277,-1.8466816,User: user66<br>Type: 1min<br>Split: train
user66,1min,train,3015,118.80554,-60.52403,13.323283,-1.8368125,User: user66<br>Type: 1min<br>Split: train
user66,1min,train,3016,118.80554,-60.52403,13.330532,-1.8592815,User: user66<br>Type: 1min<br>Split: train
user66,1min,train,3017,118.80554,-60.52403,13.328044,-1.8366095,User: user66<br>Type: 1min<br>Split: train
user66,1min,train,3018,118.80554,-60.52403,13.326008,-1.8342415,User: user66<br>Type: 1min<br>Split: train
user66,1min,train,3019,118.80554,-60.52403,13.323745,-1.835427,User: user66<br>Type: 1min<br>Split: train
user66,1min,train,3020,118.80554,-60.52403,13.329799,-1.8075573,User: user66<br>Type: 1min<br>Split: train
user66,1min,train,3021,118.80554,-60.52403,13.335424,-1.846835,User: user66<br>Type: 1min<br>Split: train
user66,1min,train,3022,118.80554,-60.52403,13.323915,-1.8355299,User: user66<br>Type: 1min<br>Split: train
user66,1min,train,3023,118.80554,-60.52403,13.323588,-1.8358685,User: user66<br>Type: 1min<br>Split: train
user66,1min,train,3024,118.80554,-60.52403,13.340595,-1.8252523,User: user66<br>Type: 1min<br>Split: train
user66,1min,train,3025,118.80554,-60.52403,13.324219,-1.8357137,User: user66<br>Type: 1min<br>Split: train
user66,1min,train,3026,118.80554,-60.52403,13.339136,-1.8147706,User: user66<br>Type: 1min<br>Split: train
user66,1min,train,3027,118.80554,-60.52403,13.324065,-1.8352536,User: user66<br>Type: 1min<br>Split: train
user66,1min,train,3028,118.80554,-60.52403,13.319503,-1.8405181,User: user66<br>Type: 1min<br>Split: train
user66,1min,train,3029,118.80554,-60.52403,13.322986,-1.8367242,User: user66<br>Type: 1min<br>Split: train
user66,1min,train,3030,118.80554,-60.52403,13.317512,-1.8310955,User: user66<br>Type: 1min<br>Split: train
user66,1min,train,3031,118.80554,-60.52403,13.323504,-1.8358241,User: user66<br>Type: 1min<br>Split: train
user66,1min,train,3032,118.80554,-60.52403,13.346687,-1.8124176,User: user66<br>Type: 1min<br>Split: train
user66,1min,train,3033,118.80554,-60.52403,13.3237295,-1.8352841,User: user66<br>Type: 1min<br>Split: train
user66,1min,train,3034,118.80554,-60.52403,13.323818,-1.8344543,User: user66<br>Type: 1min<br>Split: train
user66,1min,train,3035,118.80554,-60.52403,13.324201,-1.8353783,User: user66<br>Type: 1min<br>Split: train
user66,1min,train,3036,118.80554,-60.52403,13.324677,-1.8419344,User: user66<br>Type: 1min<br>Split: train
user66,1min,train,3037,118.80554,-60.52403,13.325979,-1.8278726,User: user66<br>Type: 1min<br>Split: train
user66,1min,train,3038,118.80554,-60.52403,13.303594,-1.8561981,User: user66<br>Type: 1min<br>Split: train
user66,1min,train,3039,118.80554,-60.52403,13.328662,-1.8370677,User: user66<br>Type: 1min<br>Split: train
user66,1min,train,3040,118.80554,-60.52403,13.321546,-1.8386112,User: user66<br>Type: 1min<br>Split: train
user66,1min,train,3041,118.80554,-60.52403,13.328734,-1.8320552,User: user66<br>Type: 1min<br>Split: train
user66,1min,train,3042,118.80554,-60.52403,13.324042,-1.835879,User: user66<br>Type: 1min<br>Split: train
user66,1min,train,3043,118.80554,-60.52403,13.323999,-1.8358177,User: user66<br>Type: 1min<br>Split: train
user66,1min,train,3044,118.80554,-60.52403,13.309191,-1.8502265,User: user66<br>Type: 1min<br>Split: train
user66,1min,train,3045,118.80554,-60.52403,13.309598,-1.8508195,User: user66<br>Type: 1min<br>Split: train
user66,1min,train,3046,118.80554,-60.52403,13.324242,-1.8363259,User: user66<br>Type: 1min<br>Split: train
user66,1min,train,3047,118.80554,-60.52403,13.32408,-1.836394,User: user66<br>Type: 1min<br>Split: train
user66,1min,train,3048,118.80554,-60.52403,13.319661,-1.8414868,User: user66<br>Type: 1min<br>Split: train
user66,1min,train,3049,118.80554,-60.52403,13.314016,-1.8271403,User: user66<br>Type: 1min<br>Split: train
user66,1min,train,3050,118.80554,-60.52403,13.312306,-1.846801,User: user66<br>Type: 1min<br>Split: train
user67,1min,train,3051,79.22855,26.769577,-4.567761,-24.540583,User: user67<br>Type: 1min<br>Split: train
user67,1min,train,3052,79.22855,26.769577,-4.567757,-24.540556,User: user67<br>Type: 1min<br>Split: train
user67,1min,train,3053,79.22855,26.769577,-4.567527,-24.53997,User: user67<br>Type: 1min<br>Split: train
user67,1min,train,3054,79.22855,26.769577,-4.5705566,-24.543442,User: user67<br>Type: 1min<br>Split: train
user67,1min,train,3055,79.22855,26.769577,-4.573832,-24.535957,User: user67<br>Type: 1min<br>Split: train
user67,1min,train,3056,79.22855,26.769577,-4.570493,-24.538422,User: user67<br>Type: 1min<br>Split: train
user67,1min,train,3057,79.22855,26.769577,-4.569012,-24.540432,User: user67<br>Type: 1min<br>Split: train
user67,1min,train,3058,79.22855,26.769577,-4.565904,-24.536045,User: user67<br>Type: 1min<br>Split: train
user67,1min,train,3059,79.22855,26.769577,-4.5685434,-24.540262,User: user67<br>Type: 1min<br>Split: train
user67,1min,train,3060,79.22855,26.769577,-4.5655684,-24.536844,User: user67<br>Type: 1min<br>Split: train
user67,1min,train,3061,79.22855,26.769577,-4.5678325,-24.539536,User: user67<br>Type: 1min<br>Split: train
user67,1min,train,3062,79.22855,26.769577,-4.5682063,-24.539831,User: user67<br>Type: 1min<br>Split: train
user67,1min,train,3063,79.22855,26.769577,-4.5634947,-24.544146,User: user67<br>Type: 1min<br>Split: train
user67,1min,train,3064,79.22855,26.769577,-4.567698,-24.540184,User: user67<br>Type: 1min<br>Split: train
user67,1min,train,3065,79.22855,26.769577,-4.568446,-24.541218,User: user67<br>Type: 1min<br>Split: train
user67,1min,train,3066,79.22855,26.769577,-4.5669136,-24.542236,User: user67<br>Type: 1min<br>Split: train
user67,1min,train,3067,79.22855,26.769577,-4.570143,-24.539417,User: user67<br>Type: 1min<br>Split: train
user67,1min,train,3068,79.22855,26.769577,-4.566095,-24.545603,User: user67<br>Type: 1min<br>Split: train
user67,1min,train,3069,79.22855,26.769577,-4.534123,-24.508438,User: user67<br>Type: 1min<br>Split: train
user67,1min,train,3070,85.264984,20.543894,-4.5682483,-24.539797,User: user67<br>Type: 1min<br>Split: train
user67,1min,train,3071,85.264984,20.543894,-4.5661683,-24.542776,User: user67<br>Type: 1min<br>Split: train
user67,1min,train,3072,79.22855,26.769577,-4.567669,-24.540773,User: user67<br>Type: 1min<br>Split: train
user67,1min,train,3073,79.22855,26.769577,-4.5737877,-24.546844,User: user67<br>Type: 1min<br>Split: train
user67,1min,train,3074,79.22855,26.769577,-4.568216,-24.54116,User: user67<br>Type: 1min<br>Split: train
user67,1min,train,3075,79.22855,26.769577,-4.5617127,-24.534708,User: user67<br>Type: 1min<br>Split: train
user67,1min,train,3076,79.22855,26.769577,-4.583705,-24.52647,User: user67<br>Type: 1min<br>Split: train
user67,1min,train,3077,79.22855,26.769577,-4.5412965,-24.569136,User: user67<br>Type: 1min<br>Split: train
user67,1min,train,3078,79.22855,26.769577,-4.568013,-24.541279,User: user67<br>Type: 1min<br>Split: train
user67,1min,train,3079,79.22855,26.769577,-4.567775,-24.541275,User: user67<br>Type: 1min<br>Split: train
user67,1min,train,3080,79.22855,26.769577,-4.567828,-24.541477,User: user67<br>Type: 1min<br>Split: train
user67,1min,train,3081,79.22855,26.769577,-4.5654774,-24.53894,User: user67<br>Type: 1min<br>Split: train
user67,1min,train,3082,79.22855,26.769577,-4.567981,-24.539139,User: user67<br>Type: 1min<br>Split: train
user67,1min,train,3083,79.22855,26.769577,-4.567516,-24.541128,User: user67<br>Type: 1min<br>Split: train
user67,1min,train,3084,79.22855,26.769577,-4.5584574,-24.532017,User: user67<br>Type: 1min<br>Split: train
user67,1min,train,3085,79.22855,26.769577,-4.5673985,-24.540548,User: user67<br>Type: 1min<br>Split: train
user67,1min,train,3086,76.69085,21.794617,-4.5674167,-24.540691,User: user67<br>Type: 1min<br>Split: train
user67,1min,train,3087,79.22855,26.769577,-4.5798826,-24.531229,User: user67<br>Type: 1min<br>Split: train
user67,1min,train,3088,79.22855,26.769577,-4.595693,-24.51282,User: user67<br>Type: 1min<br>Split: train
user67,1min,train,3089,79.22855,26.769577,-4.567971,-24.540443,User: user67<br>Type: 1min<br>Split: train
user67,1min,train,3090,79.22855,26.769577,-4.565772,-24.537035,User: user67<br>Type: 1min<br>Split: train
user67,1min,train,3091,79.22855,26.769577,-4.5417852,-24.566025,User: user67<br>Type: 1min<br>Split: train
user67,1min,train,3092,79.22855,26.769577,-4.568239,-24.541338,User: user67<br>Type: 1min<br>Split: train
user67,1min,train,3093,79.22855,26.769577,-4.5778074,-24.531624,User: user67<br>Type: 1min<br>Split: train
user67,1min,train,3094,79.22855,26.769577,-4.576554,-24.552162,User: user67<br>Type: 1min<br>Split: train
user68,1min,train,3095,57.9333,-165.48994,-2.7733357,-6.427236,User: user68<br>Type: 1min<br>Split: train
user68,1min,train,3096,57.9333,-165.48994,4.084529,10.488825,User: user68<br>Type: 1min<br>Split: train
user68,1min,train,3097,57.9333,-165.48994,-2.773261,-6.427405,User: user68<br>Type: 1min<br>Split: train
user68,1min,train,3098,57.9333,-165.48994,-2.7733026,-6.4271073,User: user68<br>Type: 1min<br>Split: train
user68,1min,train,3099,57.9333,-165.48994,-2.764982,-6.435334,User: user68<br>Type: 1min<br>Split: train
user68,1min,train,3100,57.9333,-165.48994,4.0827518,10.48786,User: user68<br>Type: 1min<br>Split: train
user68,1min,train,3101,57.9333,-165.48994,4.0827436,10.487905,User: user68<br>Type: 1min<br>Split: train
user68,1min,train,3102,57.9333,-165.48994,4.0827184,10.487964,User: user68<br>Type: 1min<br>Split: train
user68,1min,train,3103,57.9333,-165.48994,4.0827284,10.487884,User: user68<br>Type: 1min<br>Split: train
user68,1min,train,3104,57.9333,-165.48994,4.0828247,10.487865,User: user68<br>Type: 1min<br>Split: train
user68,1min,train,3105,57.9333,-165.48994,4.0826635,10.487969,User: user68<br>Type: 1min<br>Split: train
user68,1min,train,3106,57.9333,-165.48994,4.0827055,10.487821,User: user68<br>Type: 1min<br>Split: train
user68,1min,train,3107,57.9333,-165.48994,4.0826955,10.487844,User: user68<br>Type: 1min<br>Split: train
user68,1min,train,3108,57.9333,-165.48994,4.08245,10.4877,User: user68<br>Type: 1min<br>Split: train
user68,1min,train,3109,57.9333,-165.48994,-2.7768867,-6.426555,User: user68<br>Type: 1min<br>Split: train
user68,1min,train,3110,57.9333,-165.48994,4.08237,10.487738,User: user68<br>Type: 1min<br>Split: train
user68,1min,train,3111,57.9333,-165.48994,-2.7732582,-6.427326,User: user68<br>Type: 1min<br>Split: train
user68,1min,train,3112,57.9333,-165.48994,4.0827827,10.487399,User: user68<br>Type: 1min<br>Split: train
user68,1min,train,3113,57.9333,-165.48994,-2.773211,-6.4273305,User: user68<br>Type: 1min<br>Split: train
user68,1min,train,3114,57.9333,-165.48994,4.08249,10.488035,User: user68<br>Type: 1min<br>Split: train
user68,1min,train,3115,57.9333,-165.48994,-2.7731614,-6.4277678,User: user68<br>Type: 1min<br>Split: train
user68,1min,train,3116,57.9333,-165.48994,4.0831413,10.488178,User: user68<br>Type: 1min<br>Split: train
user68,1min,train,3117,57.9333,-165.48994,4.0863028,10.487782,User: user68<br>Type: 1min<br>Split: train
user68,1min,train,3118,57.9333,-165.48994,-2.7732432,-6.427251,User: user68<br>Type: 1min<br>Split: train
user68,1min,train,3119,57.9333,-165.48994,4.0837097,10.487768,User: user68<br>Type: 1min<br>Split: train
user68,1min,train,3120,57.9333,-165.48994,-2.7733598,-6.427076,User: user68<br>Type: 1min<br>Split: train
user68,1min,train,3121,57.9333,-165.48994,-2.773272,-6.4273167,User: user68<br>Type: 1min<br>Split: train
user68,1min,train,3122,57.9333,-165.48994,4.069395,10.478378,User: user68<br>Type: 1min<br>Split: train
user68,1min,train,3123,57.9333,-165.48994,-2.7731411,-6.427189,User: user68<br>Type: 1min<br>Split: train
user68,1min,train,3124,57.9333,-165.48994,4.0830436,10.4880705,User: user68<br>Type: 1min<br>Split: train
user68,1min,train,3125,57.9333,-165.48994,4.082998,10.487812,User: user68<br>Type: 1min<br>Split: train
user68,1min,train,3126,57.9333,-165.48994,4.0832,10.488102,User: user68<br>Type: 1min<br>Split: train
user68,1min,train,3127,57.9333,-165.48994,-2.7718828,-6.4289904,User: user68<br>Type: 1min<br>Split: train
user68,1min,train,3128,57.9333,-165.48994,4.0745726,10.486688,User: user68<br>Type: 1min<br>Split: train
user68,1min,train,3129,57.9333,-165.48994,4.0829678,10.487453,User: user68<br>Type: 1min<br>Split: train
user68,1min,train,3130,57.9333,-165.48994,4.082904,10.487974,User: user68<br>Type: 1min<br>Split: train
user68,1min,train,3131,57.9333,-165.48994,4.0828357,10.488041,User: user68<br>Type: 1min<br>Split: train
user68,1min,train,3132,57.9333,-165.48994,4.082789,10.487975,User: user68<br>Type: 1min<br>Split: train
user68,1min,train,3133,57.9333,-165.48994,-2.7734177,-6.4269304,User: user68<br>Type: 1min<br>Split: train
user68,1min,train,3134,57.9333,-165.48994,-2.7727225,-6.4282174,User: user68<br>Type: 1min<br>Split: train
user68,1min,train,3135,57.9333,-165.48994,-2.7725768,-6.4282565,User: user68<br>Type: 1min<br>Split: train
user68,1min,train,3136,57.9333,-165.48994,4.081894,10.488134,User: user68<br>Type: 1min<br>Split: train
user68,1min,train,3137,57.9333,-165.48994,-2.783601,-6.4174275,User: user68<br>Type: 1min<br>Split: train
user68,1min,train,3138,57.9333,-165.48994,-2.7723637,-6.4301896,User: user68<br>Type: 1min<br>Split: train
user68,1min,train,3139,57.9333,-165.48994,-2.7728567,-6.426991,User: user68<br>Type: 1min<br>Split: train
user68,1min,train,3140,57.9333,-165.48994,-2.7762818,-6.4068894,User: user68<br>Type: 1min<br>Split: train
user68,1min,train,3141,57.9333,-165.48994,4.0832586,10.48752,User: user68<br>Type: 1min<br>Split: train
user69,1min,train,3142,-8.193203,-77.326416,-16.161856,6.7351303,User: user69<br>Type: 1min<br>Split: train
user69,1min,train,3143,-8.193203,-77.326416,-12.38383,19.836424,User: user69<br>Type: 1min<br>Split: train
user69,1min,train,3144,-8.193203,-77.326416,-12.383808,19.836414,User: user69<br>Type: 1min<br>Split: train
user69,1min,train,3145,-8.193203,-77.326416,-12.383736,19.836426,User: user69<br>Type: 1min<br>Split: train
user69,1min,train,3146,-8.193203,-77.326416,-16.157139,6.739907,User: user69<br>Type: 1min<br>Split: train
user69,1min,train,3147,-8.193203,-77.326416,-16.162235,6.7347956,User: user69<br>Type: 1min<br>Split: train
user69,1min,train,3148,-8.193203,-77.326416,-16.162273,6.734782,User: user69<br>Type: 1min<br>Split: train
user69,1min,train,3149,-8.193203,-77.326416,-12.383793,19.836475,User: user69<br>Type: 1min<br>Split: train
user69,1min,train,3150,-8.193203,-77.326416,-16.163158,6.73396,User: user69<br>Type: 1min<br>Split: train
user69,1min,train,3151,-14.00857,-79.54234,-16.162582,6.734462,User: user69<br>Type: 1min<br>Split: train
user69,1min,train,3152,-8.193203,-77.326416,-16.162457,6.7346206,User: user69<br>Type: 1min<br>Split: train
user69,1min,train,3153,-8.193203,-77.326416,-12.383794,19.836008,User: user69<br>Type: 1min<br>Split: train
user69,1min,train,3154,-8.193203,-77.326416,-16.16244,6.7346854,User: user69<br>Type: 1min<br>Split: train
user69,1min,train,3155,-14.00857,-79.54234,-16.162483,6.7346106,User: user69<br>Type: 1min<br>Split: train
user69,1min,train,3156,-14.00857,-79.54234,-16.168705,6.7283335,User: user69<br>Type: 1min<br>Split: train
user69,1min,train,3157,-14.00857,-79.54234,-16.16275,6.7343473,User: user69<br>Type: 1min<br>Split: train
user69,1min,train,3158,-14.00857,-79.54234,-12.383814,19.836433,User: user69<br>Type: 1min<br>Split: train
user69,1min,train,3159,-14.00857,-79.54234,-12.38387,19.836668,User: user69<br>Type: 1min<br>Split: train
user69,1min,train,3160,-14.00857,-79.54234,-16.170319,6.728322,User: user69<br>Type: 1min<br>Split: train
user69,1min,train,3161,-8.193203,-77.326416,-12.384897,19.835852,User: user69<br>Type: 1min<br>Split: train
user69,1min,train,3162,-14.00857,-79.54234,-16.162975,6.734221,User: user69<br>Type: 1min<br>Split: train
user69,1min,train,3163,-14.00857,-79.54234,-16.155447,6.7418666,User: user69<br>Type: 1min<br>Split: train
user69,1min,train,3164,-14.00857,-79.54234,-16.162855,6.7343965,User: user69<br>Type: 1min<br>Split: train
user69,1min,train,3165,-14.00857,-79.54234,-16.163101,6.734379,User: user69<br>Type: 1min<br>Split: train
user69,1min,train,3166,-14.31592,-69.75134,-16.162191,6.734915,User: user69<br>Type: 1min<br>Split: train
user69,1min,train,3167,-14.31592,-69.75134,-12.383844,19.836752,User: user69<br>Type: 1min<br>Split: train
user69,1min,train,3168,-14.00857,-79.54234,-12.383892,19.836695,User: user69<br>Type: 1min<br>Split: train
user69,1min,train,3169,-14.00857,-79.54234,-16.16537,6.73175,User: user69<br>Type: 1min<br>Split: train
user69,1min,train,3170,-14.00857,-79.54234,-12.383571,19.8368,User: user69<br>Type: 1min<br>Split: train
user69,1min,train,3171,-14.00857,-79.54234,-16.162567,6.734655,User: user69<br>Type: 1min<br>Split: train
user69,1min,train,3172,-14.00857,-79.54234,-12.383822,19.836819,User: user69<br>Type: 1min<br>Split: train
user69,1min,train,3173,-14.00857,-79.54234,-12.383882,19.836716,User: user69<br>Type: 1min<br>Split: train
user69,1min,train,3174,-14.00857,-79.54234,-16.162352,6.734843,User: user69<br>Type: 1min<br>Split: train
user69,1min,train,3175,-14.00857,-79.54234,-12.383869,19.836855,User: user69<br>Type: 1min<br>Split: train
user69,1min,train,3176,-14.00857,-79.54234,-16.16271,6.734611,User: user69<br>Type: 1min<br>Split: train
user69,1min,train,3177,-14.00857,-79.54234,-12.383698,19.836407,User: user69<br>Type: 1min<br>Split: train
user69,1min,train,3178,-14.00857,-79.54234,-12.383942,19.836056,User: user69<br>Type: 1min<br>Split: train
user69,1min,train,3179,-14.00857,-79.54234,-12.3848915,19.834915,User: user69<br>Type: 1min<br>Split: train
user69,1min,train,3180,-14.00857,-79.54234,-12.383905,19.836596,User: user69<br>Type: 1min<br>Split: train
user69,1min,train,3181,-14.00857,-79.54234,-12.384552,19.836214,User: user69<br>Type: 1min<br>Split: train
user69,1min,train,3182,-14.00857,-79.54234,-16.16259,6.7346196,User: user69<br>Type: 1min<br>Split: train
user69,1min,train,3183,-8.193203,-77.326416,-16.163353,6.7338533,User: user69<br>Type: 1min<br>Split: train
user69,1min,train,3184,-14.00857,-79.54234,-16.174566,6.7225695,User: user69<br>Type: 1min<br>Split: train
user69,1min,train,3185,-8.193203,-77.326416,-16.162632,6.73457,User: user69<br>Type: 1min<br>Split: train
user69,1min,train,3186,-14.00857,-79.54234,-12.384221,19.835941,User: user69<br>Type: 1min<br>Split: train
user69,1min,train,3187,-14.00857,-79.54234,-16.162806,6.734404,User: user69<br>Type: 1min<br>Split: train
user69,1min,train,3188,-8.193203,-77.326416,-12.386471,19.835186,User: user69<br>Type: 1min<br>Split: train
user69,1min,train,3189,-8.193203,-77.326416,-16.163027,6.7344384,User: user69<br>Type: 1min<br>Split: train
user69,1min,train,3190,-8.193203,-77.326416,-16.161371,6.73532,User: user69<br>Type: 1min<br>Split: train
user69,1min,train,3191,-8.193203,-77.326416,-12.379511,19.8402,User: user69<br>Type: 1min<br>Split: train
user69,1min,train,3192,-8.193203,-77.326416,-16.162563,6.734647,User: user69<br>Type: 1min<br>Split: train
user69,1min,train,3193,-8.193203,-77.326416,-12.384027,19.836325,User: user69<br>Type: 1min<br>Split: train
user69,1min,train,3194,-8.193203,-77.326416,-16.162825,6.734523,User: user69<br>Type: 1min<br>Split: train
user69,1min,train,3195,-8.193203,-77.326416,-12.382565,19.848272,User: user69<br>Type: 1min<br>Split: train
user7,1min,train,3196,48.825294,-199.64806,30.10292,-4.4840164,User: user7<br>Type: 1min<br>Split: train
user7,1min,train,3197,48.825294,-199.64806,30.10241,-4.483836,User: user7<br>Type: 1min<br>Split: train
user7,1min,train,3198,48.825294,-199.64806,30.101171,-4.48424,User: user7<br>Type: 1min<br>Split: train
user7,1min,train,3199,48.825294,-199.64806,30.102764,-4.4837165,User: user7<br>Type: 1min<br>Split: train
user7,1min,train,3200,48.825294,-199.64806,30.102602,-4.4838758,User: user7<br>Type: 1min<br>Split: train
user7,1min,train,3201,48.825294,-199.64806,30.091446,-4.472808,User: user7<br>Type: 1min<br>Split: train
user7,1min,train,3202,48.825294,-199.64806,30.10169,-4.481941,User: user7<br>Type: 1min<br>Split: train
user7,1min,train,3203,48.825294,-199.64806,30.10229,-4.4835525,User: user7<br>Type: 1min<br>Split: train
user7,1min,train,3204,48.825294,-199.64806,30.098738,-4.4796963,User: user7<br>Type: 1min<br>Split: train
user7,1min,train,3205,48.825294,-199.64806,30.102331,-4.483246,User: user7<br>Type: 1min<br>Split: train
user7,1min,train,3206,48.825294,-199.64806,30.102324,-4.4832077,User: user7<br>Type: 1min<br>Split: train
user7,1min,train,3207,48.825294,-199.64806,30.08711,-4.4681144,User: user7<br>Type: 1min<br>Split: train
user7,1min,train,3208,48.825294,-199.64806,30.101599,-4.482617,User: user7<br>Type: 1min<br>Split: train
user7,1min,train,3209,48.825294,-199.64806,30.100142,-4.4763103,User: user7<br>Type: 1min<br>Split: train
user7,1min,train,3210,48.825294,-199.64806,30.089016,-4.4913383,User: user7<br>Type: 1min<br>Split: train
user7,1min,train,3211,48.825294,-199.64806,30.1016,-4.482899,User: user7<br>Type: 1min<br>Split: train
user7,1min,train,3212,48.825294,-199.64806,30.101183,-4.4825277,User: user7<br>Type: 1min<br>Split: train
user7,1min,train,3213,48.825294,-199.64806,30.10165,-4.482701,User: user7<br>Type: 1min<br>Split: train
user7,1min,train,3214,48.825294,-199.64806,30.086842,-4.467912,User: user7<br>Type: 1min<br>Split: train
user7,1min,train,3215,48.825294,-199.64806,30.107517,-4.4887447,User: user7<br>Type: 1min<br>Split: train
user7,1min,train,3216,48.825294,-199.64806,30.108744,-4.465252,User: user7<br>Type: 1min<br>Split: train
user7,1min,train,3217,48.825294,-199.64806,30.101967,-4.48298,User: user7<br>Type: 1min<br>Split: train
user7,1min,train,3218,48.825294,-199.64806,30.10159,-4.4824543,User: user7<br>Type: 1min<br>Split: train
user7,1min,train,3219,48.825294,-199.64806,30.093628,-4.474481,User: user7<br>Type: 1min<br>Split: train
user7,1min,train,3220,48.825294,-199.64806,30.10115,-4.482203,User: user7<br>Type: 1min<br>Split: train
user7,1min,train,3221,48.825294,-199.64806,30.10434,-4.4875345,User: user7<br>Type: 1min<br>Split: train
user7,1min,train,3222,48.825294,-199.64806,30.102436,-4.483606,User: user7<br>Type: 1min<br>Split: train
user7,1min,train,3223,48.825294,-199.64806,30.101616,-4.482867,User: user7<br>Type: 1min<br>Split: train
user7,1min,train,3224,48.825294,-199.64806,30.099102,-4.4803934,User: user7<br>Type: 1min<br>Split: train
user7,1min,train,3225,48.825294,-199.64806,30.091154,-4.4720783,User: user7<br>Type: 1min<br>Split: train
user7,1min,train,3226,48.825294,-199.64806,30.106155,-4.487205,User: user7<br>Type: 1min<br>Split: train
user7,1min,train,3227,48.825294,-199.64806,30.116985,-4.4981437,User: user7<br>Type: 1min<br>Split: train
user7,1min,train,3228,48.825294,-199.64806,30.101013,-4.482159,User: user7<br>Type: 1min<br>Split: train
user7,1min,train,3229,48.825294,-199.64806,30.112991,-4.494787,User: user7<br>Type: 1min<br>Split: train
user7,1min,train,3230,48.825294,-199.64806,30.078613,-4.4621487,User: user7<br>Type: 1min<br>Split: train
user70,1min,train,3231,175.93806,-34.65023,12.311401,-9.490901,User: user70<br>Type: 1min<br>Split: train
user70,1min,train,3232,175.93806,-34.65023,12.2882185,-9.467747,User: user70<br>Type: 1min<br>Split: train
user70,1min,train,3233,175.93806,-34.65023,12.325457,-9.504802,User: user70<br>Type: 1min<br>Split: train
user70,1min,train,3234,175.93806,-34.65023,12.278957,-9.458494,User: user70<br>Type: 1min<br>Split: train
user70,1min,train,3235,175.93806,-34.65023,12.277616,-9.45724,User: user70<br>Type: 1min<br>Split: train
user70,1min,train,3236,175.93806,-34.65023,12.326204,-9.505547,User: user70<br>Type: 1min<br>Split: train
user70,1min,train,3237,175.93806,-34.65023,12.286288,-9.466065,User: user70<br>Type: 1min<br>Split: train
user70,1min,train,3238,175.93806,-34.65023,12.333334,-9.512651,User: user70<br>Type: 1min<br>Split: train
user70,1min,train,3239,175.93806,-34.65023,12.336547,-9.515931,User: user70<br>Type: 1min<br>Split: train
user70,1min,train,3240,175.93806,-34.65023,12.326076,-9.5055,User: user70<br>Type: 1min<br>Split: train
user70,1min,train,3241,175.93806,-34.65023,12.326777,-9.506232,User: user70<br>Type: 1min<br>Split: train
user70,1min,train,3242,175.93806,-34.65023,12.289139,-9.468689,User: user70<br>Type: 1min<br>Split: train
user70,1min,train,3243,175.93806,-34.65023,12.293722,-9.474367,User: user70<br>Type: 1min<br>Split: train
user70,1min,train,3244,175.93806,-34.65023,12.327042,-9.5063505,User: user70<br>Type: 1min<br>Split: train
user70,1min,train,3245,175.93806,-34.65023,12.331164,-9.510581,User: user70<br>Type: 1min<br>Split: train
user70,1min,train,3246,175.93806,-34.65023,12.326683,-9.50613,User: user70<br>Type: 1min<br>Split: train
user70,1min,train,3247,175.93806,-34.65023,12.286884,-9.466399,User: user70<br>Type: 1min<br>Split: train
user70,1min,train,3248,175.93806,-34.65023,12.288997,-9.468856,User: user70<br>Type: 1min<br>Split: train
user70,1min,train,3249,175.93806,-34.65023,12.346078,-9.525779,User: user70<br>Type: 1min<br>Split: train
user70,1min,train,3250,175.93806,-34.65023,12.272429,-9.452268,User: user70<br>Type: 1min<br>Split: train
user70,1min,train,3251,175.93806,-34.65023,12.32714,-9.506508,User: user70<br>Type: 1min<br>Split: train
user70,1min,train,3252,175.93806,-34.65023,12.279866,-9.459594,User: user70<br>Type: 1min<br>Split: train
user70,1min,train,3253,175.93806,-34.65023,12.278926,-9.458587,User: user70<br>Type: 1min<br>Split: train
user70,1min,train,3254,175.93806,-34.65023,12.3280115,-9.5078,User: user70<br>Type: 1min<br>Split: train
user70,1min,train,3255,175.93806,-34.65023,12.32746,-9.507225,User: user70<br>Type: 1min<br>Split: train
user70,1min,train,3256,175.93806,-34.65023,12.327646,-9.507134,User: user70<br>Type: 1min<br>Split: train
user70,1min,train,3257,175.93806,-34.65023,12.3329115,-9.512302,User: user70<br>Type: 1min<br>Split: train
user70,1min,train,3258,175.93806,-34.65023,12.325142,-9.504493,User: user70<br>Type: 1min<br>Split: train
user70,1min,train,3259,175.93806,-34.65023,12.260919,-9.440584,User: user70<br>Type: 1min<br>Split: train
user70,1min,train,3260,175.93806,-34.65023,12.288814,-9.4687805,User: user70<br>Type: 1min<br>Split: train
user70,1min,train,3261,175.93806,-34.65023,12.339198,-9.518707,User: user70<br>Type: 1min<br>Split: train
user70,1min,train,3262,175.93806,-34.65023,12.309427,-9.489405,User: user70<br>Type: 1min<br>Split: train
user70,1min,train,3263,175.93806,-34.65023,12.315747,-9.495471,User: user70<br>Type: 1min<br>Split: train
user70,1min,train,3264,175.93806,-34.65023,12.353367,-9.532843,User: user70<br>Type: 1min<br>Split: train
user71,1min,train,3265,73.05188,-22.871532,-19.35076,4.5078726,User: user71<br>Type: 1min<br>Split: train
user71,1min,train,3266,73.05188,-22.871532,-19.354488,4.50409,User: user71<br>Type: 1min<br>Split: train
user71,1min,train,3267,73.05188,-22.871532,-19.348082,4.511261,User: user71<br>Type: 1min<br>Split: train
user71,1min,train,3268,73.05188,-22.871532,-19.346262,4.5122237,User: user71<br>Type: 1min<br>Split: train
user71,1min,train,3269,73.05188,-22.871532,-19.329895,4.528642,User: user71<br>Type: 1min<br>Split: train
user71,1min,train,3270,73.05188,-22.871532,-19.349947,4.5088725,User: user71<br>Type: 1min<br>Split: train
user71,1min,train,3271,73.05188,-22.871532,-19.351532,4.5069556,User: user71<br>Type: 1min<br>Split: train
user71,1min,train,3272,81.85508,-36.461452,-19.355646,4.5029883,User: user71<br>Type: 1min<br>Split: train
user71,1min,train,3273,73.05188,-22.871532,-19.380203,4.47839,User: user71<br>Type: 1min<br>Split: train
user71,1min,train,3274,81.85508,-36.461452,-19.323898,4.534704,User: user71<br>Type: 1min<br>Split: train
user71,1min,train,3275,81.85508,-36.461452,-19.356066,4.5024123,User: user71<br>Type: 1min<br>Split: train
user71,1min,train,3276,81.85508,-36.461452,-19.334314,4.524403,User: user71<br>Type: 1min<br>Split: train
user71,1min,train,3277,73.05188,-22.871532,-19.353025,4.505343,User: user71<br>Type: 1min<br>Split: train
user71,1min,train,3278,73.05188,-22.871532,-19.35812,4.5005884,User: user71<br>Type: 1min<br>Split: train
user71,1min,train,3279,73.05188,-22.871532,-19.35066,4.5079618,User: user71<br>Type: 1min<br>Split: train
user71,1min,train,3280,81.85508,-36.461452,-19.342464,4.516131,User: user71<br>Type: 1min<br>Split: train
user71,1min,train,3281,81.85508,-36.461452,-19.3426,4.5161276,User: user71<br>Type: 1min<br>Split: train
user71,1min,train,3282,81.85508,-36.461452,-19.356789,4.501705,User: user71<br>Type: 1min<br>Split: train
user71,1min,train,3283,81.85508,-36.461452,-19.359129,4.4996357,User: user71<br>Type: 1min<br>Split: train
user71,1min,train,3284,81.85508,-36.461452,-19.33163,4.526835,User: user71<br>Type: 1min<br>Split: train
user71,1min,train,3285,81.85508,-36.461452,-19.342325,4.5165796,User: user71<br>Type: 1min<br>Split: train
user71,1min,train,3286,81.85508,-36.461452,-19.348877,4.509565,User: user71<br>Type: 1min<br>Split: train
user71,1min,train,3287,81.85508,-36.461452,-19.358473,4.5002294,User: user71<br>Type: 1min<br>Split: train
user71,1min,train,3288,81.85508,-36.461452,-19.362284,4.4962497,User: user71<br>Type: 1min<br>Split: train
user71,1min,train,3289,81.85508,-36.461452,-19.352505,4.506289,User: user71<br>Type: 1min<br>Split: train
user71,1min,train,3290,81.85508,-36.461452,-19.357084,4.502171,User: user71<br>Type: 1min<br>Split: train
user71,1min,train,3291,81.85508,-36.461452,-19.35324,4.505829,User: user71<br>Type: 1min<br>Split: train
user71,1min,train,3292,81.85508,-36.461452,-19.335287,4.5232654,User: user71<br>Type: 1min<br>Split: train
user71,1min,train,3293,81.85508,-36.461452,-19.351269,4.5078025,User: user71<br>Type: 1min<br>Split: train
user71,1min,train,3294,78.618355,-28.964308,-19.33767,4.520896,User: user71<br>Type: 1min<br>Split: train
user71,1min,train,3295,78.618355,-28.964308,-19.352942,4.505822,User: user71<br>Type: 1min<br>Split: train
user71,1min,train,3296,81.85508,-36.461452,-19.355597,4.503143,User: user71<br>Type: 1min<br>Split: train
user71,1min,train,3297,81.85508,-36.461452,-19.341528,4.517268,User: user71<br>Type: 1min<br>Split: train
user71,1min,train,3298,81.85508,-36.461452,-19.357296,4.501681,User: user71<br>Type: 1min<br>Split: train
user71,1min,train,3299,81.85508,-36.461452,-19.317787,4.5407324,User: user71<br>Type: 1min<br>Split: train
user71,1min,train,3300,81.85508,-36.461452,-19.336,4.52267,User: user71<br>Type: 1min<br>Split: train
user71,1min,train,3301,81.85508,-36.461452,-19.336933,4.521799,User: user71<br>Type: 1min<br>Split: train
user72,1min,train,3302,31.693844,10.868524,23.489222,7.849445,User: user72<br>Type: 1min<br>Split: train
user72,1min,train,3303,31.693844,10.868524,23.488409,7.855735,User: user72<br>Type: 1min<br>Split: train
user72,1min,train,3304,31.693844,10.868524,23.490812,7.856728,User: user72<br>Type: 1min<br>Split: train
user72,1min,train,3305,31.693844,10.868524,23.490728,7.853789,User: user72<br>Type: 1min<br>Split: train
user72,1min,train,3306,31.693844,10.868524,23.481602,7.8443623,User: user72<br>Type: 1min<br>Split: train
user72,1min,train,3307,31.693844,10.868524,23.480625,7.8508353,User: user72<br>Type: 1min<br>Split: train
user72,1min,train,3308,31.693844,10.868524,23.476604,7.8385763,User: user72<br>Type: 1min<br>Split: train
user72,1min,train,3309,31.693844,10.868524,23.514217,7.8770866,User: user72<br>Type: 1min<br>Split: train
user72,1min,train,3310,31.693844,10.868524,23.484095,7.8466573,User: user72<br>Type: 1min<br>Split: train
user72,1min,train,3311,31.693844,10.868524,23.49101,7.853888,User: user72<br>Type: 1min<br>Split: train
user72,1min,train,3312,31.693844,10.868524,23.489368,7.853532,User: user72<br>Type: 1min<br>Split: train
user72,1min,train,3313,31.693844,10.868524,23.491375,7.85406,User: user72<br>Type: 1min<br>Split: train
user72,1min,train,3314,31.693844,10.868524,23.492052,7.854587,User: user72<br>Type: 1min<br>Split: train
user72,1min,train,3315,31.693844,10.868524,23.483963,7.850799,User: user72<br>Type: 1min<br>Split: train
user72,1min,train,3316,31.693844,10.868524,23.479406,7.8449664,User: user72<br>Type: 1min<br>Split: train
user72,1min,train,3317,31.693844,10.868524,23.489174,7.8548265,User: user72<br>Type: 1min<br>Split: train
user72,1min,train,3318,31.693844,10.868524,23.48934,7.8547955,User: user72<br>Type: 1min<br>Split: train
user72,1min,train,3319,31.693844,10.868524,23.489017,7.85482,User: user72<br>Type: 1min<br>Split: train
user72,1min,train,3320,31.693844,10.868524,23.50229,7.8682423,User: user72<br>Type: 1min<br>Split: train
user72,1min,train,3321,36.853935,9.97278,23.488987,7.854731,User: user72<br>Type: 1min<br>Split: train
user72,1min,train,3322,36.853935,9.97278,23.489143,7.854769,User: user72<br>Type: 1min<br>Split: train
user72,1min,train,3323,36.853935,9.97278,23.489136,7.8552165,User: user72<br>Type: 1min<br>Split: train
user72,1min,train,3324,31.693844,10.868524,23.489117,7.854759,User: user72<br>Type: 1min<br>Split: train
user72,1min,train,3325,36.853935,9.97278,23.484938,7.8610935,User: user72<br>Type: 1min<br>Split: train
user72,1min,train,3326,35.560207,17.883793,23.491915,7.853513,User: user72<br>Type: 1min<br>Split: train
user72,1min,train,3327,35.560207,17.883793,23.486477,7.85923,User: user72<br>Type: 1min<br>Split: train
user72,1min,train,3328,36.853935,9.97278,23.502676,7.8686914,User: user72<br>Type: 1min<br>Split: train
user72,1min,train,3329,36.853935,9.97278,23.511887,7.8810534,User: user72<br>Type: 1min<br>Split: train
user72,1min,train,3330,31.693844,10.868524,23.497972,7.844833,User: user72<br>Type: 1min<br>Split: train
user72,1min,train,3331,31.693844,10.868524,23.491373,7.8523893,User: user72<br>Type: 1min<br>Split: train
user72,1min,train,3332,36.853935,9.97278,23.480148,7.845181,User: user72<br>Type: 1min<br>Split: train
user72,1min,train,3333,36.853935,9.97278,23.49166,7.8568196,User: user72<br>Type: 1min<br>Split: train
user72,1min,train,3334,36.853935,9.97278,23.488283,7.8534155,User: user72<br>Type: 1min<br>Split: train
user72,1min,train,3335,36.853935,9.97278,23.502102,7.86708,User: user72<br>Type: 1min<br>Split: train
user72,1min,train,3336,36.853935,9.97278,23.498178,7.8451495,User: user72<br>Type: 1min<br>Split: train
user72,1min,train,3337,36.853935,9.97278,23.489569,7.8548126,User: user72<br>Type: 1min<br>Split: train
user72,1min,train,3338,36.853935,9.97278,23.514137,7.829434,User: user72<br>Type: 1min<br>Split: train
user72,1min,train,3339,36.853935,9.97278,23.489697,7.853801,User: user72<br>Type: 1min<br>Split: train
user72,1min,train,3340,36.853935,9.97278,23.490217,7.8542166,User: user72<br>Type: 1min<br>Split: train
user73,1min,train,3341,27.057673,-176.46997,17.600826,-6.547622,User: user73<br>Type: 1min<br>Split: train
user73,1min,train,3342,27.057673,-176.46997,12.339959,-16.230068,User: user73<br>Type: 1min<br>Split: train
user73,1min,train,3343,27.057673,-176.46997,17.600832,-6.547595,User: user73<br>Type: 1min<br>Split: train
user73,1min,train,3344,27.057673,-176.46997,12.340223,-16.229914,User: user73<br>Type: 1min<br>Split: train
user73,1min,train,3345,27.057673,-176.46997,12.346545,-16.223211,User: user73<br>Type: 1min<br>Split: train
user73,1min,train,3346,27.057673,-176.46997,12.340379,-16.229715,User: user73<br>Type: 1min<br>Split: train
user73,1min,train,3347,27.057673,-176.46997,12.34027,-16.229828,User: user73<br>Type: 1min<br>Split: train
user73,1min,train,3348,27.057673,-176.46997,12.340085,-16.230646,User: user73<br>Type: 1min<br>Split: train
user73,1min,train,3349,27.057673,-176.46997,17.600801,-6.5476213,User: user73<br>Type: 1min<br>Split: train
user73,1min,train,3350,27.057673,-176.46997,12.34006,-16.23004,User: user73<br>Type: 1min<br>Split: train
user73,1min,train,3351,27.057673,-176.46997,17.599792,-6.5483665,User: user73<br>Type: 1min<br>Split: train
user73,1min,train,3352,27.057673,-176.46997,12.340008,-16.229523,User: user73<br>Type: 1min<br>Split: train
user73,1min,train,3353,27.057673,-176.46997,12.3401575,-16.229965,User: user73<br>Type: 1min<br>Split: train
user73,1min,train,3354,27.057673,-176.46997,17.600878,-6.5476584,User: user73<br>Type: 1min<br>Split: train
user73,1min,train,3355,27.057673,-176.46997,17.601734,-6.54777,User: user73<br>Type: 1min<br>Split: train
user73,1min,train,3356,27.057673,-176.46997,12.338624,-16.231335,User: user73<br>Type: 1min<br>Split: train
user73,1min,train,3357,27.057673,-176.46997,17.600798,-6.5476484,User: user73<br>Type: 1min<br>Split: train
user73,1min,train,3358,27.057673,-176.46997,12.340085,-16.230007,User: user73<br>Type: 1min<br>Split: train
user73,1min,train,3359,27.057673,-176.46997,12.340257,-16.229704,User: user73<br>Type: 1min<br>Split: train
user73,1min,train,3360,27.057673,-176.46997,12.340644,-16.229382,User: user73<br>Type: 1min<br>Split: train
user73,1min,train,3361,27.057673,-176.46997,17.592308,-6.5528417,User: user73<br>Type: 1min<br>Split: train
user73,1min,train,3362,27.057673,-176.46997,17.60255,-6.548828,User: user73<br>Type: 1min<br>Split: train
user73,1min,train,3363,27.057673,-176.46997,17.600609,-6.5495424,User: user73<br>Type: 1min<br>Split: train
user73,1min,train,3364,27.057673,-176.46997,17.600613,-6.5478063,User: user73<br>Type: 1min<br>Split: train
user73,1min,train,3365,27.057673,-176.46997,17.600475,-6.547947,User: user73<br>Type: 1min<br>Split: train
user73,1min,train,3366,27.057673,-176.46997,12.344034,-16.226418,User: user73<br>Type: 1min<br>Split: train
user73,1min,train,3367,27.057673,-176.46997,12.340369,-16.229784,User: user73<br>Type: 1min<br>Split: train
user73,1min,train,3368,27.057673,-176.46997,12.340615,-16.229582,User: user73<br>Type: 1min<br>Split: train
user73,1min,train,3369,27.057673,-176.46997,12.340887,-16.229246,User: user73<br>Type: 1min<br>Split: train
user73,1min,train,3370,27.057673,-176.46997,17.600235,-6.547975,User: user73<br>Type: 1min<br>Split: train
user73,1min,train,3371,27.057673,-176.46997,17.600355,-6.5479746,User: user73<br>Type: 1min<br>Split: train
user73,1min,train,3372,27.057673,-176.46997,17.59419,-6.5468903,User: user73<br>Type: 1min<br>Split: train
user73,1min,train,3373,27.057673,-176.46997,12.340802,-16.229454,User: user73<br>Type: 1min<br>Split: train
user73,1min,train,3374,27.057673,-176.46997,17.600365,-6.5482087,User: user73<br>Type: 1min<br>Split: train
user73,1min,train,3375,27.057673,-176.46997,12.340557,-16.22962,User: user73<br>Type: 1min<br>Split: train
user73,1min,train,3376,27.057673,-176.46997,17.600468,-6.5481057,User: user73<br>Type: 1min<br>Split: train
user73,1min,train,3377,27.057673,-176.46997,17.600708,-6.5479097,User: user73<br>Type: 1min<br>Split: train
user73,1min,train,3378,27.057673,-176.46997,12.326392,-16.244184,User: user73<br>Type: 1min<br>Split: train
user73,1min,train,3379,27.057673,-176.46997,12.3411045,-16.228481,User: user73<br>Type: 1min<br>Split: train
user73,1min,train,3380,27.057673,-176.46997,17.600534,-6.548117,User: user73<br>Type: 1min<br>Split: train
user73,1min,train,3381,27.057673,-176.46997,12.340622,-16.228624,User: user73<br>Type: 1min<br>Split: train
user73,1min,train,3382,27.057673,-176.46997,17.600306,-6.548426,User: user73<br>Type: 1min<br>Split: train
user74,1min,train,3383,-68.24361,142.32835,-2.2403438,-9.129839,User: user74<br>Type: 1min<br>Split: train
user74,1min,train,3384,-68.24361,142.32835,-2.1799202,-9.066422,User: user74<br>Type: 1min<br>Split: train
user74,1min,train,3385,-68.24361,142.32835,-2.1782053,-9.064636,User: user74<br>Type: 1min<br>Split: train
user74,1min,train,3386,-68.24361,142.32835,-2.2295878,-9.120981,User: user74<br>Type: 1min<br>Split: train
user74,1min,train,3387,-68.24361,142.32835,-2.2403011,-9.129907,User: user74<br>Type: 1min<br>Split: train
user74,1min,train,3388,-68.24361,142.32835,-2.218234,-9.107051,User: user74<br>Type: 1min<br>Split: train
user74,1min,train,3389,-68.24361,142.32835,-2.250939,-9.1401415,User: user74<br>Type: 1min<br>Split: train
user74,1min,train,3390,-68.24361,142.32835,-2.2341344,-9.123546,User: user74<br>Type: 1min<br>Split: train
user74,1min,train,3391,-68.24361,142.32835,-2.2337072,-9.12306,User: user74<br>Type: 1min<br>Split: train
user74,1min,train,3392,-68.24361,142.32835,-2.1796293,-9.066108,User: user74<br>Type: 1min<br>Split: train
user74,1min,train,3393,-68.24361,142.32835,-2.2326405,-9.121646,User: user74<br>Type: 1min<br>Split: train
user74,1min,train,3394,-68.24361,142.32835,-2.1802726,-9.066769,User: user74<br>Type: 1min<br>Split: train
user74,1min,train,3395,-68.24361,142.32835,-2.1886814,-9.075266,User: user74<br>Type: 1min<br>Split: train
user74,1min,train,3396,-68.24361,142.32835,-2.2378793,-9.127186,User: user74<br>Type: 1min<br>Split: train
user74,1min,train,3397,-68.24361,142.32835,-2.177398,-9.063842,User: user74<br>Type: 1min<br>Split: train
user74,1min,train,3398,-68.24361,142.32835,-2.2603514,-9.1497135,User: user74<br>Type: 1min<br>Split: train
user74,1min,train,3399,-68.24361,142.32835,-2.1813302,-9.06804,User: user74<br>Type: 1min<br>Split: train
user74,1min,train,3400,-68.24361,142.32835,-2.2526174,-9.142309,User: user74<br>Type: 1min<br>Split: train
user74,1min,train,3401,-68.24361,142.32835,-2.180421,-9.066891,User: user74<br>Type: 1min<br>Split: train
user74,1min,train,3402,-68.24361,142.32835,-2.1842892,-9.07096,User: user74<br>Type: 1min<br>Split: train
user74,1min,train,3403,-68.24361,142.32835,-2.1829147,-9.069671,User: user74<br>Type: 1min<br>Split: train
user74,1min,train,3404,-68.24361,142.32835,-2.1544359,-9.040524,User: user74<br>Type: 1min<br>Split: train
user74,1min,train,3405,-68.24361,142.32835,-2.2453978,-9.13498,User: user74<br>Type: 1min<br>Split: train
user74,1min,train,3406,-68.24361,142.32835,-2.1489456,-9.035263,User: user74<br>Type: 1min<br>Split: train
user74,1min,train,3407,-68.24361,142.32835,-2.1717997,-9.058093,User: user74<br>Type: 1min<br>Split: train
user74,1min,train,3408,-68.24361,142.32835,-2.239207,-9.128941,User: user74<br>Type: 1min<br>Split: train
user74,1min,train,3409,-68.24361,142.32835,-2.2451127,-9.134708,User: user74<br>Type: 1min<br>Split: train
user74,1min,train,3410,-68.24361,142.32835,-2.2182472,-9.107154,User: user74<br>Type: 1min<br>Split: train
user74,1min,train,3411,-68.24361,142.32835,-2.213427,-9.102236,User: user74<br>Type: 1min<br>Split: train
user74,1min,train,3412,-68.24361,142.32835,-2.2409058,-9.130101,User: user74<br>Type: 1min<br>Split: train
user74,1min,train,3413,-68.24361,142.32835,-2.1741521,-9.060116,User: user74<br>Type: 1min<br>Split: train
user74,1min,train,3414,-68.24361,142.32835,-2.2339344,-9.122949,User: user74<br>Type: 1min<br>Split: train
user74,1min,train,3415,-68.24361,142.32835,-2.174106,-9.060403,User: user74<br>Type: 1min<br>Split: train
user74,1min,train,3416,-68.24361,142.32835,-2.2331722,-9.122319,User: user74<br>Type: 1min<br>Split: train
user74,1min,train,3417,-68.24361,142.32835,-2.1126902,-8.998993,User: user74<br>Type: 1min<br>Split: train
user74,1min,train,3418,-68.24361,142.32835,-2.1799989,-9.066635,User: user74<br>Type: 1min<br>Split: train
user74,1min,train,3419,-68.24361,142.32835,-2.16551,-9.051917,User: user74<br>Type: 1min<br>Split: train
user74,1min,train,3420,-68.24361,142.32835,-2.2241848,-9.113231,User: user74<br>Type: 1min<br>Split: train
user74,1min,train,3421,-68.24361,142.32835,-2.2015781,-9.090523,User: user74<br>Type: 1min<br>Split: train
user74,1min,train,3422,-68.24361,142.32835,-2.169595,-9.0558815,User: user74<br>Type: 1min<br>Split: train
user74,1min,train,3423,-68.24361,142.32835,-2.2298965,-9.11918,User: user74<br>Type: 1min<br>Split: train
user74,1min,train,3424,-68.24361,142.32835,-2.1724863,-9.058483,User: user74<br>Type: 1min<br>Split: train
user74,1min,train,3425,-68.24361,142.32835,-2.1768272,-9.063376,User: user74<br>Type: 1min<br>Split: train
user74,1min,train,3426,-68.24361,142.32835,-2.2298293,-9.119078,User: user74<br>Type: 1min<br>Split: train
user74,1min,train,3427,-68.24361,142.32835,-2.1704388,-9.056712,User: user74<br>Type: 1min<br>Split: train
user74,1min,train,3428,-68.24361,142.32835,-2.175595,-9.0618305,User: user74<br>Type: 1min<br>Split: train
user74,1min,train,3429,-68.24361,142.32835,-2.2264855,-9.115582,User: user74<br>Type: 1min<br>Split: train
user75,1min,train,3430,188.63023,70.8722,15.420091,-8.335436,User: user75<br>Type: 1min<br>Split: train
user75,1min,train,3431,188.63023,70.8722,15.420516,-8.335864,User: user75<br>Type: 1min<br>Split: train
user75,1min,train,3432,188.63023,70.8722,15.41999,-8.335393,User: user75<br>Type: 1min<br>Split: train
user75,1min,train,3433,188.63023,70.8722,15.415536,-8.330939,User: user75<br>Type: 1min<br>Split: train
user75,1min,train,3434,188.63023,70.8722,15.415219,-8.330615,User: user75<br>Type: 1min<br>Split: train
user75,1min,train,3435,188.63023,70.8722,15.411825,-8.327184,User: user75<br>Type: 1min<br>Split: train
user75,1min,train,3436,188.63023,70.8722,15.420758,-8.336132,User: user75<br>Type: 1min<br>Split: train
user75,1min,train,3437,188.63023,70.8722,15.418805,-8.334121,User: user75<br>Type: 1min<br>Split: train
user75,1min,train,3438,188.63023,70.8722,15.420033,-8.335485,User: user75<br>Type: 1min<br>Split: train
user75,1min,train,3439,188.63023,70.8722,15.428039,-8.343756,User: user75<br>Type: 1min<br>Split: train
user75,1min,train,3440,188.63023,70.8722,15.427469,-8.343095,User: user75<br>Type: 1min<br>Split: train
user75,1min,train,3441,188.63023,70.8722,15.424312,-8.339677,User: user75<br>Type: 1min<br>Split: train
user75,1min,train,3442,188.63023,70.8722,15.420886,-8.336604,User: user75<br>Type: 1min<br>Split: train
user75,1min,train,3443,188.63023,70.8722,15.420602,-8.335786,User: user75<br>Type: 1min<br>Split: train
user75,1min,train,3444,188.63023,70.8722,15.415927,-8.327659,User: user75<br>Type: 1min<br>Split: train
user75,1min,train,3445,188.63023,70.8722,15.467628,-8.383316,User: user75<br>Type: 1min<br>Split: train
user75,1min,train,3446,188.63023,70.8722,15.438871,-8.354022,User: user75<br>Type: 1min<br>Split: train
user75,1min,train,3447,188.63023,70.8722,15.420663,-8.336123,User: user75<br>Type: 1min<br>Split: train
user75,1min,train,3448,188.63023,70.8722,15.423606,-8.338389,User: user75<br>Type: 1min<br>Split: train
user75,1min,train,3449,188.63023,70.8722,15.355723,-8.270363,User: user75<br>Type: 1min<br>Split: train
user75,1min,train,3450,188.63023,70.8722,15.422386,-8.338093,User: user75<br>Type: 1min<br>Split: train
user75,1min,train,3451,188.63023,70.8722,15.419818,-8.334998,User: user75<br>Type: 1min<br>Split: train
user75,1min,train,3452,188.63023,70.8722,15.398805,-8.314233,User: user75<br>Type: 1min<br>Split: train
user75,1min,train,3453,188.63023,70.8722,15.4213,-8.336832,User: user75<br>Type: 1min<br>Split: train
user75,1min,train,3454,188.63023,70.8722,15.406369,-8.322009,User: user75<br>Type: 1min<br>Split: train
user75,1min,train,3455,188.63023,70.8722,15.434248,-8.349664,User: user75<br>Type: 1min<br>Split: train
user75,1min,train,3456,188.63023,70.8722,15.43638,-8.352069,User: user75<br>Type: 1min<br>Split: train
user75,1min,train,3457,188.63023,70.8722,15.403084,-8.319045,User: user75<br>Type: 1min<br>Split: train
user75,1min,train,3458,188.63023,70.8722,15.421226,-8.336654,User: user75<br>Type: 1min<br>Split: train
user75,1min,train,3459,188.63023,70.8722,15.421315,-8.337005,User: user75<br>Type: 1min<br>Split: train
user75,1min,train,3460,188.63023,70.8722,15.454794,-8.370666,User: user75<br>Type: 1min<br>Split: train
user75,1min,train,3461,188.63023,70.8722,15.439272,-8.355115,User: user75<br>Type: 1min<br>Split: train
user75,1min,train,3462,188.63023,70.8722,15.408972,-8.3241625,User: user75<br>Type: 1min<br>Split: train
user75,1min,train,3463,188.63023,70.8722,15.412902,-8.329472,User: user75<br>Type: 1min<br>Split: train
user75,1min,train,3464,188.63023,70.8722,15.428452,-8.343797,User: user75<br>Type: 1min<br>Split: train
user75,1min,train,3465,188.63023,70.8722,15.407604,-8.323236,User: user75<br>Type: 1min<br>Split: train
user75,1min,train,3466,188.63023,70.8722,15.407617,-8.32251,User: user75<br>Type: 1min<br>Split: train
user75,1min,train,3467,188.63023,70.8722,15.399945,-8.31605,User: user75<br>Type: 1min<br>Split: train
user75,1min,train,3468,188.63023,70.8722,15.40998,-8.325515,User: user75<br>Type: 1min<br>Split: train
user75,1min,train,3469,188.63023,70.8722,15.412253,-8.327615,User: user75<br>Type: 1min<br>Split: train
user75,1min,train,3470,188.63023,70.8722,15.4571905,-8.373199,User: user75<br>Type: 1min<br>Split: train
user75,1min,train,3471,188.63023,70.8722,15.419951,-8.335433,User: user75<br>Type: 1min<br>Split: train
user75,1min,train,3472,188.63023,70.8722,15.420006,-8.335233,User: user75<br>Type: 1min<br>Split: train
user75,1min,train,3473,188.63023,70.8722,15.420369,-8.335989,User: user75<br>Type: 1min<br>Split: train
user75,1min,train,3474,188.63023,70.8722,15.420445,-8.33578,User: user75<br>Type: 1min<br>Split: train
user75,1min,train,3475,188.63023,70.8722,15.420405,-8.335823,User: user75<br>Type: 1min<br>Split: train
user75,1min,train,3476,188.63023,70.8722,15.452725,-8.367872,User: user75<br>Type: 1min<br>Split: train
user75,1min,train,3477,188.63023,70.8722,15.430991,-8.346603,User: user75<br>Type: 1min<br>Split: train
user76,1min,train,3478,199.77867,-3.079304,28.03634,11.258856,User: user76<br>Type: 1min<br>Split: train
user76,1min,train,3479,199.77867,-3.079304,28.036158,11.258962,User: user76<br>Type: 1min<br>Split: train
user76,1min,train,3480,199.77867,-3.079304,28.049744,11.254413,User: user76<br>Type: 1min<br>Split: train
user76,1min,train,3481,199.77867,-3.079304,28.036833,11.258741,User: user76<br>Type: 1min<br>Split: train
user76,1min,train,3482,199.77867,-3.079304,28.036829,11.258675,User: user76<br>Type: 1min<br>Split: train
user76,1min,train,3483,199.77867,-3.079304,28.036818,11.258675,User: user76<br>Type: 1min<br>Split: train
user76,1min,train,3484,199.77867,-3.079304,28.036806,11.258685,User: user76<br>Type: 1min<br>Split: train
user76,1min,train,3485,199.77867,-3.079304,-16.162647,-3.7453532,User: user76<br>Type: 1min<br>Split: train
user76,1min,train,3486,199.77867,-3.079304,28.038279,11.259175,User: user76<br>Type: 1min<br>Split: train
user76,1min,train,3487,199.77867,-3.079304,-16.162645,-3.7453494,User: user76<br>Type: 1min<br>Split: train
user76,1min,train,3488,199.77867,-3.079304,-16.162615,-3.7453818,User: user76<br>Type: 1min<br>Split: train
user76,1min,train,3489,199.77867,-3.079304,28.03473,11.258308,User: user76<br>Type: 1min<br>Split: train
user76,1min,train,3490,199.77867,-3.079304,28.036945,11.258643,User: user76<br>Type: 1min<br>Split: train
user76,1min,train,3491,199.77867,-3.079304,-16.162668,-3.7452457,User: user76<br>Type: 1min<br>Split: train
user76,1min,train,3492,199.77867,-3.079304,28.039482,11.257712,User: user76<br>Type: 1min<br>Split: train
user76,1min,train,3493,199.77867,-3.079304,28.03682,11.258652,User: user76<br>Type: 1min<br>Split: train
user76,1min,train,3494,199.77867,-3.079304,-16.16261,-3.7452846,User: user76<br>Type: 1min<br>Split: train
user76,1min,train,3495,199.77867,-3.079304,-16.162657,-3.7453635,User: user76<br>Type: 1min<br>Split: train
user76,1min,train,3496,199.77867,-3.079304,-16.162588,-3.7453077,User: user76<br>Type: 1min<br>Split: train
user76,1min,train,3497,199.77867,-3.079304,28.03706,11.258646,User: user76<br>Type: 1min<br>Split: train
user76,1min,train,3498,199.77867,-3.079304,28.037004,11.25866,User: user76<br>Type: 1min<br>Split: train
user76,1min,train,3499,199.77867,-3.079304,-16.162586,-3.745463,User: user76<br>Type: 1min<br>Split: train
user76,1min,train,3500,199.77867,-3.079304,-16.162636,-3.7454004,User: user76<br>Type: 1min<br>Split: train
user76,1min,train,3501,199.77867,-3.079304,28.03674,11.258491,User: user76<br>Type: 1min<br>Split: train
user76,1min,train,3502,199.77867,-3.079304,-16.162638,-3.7451906,User: user76<br>Type: 1min<br>Split: train
user76,1min,train,3503,199.77867,-3.079304,28.037327,11.258388,User: user76<br>Type: 1min<br>Split: train
user76,1min,train,3504,199.77867,-3.079304,-16.162842,-3.7453911,User: user76<br>Type: 1min<br>Split: train
user76,1min,train,3505,199.77867,-3.079304,28.038279,11.256194,User: user76<br>Type: 1min<br>Split: train
user76,1min,train,3506,199.77867,-3.079304,-16.16281,-3.745328,User: user76<br>Type: 1min<br>Split: train
user76,1min,train,3507,199.77867,-3.079304,28.03177,11.263986,User: user76<br>Type: 1min<br>Split: train
user76,1min,train,3508,199.77867,-3.079304,28.037054,11.25861,User: user76<br>Type: 1min<br>Split: train
user76,1min,train,3509,199.77867,-3.079304,-16.162752,-3.745381,User: user76<br>Type: 1min<br>Split: train
user76,1min,train,3510,199.77867,-3.079304,28.03734,11.258499,User: user76<br>Type: 1min<br>Split: train
user76,1min,train,3511,199.77867,-3.079304,28.037203,11.258554,User: user76<br>Type: 1min<br>Split: train
user76,1min,train,3512,199.77867,-3.079304,-16.161919,-3.7450645,User: user76<br>Type: 1min<br>Split: train
user76,1min,train,3513,199.77867,-3.079304,-16.162697,-3.7453818,User: user76<br>Type: 1min<br>Split: train
user76,1min,train,3514,199.77867,-3.079304,-16.162498,-3.7450695,User: user76<br>Type: 1min<br>Split: train
user76,1min,train,3515,199.77867,-3.079304,-16.162716,-3.7452178,User: user76<br>Type: 1min<br>Split: train
user76,1min,train,3516,199.77867,-3.079304,-16.162859,-3.7454898,User: user76<br>Type: 1min<br>Split: train
user76,1min,train,3517,199.77867,-3.079304,-16.162634,-3.7454515,User: user76<br>Type: 1min<br>Split: train
user76,1min,train,3518,199.77867,-3.079304,-16.163359,-3.7456388,User: user76<br>Type: 1min<br>Split: train
user76,1min,train,3519,199.77867,-3.079304,-16.162798,-3.7454429,User: user76<br>Type: 1min<br>Split: train
user76,1min,train,3520,199.77867,-3.079304,28.03716,11.258738,User: user76<br>Type: 1min<br>Split: train
user76,1min,train,3521,199.77867,-3.079304,28.037306,11.258591,User: user76<br>Type: 1min<br>Split: train
user76,1min,train,3522,199.77867,-3.079304,28.036995,11.2584505,User: user76<br>Type: 1min<br>Split: train
user77,1min,train,3523,-77.28262,-126.08055,-14.461772,-0.16629782,User: user77<br>Type: 1min<br>Split: train
user77,1min,train,3524,-77.28262,-126.08055,8.124662,-20.265049,User: user77<br>Type: 1min<br>Split: train
user77,1min,train,3525,-77.28262,-126.08055,-14.46187,-0.16618633,User: user77<br>Type: 1min<br>Split: train
user77,1min,train,3526,-77.28262,-126.08055,8.125364,-20.268087,User: user77<br>Type: 1min<br>Split: train
user77,1min,train,3527,-77.28262,-126.08055,8.124335,-20.265343,User: user77<br>Type: 1min<br>Split: train
user77,1min,train,3528,-77.28262,-126.08055,-14.461755,-0.16585787,User: user77<br>Type: 1min<br>Split: train
user77,1min,train,3529,-77.28262,-126.08055,-14.461364,-0.16976453,User: user77<br>Type: 1min<br>Split: train
user77,1min,train,3530,-77.28262,-126.08055,-14.461757,-0.16608894,User: user77<br>Type: 1min<br>Split: train
user77,1min,train,3531,-77.28262,-126.08055,-14.461754,-0.1659688,User: user77<br>Type: 1min<br>Split: train
user77,1min,train,3532,-77.28262,-126.08055,8.123166,-20.263298,User: user77<br>Type: 1min<br>Split: train
user77,1min,train,3533,-77.28262,-126.08055,-14.466697,-0.14997035,User: user77<br>Type: 1min<br>Split: train
user77,1min,train,3534,-77.28262,-126.08055,8.124174,-20.265106,User: user77<br>Type: 1min<br>Split: train
user77,1min,train,3535,-77.28262,-126.08055,-14.462307,-0.16447614,User: user77<br>Type: 1min<br>Split: train
user77,1min,train,3536,-77.28262,-126.08055,8.124156,-20.265158,User: user77<br>Type: 1min<br>Split: train
user77,1min,train,3537,-77.28262,-126.08055,8.12415,-20.265213,User: user77<br>Type: 1min<br>Split: train
user77,1min,train,3538,-77.28262,-126.08055,8.124131,-20.265152,User: user77<br>Type: 1min<br>Split: train
user77,1min,train,3539,-77.28262,-126.08055,8.125704,-20.26572,User: user77<br>Type: 1min<br>Split: train
user77,1min,train,3540,-77.28262,-126.08055,8.124199,-20.26517,User: user77<br>Type: 1min<br>Split: train
user77,1min,train,3541,-77.28262,-126.08055,8.124221,-20.265148,User: user77<br>Type: 1min<br>Split: train
user77,1min,train,3542,-77.28262,-126.08055,-14.461916,-0.16438991,User: user77<br>Type: 1min<br>Split: train
user77,1min,train,3543,-77.28262,-126.08055,-14.461786,-0.16573492,User: user77<br>Type: 1min<br>Split: train
user77,1min,train,3544,-77.28262,-126.08055,-14.462,-0.16576171,User: user77<br>Type: 1min<br>Split: train
user77,1min,train,3545,-77.28262,-126.08055,-14.461792,-0.16584477,User: user77<br>Type: 1min<br>Split: train
user77,1min,train,3546,-77.28262,-126.08055,8.1241,-20.265089,User: user77<br>Type: 1min<br>Split: train
user77,1min,train,3547,-77.28262,-126.08055,8.124175,-20.265198,User: user77<br>Type: 1min<br>Split: train
user77,1min,train,3548,-77.28262,-126.08055,-14.461751,-0.16586469,User: user77<br>Type: 1min<br>Split: train
user77,1min,train,3549,-77.28262,-126.08055,-14.461722,-0.16831705,User: user77<br>Type: 1min<br>Split: train
user77,1min,train,3550,-77.28262,-126.08055,8.124233,-20.26521,User: user77<br>Type: 1min<br>Split: train
user77,1min,train,3551,-77.28262,-126.08055,-14.462374,-0.16566986,User: user77<br>Type: 1min<br>Split: train
user77,1min,train,3552,-77.28262,-126.08055,8.124384,-20.265358,User: user77<br>Type: 1min<br>Split: train
user77,1min,train,3553,-77.28262,-126.08055,8.117945,-20.258575,User: user77<br>Type: 1min<br>Split: train
user77,1min,train,3554,-77.28262,-126.08055,-14.462358,-0.16536517,User: user77<br>Type: 1min<br>Split: train
user77,1min,train,3555,-77.28262,-126.08055,8.124059,-20.265015,User: user77<br>Type: 1min<br>Split: train
user77,1min,train,3556,-77.28262,-126.08055,-14.462326,-0.16554804,User: user77<br>Type: 1min<br>Split: train
user77,1min,train,3557,-77.28262,-126.08055,8.123817,-20.264893,User: user77<br>Type: 1min<br>Split: train
user77,1min,train,3558,-77.28262,-126.08055,8.124308,-20.265217,User: user77<br>Type: 1min<br>Split: train
user77,1min,train,3559,-77.28262,-126.08055,8.124034,-20.264933,User: user77<br>Type: 1min<br>Split: train
user77,1min,train,3560,-77.28262,-126.08055,8.124011,-20.265131,User: user77<br>Type: 1min<br>Split: train
user77,1min,train,3561,-77.28262,-126.08055,-14.444518,-0.18719828,User: user77<br>Type: 1min<br>Split: train
user77,1min,train,3562,-77.28262,-126.08055,8.123947,-20.265015,User: user77<br>Type: 1min<br>Split: train
user77,1min,train,3563,-77.28262,-126.08055,-14.46624,-0.15747532,User: user77<br>Type: 1min<br>Split: train
user77,1min,train,3564,-77.28262,-126.08055,8.128087,-20.26945,User: user77<br>Type: 1min<br>Split: train
user77,1min,train,3565,-77.28262,-126.08055,8.124228,-20.265255,User: user77<br>Type: 1min<br>Split: train
user77,1min,train,3566,-77.28262,-126.08055,8.124312,-20.265263,User: user77<br>Type: 1min<br>Split: train
user77,1min,train,3567,-77.28262,-126.08055,-14.463277,-0.15437898,User: user77<br>Type: 1min<br>Split: train
user77,1min,train,3568,-77.28262,-126.08055,-14.462338,-0.1658112,User: user77<br>Type: 1min<br>Split: train
user77,1min,train,3569,-77.28262,-126.08055,8.12421,-20.265152,User: user77<br>Type: 1min<br>Split: train
user78,1min,train,3570,-49.729443,-138.2307,13.031784,11.700239,User: user78<br>Type: 1min<br>Split: train
user78,1min,train,3571,-49.729443,-138.2307,13.031765,11.700217,User: user78<br>Type: 1min<br>Split: train
user78,1min,train,3572,-49.729443,-138.2307,13.031091,11.699988,User: user78<br>Type: 1min<br>Split: train
user78,1min,train,3573,-49.729443,-138.2307,-4.2870274,28.690283,User: user78<br>Type: 1min<br>Split: train
user78,1min,train,3574,-49.729443,-138.2307,-4.286526,28.690842,User: user78<br>Type: 1min<br>Split: train
user78,1min,train,3575,-49.729443,-138.2307,-4.2869263,28.690292,User: user78<br>Type: 1min<br>Split: train
user78,1min,train,3576,-49.729443,-138.2307,-4.286487,28.69003,User: user78<br>Type: 1min<br>Split: train
user78,1min,train,3577,-49.729443,-138.2307,-4.2829385,28.689243,User: user78<br>Type: 1min<br>Split: train
user78,1min,train,3578,-49.729443,-138.2307,-4.286955,28.690292,User: user78<br>Type: 1min<br>Split: train
user78,1min,train,3579,-49.729443,-138.2307,-4.2870135,28.690273,User: user78<br>Type: 1min<br>Split: train
user78,1min,train,3580,-49.729443,-138.2307,13.03188,11.700416,User: user78<br>Type: 1min<br>Split: train
user78,1min,train,3581,-49.729443,-138.2307,-4.2869678,28.690302,User: user78<br>Type: 1min<br>Split: train
user78,1min,train,3582,-49.729443,-138.2307,-4.289685,28.690783,User: user78<br>Type: 1min<br>Split: train
user78,1min,train,3583,-49.729443,-138.2307,-4.2873154,28.690887,User: user78<br>Type: 1min<br>Split: train
user78,1min,train,3584,-49.729443,-138.2307,13.031634,11.700159,User: user78<br>Type: 1min<br>Split: train
user78,1min,train,3585,-49.729443,-138.2307,13.030791,11.699252,User: user78<br>Type: 1min<br>Split: train
user78,1min,train,3586,-49.729443,-138.2307,-4.2868586,28.690323,User: user78<br>Type: 1min<br>Split: train
user78,1min,train,3587,-49.729443,-138.2307,-4.297375,28.691698,User: user78<br>Type: 1min<br>Split: train
user78,1min,train,3588,-49.729443,-138.2307,13.03158,11.70017,User: user78<br>Type: 1min<br>Split: train
user78,1min,train,3589,-49.729443,-138.2307,-4.2862663,28.690092,User: user78<br>Type: 1min<br>Split: train
user78,1min,train,3590,-49.729443,-138.2307,13.031645,11.700132,User: user78<br>Type: 1min<br>Split: train
user78,1min,train,3591,-49.729443,-138.2307,-4.2868357,28.690273,User: user78<br>Type: 1min<br>Split: train
user78,1min,train,3592,-49.729443,-138.2307,13.0285,11.697111,User: user78<br>Type: 1min<br>Split: train
user78,1min,train,3593,-49.729443,-138.2307,13.031719,11.7002125,User: user78<br>Type: 1min<br>Split: train
user78,1min,train,3594,-49.729443,-138.2307,13.031531,11.700026,User: user78<br>Type: 1min<br>Split: train
user78,1min,train,3595,-49.729443,-138.2307,-4.2873163,28.690653,User: user78<br>Type: 1min<br>Split: train
user78,1min,train,3596,-49.729443,-138.2307,13.031444,11.700082,User: user78<br>Type: 1min<br>Split: train
user78,1min,train,3597,-49.729443,-138.2307,-4.287337,28.690567,User: user78<br>Type: 1min<br>Split: train
user78,1min,train,3598,-49.729443,-138.2307,13.031448,11.700036,User: user78<br>Type: 1min<br>Split: train
user78,1min,train,3599,-49.729443,-138.2307,-4.287855,28.690012,User: user78<br>Type: 1min<br>Split: train
user78,1min,train,3600,-49.729443,-138.2307,13.031553,11.699962,User: user78<br>Type: 1min<br>Split: train
user78,1min,train,3601,-49.729443,-138.2307,13.044998,11.702302,User: user78<br>Type: 1min<br>Split: train
user78,1min,train,3602,-49.729443,-138.2307,-4.2874146,28.69041,User: user78<br>Type: 1min<br>Split: train
user78,1min,train,3603,-49.729443,-138.2307,-4.2692227,28.672089,User: user78<br>Type: 1min<br>Split: train
user78,1min,train,3604,-49.729443,-138.2307,-4.2876744,28.690136,User: user78<br>Type: 1min<br>Split: train
user78,1min,train,3605,-49.729443,-138.2307,13.031843,11.699867,User: user78<br>Type: 1min<br>Split: train
user78,1min,train,3606,-49.729443,-138.2307,13.031893,11.700009,User: user78<br>Type: 1min<br>Split: train
user78,1min,train,3607,-49.729443,-138.2307,-4.287441,28.69029,User: user78<br>Type: 1min<br>Split: train
user78,1min,train,3608,-49.729443,-138.2307,-4.287878,28.690676,User: user78<br>Type: 1min<br>Split: train
user78,1min,train,3609,-49.729443,-138.2307,-4.2818475,28.695896,User: user78<br>Type: 1min<br>Split: train
user78,1min,train,3610,-49.729443,-138.2307,13.031904,11.700122,User: user78<br>Type: 1min<br>Split: train
user78,1min,train,3611,-49.729443,-138.2307,13.03179,11.699984,User: user78<br>Type: 1min<br>Split: train
user78,1min,train,3612,-49.729443,-138.2307,13.031981,11.700109,User: user78<br>Type: 1min<br>Split: train
user78,1min,train,3613,-49.729443,-138.2307,13.032021,11.700137,User: user78<br>Type: 1min<br>Split: train
user78,1min,train,3614,-49.729443,-138.2307,13.032006,11.700132,User: user78<br>Type: 1min<br>Split: train
user78,1min,train,3615,-49.729443,-138.2307,-4.2866488,28.690332,User: user78<br>Type: 1min<br>Split: train
user78,1min,train,3616,-49.729443,-138.2307,-4.287438,28.690596,User: user78<br>Type: 1min<br>Split: train
user78,1min,train,3617,-49.729443,-138.2307,-4.287404,28.690449,User: user78<br>Type: 1min<br>Split: train
user78,1min,train,3618,-49.729443,-138.2307,13.0321,11.700119,User: user78<br>Type: 1min<br>Split: train
user78,1min,train,3619,-49.729443,-138.2307,-4.2876754,28.690317,User: user78<br>Type: 1min<br>Split: train
user79,1min,train,3620,53.093716,21.573473,-23.814314,-0.08615323,User: user79<br>Type: 1min<br>Split: train
user79,1min,train,3621,53.093716,21.573473,-23.814333,-0.08617528,User: user79<br>Type: 1min<br>Split: train
user79,1min,train,3622,53.093716,21.573473,-23.814302,-0.08646291,User: user79<br>Type: 1min<br>Split: train
user79,1min,train,3623,53.093716,21.573473,-23.819208,-0.091043904,User: user79<br>Type: 1min<br>Split: train
user79,1min,train,3624,53.093716,21.573473,-23.815243,-0.086208075,User: user79<br>Type: 1min<br>Split: train
user79,1min,train,3625,53.093716,21.573473,-23.804863,-0.09638347,User: user79<br>Type: 1min<br>Split: train
user79,1min,train,3626,53.093716,21.573473,-23.808195,-0.08042337,User: user79<br>Type: 1min<br>Split: train
user79,1min,train,3627,53.093716,21.573473,-23.81313,-0.08636206,User: user79<br>Type: 1min<br>Split: train
user79,1min,train,3628,53.093716,21.573473,-23.81422,-0.08650771,User: user79<br>Type: 1min<br>Split: train
user79,1min,train,3629,53.093716,21.573473,-23.81505,-0.08568295,User: user79<br>Type: 1min<br>Split: train
user79,1min,train,3630,53.093716,21.573473,-23.804276,-0.076900795,User: user79<br>Type: 1min<br>Split: train
user79,1min,train,3631,58.34866,18.843105,-23.813343,-0.08613337,User: user79<br>Type: 1min<br>Split: train
user79,1min,train,3632,53.093716,21.573473,-23.813383,-0.0829345,User: user79<br>Type: 1min<br>Split: train
user79,1min,train,3633,58.34866,18.843105,-23.813393,-0.08656194,User: user79<br>Type: 1min<br>Split: train
user79,1min,train,3634,53.093716,21.573473,-23.794842,-0.06985198,User: user79<br>Type: 1min<br>Split: train
user79,1min,train,3635,58.34866,18.843105,-23.813082,-0.085849375,User: user79<br>Type: 1min<br>Split: train
user79,1min,train,3636,58.34866,18.843105,-23.805645,-0.09271829,User: user79<br>Type: 1min<br>Split: train
user79,1min,train,3637,53.093716,21.573473,-23.800749,-0.08355588,User: user79<br>Type: 1min<br>Split: train
user79,1min,train,3638,53.093716,21.573473,-23.812555,-0.0815637,User: user79<br>Type: 1min<br>Split: train
user79,1min,train,3639,58.34866,18.843105,-23.810413,-0.0874165,User: user79<br>Type: 1min<br>Split: train
user79,1min,train,3640,58.34866,18.843105,-23.803558,-0.08542529,User: user79<br>Type: 1min<br>Split: train
user79,1min,train,3641,58.34866,18.843105,-23.817327,-0.09174887,User: user79<br>Type: 1min<br>Split: train
user79,1min,train,3642,58.34866,18.843105,-23.82439,-0.07407991,User: user79<br>Type: 1min<br>Split: train
user79,1min,train,3643,58.34866,18.843105,-23.824545,-0.074118614,User: user79<br>Type: 1min<br>Split: train
user79,1min,train,3644,58.34866,18.843105,-23.817245,-0.081090406,User: user79<br>Type: 1min<br>Split: train
user79,1min,train,3645,58.34866,18.843105,-23.830818,-0.112154946,User: user79<br>Type: 1min<br>Split: train
user79,1min,train,3646,59.800762,27.941875,-23.813282,-0.08579689,User: user79<br>Type: 1min<br>Split: train
user79,1min,train,3647,59.800762,27.941875,-23.814915,-0.08442323,User: user79<br>Type: 1min<br>Split: train
user79,1min,train,3648,58.34866,18.843105,-23.817856,-0.090509586,User: user79<br>Type: 1min<br>Split: train
user79,1min,train,3649,58.34866,18.843105,-23.805847,-0.07838073,User: user79<br>Type: 1min<br>Split: train
user79,1min,train,3650,58.34866,18.843105,-23.800137,-0.07240906,User: user79<br>Type: 1min<br>Split: train
user79,1min,train,3651,58.34866,18.843105,-23.833984,-0.10654044,User: user79<br>Type: 1min<br>Split: train
user79,1min,train,3652,58.34866,18.843105,-23.81363,-0.08698618,User: user79<br>Type: 1min<br>Split: train
user79,1min,train,3653,58.34866,18.843105,-23.814375,-0.0867052,User: user79<br>Type: 1min<br>Split: train
user79,1min,train,3654,58.34866,18.843105,-23.834925,-0.10793348,User: user79<br>Type: 1min<br>Split: train
user79,1min,train,3655,58.34866,18.843105,-23.822287,-0.10280334,User: user79<br>Type: 1min<br>Split: train
user79,1min,train,3656,58.34866,18.843105,-23.79144,-0.06456746,User: user79<br>Type: 1min<br>Split: train
user79,1min,train,3657,58.34866,18.843105,-23.829937,-0.08916093,User: user79<br>Type: 1min<br>Split: train
user79,1min,train,3658,58.34866,18.843105,-23.79762,-0.078861676,User: user79<br>Type: 1min<br>Split: train
user79,1min,train,3659,58.34866,18.843105,-23.819786,-0.09402849,User: user79<br>Type: 1min<br>Split: train
user79,1min,train,3660,58.34866,18.843105,-23.814117,-0.08664236,User: user79<br>Type: 1min<br>Split: train
user79,1min,train,3661,58.34866,18.843105,-23.84357,-0.056902144,User: user79<br>Type: 1min<br>Split: train
user79,1min,train,3662,58.34866,18.843105,-23.793377,-0.10309102,User: user79<br>Type: 1min<br>Split: train
user79,1min,train,3663,53.093716,21.573473,-23.814312,-0.08629209,User: user79<br>Type: 1min<br>Split: train
user79,1min,train,3664,53.093716,21.573473,-23.814188,-0.08611786,User: user79<br>Type: 1min<br>Split: train
user79,1min,train,3665,53.093716,21.573473,-23.794476,-0.10174113,User: user79<br>Type: 1min<br>Split: train
user79,1min,train,3666,53.093716,21.573473,-23.813967,-0.086388186,User: user79<br>Type: 1min<br>Split: train
user79,1min,train,3667,53.093716,21.573473,-23.813904,-0.08633381,User: user79<br>Type: 1min<br>Split: train
user79,1min,train,3668,53.093716,21.573473,-23.802092,-0.075260274,User: user79<br>Type: 1min<br>Split: train
user8,1min,train,3669,35.66394,-147.99033,-8.337444,1.0144019,User: user8<br>Type: 1min<br>Split: train
user8,1min,train,3670,35.66394,-147.99033,-7.801878,15.092703,User: user8<br>Type: 1min<br>Split: train
user8,1min,train,3671,35.66394,-147.99033,-8.337233,1.014251,User: user8<br>Type: 1min<br>Split: train
user8,1min,train,3672,35.66394,-147.99033,-8.337773,1.0142484,User: user8<br>Type: 1min<br>Split: train
user8,1min,train,3673,35.66394,-147.99033,-7.8032203,15.092884,User: user8<br>Type: 1min<br>Split: train
user8,1min,train,3674,35.66394,-147.99033,-8.337648,1.0142436,User: user8<br>Type: 1min<br>Split: train
user8,1min,train,3675,35.66394,-147.99033,-7.8031893,15.092764,User: user8<br>Type: 1min<br>Split: train
user8,1min,train,3676,35.66394,-147.99033,-8.338889,1.0160667,User: user8<br>Type: 1min<br>Split: train
user8,1min,train,3677,35.66394,-147.99033,-8.347019,1.0072236,User: user8<br>Type: 1min<br>Split: train
user8,1min,train,3678,35.66394,-147.99033,-8.33759,1.0137895,User: user8<br>Type: 1min<br>Split: train
user8,1min,train,3679,35.66394,-147.99033,-7.8085713,15.085227,User: user8<br>Type: 1min<br>Split: train
user8,1min,train,3680,35.66394,-147.99033,-7.8033414,15.09264,User: user8<br>Type: 1min<br>Split: train
user8,1min,train,3681,35.66394,-147.99033,-8.336813,1.0130858,User: user8<br>Type: 1min<br>Split: train
user8,1min,train,3682,35.66394,-147.99033,-7.803326,15.0926285,User: user8<br>Type: 1min<br>Split: train
user8,1min,train,3683,35.66394,-147.99033,-8.337903,1.0140076,User: user8<br>Type: 1min<br>Split: train
user8,1min,train,3684,35.66394,-147.99033,-7.8033056,15.092615,User: user8<br>Type: 1min<br>Split: train
user8,1min,train,3685,35.66394,-147.99033,-8.337871,1.0139381,User: user8<br>Type: 1min<br>Split: train
user8,1min,train,3686,35.66394,-147.99033,-8.342157,1.0178968,User: user8<br>Type: 1min<br>Split: train
user8,1min,train,3687,35.66394,-147.99033,-8.337356,1.013538,User: user8<br>Type: 1min<br>Split: train
user8,1min,train,3688,35.66394,-147.99033,-7.804165,15.09232,User: user8<br>Type: 1min<br>Split: train
user8,1min,train,3689,35.66394,-147.99033,-8.348896,1.022035,User: user8<br>Type: 1min<br>Split: train
user8,1min,train,3690,35.66394,-147.99033,-8.338329,1.0140398,User: user8<br>Type: 1min<br>Split: train
user8,1min,train,3691,35.66394,-147.99033,-7.8034797,15.09218,User: user8<br>Type: 1min<br>Split: train
user8,1min,train,3692,35.66394,-147.99033,-7.803362,15.092568,User: user8<br>Type: 1min<br>Split: train
user8,1min,train,3693,35.66394,-147.99033,-8.340016,1.0138459,User: user8<br>Type: 1min<br>Split: train
user8,1min,train,3694,35.66394,-147.99033,-7.8021045,15.093149,User: user8<br>Type: 1min<br>Split: train
user8,1min,train,3695,35.66394,-147.99033,-7.803333,15.09259,User: user8<br>Type: 1min<br>Split: train
user8,1min,train,3696,35.66394,-147.99033,-8.334236,1.012666,User: user8<br>Type: 1min<br>Split: train
user8,1min,train,3697,35.66394,-147.99033,-7.8033733,15.092623,User: user8<br>Type: 1min<br>Split: train
user8,1min,train,3698,35.66394,-147.99033,-8.339019,1.015184,User: user8<br>Type: 1min<br>Split: train
user8,1min,train,3699,35.66394,-147.99033,-7.798702,15.097682,User: user8<br>Type: 1min<br>Split: train
user8,1min,train,3700,35.66394,-147.99033,-8.340918,1.0167171,User: user8<br>Type: 1min<br>Split: train
user8,1min,train,3701,35.66394,-147.99033,-7.80322,15.092809,User: user8<br>Type: 1min<br>Split: train
user8,1min,train,3702,35.66394,-147.99033,-7.8033347,15.092468,User: user8<br>Type: 1min<br>Split: train
user8,1min,train,3703,35.66394,-147.99033,-8.340155,1.0121534,User: user8<br>Type: 1min<br>Split: train
user8,1min,train,3704,35.66394,-147.99033,-8.341784,1.015288,User: user8<br>Type: 1min<br>Split: train
user8,1min,train,3705,35.66394,-147.99033,-8.324697,1.0003936,User: user8<br>Type: 1min<br>Split: train
user8,1min,train,3706,35.66394,-147.99033,-8.329918,1.0072583,User: user8<br>Type: 1min<br>Split: train
user8,1min,train,3707,35.66394,-147.99033,-8.339201,1.0151225,User: user8<br>Type: 1min<br>Split: train
user8,1min,train,3708,35.66394,-147.99033,-8.3391695,1.0150642,User: user8<br>Type: 1min<br>Split: train
user8,1min,train,3709,35.66394,-147.99033,-7.803529,15.092025,User: user8<br>Type: 1min<br>Split: train
user8,1min,train,3710,35.66394,-147.99033,-8.339801,1.0218606,User: user8<br>Type: 1min<br>Split: train
user8,1min,train,3711,35.66394,-147.99033,-7.803357,15.092469,User: user8<br>Type: 1min<br>Split: train
user8,1min,train,3712,35.66394,-147.99033,-8.332773,1.0084523,User: user8<br>Type: 1min<br>Split: train
user8,1min,train,3713,35.66394,-147.99033,-7.8027835,15.093032,User: user8<br>Type: 1min<br>Split: train
user80,1min,train,3714,28.754505,-56.281715,21.638317,-23.718151,User: user80<br>Type: 1min<br>Split: train
user80,1min,train,3715,28.754505,-56.281715,21.637465,-23.718945,User: user80<br>Type: 1min<br>Split: train
user80,1min,train,3716,28.754505,-56.281715,21.637348,-23.71895,User: user80<br>Type: 1min<br>Split: train
user80,1min,train,3717,28.754505,-56.281715,21.63761,-23.719427,User: user80<br>Type: 1min<br>Split: train
user80,1min,train,3718,28.754505,-56.281715,21.637432,-23.718885,User: user80<br>Type: 1min<br>Split: train
user80,1min,train,3719,28.754505,-56.281715,21.63611,-23.718596,User: user80<br>Type: 1min<br>Split: train
user80,1min,train,3720,28.754505,-56.281715,21.637098,-23.720339,User: user80<br>Type: 1min<br>Split: train
user80,1min,train,3721,28.754505,-56.281715,21.627956,-23.707535,User: user80<br>Type: 1min<br>Split: train
user80,1min,train,3722,28.754505,-56.281715,21.637175,-23.718725,User: user80<br>Type: 1min<br>Split: train
user80,1min,train,3723,23.575459,-59.0095,21.64516,-23.71009,User: user80<br>Type: 1min<br>Split: train
user80,1min,train,3724,23.575459,-59.0095,21.638306,-23.718184,User: user80<br>Type: 1min<br>Split: train
user80,1min,train,3725,23.575459,-59.0095,21.633825,-23.72223,User: user80<br>Type: 1min<br>Split: train
user80,1min,train,3726,23.575459,-59.0095,21.642351,-23.719866,User: user80<br>Type: 1min<br>Split: train
user80,1min,train,3727,23.575459,-59.0095,21.613493,-23.699533,User: user80<br>Type: 1min<br>Split: train
user80,1min,train,3728,23.575459,-59.0095,21.63317,-23.724993,User: user80<br>Type: 1min<br>Split: train
user80,1min,train,3729,23.575459,-59.0095,21.634148,-23.69014,User: user80<br>Type: 1min<br>Split: train
user80,1min,train,3730,23.575459,-59.0095,21.636908,-23.718414,User: user80<br>Type: 1min<br>Split: train
user80,1min,train,3731,23.575459,-59.0095,21.636898,-23.718344,User: user80<br>Type: 1min<br>Split: train
user80,1min,train,3732,23.575459,-59.0095,21.636894,-23.71832,User: user80<br>Type: 1min<br>Split: train
user80,1min,train,3733,23.575459,-59.0095,21.63271,-23.691807,User: user80<br>Type: 1min<br>Split: train
user80,1min,train,3734,23.575459,-59.0095,21.6371,-23.718174,User: user80<br>Type: 1min<br>Split: train
user80,1min,train,3735,23.575459,-59.0095,21.637094,-23.718098,User: user80<br>Type: 1min<br>Split: train
user80,1min,train,3736,23.575459,-59.0095,21.636992,-23.71858,User: user80<br>Type: 1min<br>Split: train
user80,1min,train,3737,23.575459,-59.0095,21.637798,-23.716997,User: user80<br>Type: 1min<br>Split: train
user80,1min,train,3738,23.575459,-59.0095,21.63709,-23.718023,User: user80<br>Type: 1min<br>Split: train
user80,1min,train,3739,23.575459,-59.0095,21.63709,-23.718065,User: user80<br>Type: 1min<br>Split: train
user80,1min,train,3740,23.575459,-59.0095,21.637074,-23.718021,User: user80<br>Type: 1min<br>Split: train
user80,1min,train,3741,23.575459,-59.0095,21.626371,-23.707256,User: user80<br>Type: 1min<br>Split: train
user80,1min,train,3742,31.00985,-64.78595,21.637606,-23.718348,User: user80<br>Type: 1min<br>Split: train
user80,1min,train,3743,31.00985,-64.78595,21.636374,-23.719648,User: user80<br>Type: 1min<br>Split: train
user80,1min,train,3744,23.575459,-59.0095,21.637,-23.71821,User: user80<br>Type: 1min<br>Split: train
user80,1min,train,3745,23.575459,-59.0095,21.637022,-23.718143,User: user80<br>Type: 1min<br>Split: train
user80,1min,train,3746,23.575459,-59.0095,21.627436,-23.719082,User: user80<br>Type: 1min<br>Split: train
user80,1min,train,3747,23.575459,-59.0095,21.653671,-23.701487,User: user80<br>Type: 1min<br>Split: train
user80,1min,train,3748,28.754505,-56.281715,21.637274,-23.717228,User: user80<br>Type: 1min<br>Split: train
user80,1min,train,3749,23.575459,-59.0095,21.633831,-23.721903,User: user80<br>Type: 1min<br>Split: train
user80,1min,train,3750,23.575459,-59.0095,21.63675,-23.719213,User: user80<br>Type: 1min<br>Split: train
user80,1min,train,3751,28.754505,-56.281715,21.63211,-23.722878,User: user80<br>Type: 1min<br>Split: train
user80,1min,train,3752,28.754505,-56.281715,21.622269,-23.70086,User: user80<br>Type: 1min<br>Split: train
user80,1min,train,3753,28.754505,-56.281715,21.621128,-23.73387,User: user80<br>Type: 1min<br>Split: train
user80,1min,train,3754,28.754505,-56.281715,21.636236,-23.7183,User: user80<br>Type: 1min<br>Split: train
user80,1min,train,3755,28.754505,-56.281715,21.646206,-23.730469,User: user80<br>Type: 1min<br>Split: train
user80,1min,train,3756,28.754505,-56.281715,21.632877,-23.721973,User: user80<br>Type: 1min<br>Split: train
user80,1min,train,3757,28.754505,-56.281715,21.636528,-23.718874,User: user80<br>Type: 1min<br>Split: train
user80,1min,train,3758,28.754505,-56.281715,21.636745,-23.719,User: user80<br>Type: 1min<br>Split: train
user80,1min,train,3759,28.754505,-56.281715,21.648716,-23.731089,User: user80<br>Type: 1min<br>Split: train
user80,1min,train,3760,28.754505,-56.281715,21.648874,-23.704872,User: user80<br>Type: 1min<br>Split: train
user80,1min,train,3761,28.754505,-56.281715,21.63751,-23.718668,User: user80<br>Type: 1min<br>Split: train
user81,1min,train,3762,60.543156,96.99012,15.666448,13.065662,User: user81<br>Type: 1min<br>Split: train
user81,1min,train,3763,60.543156,96.99012,15.677435,13.054779,User: user81<br>Type: 1min<br>Split: train
user81,1min,train,3764,60.543156,96.99012,15.664113,13.068277,User: user81<br>Type: 1min<br>Split: train
user81,1min,train,3765,60.543156,96.99012,15.684891,13.047306,User: user81<br>Type: 1min<br>Split: train
user81,1min,train,3766,60.543156,96.99012,15.699617,13.032871,User: user81<br>Type: 1min<br>Split: train
user81,1min,train,3767,60.543156,96.99012,15.685874,13.046382,User: user81<br>Type: 1min<br>Split: train
user81,1min,train,3768,60.543156,96.99012,15.643926,13.087511,User: user81<br>Type: 1min<br>Split: train
user81,1min,train,3769,78.12707,90.86591,15.6405,13.090755,User: user81<br>Type: 1min<br>Split: train
user81,1min,train,3770,78.12707,90.86591,15.691821,13.040442,User: user81<br>Type: 1min<br>Split: train
user81,1min,train,3771,78.12707,90.86591,15.696002,13.036334,User: user81<br>Type: 1min<br>Split: train
user81,1min,train,3772,78.12707,90.86591,15.703481,13.028628,User: user81<br>Type: 1min<br>Split: train
user81,1min,train,3773,78.12707,90.86591,15.598125,13.132904,User: user81<br>Type: 1min<br>Split: train
user81,1min,train,3774,69.95051,95.723465,15.662347,13.070012,User: user81<br>Type: 1min<br>Split: train
user81,1min,train,3775,69.95051,95.723465,15.68355,13.049128,User: user81<br>Type: 1min<br>Split: train
user81,1min,train,3776,60.543156,96.99012,15.668162,13.064033,User: user81<br>Type: 1min<br>Split: train
user81,1min,train,3777,78.12707,90.86591,15.700296,13.032035,User: user81<br>Type: 1min<br>Split: train
user81,1min,train,3778,78.12707,90.86591,15.68008,13.052266,User: user81<br>Type: 1min<br>Split: train
user81,1min,train,3779,78.12707,90.86591,15.638191,13.093116,User: user81<br>Type: 1min<br>Split: train
user81,1min,train,3780,78.12707,90.86591,15.6230755,13.108409,User: user81<br>Type: 1min<br>Split: train
user81,1min,train,3781,78.12707,90.86591,15.686819,13.045222,User: user81<br>Type: 1min<br>Split: train
user81,1min,train,3782,78.12707,90.86591,15.697039,13.03566,User: user81<br>Type: 1min<br>Split: train
user81,1min,train,3783,78.12707,90.86591,15.701568,13.031887,User: user81<br>Type: 1min<br>Split: train
user81,1min,train,3784,78.12707,90.86591,15.638734,13.092693,User: user81<br>Type: 1min<br>Split: train
user81,1min,train,3785,78.12707,90.86591,15.657192,13.07548,User: user81<br>Type: 1min<br>Split: train
user81,1min,train,3786,78.12707,90.86591,15.637664,13.093589,User: user81<br>Type: 1min<br>Split: train
user81,1min,train,3787,78.12707,90.86591,15.693014,13.039628,User: user81<br>Type: 1min<br>Split: train
user81,1min,train,3788,78.12707,90.86591,15.670753,13.061522,User: user81<br>Type: 1min<br>Split: train
user81,1min,train,3789,78.12707,90.86591,15.706098,13.025923,User: user81<br>Type: 1min<br>Split: train
user81,1min,train,3790,78.12707,90.86591,15.670802,13.061356,User: user81<br>Type: 1min<br>Split: train
user81,1min,train,3791,60.543156,96.99012,15.637547,13.0935335,User: user81<br>Type: 1min<br>Split: train
user81,1min,train,3792,78.12707,90.86591,15.671158,13.062008,User: user81<br>Type: 1min<br>Split: train
user81,1min,train,3793,78.12707,90.86591,15.694376,13.038297,User: user81<br>Type: 1min<br>Split: train
user81,1min,train,3794,78.12707,90.86591,15.670362,13.061623,User: user81<br>Type: 1min<br>Split: train
user81,1min,train,3795,78.12707,90.86591,15.7020445,13.0307665,User: user81<br>Type: 1min<br>Split: train
user81,1min,train,3796,78.12707,90.86591,15.680859,13.049943,User: user81<br>Type: 1min<br>Split: train
user81,1min,train,3797,78.12707,90.86591,15.63613,13.095002,User: user81<br>Type: 1min<br>Split: train
user81,1min,train,3798,78.12707,90.86591,15.62179,13.109322,User: user81<br>Type: 1min<br>Split: train
user81,1min,train,3799,78.12707,90.86591,15.676943,13.055416,User: user81<br>Type: 1min<br>Split: train
user81,1min,train,3800,78.12707,90.86591,15.624674,13.106477,User: user81<br>Type: 1min<br>Split: train
user81,1min,train,3801,78.12707,90.86591,15.724716,13.0073,User: user81<br>Type: 1min<br>Split: train
user81,1min,train,3802,78.12707,90.86591,15.6787,13.053467,User: user81<br>Type: 1min<br>Split: train
user81,1min,train,3803,78.12707,90.86591,15.636347,13.094921,User: user81<br>Type: 1min<br>Split: train
user81,1min,train,3804,78.12707,90.86591,15.63642,13.0947275,User: user81<br>Type: 1min<br>Split: train
user81,1min,train,3805,78.12707,90.86591,15.710064,13.022381,User: user81<br>Type: 1min<br>Split: train
user81,1min,train,3806,69.95051,95.723465,15.627209,13.104471,User: user81<br>Type: 1min<br>Split: train
user82,1min,train,3807,90.78512,-79.36533,-6.209993,1.3746289,User: user82<br>Type: 1min<br>Split: train
user82,1min,train,3808,90.48308,-88.33487,-6.2085023,1.3726823,User: user82<br>Type: 1min<br>Split: train
user82,1min,train,3809,90.48308,-88.33487,-6.2096696,1.3749785,User: user82<br>Type: 1min<br>Split: train
user82,1min,train,3810,90.48308,-88.33487,-6.206945,1.3756051,User: user82<br>Type: 1min<br>Split: train
user82,1min,train,3811,90.48308,-88.33487,-6.2098966,1.3746042,User: user82<br>Type: 1min<br>Split: train
user82,1min,train,3812,90.48308,-88.33487,-6.2084208,1.3738066,User: user82<br>Type: 1min<br>Split: train
user82,1min,train,3813,90.48308,-88.33487,-6.2180405,1.3783064,User: user82<br>Type: 1min<br>Split: train
user82,1min,train,3814,90.48308,-88.33487,-6.210287,1.3749537,User: user82<br>Type: 1min<br>Split: train
user82,1min,train,3815,90.48308,-88.33487,-6.2023754,1.3656313,User: user82<br>Type: 1min<br>Split: train
user82,1min,train,3816,90.48308,-88.33487,-6.2100487,1.3749901,User: user82<br>Type: 1min<br>Split: train
user82,1min,train,3817,90.48308,-88.33487,-6.2101398,1.3746724,User: user82<br>Type: 1min<br>Split: train
user82,1min,train,3818,90.48308,-88.33487,-6.2262144,1.3906703,User: user82<br>Type: 1min<br>Split: train
user82,1min,train,3819,90.48308,-88.33487,-6.2179203,1.3822296,User: user82<br>Type: 1min<br>Split: train
user82,1min,train,3820,90.48308,-88.33487,-6.2114334,1.374775,User: user82<br>Type: 1min<br>Split: train
user82,1min,train,3821,90.48308,-88.33487,-6.209575,1.3767388,User: user82<br>Type: 1min<br>Split: train
user82,1min,train,3822,90.48308,-88.33487,-6.1680493,1.3344777,User: user82<br>Type: 1min<br>Split: train
user82,1min,train,3823,90.48308,-88.33487,-6.206439,1.377204,User: user82<br>Type: 1min<br>Split: train
user82,1min,train,3824,90.48308,-88.33487,-6.206411,1.3812075,User: user82<br>Type: 1min<br>Split: train
user82,1min,train,3825,90.48308,-88.33487,-6.209046,1.375194,User: user82<br>Type: 1min<br>Split: train
user82,1min,train,3826,90.48308,-88.33487,-6.209097,1.3751462,User: user82<br>Type: 1min<br>Split: train
user82,1min,train,3827,90.48308,-88.33487,-6.208806,1.3754354,User: user82<br>Type: 1min<br>Split: train
user82,1min,train,3828,90.48308,-88.33487,-6.218959,1.3773689,User: user82<br>Type: 1min<br>Split: train
user82,1min,train,3829,90.48308,-88.33487,-6.1985254,1.3890654,User: user82<br>Type: 1min<br>Split: train
user82,1min,train,3830,90.48308,-88.33487,-6.218162,1.367982,User: user82<br>Type: 1min<br>Split: train
user82,1min,train,3831,90.48308,-88.33487,-6.2087617,1.3753989,User: user82<br>Type: 1min<br>Split: train
user82,1min,train,3832,90.48308,-88.33487,-6.208884,1.3755136,User: user82<br>Type: 1min<br>Split: train
user82,1min,train,3833,90.48308,-88.33487,-6.2092743,1.3758179,User: user82<br>Type: 1min<br>Split: train
user82,1min,train,3834,90.48308,-88.33487,-6.2064257,1.3732985,User: user82<br>Type: 1min<br>Split: train
user82,1min,train,3835,90.48308,-88.33487,-6.2092314,1.3754257,User: user82<br>Type: 1min<br>Split: train
user82,1min,train,3836,90.48308,-88.33487,-6.2326503,1.3989056,User: user82<br>Type: 1min<br>Split: train
user82,1min,train,3837,90.48308,-88.33487,-6.1855426,1.3608222,User: user82<br>Type: 1min<br>Split: train
user82,1min,train,3838,90.78512,-79.36533,-6.2092757,1.3757554,User: user82<br>Type: 1min<br>Split: train
user82,1min,train,3839,90.78512,-79.36533,-6.2089787,1.3751433,User: user82<br>Type: 1min<br>Split: train
user82,1min,train,3840,90.48308,-88.33487,-6.240132,1.4093212,User: user82<br>Type: 1min<br>Split: train
user82,1min,train,3841,90.48308,-88.33487,-6.209716,1.3759383,User: user82<br>Type: 1min<br>Split: train
user82,1min,train,3842,90.48308,-88.33487,-6.229449,1.3561069,User: user82<br>Type: 1min<br>Split: train
user82,1min,train,3843,90.48308,-88.33487,-6.2101526,1.3755548,User: user82<br>Type: 1min<br>Split: train
user82,1min,train,3844,90.48308,-88.33487,-6.210222,1.375453,User: user82<br>Type: 1min<br>Split: train
user82,1min,train,3845,90.48308,-88.33487,-6.2099347,1.3750926,User: user82<br>Type: 1min<br>Split: train
user82,1min,train,3846,90.48308,-88.33487,-6.2102532,1.3752625,User: user82<br>Type: 1min<br>Split: train
user82,1min,train,3847,90.48308,-88.33487,-6.2185135,1.3689786,User: user82<br>Type: 1min<br>Split: train
user82,1min,train,3848,90.48308,-88.33487,-6.219047,1.3842069,User: user82<br>Type: 1min<br>Split: train
user83,1min,train,3849,28.015636,-35.679302,-10.742657,11.626685,User: user83<br>Type: 1min<br>Split: train
user83,1min,train,3850,28.015636,-35.679302,0.7958108,16.86999,User: user83<br>Type: 1min<br>Split: train
user83,1min,train,3851,28.015636,-35.679302,0.7957094,16.870026,User: user83<br>Type: 1min<br>Split: train
user83,1min,train,3852,28.015636,-35.679302,-10.742715,11.626626,User: user83<br>Type: 1min<br>Split: train
user83,1min,train,3853,28.015636,-35.679302,0.7957173,16.870031,User: user83<br>Type: 1min<br>Split: train
user83,1min,train,3854,28.015636,-35.679302,0.7957489,16.870028,User: user83<br>Type: 1min<br>Split: train
user83,1min,train,3855,28.015636,-35.679302,0.79508495,16.869482,User: user83<br>Type: 1min<br>Split: train
user83,1min,train,3856,28.015636,-35.679302,0.7957167,16.869987,User: user83<br>Type: 1min<br>Split: train
user83,1min,train,3857,28.015636,-35.679302,-10.742621,11.626639,User: user83<br>Type: 1min<br>Split: train
user83,1min,train,3858,28.015636,-35.679302,-10.743823,11.626143,User: user83<br>Type: 1min<br>Split: train
user83,1min,train,3859,28.015636,-35.679302,0.795541,16.86972,User: user83<br>Type: 1min<br>Split: train
user83,1min,train,3860,28.015636,-35.679302,-10.742758,11.626676,User: user83<br>Type: 1min<br>Split: train
user83,1min,train,3861,28.015636,-35.679302,-10.742796,11.626676,User: user83<br>Type: 1min<br>Split: train
user83,1min,train,3862,28.015636,-35.679302,0.79538167,16.87017,User: user83<br>Type: 1min<br>Split: train
user83,1min,train,3863,28.015636,-35.679302,0.79574645,16.869959,User: user83<br>Type: 1min<br>Split: train
user83,1min,train,3864,28.015636,-35.679302,-10.742815,11.626608,User: user83<br>Type: 1min<br>Split: train
user83,1min,train,3865,28.015636,-35.679302,0.7956812,16.87006,User: user83<br>Type: 1min<br>Split: train
user83,1min,train,3866,28.015636,-35.679302,-10.742785,11.626592,User: user83<br>Type: 1min<br>Split: train
user83,1min,train,3867,32.28733,-32.657536,0.7957963,16.869986,User: user83<br>Type: 1min<br>Split: train
user83,1min,train,3868,28.015636,-35.679302,-10.742855,11.626474,User: user83<br>Type: 1min<br>Split: train
user83,1min,train,3869,28.015636,-35.679302,0.79554635,16.869987,User: user83<br>Type: 1min<br>Split: train
user83,1min,train,3870,25.41158,-28.274673,-10.743412,11.62705,User: user83<br>Type: 1min<br>Split: train
user83,1min,train,3871,25.41158,-28.274673,-10.742891,11.626606,User: user83<br>Type: 1min<br>Split: train
user83,1min,train,3872,32.28733,-32.657536,-10.743018,11.6264925,User: user83<br>Type: 1min<br>Split: train
user83,1min,train,3873,32.28733,-32.657536,-10.743186,11.626283,User: user83<br>Type: 1min<br>Split: train
user83,1min,train,3874,32.28733,-32.657536,0.79571235,16.870125,User: user83<br>Type: 1min<br>Split: train
user83,1min,train,3875,32.28733,-32.657536,-10.753229,11.6161995,User: user83<br>Type: 1min<br>Split: train
user83,1min,train,3876,32.28733,-32.657536,0.79568857,16.87001,User: user83<br>Type: 1min<br>Split: train
user83,1min,train,3877,32.28733,-32.657536,-10.742956,11.626571,User: user83<br>Type: 1min<br>Split: train
user83,1min,train,3878,32.28733,-32.657536,0.79574597,16.870077,User: user83<br>Type: 1min<br>Split: train
user83,1min,train,3879,32.28733,-32.657536,0.79564095,16.870033,User: user83<br>Type: 1min<br>Split: train
user83,1min,train,3880,32.28733,-32.657536,-10.743485,11.625992,User: user83<br>Type: 1min<br>Split: train
user83,1min,train,3881,28.015636,-35.679302,-10.742959,11.626309,User: user83<br>Type: 1min<br>Split: train
user83,1min,train,3882,32.28733,-32.657536,-10.7455845,11.624679,User: user83<br>Type: 1min<br>Split: train
user83,1min,train,3883,32.28733,-32.657536,0.79570055,16.870007,User: user83<br>Type: 1min<br>Split: train
user83,1min,train,3884,32.28733,-32.657536,-10.743201,11.626252,User: user83<br>Type: 1min<br>Split: train
user83,1min,train,3885,32.28733,-32.657536,-10.743253,11.626455,User: user83<br>Type: 1min<br>Split: train
user83,1min,train,3886,32.28733,-32.657536,0.795256,16.870188,User: user83<br>Type: 1min<br>Split: train
user83,1min,train,3887,32.28733,-32.657536,0.7958275,16.869928,User: user83<br>Type: 1min<br>Split: train
user84,1min,train,3888,-58.753162,95.445625,-9.61473,-4.472336,User: user84<br>Type: 1min<br>Split: train
user84,1min,train,3889,-58.753162,95.445625,-9.615223,-4.472748,User: user84<br>Type: 1min<br>Split: train
user84,1min,train,3890,-58.753162,95.445625,-9.594415,-4.4518676,User: user84<br>Type: 1min<br>Split: train
user84,1min,train,3891,-58.753162,95.445625,-9.59438,-4.451857,User: user84<br>Type: 1min<br>Split: train
user84,1min,train,3892,-58.753162,95.445625,-9.5906725,-4.4481473,User: user84<br>Type: 1min<br>Split: train
user84,1min,train,3893,-58.753162,95.445625,-9.589559,-4.446858,User: user84<br>Type: 1min<br>Split: train
user84,1min,train,3894,-58.753162,95.445625,-9.654112,-4.5114822,User: user84<br>Type: 1min<br>Split: train
user84,1min,train,3895,-58.753162,95.445625,-9.573595,-4.430926,User: user84<br>Type: 1min<br>Split: train
user84,1min,train,3896,-58.753162,95.445625,-9.57912,-4.4365344,User: user84<br>Type: 1min<br>Split: train
user84,1min,train,3897,-58.753162,95.445625,-9.625103,-4.482404,User: user84<br>Type: 1min<br>Split: train
user84,1min,train,3898,-58.753162,95.445625,-9.569677,-4.427069,User: user84<br>Type: 1min<br>Split: train
user84,1min,train,3899,-58.753162,95.445625,-9.578364,-4.435738,User: user84<br>Type: 1min<br>Split: train
user84,1min,train,3900,-58.753162,95.445625,-9.577642,-4.4347744,User: user84<br>Type: 1min<br>Split: train
user84,1min,train,3901,-58.753162,95.445625,-9.578553,-4.4360657,User: user84<br>Type: 1min<br>Split: train
user84,1min,train,3902,-58.753162,95.445625,-9.578115,-4.4354763,User: user84<br>Type: 1min<br>Split: train
user84,1min,train,3903,-58.753162,95.445625,-9.577414,-4.434752,User: user84<br>Type: 1min<br>Split: train
user84,1min,train,3904,-58.753162,95.445625,-9.584077,-4.4414377,User: user84<br>Type: 1min<br>Split: train
user84,1min,train,3905,-58.753162,95.445625,-9.56676,-4.4241347,User: user84<br>Type: 1min<br>Split: train
user84,1min,train,3906,-58.753162,95.445625,-9.571834,-4.4291563,User: user84<br>Type: 1min<br>Split: train
user84,1min,train,3907,-58.753162,95.445625,-9.578078,-4.435569,User: user84<br>Type: 1min<br>Split: train
user84,1min,train,3908,-58.753162,95.445625,-9.569068,-4.4264855,User: user84<br>Type: 1min<br>Split: train
user84,1min,train,3909,-58.753162,95.445625,-9.564208,-4.4215155,User: user84<br>Type: 1min<br>Split: train
user84,1min,train,3910,-58.753162,95.445625,-9.592928,-4.4502344,User: user84<br>Type: 1min<br>Split: train
user84,1min,train,3911,-58.753162,95.445625,-9.628309,-4.485776,User: user84<br>Type: 1min<br>Split: train
user84,1min,train,3912,-58.753162,95.445625,-9.56956,-4.428035,User: user84<br>Type: 1min<br>Split: train
user84,1min,train,3913,-58.753162,95.445625,-9.636659,-4.494184,User: user84<br>Type: 1min<br>Split: train
user84,1min,train,3914,-58.753162,95.445625,-9.578355,-4.435804,User: user84<br>Type: 1min<br>Split: train
user84,1min,train,3915,-58.753162,95.445625,-9.631717,-4.4891343,User: user84<br>Type: 1min<br>Split: train
user84,1min,train,3916,-58.753162,95.445625,-9.5767145,-4.4346685,User: user84<br>Type: 1min<br>Split: train
user84,1min,train,3917,-58.753162,95.445625,-9.576029,-4.4329305,User: user84<br>Type: 1min<br>Split: train
user84,1min,train,3918,-58.753162,95.445625,-9.578615,-4.4359484,User: user84<br>Type: 1min<br>Split: train
user84,1min,train,3919,-58.753162,95.445625,-9.616987,-4.474364,User: user84<br>Type: 1min<br>Split: train
user84,1min,train,3920,-58.753162,95.445625,-9.613855,-4.4714074,User: user84<br>Type: 1min<br>Split: train
user84,1min,train,3921,-58.753162,95.445625,-9.616302,-4.4738283,User: user84<br>Type: 1min<br>Split: train
user84,1min,train,3922,-58.753162,95.445625,-9.578721,-4.4363956,User: user84<br>Type: 1min<br>Split: train
user84,1min,train,3923,-58.753162,95.445625,-9.592665,-4.44929,User: user84<br>Type: 1min<br>Split: train
user84,1min,train,3924,-58.753162,95.445625,-9.555376,-4.4127994,User: user84<br>Type: 1min<br>Split: train
user84,1min,train,3925,-58.753162,95.445625,-9.616159,-4.47376,User: user84<br>Type: 1min<br>Split: train
user85,1min,train,3926,165.4532,-78.67132,24.92202,4.1959887,User: user85<br>Type: 1min<br>Split: train
user85,1min,train,3927,165.4532,-78.67132,9.959785,20.118647,User: user85<br>Type: 1min<br>Split: train
user85,1min,train,3928,165.4532,-78.67132,24.921295,4.1960053,User: user85<br>Type: 1min<br>Split: train
user85,1min,train,3929,165.4532,-78.67132,24.920038,4.1907263,User: user85<br>Type: 1min<br>Split: train
user85,1min,train,3930,165.4532,-78.67132,24.921522,4.1956334,User: user85<br>Type: 1min<br>Split: train
user85,1min,train,3931,165.4532,-78.67132,24.920713,4.196179,User: user85<br>Type: 1min<br>Split: train
user85,1min,train,3932,165.4532,-78.67132,24.920904,4.1960354,User: user85<br>Type: 1min<br>Split: train
user85,1min,train,3933,165.4532,-78.67132,9.959554,20.118832,User: user85<br>Type: 1min<br>Split: train
user85,1min,train,3934,165.4532,-78.67132,9.963273,20.115318,User: user85<br>Type: 1min<br>Split: train
user85,1min,train,3935,165.4532,-78.67132,9.959988,20.118536,User: user85<br>Type: 1min<br>Split: train
user85,1min,train,3936,165.4532,-78.67132,9.959994,20.118526,User: user85<br>Type: 1min<br>Split: train
user85,1min,train,3937,165.4532,-78.67132,24.921509,4.19568,User: user85<br>Type: 1min<br>Split: train
user85,1min,train,3938,165.4532,-78.67132,9.959922,20.118593,User: user85<br>Type: 1min<br>Split: train
user85,1min,train,3939,165.4532,-78.67132,24.921415,4.195702,User: user85<br>Type: 1min<br>Split: train
user85,1min,train,3940,165.4532,-78.67132,9.959986,20.118631,User: user85<br>Type: 1min<br>Split: train
user85,1min,train,3941,165.4532,-78.67132,9.960113,20.118473,User: user85<br>Type: 1min<br>Split: train
user85,1min,train,3942,165.4532,-78.67132,9.957892,20.12028,User: user85<br>Type: 1min<br>Split: train
user85,1min,train,3943,165.4532,-78.67132,9.959902,20.118687,User: user85<br>Type: 1min<br>Split: train
user85,1min,train,3944,165.4532,-78.67132,9.962424,20.116299,User: user85<br>Type: 1min<br>Split: train
user85,1min,train,3945,165.4532,-78.67132,24.92149,4.195701,User: user85<br>Type: 1min<br>Split: train
user85,1min,train,3946,165.4532,-78.67132,24.92283,4.192996,User: user85<br>Type: 1min<br>Split: train
user85,1min,train,3947,165.4532,-78.67132,24.921568,4.1955066,User: user85<br>Type: 1min<br>Split: train
user85,1min,train,3948,165.4532,-78.67132,9.959777,20.118736,User: user85<br>Type: 1min<br>Split: train
user85,1min,train,3949,165.4532,-78.67132,9.960326,20.11887,User: user85<br>Type: 1min<br>Split: train
user85,1min,train,3950,165.4532,-78.67132,24.9076,4.2102017,User: user85<br>Type: 1min<br>Split: train
user85,1min,train,3951,165.4532,-78.67132,24.917112,4.192981,User: user85<br>Type: 1min<br>Split: train
user85,1min,train,3952,165.4532,-78.67132,24.92892,4.188387,User: user85<br>Type: 1min<br>Split: train
user85,1min,train,3953,165.4532,-78.67132,24.921259,4.195536,User: user85<br>Type: 1min<br>Split: train
user85,1min,train,3954,165.4532,-78.67132,9.959908,20.118618,User: user85<br>Type: 1min<br>Split: train
user85,1min,train,3955,165.4532,-78.67132,9.9598875,20.118776,User: user85<br>Type: 1min<br>Split: train
user85,1min,train,3956,165.4532,-78.67132,9.960149,20.118547,User: user85<br>Type: 1min<br>Split: train
user85,1min,train,3957,165.4532,-78.67132,24.920458,4.1943626,User: user85<br>Type: 1min<br>Split: train
user85,1min,train,3958,165.4532,-78.67132,24.921186,4.1956344,User: user85<br>Type: 1min<br>Split: train
user85,1min,train,3959,165.4532,-78.67132,9.956891,20.121466,User: user85<br>Type: 1min<br>Split: train
user85,1min,train,3960,165.4532,-78.67132,24.921267,4.1955485,User: user85<br>Type: 1min<br>Split: train
user85,1min,train,3961,165.4532,-78.67132,9.959912,20.118467,User: user85<br>Type: 1min<br>Split: train
user85,1min,train,3962,165.4532,-78.67132,9.960154,20.118845,User: user85<br>Type: 1min<br>Split: train
user85,1min,train,3963,165.4532,-78.67132,24.921103,4.1966386,User: user85<br>Type: 1min<br>Split: train
user85,1min,train,3964,165.4532,-78.67132,24.921078,4.195329,User: user85<br>Type: 1min<br>Split: train
user86,1min,train,3965,81.66769,-186.85329,27.0031,0.54049945,User: user86<br>Type: 1min<br>Split: train
user86,1min,train,3966,81.66769,-186.85329,26.985506,0.52249175,User: user86<br>Type: 1min<br>Split: train
user86,1min,train,3967,81.66769,-186.85329,26.985104,0.52082187,User: user86<br>Type: 1min<br>Split: train
user86,1min,train,3968,81.66769,-186.85329,26.98569,0.5217611,User: user86<br>Type: 1min<br>Split: train
user86,1min,train,3969,81.66769,-186.85329,26.988243,0.518294,User: user86<br>Type: 1min<br>Split: train
user86,1min,train,3970,81.66769,-186.85329,26.983711,0.5178767,User: user86<br>Type: 1min<br>Split: train
user86,1min,train,3971,81.66769,-186.85329,26.986399,0.5246862,User: user86<br>Type: 1min<br>Split: train
user86,1min,train,3972,81.66769,-186.85329,26.985678,0.5221477,User: user86<br>Type: 1min<br>Split: train
user86,1min,train,3973,81.66769,-186.85329,26.984877,0.5236414,User: user86<br>Type: 1min<br>Split: train
user86,1min,train,3974,81.66769,-186.85329,26.988577,0.5249731,User: user86<br>Type: 1min<br>Split: train
user86,1min,train,3975,81.66769,-186.85329,26.985888,0.5226242,User: user86<br>Type: 1min<br>Split: train
user86,1min,train,3976,81.66769,-186.85329,26.989824,0.5212169,User: user86<br>Type: 1min<br>Split: train
user86,1min,train,3977,81.66769,-186.85329,26.97664,0.53218746,User: user86<br>Type: 1min<br>Split: train
user86,1min,train,3978,81.66769,-186.85329,26.985418,0.5230446,User: user86<br>Type: 1min<br>Split: train
user86,1min,train,3979,81.66769,-186.85329,26.985474,0.5233136,User: user86<br>Type: 1min<br>Split: train
user86,1min,train,3980,81.66769,-186.85329,26.988417,0.52207017,User: user86<br>Type: 1min<br>Split: train
user86,1min,train,3981,81.66769,-186.85329,26.986141,0.5237592,User: user86<br>Type: 1min<br>Split: train
user86,1min,train,3982,81.66769,-186.85329,26.971365,0.5418865,User: user86<br>Type: 1min<br>Split: train
user86,1min,train,3983,81.66769,-186.85329,26.983366,0.5216825,User: user86<br>Type: 1min<br>Split: train
user86,1min,train,3984,81.66769,-186.85329,26.974754,0.51283425,User: user86<br>Type: 1min<br>Split: train
user86,1min,train,3985,81.66769,-186.85329,26.98534,0.52348566,User: user86<br>Type: 1min<br>Split: train
user86,1min,train,3986,81.66769,-186.85329,26.985365,0.5221129,User: user86<br>Type: 1min<br>Split: train
user86,1min,train,3987,81.66769,-186.85329,26.98548,0.5238612,User: user86<br>Type: 1min<br>Split: train
user86,1min,train,3988,81.66769,-186.85329,26.999792,0.51077825,User: user86<br>Type: 1min<br>Split: train
user86,1min,train,3989,81.66769,-186.85329,27.029406,0.5650927,User: user86<br>Type: 1min<br>Split: train
user86,1min,train,3990,81.66769,-186.85329,26.986015,0.5243919,User: user86<br>Type: 1min<br>Split: train
user86,1min,train,3991,81.66769,-186.85329,26.986359,0.52469414,User: user86<br>Type: 1min<br>Split: train
user86,1min,train,3992,81.66769,-186.85329,26.981428,0.52000535,User: user86<br>Type: 1min<br>Split: train
user86,1min,train,3993,81.66769,-186.85329,26.983004,0.52120453,User: user86<br>Type: 1min<br>Split: train
user86,1min,train,3994,81.66769,-186.85329,27.007961,0.55407643,User: user86<br>Type: 1min<br>Split: train
user86,1min,train,3995,81.66769,-186.85329,26.985355,0.52282035,User: user86<br>Type: 1min<br>Split: train
user86,1min,train,3996,81.66769,-186.85329,26.987795,0.52629566,User: user86<br>Type: 1min<br>Split: train
user86,1min,train,3997,81.66769,-186.85329,26.97495,0.51120335,User: user86<br>Type: 1min<br>Split: train
user86,1min,train,3998,81.66769,-186.85329,26.985981,0.5224866,User: user86<br>Type: 1min<br>Split: train
user86,1min,train,3999,81.66769,-186.85329,27.006535,0.5542358,User: user86<br>Type: 1min<br>Split: train
user86,1min,train,4000,81.66769,-186.85329,26.986238,0.52450526,User: user86<br>Type: 1min<br>Split: train
user86,1min,train,4001,81.66769,-186.85329,26.985811,0.52455753,User: user86<br>Type: 1min<br>Split: train
user86,1min,train,4002,81.66769,-186.85329,26.98608,0.5245394,User: user86<br>Type: 1min<br>Split: train
user86,1min,train,4003,81.66769,-186.85329,26.9863,0.52442807,User: user86<br>Type: 1min<br>Split: train
user86,1min,train,4004,81.66769,-186.85329,26.987778,0.5253816,User: user86<br>Type: 1min<br>Split: train
user86,1min,train,4005,81.66769,-186.85329,26.978369,0.515044,User: user86<br>Type: 1min<br>Split: train
user86,1min,train,4006,81.66769,-186.85329,26.985125,0.52245057,User: user86<br>Type: 1min<br>Split: train
user86,1min,train,4007,81.66769,-186.85329,26.994125,0.51664174,User: user86<br>Type: 1min<br>Split: train
user87,1min,train,4008,157.66782,77.72832,23.103611,-13.295411,User: user87<br>Type: 1min<br>Split: train
user87,1min,train,4009,157.66782,77.72832,23.101854,-13.293892,User: user87<br>Type: 1min<br>Split: train
user87,1min,train,4010,157.66782,77.72832,23.094585,-13.301102,User: user87<br>Type: 1min<br>Split: train
user87,1min,train,4011,157.66782,77.72832,23.103397,-13.2923565,User: user87<br>Type: 1min<br>Split: train
user87,1min,train,4012,157.66782,77.72832,23.104263,-13.29114,User: user87<br>Type: 1min<br>Split: train
user87,1min,train,4013,157.66782,77.72832,23.108446,-13.286586,User: user87<br>Type: 1min<br>Split: train
user87,1min,train,4014,157.66782,77.72832,23.10271,-13.293565,User: user87<br>Type: 1min<br>Split: train
user87,1min,train,4015,157.66782,77.72832,23.102932,-13.294088,User: user87<br>Type: 1min<br>Split: train
user87,1min,train,4016,157.66782,77.72832,23.102842,-13.294125,User: user87<br>Type: 1min<br>Split: train
user87,1min,train,4017,157.66782,77.72832,23.09637,-13.284341,User: user87<br>Type: 1min<br>Split: train
user87,1min,train,4018,157.66782,77.72832,23.101997,-13.294257,User: user87<br>Type: 1min<br>Split: train
user87,1min,train,4019,157.66782,77.72832,23.096077,-13.29949,User: user87<br>Type: 1min<br>Split: train
user87,1min,train,4020,157.66782,77.72832,23.103329,-13.293915,User: user87<br>Type: 1min<br>Split: train
user87,1min,train,4021,157.66782,77.72832,23.106783,-13.289292,User: user87<br>Type: 1min<br>Split: train
user87,1min,train,4022,157.66782,77.72832,23.100353,-13.29478,User: user87<br>Type: 1min<br>Split: train
user87,1min,train,4023,157.66782,77.72832,23.113409,-13.28196,User: user87<br>Type: 1min<br>Split: train
user87,1min,train,4024,157.66782,77.72832,23.089275,-13.3130455,User: user87<br>Type: 1min<br>Split: train
user87,1min,train,4025,157.66782,77.72832,23.088116,-13.307646,User: user87<br>Type: 1min<br>Split: train
user87,1min,train,4026,157.66782,77.72832,23.12487,-13.270961,User: user87<br>Type: 1min<br>Split: train
user87,1min,train,4027,157.66782,77.72832,23.111143,-13.2907505,User: user87<br>Type: 1min<br>Split: train
user87,1min,train,4028,157.66782,77.72832,23.088911,-13.307053,User: user87<br>Type: 1min<br>Split: train
user87,1min,train,4029,157.66782,77.72832,23.076769,-13.280633,User: user87<br>Type: 1min<br>Split: train
user87,1min,train,4030,157.66782,77.72832,23.101488,-13.29402,User: user87<br>Type: 1min<br>Split: train
user87,1min,train,4031,157.66782,77.72832,23.107624,-13.2879925,User: user87<br>Type: 1min<br>Split: train
user87,1min,train,4032,157.66782,77.72832,23.126621,-13.273677,User: user87<br>Type: 1min<br>Split: train
user87,1min,train,4033,157.66782,77.72832,23.101475,-13.2943535,User: user87<br>Type: 1min<br>Split: train
user87,1min,train,4034,157.66782,77.72832,23.10007,-13.294119,User: user87<br>Type: 1min<br>Split: train
user87,1min,train,4035,157.66782,77.72832,23.102345,-13.2934885,User: user87<br>Type: 1min<br>Split: train
user87,1min,train,4036,157.66782,77.72832,23.101631,-13.29432,User: user87<br>Type: 1min<br>Split: train
user87,1min,train,4037,157.66782,77.72832,23.101145,-13.294729,User: user87<br>Type: 1min<br>Split: train
user87,1min,train,4038,157.66782,77.72832,23.100992,-13.294846,User: user87<br>Type: 1min<br>Split: train
user87,1min,train,4039,157.66782,77.72832,23.101042,-13.294843,User: user87<br>Type: 1min<br>Split: train
user87,1min,train,4040,157.66782,77.72832,23.104355,-13.291532,User: user87<br>Type: 1min<br>Split: train
user87,1min,train,4041,157.66782,77.72832,23.10135,-13.294529,User: user87<br>Type: 1min<br>Split: train
user87,1min,train,4042,157.66782,77.72832,23.101295,-13.294662,User: user87<br>Type: 1min<br>Split: train
user87,1min,train,4043,157.66782,77.72832,23.12188,-13.273177,User: user87<br>Type: 1min<br>Split: train
user87,1min,train,4044,157.66782,77.72832,23.109886,-13.286152,User: user87<br>Type: 1min<br>Split: train
user87,1min,train,4045,157.66782,77.72832,23.1019,-13.294098,User: user87<br>Type: 1min<br>Split: train
user87,1min,train,4046,157.66782,77.72832,23.10176,-13.294302,User: user87<br>Type: 1min<br>Split: train
user87,1min,train,4047,157.66782,77.72832,23.1177,-13.278425,User: user87<br>Type: 1min<br>Split: train
user87,1min,train,4048,157.66782,77.72832,23.079048,-13.317332,User: user87<br>Type: 1min<br>Split: train
user87,1min,train,4049,157.66782,77.72832,23.10064,-13.295426,User: user87<br>Type: 1min<br>Split: train
user87,1min,train,4050,157.66782,77.72832,23.100536,-13.295542,User: user87<br>Type: 1min<br>Split: train
user87,1min,train,4051,157.66782,77.72832,23.112959,-13.30807,User: user87<br>Type: 1min<br>Split: train
user87,1min,train,4052,157.66782,77.72832,23.096712,-13.277639,User: user87<br>Type: 1min<br>Split: train
user87,1min,train,4053,157.66782,77.72832,23.116838,-13.305374,User: user87<br>Type: 1min<br>Split: train
user87,1min,train,4054,157.66782,77.72832,23.100739,-13.294833,User: user87<br>Type: 1min<br>Split: train
user87,1min,train,4055,157.66782,77.72832,23.128386,-13.267162,User: user87<br>Type: 1min<br>Split: train
user88,1min,train,4056,0.9241818,-53.96285,-9.032007,5.4948974,User: user88<br>Type: 1min<br>Split: train
user88,1min,train,4057,0.9241818,-53.96285,-9.014229,5.512921,User: user88<br>Type: 1min<br>Split: train
user88,1min,train,4058,0.9241818,-53.96285,-9.014201,5.5130086,User: user88<br>Type: 1min<br>Split: train
user88,1min,train,4059,0.9241818,-53.96285,-9.014009,5.5131235,User: user88<br>Type: 1min<br>Split: train
user88,1min,train,4060,1.4824324,-59.32224,-9.00953,5.5176387,User: user88<br>Type: 1min<br>Split: train
user88,1min,train,4061,1.4824324,-59.32224,-9.013543,5.513544,User: user88<br>Type: 1min<br>Split: train
user88,1min,train,4062,-7.1569695,-58.159355,-9.01046,5.5165744,User: user88<br>Type: 1min<br>Split: train
user88,1min,train,4063,-7.1569695,-58.159355,-9.019941,5.5071874,User: user88<br>Type: 1min<br>Split: train
user88,1min,train,4064,1.4824324,-59.32224,-9.007703,5.5174127,User: user88<br>Type: 1min<br>Split: train
user88,1min,train,4065,1.4824324,-59.32224,-9.013251,5.51378,User: user88<br>Type: 1min<br>Split: train
user88,1min,train,4066,1.4824324,-59.32224,-9.019247,5.507765,User: user88<br>Type: 1min<br>Split: train
user88,1min,train,4067,1.4824324,-59.32224,-9.016584,5.5110755,User: user88<br>Type: 1min<br>Split: train
user88,1min,train,4068,1.4824324,-59.32224,-9.010908,5.5161963,User: user88<br>Type: 1min<br>Split: train
user88,1min,train,4069,0.9241818,-53.96285,-9.014438,5.5124173,User: user88<br>Type: 1min<br>Split: train
user88,1min,train,4070,1.4824324,-59.32224,-9.01523,5.511953,User: user88<br>Type: 1min<br>Split: train
user88,1min,train,4071,1.4824324,-59.32224,-9.015486,5.5121083,User: user88<br>Type: 1min<br>Split: train
user88,1min,train,4072,1.4824324,-59.32224,-9.01564,5.51226,User: user88<br>Type: 1min<br>Split: train
user88,1min,train,4073,0.9241818,-53.96285,-9.015615,5.512119,User: user88<br>Type: 1min<br>Split: train
user88,1min,train,4074,0.9241818,-53.96285,-9.019661,5.507832,User: user88<br>Type: 1min<br>Split: train
user88,1min,train,4075,0.9241818,-53.96285,-9.00464,5.522953,User: user88<br>Type: 1min<br>Split: train
user88,1min,train,4076,0.9241818,-53.96285,-9.020169,5.5118685,User: user88<br>Type: 1min<br>Split: train
user88,1min,train,4077,1.4824324,-59.32224,-9.007109,5.520905,User: user88<br>Type: 1min<br>Split: train
user88,1min,train,4078,0.9241818,-53.96285,-9.015099,5.512766,User: user88<br>Type: 1min<br>Split: train
user88,1min,train,4079,0.9241818,-53.96285,-9.015937,5.5116587,User: user88<br>Type: 1min<br>Split: train
user88,1min,train,4080,0.9241818,-53.96285,-9.007417,5.5220995,User: user88<br>Type: 1min<br>Split: train
user88,1min,train,4081,0.9241818,-53.96285,-9.015071,5.5128365,User: user88<br>Type: 1min<br>Split: train
user88,1min,train,4082,0.9241818,-53.96285,-9.020381,5.506855,User: user88<br>Type: 1min<br>Split: train
user88,1min,train,4083,0.9241818,-53.96285,-9.016272,5.5117555,User: user88<br>Type: 1min<br>Split: train
user88,1min,train,4084,0.9241818,-53.96285,-9.014224,5.510968,User: user88<br>Type: 1min<br>Split: train
user88,1min,train,4085,0.9241818,-53.96285,-9.015929,5.511861,User: user88<br>Type: 1min<br>Split: train
user88,1min,train,4086,0.9241818,-53.96285,-9.001455,5.5249457,User: user88<br>Type: 1min<br>Split: train
user88,1min,train,4087,0.9241818,-53.96285,-9.056803,5.471803,User: user88<br>Type: 1min<br>Split: train
user88,1min,train,4088,0.9241818,-53.96285,-9.016271,5.5116405,User: user88<br>Type: 1min<br>Split: train
user88,1min,train,4089,0.9241818,-53.96285,-9.016857,5.5106697,User: user88<br>Type: 1min<br>Split: train
user88,1min,train,4090,0.9241818,-53.96285,-9.001969,5.5253716,User: user88<br>Type: 1min<br>Split: train
user88,1min,train,4091,0.9241818,-53.96285,-9.005417,5.5224,User: user88<br>Type: 1min<br>Split: train
user88,1min,train,4092,0.9241818,-53.96285,-9.015929,5.5118623,User: user88<br>Type: 1min<br>Split: train
user88,1min,train,4093,0.9241818,-53.96285,-9.004288,5.5227237,User: user88<br>Type: 1min<br>Split: train
user88,1min,train,4094,-7.1569695,-58.159355,-8.987677,5.5402093,User: user88<br>Type: 1min<br>Split: train
user88,1min,train,4095,-7.1569695,-58.159355,-9.015433,5.512318,User: user88<br>Type: 1min<br>Split: train
user88,1min,train,4096,0.9241818,-53.96285,-9.013844,5.498845,User: user88<br>Type: 1min<br>Split: train
user88,1min,train,4097,1.4824324,-59.32224,-9.006222,5.521221,User: user88<br>Type: 1min<br>Split: train
user88,1min,train,4098,1.4824324,-59.32224,-9.037106,5.4910426,User: user88<br>Type: 1min<br>Split: train
user89,1min,train,4099,135.43289,4.7855973,-10.876675,30.237541,User: user89<br>Type: 1min<br>Split: train
user89,1min,train,4100,135.43289,4.7855973,-10.876262,30.237972,User: user89<br>Type: 1min<br>Split: train
user89,1min,train,4101,135.43289,4.7855973,-10.8737135,30.240627,User: user89<br>Type: 1min<br>Split: train
user89,1min,train,4102,135.43289,4.7855973,-10.876382,30.237852,User: user89<br>Type: 1min<br>Split: train
user89,1min,train,4103,135.43289,4.7855973,-10.873408,30.240837,User: user89<br>Type: 1min<br>Split: train
user89,1min,train,4104,135.43289,4.7855973,-10.876405,30.237856,User: user89<br>Type: 1min<br>Split: train
user89,1min,train,4105,135.43289,4.7855973,-10.8741255,30.240168,User: user89<br>Type: 1min<br>Split: train
user89,1min,train,4106,135.43289,4.7855973,-10.875498,30.23888,User: user89<br>Type: 1min<br>Split: train
user89,1min,train,4107,135.43289,4.7855973,-10.883532,30.230762,User: user89<br>Type: 1min<br>Split: train
user89,1min,train,4108,135.43289,4.7855973,-10.869953,30.244352,User: user89<br>Type: 1min<br>Split: train
user89,1min,train,4109,135.43289,4.7855973,-10.88154,30.232775,User: user89<br>Type: 1min<br>Split: train
user89,1min,train,4110,135.43289,4.7855973,-10.875946,30.238386,User: user89<br>Type: 1min<br>Split: train
user89,1min,train,4111,135.43289,4.7855973,-10.87622,30.23809,User: user89<br>Type: 1min<br>Split: train
user89,1min,train,4112,135.43289,4.7855973,-10.870061,30.244238,User: user89<br>Type: 1min<br>Split: train
user89,1min,train,4113,135.43289,4.7855973,-10.877416,30.237083,User: user89<br>Type: 1min<br>Split: train
user89,1min,train,4114,135.43289,4.7855973,-10.858992,30.255074,User: user89<br>Type: 1min<br>Split: train
user89,1min,train,4115,135.43289,4.7855973,-10.875673,30.238644,User: user89<br>Type: 1min<br>Split: train
user89,1min,train,4116,135.43289,4.7855973,-10.872779,30.241524,User: user89<br>Type: 1min<br>Split: train
user89,1min,train,4117,135.43289,4.7855973,-10.862621,30.251669,User: user89<br>Type: 1min<br>Split: train
user89,1min,train,4118,135.43289,4.7855973,-10.875206,30.239126,User: user89<br>Type: 1min<br>Split: train
user89,1min,train,4119,135.43289,4.7855973,-10.875327,30.238981,User: user89<br>Type: 1min<br>Split: train
user89,1min,train,4120,135.43289,4.7855973,-10.875401,30.238878,User: user89<br>Type: 1min<br>Split: train
user89,1min,train,4121,135.43289,4.7855973,-10.875456,30.238806,User: user89<br>Type: 1min<br>Split: train
user89,1min,train,4122,135.43289,4.7855973,-10.8975,30.216753,User: user89<br>Type: 1min<br>Split: train
user89,1min,train,4123,135.43289,4.7855973,-10.87551,30.23878,User: user89<br>Type: 1min<br>Split: train
user89,1min,train,4124,135.43289,4.7855973,-10.88715,30.227144,User: user89<br>Type: 1min<br>Split: train
user89,1min,train,4125,135.43289,4.7855973,-10.875677,30.23863,User: user89<br>Type: 1min<br>Split: train
user89,1min,train,4126,129.52863,-1.4828774,-10.8561945,30.258123,User: user89<br>Type: 1min<br>Split: train
user89,1min,train,4127,129.52863,-1.4828774,-10.895509,30.218784,User: user89<br>Type: 1min<br>Split: train
user89,1min,train,4128,135.43289,4.7855973,-10.875639,30.238634,User: user89<br>Type: 1min<br>Split: train
user89,1min,train,4129,135.43289,4.7855973,-10.872064,30.24258,User: user89<br>Type: 1min<br>Split: train
user89,1min,train,4130,135.43289,4.7855973,-10.872903,30.24139,User: user89<br>Type: 1min<br>Split: train
user89,1min,train,4131,135.43289,4.7855973,-10.87521,30.2391,User: user89<br>Type: 1min<br>Split: train
user89,1min,train,4132,135.43289,4.7855973,-10.938242,30.176527,User: user89<br>Type: 1min<br>Split: train
user89,1min,train,4133,135.43289,4.7855973,-10.8763275,30.238026,User: user89<br>Type: 1min<br>Split: train
user89,1min,train,4134,135.43289,4.7855973,-10.844871,30.269453,User: user89<br>Type: 1min<br>Split: train
user89,1min,train,4135,135.43289,4.7855973,-10.876531,30.237806,User: user89<br>Type: 1min<br>Split: train
user89,1min,train,4136,135.43289,4.7855973,-10.875877,30.238457,User: user89<br>Type: 1min<br>Split: train
user89,1min,train,4137,135.43289,4.7855973,-10.870974,30.242968,User: user89<br>Type: 1min<br>Split: train
user89,1min,train,4138,135.43289,4.7855973,-10.856174,30.258118,User: user89<br>Type: 1min<br>Split: train
user89,1min,train,4139,135.43289,4.7855973,-10.879072,30.235239,User: user89<br>Type: 1min<br>Split: train
user89,1min,train,4140,135.43289,4.7855973,-10.876712,30.237572,User: user89<br>Type: 1min<br>Split: train
user9,1min,train,4141,119.405075,134.9676,19.863117,-2.8621445,User: user9<br>Type: 1min<br>Split: train
user9,1min,train,4142,119.405075,134.9676,19.863594,-2.8618035,User: user9<br>Type: 1min<br>Split: train
user9,1min,train,4143,119.405075,134.9676,19.866606,-2.8532848,User: user9<br>Type: 1min<br>Split: train
user9,1min,train,4144,119.405075,134.9676,19.86478,-2.8629065,User: user9<br>Type: 1min<br>Split: train
user9,1min,train,4145,119.405075,134.9676,19.864674,-2.8611486,User: user9<br>Type: 1min<br>Split: train
user9,1min,train,4146,119.405075,134.9676,19.863958,-2.8630726,User: user9<br>Type: 1min<br>Split: train
user9,1min,train,4147,119.405075,134.9676,19.866735,-2.8577476,User: user9<br>Type: 1min<br>Split: train
user9,1min,train,4148,119.405075,134.9676,19.866486,-2.8618238,User: user9<br>Type: 1min<br>Split: train
user9,1min,train,4149,119.405075,134.9676,19.87042,-2.868637,User: user9<br>Type: 1min<br>Split: train
user9,1min,train,4150,119.405075,134.9676,19.863798,-2.8619485,User: user9<br>Type: 1min<br>Split: train
user9,1min,train,4151,119.405075,134.9676,19.867802,-2.8576305,User: user9<br>Type: 1min<br>Split: train
user9,1min,train,4152,119.405075,134.9676,19.873129,-2.8519382,User: user9<br>Type: 1min<br>Split: train
user9,1min,train,4153,119.405075,134.9676,19.86442,-2.8614426,User: user9<br>Type: 1min<br>Split: train
user9,1min,train,4154,119.405075,134.9676,19.870457,-2.8666496,User: user9<br>Type: 1min<br>Split: train
user9,1min,train,4155,119.405075,134.9676,19.863585,-2.8635457,User: user9<br>Type: 1min<br>Split: train
user9,1min,train,4156,119.405075,134.9676,19.863949,-2.8629847,User: user9<br>Type: 1min<br>Split: train
user9,1min,train,4157,119.405075,134.9676,19.865923,-2.8653321,User: user9<br>Type: 1min<br>Split: train
user9,1min,train,4158,119.405075,134.9676,19.871725,-2.8778596,User: user9<br>Type: 1min<br>Split: train
user9,1min,train,4159,119.405075,134.9676,19.853136,-2.8776891,User: user9<br>Type: 1min<br>Split: train
user9,1min,train,4160,119.405075,134.9676,19.850395,-2.8529563,User: user9<br>Type: 1min<br>Split: train
user9,1min,train,4161,119.405075,134.9676,19.890385,-2.8364155,User: user9<br>Type: 1min<br>Split: train
user9,1min,train,4162,119.405075,134.9676,19.864862,-2.8625855,User: user9<br>Type: 1min<br>Split: train
user9,1min,train,4163,119.405075,134.9676,19.845367,-2.8833363,User: user9<br>Type: 1min<br>Split: train
user9,1min,train,4164,119.405075,134.9676,19.87128,-2.8551638,User: user9<br>Type: 1min<br>Split: train
user9,1min,train,4165,119.405075,134.9676,19.851316,-2.847758,User: user9<br>Type: 1min<br>Split: train
user9,1min,train,4166,119.405075,134.9676,19.876383,-2.8642359,User: user9<br>Type: 1min<br>Split: train
user9,1min,train,4167,119.405075,134.9676,19.863813,-2.8632486,User: user9<br>Type: 1min<br>Split: train
user9,1min,train,4168,119.405075,134.9676,19.863977,-2.863081,User: user9<br>Type: 1min<br>Split: train
user9,1min,train,4169,119.405075,134.9676,19.862747,-2.859631,User: user9<br>Type: 1min<br>Split: train
user9,1min,train,4170,119.405075,134.9676,19.850538,-2.8746006,User: user9<br>Type: 1min<br>Split: train
user9,1min,train,4171,119.405075,134.9676,19.864462,-2.8630228,User: user9<br>Type: 1min<br>Split: train
user9,1min,train,4172,119.405075,134.9676,19.864008,-2.8624246,User: user9<br>Type: 1min<br>Split: train
user9,1min,train,4173,119.405075,134.9676,19.863665,-2.862474,User: user9<br>Type: 1min<br>Split: train
user9,1min,train,4174,119.405075,134.9676,19.861078,-2.8648386,User: user9<br>Type: 1min<br>Split: train
user9,1min,train,4175,119.405075,134.9676,19.862465,-2.8633263,User: user9<br>Type: 1min<br>Split: train
user9,1min,train,4176,119.405075,134.9676,19.835363,-2.8296707,User: user9<br>Type: 1min<br>Split: train
user9,1min,train,4177,119.405075,134.9676,19.871885,-2.864636,User: user9<br>Type: 1min<br>Split: train
user9,1min,train,4178,119.405075,134.9676,19.863508,-2.8627186,User: user9<br>Type: 1min<br>Split: train
user9,1min,train,4179,119.405075,134.9676,19.880486,-2.8446107,User: user9<br>Type: 1min<br>Split: train
user9,1min,train,4180,119.405075,134.9676,19.863756,-2.8622332,User: user9<br>Type: 1min<br>Split: train
user9,1min,train,4181,119.405075,134.9676,19.869207,-2.8636794,User: user9<br>Type: 1min<br>Split: train
user9,1min,train,4182,119.405075,134.9676,19.88364,-2.8412457,User: user9<br>Type: 1min<br>Split: train
user9,1min,train,4183,119.405075,134.9676,19.871077,-2.8704488,User: user9<br>Type: 1min<br>Split: train
user9,1min,train,4184,119.405075,134.9676,19.8584,-2.8474252,User: user9<br>Type: 1min<br>Split: train
user9,1min,train,4185,119.405075,134.9676,19.864895,-2.8616095,User: user9<br>Type: 1min<br>Split: train
user9,1min,train,4186,119.405075,134.9676,19.864456,-2.8618488,User: user9<br>Type: 1min<br>Split: train
user9,1min,train,4187,119.405075,134.9676,19.863806,-2.860179,User: user9<br>Type: 1min<br>Split: train
user1,3min,train,0,13.863741,76.31855,35.07015,22.496382,User: user1<br>Type: 3min<br>Split: train
user10,3min,train,1,-1.3907136,97.334656,-6.089944,-4.1281514,User: user10<br>Type: 3min<br>Split: train
user11,3min,train,2,-137.4076,-103.33537,30.58454,5.038943,User: user11<br>Type: 3min<br>Split: train
user12,3min,train,3,-72.13619,-156.55666,-3.9381104,13.9984045,User: user12<br>Type: 3min<br>Split: train
user13,3min,train,4,-138.71892,46.876972,18.854748,13.871231,User: user13<br>Type: 3min<br>Split: train
user14,3min,train,5,-145.96432,107.237465,-13.73447,-14.920239,User: user14<br>Type: 3min<br>Split: train
user15,3min,train,6,-108.41618,-112.25345,0.16701117,23.529707,User: user15<br>Type: 3min<br>Split: train
user16,3min,train,7,-14.740286,205.85985,11.468108,7.5877604,User: user16<br>Type: 3min<br>Split: train
user17,3min,train,8,-195.68074,-15.931047,18.269169,-9.524431,User: user17<br>Type: 3min<br>Split: train
user18,3min,train,9,-63.888412,73.953804,6.9112964,1.2715319,User: user18<br>Type: 3min<br>Split: train
user19,3min,train,10,-166.4242,-96.49441,3.162377,-25.810806,User: user19<br>Type: 3min<br>Split: train
user2,3min,train,11,60.334183,-131.87576,-20.23352,8.410527,User: user2<br>Type: 3min<br>Split: train
user20,3min,train,12,-105.06311,77.88808,5.09792,6.014226,User: user20<br>Type: 3min<br>Split: train
user21,3min,train,13,-60.06158,-23.163872,20.208868,6.057043,User: user21<br>Type: 3min<br>Split: train
user22,3min,train,14,-94.92357,6.672643,-13.158412,14.057148,User: user22<br>Type: 3min<br>Split: train
user23,3min,train,15,-98.451775,-20.052794,15.445489,6.348124,User: user23<br>Type: 3min<br>Split: train
user24,3min,train,16,-52.51017,5.934216,20.27048,12.146136,User: user24<br>Type: 3min<br>Split: train
user25,3min,train,17,-132.98659,73.275345,8.29043,-6.3184466,User: user25<br>Type: 3min<br>Split: train
user26,3min,train,18,-73.31034,115.66984,-18.50798,14.718744,User: user26<br>Type: 3min<br>Split: train
user27,3min,train,19,154.21333,-52.922832,-19.617157,17.855774,User: user27<br>Type: 3min<br>Split: train
user28,3min,train,20,-16.752575,142.8599,26.767515,-13.160293,User: user28<br>Type: 3min<br>Split: train
user29,3min,train,21,-164.6717,54.795074,0.46444306,31.125687,User: user29<br>Type: 3min<br>Split: train
user3,3min,train,22,-38.06489,53.211464,5.665461,-6.3955827,User: user3<br>Type: 3min<br>Split: train
user30,3min,train,23,-133.4254,-133.25356,0.70115036,-10.847176,User: user30<br>Type: 3min<br>Split: train
user31,3min,train,24,12.347404,-1.844164,-20.35958,-1.8563821,User: user31<br>Type: 3min<br>Split: train
user32,3min,train,25,-52.54509,200.63278,-5.690284,-7.6375437,User: user32<br>Type: 3min<br>Split: train
user33,3min,train,26,-121.60412,127.08609,25.518625,29.840565,User: user33<br>Type: 3min<br>Split: train
user34,3min,train,27,-42.164413,-38.25206,-9.296684,-1.6804744,User: user34<br>Type: 3min<br>Split: train
user35,3min,train,28,167.05638,-2.6472218,28.637358,-10.343874,User: user35<br>Type: 3min<br>Split: train
user35,3min,train,29,-11.778402,-11.859678,5.5731373,-16.948744,User: user35<br>Type: 3min<br>Split: train
user35,3min,train,30,167.05638,-2.6472218,28.643448,-10.337968,User: user35<br>Type: 3min<br>Split: train
user35,3min,train,31,-20.335432,-5.0037894,5.5748596,-16.960398,User: user35<br>Type: 3min<br>Split: train
user36,3min,train,32,-196.6053,-46.669827,1.9480894,-7.8751287,User: user36<br>Type: 3min<br>Split: train
user37,3min,train,33,22.970564,107.643776,8.340711,7.8406487,User: user37<br>Type: 3min<br>Split: train
user38,3min,train,34,-62.84318,171.02867,16.083094,-22.25092,User: user38<br>Type: 3min<br>Split: train
user39,3min,train,35,-83.50522,-99.28785,-5.2029796,-14.2705145,User: user39<br>Type: 3min<br>Split: train
user4,3min,train,36,-89.33292,51.406857,-3.4359803,17.715826,User: user4<br>Type: 3min<br>Split: train
user40,3min,train,37,-71.57965,-4.132366,-8.490079,-16.19739,User: user40<br>Type: 3min<br>Split: train
user41,3min,train,38,-126.0254,163.50269,9.229722,1.9120008,User: user41<br>Type: 3min<br>Split: train
user42,3min,train,39,11.140395,147.74826,23.12106,25.927532,User: user42<br>Type: 3min<br>Split: train
user43,3min,train,40,-38.40839,81.84102,21.058762,0.50397885,User: user43<br>Type: 3min<br>Split: train
user44,3min,train,41,-126.801575,-63.609825,-17.90334,31.561188,User: user44<br>Type: 3min<br>Split: train
user45,3min,train,42,-23.608673,32.238403,25.988363,9.001253,User: user45<br>Type: 3min<br>Split: train
user46,3min,train,43,-9.6432085,-35.762337,-2.1353362,21.798386,User: user46<br>Type: 3min<br>Split: train
user47,3min,train,44,53.44146,-4.4149036,1.1821492,28.86722,User: user47<br>Type: 3min<br>Split: train
user48,3min,train,45,63.466167,45.12324,14.293277,-18.688692,User: user48<br>Type: 3min<br>Split: train
user49,3min,train,46,142.51956,109.82349,9.285471,24.951946,User: user49<br>Type: 3min<br>Split: train
user5,3min,train,47,-144.17363,2.538802,-16.973625,-0.8430376,User: user5<br>Type: 3min<br>Split: train
user50,3min,train,48,-165.25569,-29.547632,11.510212,-0.32266405,User: user50<br>Type: 3min<br>Split: train
user51,3min,train,49,-34.59145,-16.559484,-23.951468,5.1102304,User: user51<br>Type: 3min<br>Split: train
user52,3min,train,50,-137.88318,-23.181454,-4.096176,-17.235369,User: user52<br>Type: 3min<br>Split: train
user53,3min,train,51,91.53717,-59.223194,27.721188,18.529919,User: user53<br>Type: 3min<br>Split: train
user54,3min,train,52,50.826115,-46.471756,2.658296,-21.1978,User: user54<br>Type: 3min<br>Split: train
user55,3min,train,53,-12.099864,53.11249,-2.7149234,-2.3153036,User: user55<br>Type: 3min<br>Split: train
user56,3min,train,54,-116.01288,-83.58743,-6.5806975,32.52517,User: user56<br>Type: 3min<br>Split: train
user57,3min,train,55,-92.59654,180.8146,-3.3841746,1.2636093,User: user57<br>Type: 3min<br>Split: train
user58,3min,train,56,-194.49309,-81.73398,-10.280896,-18.917389,User: user58<br>Type: 3min<br>Split: train
user59,3min,train,57,-42.905766,122.347595,27.511805,4.7448564,User: user59<br>Type: 3min<br>Split: train
user6,3min,train,58,-143.42564,-76.430695,-25.468904,8.59454,User: user6<br>Type: 3min<br>Split: train
user60,3min,train,59,104.54602,92.16839,29.853212,15.61188,User: user60<br>Type: 3min<br>Split: train
user61,3min,train,60,13.136969,-132.71332,-1.272679,18.30737,User: user61<br>Type: 3min<br>Split: train
user62,3min,train,61,-161.29836,25.327385,-13.758458,-2.8338072,User: user62<br>Type: 3min<br>Split: train
user62,3min,train,62,-102.156555,38.147057,15.839938,34.65797,User: user62<br>Type: 3min<br>Split: train
user62,3min,train,63,-161.29836,25.327385,-13.7623005,-2.831809,User: user62<br>Type: 3min<br>Split: train
user62,3min,train,64,-105.7373,29.50931,15.842189,34.66124,User: user62<br>Type: 3min<br>Split: train
user63,3min,train,65,-76.3527,-55.018288,11.370852,-7.238424,User: user63<br>Type: 3min<br>Split: train
user64,3min,train,66,-165.83238,-130.14728,7.0595675,5.129937,User: user64<br>Type: 3min<br>Split: train
user65,3min,train,67,31.86232,-94.33745,3.0312243,5.31685,User: user65<br>Type: 3min<br>Split: train
user66,3min,train,68,-30.797297,-98.508545,13.321941,20.400202,User: user66<br>Type: 3min<br>Split: train
user67,3min,train,69,-122.12124,97.05209,19.204714,16.34474,User: user67<br>Type: 3min<br>Split: train
user68,3min,train,70,-61.284966,-85.49953,0.47186193,4.039868,User: user68<br>Type: 3min<br>Split: train
user69,3min,train,71,-101.18627,-143.4123,-2.231413,-14.212366,User: user69<br>Type: 3min<br>Split: train
user7,3min,train,72,-7.1419573,-177.19244,-5.6062207,9.461353,User: user7<br>Type: 3min<br>Split: train
user70,3min,train,73,-53.917717,-110.53692,15.03892,23.53436,User: user70<br>Type: 3min<br>Split: train
user71,3min,train,74,131.66515,-36.84476,-6.5468297,27.001677,User: user71<br>Type: 3min<br>Split: train
user72,3min,train,75,13.62859,22.772324,32.82881,1.2150819,User: user72<br>Type: 3min<br>Split: train
user73,3min,train,76,-22.528036,-53.160408,14.848806,2.019446,User: user73<br>Type: 3min<br>Split: train
user74,3min,train,77,-152.19351,138.6777,17.210604,-0.51088196,User: user74<br>Type: 3min<br>Split: train
user75,3min,train,78,117.40484,166.2063,-13.829556,26.53596,User: user75<br>Type: 3min<br>Split: train
user76,3min,train,79,138.65271,-15.393615,23.370232,0.156367,User: user76<br>Type: 3min<br>Split: train
user77,3min,train,80,-142.63501,-48.656788,4.2841463,2.8676445,User: user77<br>Type: 3min<br>Split: train
user78,3min,train,81,-170.96631,-1.9590068,-18.495937,24.985666,User: user78<br>Type: 3min<br>Split: train
user79,3min,train,82,-30.512867,11.3816,8.376697,33.26888,User: user79<br>Type: 3min<br>Split: train
user8,3min,train,83,-129.58746,24.109426,-12.99504,1.9010588,User: user8<br>Type: 3min<br>Split: train
user80,3min,train,84,84.20569,-148.9275,20.808212,21.366133,User: user80<br>Type: 3min<br>Split: train
user81,3min,train,85,-113.86219,54.042454,14.997995,15.264269,User: user81<br>Type: 3min<br>Split: train
user82,3min,train,86,33.775627,-10.916876,15.155724,29.813768,User: user82<br>Type: 3min<br>Split: train
user83,3min,train,87,-25.770061,-124.25772,24.120491,18.667837,User: user83<br>Type: 3min<br>Split: train
user84,3min,train,88,-97.5791,146.49004,20.33438,30.35823,User: user84<br>Type: 3min<br>Split: train
user85,3min,train,89,136.38219,-81.04708,-11.004547,16.74863,User: user85<br>Type: 3min<br>Split: train
user86,3min,train,90,-46.58125,-171.89458,26.83888,-18.533625,User: user86<br>Type: 3min<br>Split: train
user87,3min,train,91,12.871375,46.512875,-2.8589985,24.227549,User: user87<br>Type: 3min<br>Split: train
user88,3min,train,92,15.223314,-78.70015,22.939747,5.0937004,User: user88<br>Type: 3min<br>Split: train
user89,3min,train,93,140.6399,-112.28211,36.158882,5.2349954,User: user89<br>Type: 3min<br>Split: train
user9,3min,train,94,85.470345,69.392166,-0.32532272,-26.639736,User: user9<br>Type: 3min<br>Split: train
user11,3min,train,95,-137.4076,-103.33537,30.584583,5.0390124,User: user11<br>Type: 3min<br>Split: train
user16,3min,train,96,-14.740286,205.85985,11.469078,7.5868144,User: user16<br>Type: 3min<br>Split: train
user18,3min,train,97,-63.888412,73.953804,6.9101615,1.2621189,User: user18<br>Type: 3min<br>Split: train
user19,3min,train,98,-166.4242,-96.49441,3.156388,-25.804586,User: user19<br>Type: 3min<br>Split: train
user22,3min,train,99,-94.92357,6.672643,-13.163717,14.047362,User: user22<br>Type: 3min<br>Split: train
user23,3min,train,100,-98.451775,-20.052794,15.437901,6.3564425,User: user23<br>Type: 3min<br>Split: train
user25,3min,train,101,-132.98659,73.275345,19.35164,-5.619221,User: user25<br>Type: 3min<br>Split: train
user3,3min,train,102,-38.06489,53.211464,5.702563,-6.359281,User: user3<br>Type: 3min<br>Split: train
user32,3min,train,103,-52.54509,200.63278,-5.8405843,-7.789361,User: user32<br>Type: 3min<br>Split: train
user33,3min,train,104,-121.60412,127.08609,25.519524,29.839632,User: user33<br>Type: 3min<br>Split: train
user35,3min,train,105,-9.899128,-6.2469883,5.576944,-16.956062,User: user35<br>Type: 3min<br>Split: train
user38,3min,train,106,-62.84318,171.02867,16.07866,-22.252968,User: user38<br>Type: 3min<br>Split: train
user39,3min,train,107,-83.50522,-99.28785,17.799881,7.7784376,User: user39<br>Type: 3min<br>Split: train
user4,3min,train,108,-89.33292,51.406857,2.149402,11.389902,User: user4<br>Type: 3min<br>Split: train
user40,3min,train,109,-75.781364,-8.141219,-8.489939,-16.196974,User: user40<br>Type: 3min<br>Split: train
user41,3min,train,110,-126.0254,163.50269,5.990227,-1.0477037,User: user41<br>Type: 3min<br>Split: train
user42,3min,train,111,11.140395,147.74826,23.123194,25.927404,User: user42<br>Type: 3min<br>Split: train
user45,3min,train,112,-28.594263,32.087917,25.989166,9.000485,User: user45<br>Type: 3min<br>Split: train
user47,3min,train,113,53.44146,-4.4149036,1.1817712,28.867964,User: user47<br>Type: 3min<br>Split: train
user5,3min,train,114,-144.17363,2.538802,0.9527394,-13.785953,User: user5<br>Type: 3min<br>Split: train
user51,3min,train,115,-34.59145,-16.559484,-23.969599,5.0918074,User: user51<br>Type: 3min<br>Split: train
user52,3min,train,116,-137.88318,-23.181454,-4.103891,-17.243198,User: user52<br>Type: 3min<br>Split: train
user53,3min,train,117,91.53717,-59.223194,7.2654867,26.731739,User: user53<br>Type: 3min<br>Split: train
user54,3min,train,118,50.826115,-46.471756,2.6524067,-21.193312,User: user54<br>Type: 3min<br>Split: train
user55,3min,train,119,-12.099864,53.11249,-2.8145306,-2.415154,User: user55<br>Type: 3min<br>Split: train
user57,3min,train,120,-92.59654,180.8146,-14.074838,-18.614796,User: user57<br>Type: 3min<br>Split: train
user58,3min,train,121,-194.49309,-81.73398,-10.294776,-18.903688,User: user58<br>Type: 3min<br>Split: train
user59,3min,train,122,-42.905766,122.347595,3.3083227,26.377497,User: user59<br>Type: 3min<br>Split: train
user60,3min,train,123,104.54602,92.16839,11.117399,18.480211,User: user60<br>Type: 3min<br>Split: train
user61,3min,train,124,13.136969,-132.71332,-1.2836063,18.318012,User: user61<br>Type: 3min<br>Split: train
user62,3min,train,125,-161.29836,25.327385,-13.760674,-2.8322716,User: user62<br>Type: 3min<br>Split: train
user63,3min,train,126,-76.3527,-55.018288,11.371125,-7.238736,User: user63<br>Type: 3min<br>Split: train
user67,3min,train,127,-122.12124,97.05209,19.184692,16.323925,User: user67<br>Type: 3min<br>Split: train
user70,3min,train,128,-53.917717,-110.53692,15.038919,23.534296,User: user70<br>Type: 3min<br>Split: train
user71,3min,train,129,131.66515,-36.84476,-6.556794,27.011744,User: user71<br>Type: 3min<br>Split: train
user72,3min,train,130,13.62859,22.772324,32.82737,1.2201612,User: user72<br>Type: 3min<br>Split: train
user73,3min,train,131,-22.528036,-53.160408,14.99477,1.8739414,User: user73<br>Type: 3min<br>Split: train
user75,3min,train,132,117.40484,166.2063,-13.829294,26.535892,User: user75<br>Type: 3min<br>Split: train
user76,3min,train,133,138.65271,-15.393615,23.369385,0.15392211,User: user76<br>Type: 3min<br>Split: train
user77,3min,train,134,-142.63501,-48.656788,4.284169,2.8678412,User: user77<br>Type: 3min<br>Split: train
user79,3min,train,135,-30.512867,11.3816,8.377222,33.269417,User: user79<br>Type: 3min<br>Split: train
user80,3min,train,136,84.20569,-148.9275,20.80821,21.366108,User: user80<br>Type: 3min<br>Split: train
user82,3min,train,137,29.121454,-13.748628,15.151777,29.817568,User: user82<br>Type: 3min<br>Split: train
user85,3min,train,138,136.38219,-81.04708,-11.008739,16.745317,User: user85<br>Type: 3min<br>Split: train
user87,3min,train,139,12.871375,46.512875,-2.8591423,24.227734,User: user87<br>Type: 3min<br>Split: train
user88,3min,train,140,10.523731,-81.482994,-17.12588,2.6649718,User: user88<br>Type: 3min<br>Split: train
user89,3min,train,141,140.6399,-112.28211,36.145782,5.2216635,User: user89<br>Type: 3min<br>Split: train
user9,3min,train,142,75.78509,66.43162,-0.33383167,-26.631151,User: user9<br>Type: 3min<br>Split: train
user12,3min,train,143,-72.13619,-156.55666,-10.854282,-8.47194,User: user12<br>Type: 3min<br>Split: train
user14,3min,train,144,-145.96432,107.237465,-13.725093,-14.910988,User: user14<br>Type: 3min<br>Split: train
user16,3min,train,145,-14.740286,205.85985,11.447528,7.608253,User: user16<br>Type: 3min<br>Split: train
user17,3min,train,146,-195.68074,-15.931047,-12.422997,-6.0036197,User: user17<br>Type: 3min<br>Split: train
user19,3min,train,147,-166.4242,-96.49441,3.1702435,-25.801767,User: user19<br>Type: 3min<br>Split: train
user20,3min,train,148,-105.06311,77.88808,5.0944223,6.014603,User: user20<br>Type: 3min<br>Split: train
user21,3min,train,149,-60.06158,-23.163872,20.21072,6.0557146,User: user21<br>Type: 3min<br>Split: train
user22,3min,train,150,-94.92357,6.672643,-13.1610565,14.054246,User: user22<br>Type: 3min<br>Split: train
user23,3min,train,151,-98.451775,-20.052794,15.441301,6.3524528,User: user23<br>Type: 3min<br>Split: train
user24,3min,train,152,-52.51017,5.934216,5.4939623,18.384365,User: user24<br>Type: 3min<br>Split: train
user26,3min,train,153,-73.31034,115.66984,-18.50645,14.717227,User: user26<br>Type: 3min<br>Split: train
user27,3min,train,154,154.21333,-52.922832,-19.614079,17.858849,User: user27<br>Type: 3min<br>Split: train
user31,3min,train,155,7.127656,-0.07572798,-20.359432,-1.85626,User: user31<br>Type: 3min<br>Split: train
user32,3min,train,156,-52.54509,200.63278,-5.660141,-7.6073956,User: user32<br>Type: 3min<br>Split: train
user34,3min,train,157,-42.164413,-38.25206,-9.297662,-1.6800907,User: user34<br>Type: 3min<br>Split: train
user35,3min,train,158,-20.335432,-5.0037894,5.5767727,-16.956213,User: user35<br>Type: 3min<br>Split: train
user36,3min,train,159,-196.6053,-46.669827,1.9377176,-7.8860927,User: user36<br>Type: 3min<br>Split: train
user4,3min,train,160,-89.33292,51.406857,-3.4362576,17.715298,User: user4<br>Type: 3min<br>Split: train
user44,3min,train,161,-126.801575,-63.609825,-17.900711,31.558563,User: user44<br>Type: 3min<br>Split: train
user48,3min,train,162,63.466167,45.12324,14.287239,-18.68253,User: user48<br>Type: 3min<br>Split: train
user51,3min,train,163,-34.59145,-16.559484,-23.965494,5.0961847,User: user51<br>Type: 3min<br>Split: train
user54,3min,train,164,50.826115,-46.471756,2.6532226,-21.193035,User: user54<br>Type: 3min<br>Split: train
user56,3min,train,165,-116.01288,-83.58743,-6.5806165,32.52507,User: user56<br>Type: 3min<br>Split: train
user6,3min,train,166,-143.42564,-76.430695,-25.469448,8.594254,User: user6<br>Type: 3min<br>Split: train
user60,3min,train,167,104.54602,92.16839,29.853125,15.612394,User: user60<br>Type: 3min<br>Split: train
user62,3min,train,168,-161.29836,25.327385,-13.769428,-2.8232107,User: user62<br>Type: 3min<br>Split: train
user62,3min,train,169,-105.7373,29.50931,15.843881,34.662937,User: user62<br>Type: 3min<br>Split: train
user66,3min,train,170,-30.797297,-98.508545,13.323968,20.39822,User: user66<br>Type: 3min<br>Split: train
user68,3min,train,171,-61.284966,-85.49953,0.6732093,4.2421184,User: user68<br>Type: 3min<br>Split: train
user69,3min,train,172,-101.18627,-143.4123,-2.2294912,-14.210512,User: user69<br>Type: 3min<br>Split: train
user7,3min,train,173,-7.1419573,-177.19244,9.891262,-13.2482195,User: user7<br>Type: 3min<br>Split: train
user72,3min,train,174,13.62859,22.772324,32.82136,1.2134923,User: user72<br>Type: 3min<br>Split: train
user73,3min,train,175,-22.528036,-53.160408,15.000633,1.8679498,User: user73<br>Type: 3min<br>Split: train
user74,3min,train,176,-152.19351,138.6777,17.217161,-0.5048312,User: user74<br>Type: 3min<br>Split: train
user75,3min,train,177,117.40484,166.2063,-13.830843,26.537039,User: user75<br>Type: 3min<br>Split: train
user76,3min,train,178,138.65271,-15.393615,23.366236,0.15068567,User: user76<br>Type: 3min<br>Split: train
user77,3min,train,179,-142.63501,-48.656788,4.1867547,2.7714968,User: user77<br>Type: 3min<br>Split: train
user79,3min,train,180,-30.512867,11.3816,8.377801,33.27001,User: user79<br>Type: 3min<br>Split: train
user8,3min,train,181,-129.58746,24.109426,15.683795,19.51275,User: user8<br>Type: 3min<br>Split: train
user80,3min,train,182,84.20569,-148.9275,10.515233,-5.873774,User: user80<br>Type: 3min<br>Split: train
user82,3min,train,183,29.121454,-13.748628,15.151599,29.817797,User: user82<br>Type: 3min<br>Split: train
user84,3min,train,184,-97.5791,146.49004,20.333307,30.359032,User: user84<br>Type: 3min<br>Split: train
user86,3min,train,185,-46.58125,-171.89458,26.840168,-18.531677,User: user86<br>Type: 3min<br>Split: train
user88,3min,train,186,15.223314,-78.70015,-17.125927,2.6649754,User: user88<br>Type: 3min<br>Split: train
user9,3min,train,187,75.78509,66.43162,-0.36443642,-26.604448,User: user9<br>Type: 3min<br>Split: train
user10,3min,train,188,-1.3907136,97.334656,-6.0851355,-4.123459,User: user10<br>Type: 3min<br>Split: train
user17,3min,train,189,-195.68074,-15.931047,18.265112,-9.525323,User: user17<br>Type: 3min<br>Split: train
user18,3min,train,190,-68.75002,66.9487,6.9117174,1.2638116,User: user18<br>Type: 3min<br>Split: train
user2,3min,train,191,60.334183,-131.87576,-20.2371,8.406879,User: user2<br>Type: 3min<br>Split: train
user23,3min,train,192,-98.451775,-20.052794,15.4527645,6.341569,User: user23<br>Type: 3min<br>Split: train
user26,3min,train,193,-73.31034,115.66984,-18.510769,14.721439,User: user26<br>Type: 3min<br>Split: train
user27,3min,train,194,154.21333,-52.922832,-19.614067,17.858849,User: user27<br>Type: 3min<br>Split: train
user33,3min,train,195,-121.60412,127.08609,25.529259,29.829937,User: user33<br>Type: 3min<br>Split: train
user35,3min,train,196,167.05638,-2.6472218,28.634058,-10.347446,User: user35<br>Type: 3min<br>Split: train
user35,3min,train,197,-9.899128,-6.2469883,5.5774946,-16.95444,User: user35<br>Type: 3min<br>Split: train
user36,3min,train,198,-196.6053,-46.669827,1.9381865,-7.886161,User: user36<br>Type: 3min<br>Split: train
user37,3min,train,199,22.970564,107.643776,8.967437,7.3190827,User: user37<br>Type: 3min<br>Split: train
user39,3min,train,200,-83.50522,-99.28785,-5.2029934,-14.270568,User: user39<br>Type: 3min<br>Split: train
user4,3min,train,201,-89.33292,51.406857,-3.4362276,17.715689,User: user4<br>Type: 3min<br>Split: train
user43,3min,train,202,-38.40839,81.84102,-8.525845,-11.876767,User: user43<br>Type: 3min<br>Split: train
user45,3min,train,203,-28.594263,32.087917,25.98813,9.001431,User: user45<br>Type: 3min<br>Split: train
user47,3min,train,204,58.35414,-1.0038519,1.1704236,28.879421,User: user47<br>Type: 3min<br>Split: train
user48,3min,train,205,63.466167,45.12324,14.274764,-18.670403,User: user48<br>Type: 3min<br>Split: train
user49,3min,train,206,142.51956,109.82349,9.284306,24.951088,User: user49<br>Type: 3min<br>Split: train
user51,3min,train,207,-34.59145,-16.559484,-23.958925,5.1027865,User: user51<br>Type: 3min<br>Split: train
user52,3min,train,208,-137.88318,-23.181454,14.372949,-24.737219,User: user52<br>Type: 3min<br>Split: train
user54,3min,train,209,48.614914,-41.05999,2.6537015,-21.19349,User: user54<br>Type: 3min<br>Split: train
user55,3min,train,210,-12.099864,53.11249,-2.8236551,-2.4242225,User: user55<br>Type: 3min<br>Split: train
user57,3min,train,211,-92.59654,180.8146,-14.0747175,-18.614422,User: user57<br>Type: 3min<br>Split: train
user59,3min,train,212,-42.905766,122.347595,27.510365,4.7428813,User: user59<br>Type: 3min<br>Split: train
user62,3min,train,213,-105.7373,29.50931,15.846805,34.66592,User: user62<br>Type: 3min<br>Split: train
user63,3min,train,214,-76.3527,-55.018288,-1.6562258,34.796726,User: user63<br>Type: 3min<br>Split: train
user64,3min,train,215,-165.83238,-130.14728,6.9978895,5.0681553,User: user64<br>Type: 3min<br>Split: train
user66,3min,train,216,-30.797297,-98.508545,13.316979,20.405252,User: user66<br>Type: 3min<br>Split: train
user67,3min,train,217,-122.12124,97.05209,19.171633,16.31033,User: user67<br>Type: 3min<br>Split: train
user69,3min,train,218,-101.18627,-143.4123,-1.1714773,-16.927563,User: user69<br>Type: 3min<br>Split: train
user70,3min,train,219,-53.917717,-110.53692,15.038915,23.534294,User: user70<br>Type: 3min<br>Split: train
user71,3min,train,220,131.66515,-36.84476,-6.5468936,27.001726,User: user71<br>Type: 3min<br>Split: train
user72,3min,train,221,13.62859,22.772324,32.824413,1.2124003,User: user72<br>Type: 3min<br>Split: train
user73,3min,train,222,-24.10208,-63.022884,14.834793,2.0335007,User: user73<br>Type: 3min<br>Split: train
user76,3min,train,223,147.56464,-18.857899,23.324663,0.10841684,User: user76<br>Type: 3min<br>Split: train
user78,3min,train,224,-170.96631,-1.9590068,-18.493984,24.98842,User: user78<br>Type: 3min<br>Split: train
user79,3min,train,225,-30.512867,11.3816,8.376592,33.2688,User: user79<br>Type: 3min<br>Split: train
user8,3min,train,226,-129.58746,24.109426,15.683781,19.512766,User: user8<br>Type: 3min<br>Split: train
user83,3min,train,227,-25.770061,-124.25772,24.114832,18.674036,User: user83<br>Type: 3min<br>Split: train
user84,3min,train,228,-97.5791,146.49004,20.341967,30.350275,User: user84<br>Type: 3min<br>Split: train
user85,3min,train,229,136.38219,-81.04708,-11.004698,16.74823,User: user85<br>Type: 3min<br>Split: train
user86,3min,train,230,-46.58125,-171.89458,26.841204,-18.53124,User: user86<br>Type: 3min<br>Split: train
user87,3min,train,231,12.871375,46.512875,-2.8608243,24.229355,User: user87<br>Type: 3min<br>Split: train
user88,3min,train,232,15.223314,-78.70015,-17.119349,2.67139,User: user88<br>Type: 3min<br>Split: train
user1,3min,train,233,13.863741,76.31855,35.08558,22.511837,User: user1<br>Type: 3min<br>Split: train
user10,3min,train,234,-1.3907136,97.334656,-6.0808635,-4.119134,User: user10<br>Type: 3min<br>Split: train
user11,3min,train,235,-137.4076,-103.33537,30.583033,5.0376453,User: user11<br>Type: 3min<br>Split: train
user13,3min,train,236,-138.71892,46.876972,18.864298,13.880455,User: user13<br>Type: 3min<br>Split: train
user15,3min,train,237,-108.41618,-112.25345,19.089197,27.05142,User: user15<br>Type: 3min<br>Split: train
user16,3min,train,238,-14.740286,205.85985,11.56594,7.489065,User: user16<br>Type: 3min<br>Split: train
user17,3min,train,239,-195.68074,-15.931047,18.265032,-9.5253315,User: user17<br>Type: 3min<br>Split: train
user19,3min,train,240,-166.4242,-96.49441,14.72938,-14.4179735,User: user19<br>Type: 3min<br>Split: train
user2,3min,train,241,60.334183,-131.87576,-20.234442,8.409583,User: user2<br>Type: 3min<br>Split: train
user21,3min,train,242,-60.06158,-23.163872,20.215048,6.0503354,User: user21<br>Type: 3min<br>Split: train
user22,3min,train,243,-94.92357,6.672643,-13.161008,14.054319,User: user22<br>Type: 3min<br>Split: train
user23,3min,train,244,-98.451775,-20.052794,15.445132,6.3471227,User: user23<br>Type: 3min<br>Split: train
user24,3min,train,245,-52.51017,5.934216,20.268965,12.144624,User: user24<br>Type: 3min<br>Split: train
user25,3min,train,246,-132.98659,73.275345,8.301179,-6.3287826,User: user25<br>Type: 3min<br>Split: train
user26,3min,train,247,-73.31034,115.66984,-18.509645,14.720373,User: user26<br>Type: 3min<br>Split: train
user29,3min,train,248,-164.6717,54.795074,0.45801094,31.135061,User: user29<br>Type: 3min<br>Split: train
user30,3min,train,249,-133.4254,-133.25356,2.6503093,-12.047258,User: user30<br>Type: 3min<br>Split: train
user31,3min,train,250,7.127656,-0.07572798,-20.359241,-1.8551154,User: user31<br>Type: 3min<br>Split: train
user32,3min,train,251,-52.54509,200.63278,-5.669943,-7.617404,User: user32<br>Type: 3min<br>Split: train
user33,3min,train,252,-121.60412,127.08609,25.525831,29.833876,User: user33<br>Type: 3min<br>Split: train
user34,3min,train,253,-46.07739,-41.95224,-9.296739,-1.6804537,User: user34<br>Type: 3min<br>Split: train
user35,3min,train,254,-20.335432,-5.0037894,5.574904,-16.957613,User: user35<br>Type: 3min<br>Split: train
user36,3min,train,255,-196.6053,-46.669827,1.9394417,-7.884233,User: user36<br>Type: 3min<br>Split: train
user39,3min,train,256,-83.50522,-99.28785,17.794718,7.783552,User: user39<br>Type: 3min<br>Split: train
user40,3min,train,257,-75.781364,-8.141219,-8.491801,-16.19483,User: user40<br>Type: 3min<br>Split: train
user42,3min,train,258,11.140395,147.74826,23.142088,25.949581,User: user42<br>Type: 3min<br>Split: train
user43,3min,train,259,-38.40839,81.84102,-8.526047,-11.876965,User: user43<br>Type: 3min<br>Split: train
user44,3min,train,260,-97.63191,-53.365215,-17.900131,31.557995,User: user44<br>Type: 3min<br>Split: train
user46,3min,train,261,-9.6432085,-35.762337,-2.134779,21.797918,User: user46<br>Type: 3min<br>Split: train
user47,3min,train,262,58.35414,-1.0038519,1.1792217,28.870855,User: user47<br>Type: 3min<br>Split: train
user54,3min,train,263,48.614914,-41.05999,2.6590073,-21.199245,User: user54<br>Type: 3min<br>Split: train
user56,3min,train,264,-116.01288,-83.58743,-6.605886,32.550488,User: user56<br>Type: 3min<br>Split: train
user57,3min,train,265,-92.59654,180.8146,-14.074632,-18.614592,User: user57<br>Type: 3min<br>Split: train
user58,3min,train,266,-194.49309,-81.73398,-10.252776,-18.945137,User: user58<br>Type: 3min<br>Split: train
user59,3min,train,267,-42.905766,122.347595,3.3124285,26.381718,User: user59<br>Type: 3min<br>Split: train
user6,3min,train,268,-143.42564,-76.430695,-25.469782,8.593917,User: user6<br>Type: 3min<br>Split: train
user62,3min,train,269,-105.7373,29.50931,15.841558,34.666843,User: user62<br>Type: 3min<br>Split: train
user64,3min,train,270,-165.83238,-130.14728,6.997951,5.0682054,User: user64<br>Type: 3min<br>Split: train
user66,3min,train,271,-30.797297,-98.508545,13.317557,20.403458,User: user66<br>Type: 3min<br>Split: train
user68,3min,train,272,-61.284966,-85.49953,0.6692804,4.2380013,User: user68<br>Type: 3min<br>Split: train
user7,3min,train,273,-7.1419573,-177.19244,9.889953,-13.248609,User: user7<br>Type: 3min<br>Split: train
user70,3min,train,274,-53.917717,-110.53692,4.881781,23.327368,User: user70<br>Type: 3min<br>Split: train
user72,3min,train,275,13.62859,22.772324,32.82579,1.2127342,User: user72<br>Type: 3min<br>Split: train
user73,3min,train,276,-28.42152,-53.697807,14.998616,1.8701088,User: user73<br>Type: 3min<br>Split: train
user74,3min,train,277,-152.19351,138.6777,17.201563,-0.5204288,User: user74<br>Type: 3min<br>Split: train
user77,3min,train,278,-142.63501,-48.656788,4.1352544,2.7196379,User: user77<br>Type: 3min<br>Split: train
user79,3min,train,279,-30.512867,11.3816,8.379869,33.272057,User: user79<br>Type: 3min<br>Split: train
user81,3min,train,280,-113.86219,54.042454,10.683664,4.2369256,User: user81<br>Type: 3min<br>Split: train
user82,3min,train,281,29.121454,-13.748628,15.151545,29.81785,User: user82<br>Type: 3min<br>Split: train
user83,3min,train,282,-25.770061,-124.25772,24.112522,18.676304,User: user83<br>Type: 3min<br>Split: train
user84,3min,train,283,-97.5791,146.49004,20.333271,30.358952,User: user84<br>Type: 3min<br>Split: train
user85,3min,train,284,136.38219,-81.04708,-11.007127,16.746092,User: user85<br>Type: 3min<br>Split: train
user87,3min,train,285,12.871375,46.512875,-2.8448339,24.213402,User: user87<br>Type: 3min<br>Split: train
user89,3min,train,286,140.6399,-112.28211,36.160877,5.2373953,User: user89<br>Type: 3min<br>Split: train
user12,3min,train,287,-72.13619,-156.55666,-10.868937,-8.457167,User: user12<br>Type: 3min<br>Split: train
user19,3min,train,288,-166.4242,-96.49441,3.168919,-25.805767,User: user19<br>Type: 3min<br>Split: train
user23,3min,train,289,-98.451775,-20.052794,15.436219,6.3573513,User: user23<br>Type: 3min<br>Split: train
user26,3min,train,290,-73.31034,115.66984,-18.509424,14.720188,User: user26<br>Type: 3min<br>Split: train
user27,3min,train,291,154.21333,-52.922832,-19.611809,17.859417,User: user27<br>Type: 3min<br>Split: train
user28,3min,train,292,-16.752575,142.8599,26.760921,-13.16663,User: user28<br>Type: 3min<br>Split: train
user29,3min,train,293,-164.6717,54.795074,0.46587598,31.126966,User: user29<br>Type: 3min<br>Split: train
user30,3min,train,294,-133.4254,-133.25356,2.6548295,-12.042066,User: user30<br>Type: 3min<br>Split: train
user31,3min,train,295,12.347404,-1.844164,-20.36176,-1.857439,User: user31<br>Type: 3min<br>Split: train
user34,3min,train,296,-46.07739,-41.95224,8.066153,-15.745504,User: user34<br>Type: 3min<br>Split: train
user35,3min,train,297,167.05638,-2.6472218,28.635933,-10.344954,User: user35<br>Type: 3min<br>Split: train
user38,3min,train,298,-62.84318,171.02867,16.08024,-22.251764,User: user38<br>Type: 3min<br>Split: train
user39,3min,train,299,-83.50522,-99.28785,17.796112,7.782248,User: user39<br>Type: 3min<br>Split: train
user4,3min,train,300,-89.33292,51.406857,-3.4362671,17.715584,User: user4<br>Type: 3min<br>Split: train
user42,3min,train,301,11.140395,147.74826,23.113514,25.919601,User: user42<br>Type: 3min<br>Split: train
user43,3min,train,302,-38.40839,81.84102,-8.525525,-11.876461,User: user43<br>Type: 3min<br>Split: train
user44,3min,train,303,-97.63191,-53.365215,-17.877241,31.535105,User: user44<br>Type: 3min<br>Split: train
user45,3min,train,304,-22.06412,36.96605,25.991854,8.998195,User: user45<br>Type: 3min<br>Split: train
user47,3min,train,305,58.35414,-1.0038519,1.1811469,28.867712,User: user47<br>Type: 3min<br>Split: train
user49,3min,train,306,142.51956,109.82349,9.284083,24.951313,User: user49<br>Type: 3min<br>Split: train
user5,3min,train,307,-144.17363,2.538802,-16.974497,-0.8438732,User: user5<br>Type: 3min<br>Split: train
user53,3min,train,308,91.53717,-59.223194,7.265791,26.731535,User: user53<br>Type: 3min<br>Split: train
user55,3min,train,309,-12.099864,53.11249,-2.7116253,-2.312109,User: user55<br>Type: 3min<br>Split: train
user57,3min,train,310,-92.59654,180.8146,-14.074602,-18.614511,User: user57<br>Type: 3min<br>Split: train
user6,3min,train,311,-143.42564,-76.430695,-25.46979,8.593935,User: user6<br>Type: 3min<br>Split: train
user61,3min,train,312,13.136969,-132.71332,-1.2496641,18.28426,User: user61<br>Type: 3min<br>Split: train
user62,3min,train,313,-105.7373,29.50931,15.838862,34.65836,User: user62<br>Type: 3min<br>Split: train
user63,3min,train,314,-76.3527,-55.018288,11.371088,-7.238699,User: user63<br>Type: 3min<br>Split: train
user65,3min,train,315,31.86232,-94.33745,-5.66734,-18.457266,User: user65<br>Type: 3min<br>Split: train
user68,3min,train,316,-61.284966,-85.49953,0.7105214,4.2793303,User: user68<br>Type: 3min<br>Split: train
user69,3min,train,317,-101.18627,-143.4123,-1.1715608,-16.927366,User: user69<br>Type: 3min<br>Split: train
user70,3min,train,318,-53.917717,-110.53692,4.8764777,23.32176,User: user70<br>Type: 3min<br>Split: train
user71,3min,train,319,131.66515,-36.84476,-6.552763,27.007624,User: user71<br>Type: 3min<br>Split: train
user72,3min,train,320,13.62859,22.772324,32.824482,1.2124684,User: user72<br>Type: 3min<br>Split: train
user73,3min,train,321,-28.42152,-53.697807,15.02678,1.8421795,User: user73<br>Type: 3min<br>Split: train
user77,3min,train,322,-142.63501,-48.656788,4.132458,2.7173598,User: user77<br>Type: 3min<br>Split: train
user80,3min,train,323,84.20569,-148.9275,10.515323,-5.873863,User: user80<br>Type: 3min<br>Split: train
user81,3min,train,324,-113.86219,54.042454,10.694217,4.2311463,User: user81<br>Type: 3min<br>Split: train
user82,3min,train,325,29.121454,-13.748628,15.151489,29.817911,User: user82<br>Type: 3min<br>Split: train
user83,3min,train,326,-25.770061,-124.25772,24.140858,18.647501,User: user83<br>Type: 3min<br>Split: train
user84,3min,train,327,-97.5791,146.49004,20.333305,30.357824,User: user84<br>Type: 3min<br>Split: train
user86,3min,train,328,-46.58125,-171.89458,26.839083,-18.533558,User: user86<br>Type: 3min<br>Split: train
user87,3min,train,329,12.871375,46.512875,-2.8602395,24.228659,User: user87<br>Type: 3min<br>Split: train
user88,3min,train,330,15.223314,-78.70015,22.940237,5.093829,User: user88<br>Type: 3min<br>Split: train
user89,3min,train,331,140.6399,-112.28211,36.159336,5.235683,User: user89<br>Type: 3min<br>Split: train
user9,3min,train,332,75.78509,66.43162,-0.321053,-26.645622,User: user9<br>Type: 3min<br>Split: train
user1,3min,train,333,13.863741,76.31855,35.07731,22.503517,User: user1<br>Type: 3min<br>Split: train
user11,3min,train,334,-137.4076,-103.33537,30.586502,5.040586,User: user11<br>Type: 3min<br>Split: train
user12,3min,train,335,-72.13619,-156.55666,-3.9378488,13.998327,User: user12<br>Type: 3min<br>Split: train
user19,3min,train,336,-166.4242,-96.49441,14.729902,-14.417553,User: user19<br>Type: 3min<br>Split: train
user2,3min,train,337,60.334183,-131.87576,-20.23853,8.405477,User: user2<br>Type: 3min<br>Split: train
user20,3min,train,338,-105.06311,77.88808,5.097713,6.0140796,User: user20<br>Type: 3min<br>Split: train
user21,3min,train,339,-60.06158,-23.163872,20.215027,6.051064,User: user21<br>Type: 3min<br>Split: train
user23,3min,train,340,-98.451775,-20.052794,15.436791,6.3512025,User: user23<br>Type: 3min<br>Split: train
user24,3min,train,341,-52.40137,0.21165341,5.4941115,18.384645,User: user24<br>Type: 3min<br>Split: train
user25,3min,train,342,-132.98659,73.275345,8.285273,-6.3149095,User: user25<br>Type: 3min<br>Split: train
user26,3min,train,343,-73.31034,115.66984,-18.509674,14.720423,User: user26<br>Type: 3min<br>Split: train
user27,3min,train,344,154.21333,-52.922832,-19.616442,17.863234,User: user27<br>Type: 3min<br>Split: train
user30,3min,train,345,-133.4254,-133.25356,2.6550345,-12.042284,User: user30<br>Type: 3min<br>Split: train
user33,3min,train,346,-121.60412,127.08609,25.52753,29.831627,User: user33<br>Type: 3min<br>Split: train
user35,3min,train,347,167.05638,-2.6472218,28.635565,-10.345688,User: user35<br>Type: 3min<br>Split: train
user35,3min,train,348,-11.778402,-11.859678,5.570358,-16.962212,User: user35<br>Type: 3min<br>Split: train
user38,3min,train,349,-62.84318,171.02867,16.083197,-22.249098,User: user38<br>Type: 3min<br>Split: train
user4,3min,train,350,-93.08352,58.8252,2.1496947,11.390031,User: user4<br>Type: 3min<br>Split: train
user40,3min,train,351,-83.30343,-6.816241,-8.489959,-16.197067,User: user40<br>Type: 3min<br>Split: train
user41,3min,train,352,-126.0254,163.50269,5.9903455,-1.047587,User: user41<br>Type: 3min<br>Split: train
user42,3min,train,353,11.140395,147.74826,23.130022,25.934162,User: user42<br>Type: 3min<br>Split: train
user50,3min,train,354,-165.25569,-29.547632,11.510302,-0.32285342,User: user50<br>Type: 3min<br>Split: train
user53,3min,train,355,91.53717,-59.223194,7.2657666,26.731434,User: user53<br>Type: 3min<br>Split: train
user54,3min,train,356,50.826115,-46.471756,2.6524477,-21.192625,User: user54<br>Type: 3min<br>Split: train
user55,3min,train,357,-7.6376166,56.571766,-2.8235586,-2.4241593,User: user55<br>Type: 3min<br>Split: train
user56,3min,train,358,-116.01288,-83.58743,-6.6156073,32.560204,User: user56<br>Type: 3min<br>Split: train
user57,3min,train,359,-92.59654,180.8146,-3.3841383,1.2635835,User: user57<br>Type: 3min<br>Split: train
user58,3min,train,360,-194.49309,-81.73398,-10.295125,-18.903357,User: user58<br>Type: 3min<br>Split: train
user6,3min,train,361,-143.42564,-76.430695,-25.469692,8.593931,User: user6<br>Type: 3min<br>Split: train
user62,3min,train,362,-105.7373,29.50931,15.853631,34.67305,User: user62<br>Type: 3min<br>Split: train
user63,3min,train,363,-76.3527,-55.018288,-1.6562349,34.79678,User: user63<br>Type: 3min<br>Split: train
user64,3min,train,364,-165.83238,-130.14728,6.9965053,5.066423,User: user64<br>Type: 3min<br>Split: train
user66,3min,train,365,-30.797297,-98.508545,13.316434,20.405783,User: user66<br>Type: 3min<br>Split: train
user68,3min,train,366,-61.284966,-85.49953,0.585991,4.15515,User: user68<br>Type: 3min<br>Split: train
user7,3min,train,367,-7.1419573,-177.19244,9.891136,-13.248223,User: user7<br>Type: 3min<br>Split: train
user70,3min,train,368,-53.917717,-110.53692,4.879358,23.325287,User: user70<br>Type: 3min<br>Split: train
user71,3min,train,369,131.66515,-36.84476,-6.5533867,27.00818,User: user71<br>Type: 3min<br>Split: train
user72,3min,train,370,13.62859,22.772324,32.82889,1.2170451,User: user72<br>Type: 3min<br>Split: train
user73,3min,train,371,-28.42152,-53.697807,15.022069,1.8468492,User: user73<br>Type: 3min<br>Split: train
user74,3min,train,372,-152.19351,138.6777,17.210705,-0.5112309,User: user74<br>Type: 3min<br>Split: train
user75,3min,train,373,117.40484,166.2063,-13.821513,26.546946,User: user75<br>Type: 3min<br>Split: train
user76,3min,train,374,138.65271,-15.393615,23.364843,0.14938702,User: user76<br>Type: 3min<br>Split: train
user77,3min,train,375,-142.63501,-48.656788,4.1336594,2.7188315,User: user77<br>Type: 3min<br>Split: train
user78,3min,train,376,-170.96631,-1.9590068,-18.49645,24.985163,User: user78<br>Type: 3min<br>Split: train
user8,3min,train,377,-129.58746,24.109426,-12.994982,1.9012549,User: user8<br>Type: 3min<br>Split: train
user80,3min,train,378,84.20569,-148.9275,20.808226,21.366135,User: user80<br>Type: 3min<br>Split: train
user83,3min,train,379,-25.770061,-124.25772,24.131836,18.656553,User: user83<br>Type: 3min<br>Split: train
user85,3min,train,380,136.38219,-81.04708,-11.009444,16.743696,User: user85<br>Type: 3min<br>Split: train
user89,3min,train,381,140.6399,-112.28211,36.165733,5.242119,User: user89<br>Type: 3min<br>Split: train
user9,3min,train,382,85.470345,69.392166,-0.33979583,-26.627268,User: user9<br>Type: 3min<br>Split: train
user1,3min,train,383,15.5723505,67.43697,35.079884,22.506071,User: user1<br>Type: 3min<br>Split: train
user10,3min,train,384,-1.3907136,97.334656,-6.0845447,-4.122976,User: user10<br>Type: 3min<br>Split: train
user13,3min,train,385,-138.71892,46.876972,18.863293,13.879767,User: user13<br>Type: 3min<br>Split: train
user14,3min,train,386,-145.96432,107.237465,-13.725937,-14.911872,User: user14<br>Type: 3min<br>Split: train
user16,3min,train,387,-14.740286,205.85985,11.464616,7.5911508,User: user16<br>Type: 3min<br>Split: train
user17,3min,train,388,-195.68074,-15.931047,-12.422328,-6.004242,User: user17<br>Type: 3min<br>Split: train
user19,3min,train,389,-166.4242,-96.49441,14.723691,-14.421101,User: user19<br>Type: 3min<br>Split: train
user20,3min,train,390,-105.06311,77.88808,5.0983577,6.0138755,User: user20<br>Type: 3min<br>Split: train
user23,3min,train,391,-98.451775,-20.052794,15.445796,6.3474956,User: user23<br>Type: 3min<br>Split: train
user24,3min,train,392,-52.40137,0.21165341,20.27003,12.146651,User: user24<br>Type: 3min<br>Split: train
user26,3min,train,393,-73.31034,115.66984,-18.510633,14.721365,User: user26<br>Type: 3min<br>Split: train
user27,3min,train,394,154.21333,-52.922832,-19.627031,17.846125,User: user27<br>Type: 3min<br>Split: train
user3,3min,train,395,-33.07321,53.066944,5.666522,-6.3948684,User: user3<br>Type: 3min<br>Split: train
user30,3min,train,396,-133.4254,-133.25356,2.655166,-12.042326,User: user30<br>Type: 3min<br>Split: train
user33,3min,train,397,-121.60412,127.08609,25.527203,29.831974,User: user33<br>Type: 3min<br>Split: train
user35,3min,train,398,-11.778402,-11.859678,5.576455,-16.956097,User: user35<br>Type: 3min<br>Split: train
user37,3min,train,399,22.970564,107.643776,8.343117,7.838558,User: user37<br>Type: 3min<br>Split: train
user39,3min,train,400,-83.50522,-99.28785,17.794641,7.783643,User: user39<br>Type: 3min<br>Split: train
user4,3min,train,401,-89.33292,51.406857,2.1537988,11.392216,User: user4<br>Type: 3min<br>Split: train
user40,3min,train,402,-76.4712,-2.9430878,-8.482736,-16.204445,User: user40<br>Type: 3min<br>Split: train
user43,3min,train,403,-38.40839,81.84102,-8.525498,-11.876484,User: user43<br>Type: 3min<br>Split: train
user47,3min,train,404,53.44146,-4.4149036,1.1798671,28.870472,User: user47<br>Type: 3min<br>Split: train
user5,3min,train,405,-144.17363,2.538802,0.9525883,-13.785947,User: user5<br>Type: 3min<br>Split: train
user50,3min,train,406,-165.25569,-29.547632,-3.8522835,11.54696,User: user50<br>Type: 3min<br>Split: train
user53,3min,train,407,91.53717,-59.223194,27.721176,18.529928,User: user53<br>Type: 3min<br>Split: train
user56,3min,train,408,-116.01288,-83.58743,-6.6084385,32.55305,User: user56<br>Type: 3min<br>Split: train
user57,3min,train,409,-92.59654,180.8146,-14.074601,-18.614542,User: user57<br>Type: 3min<br>Split: train
user59,3min,train,410,-42.905766,122.347595,3.3107598,26.379652,User: user59<br>Type: 3min<br>Split: train
user60,3min,train,411,104.54602,92.16839,11.126974,18.475613,User: user60<br>Type: 3min<br>Split: train
user62,3min,train,412,-105.7373,29.50931,15.847552,34.669186,User: user62<br>Type: 3min<br>Split: train
user63,3min,train,413,-76.3527,-55.018288,-1.656197,34.79674,User: user63<br>Type: 3min<br>Split: train
user65,3min,train,414,41.84453,-92.8349,3.0320659,5.31738,User: user65<br>Type: 3min<br>Split: train
user66,3min,train,415,-30.797297,-98.508545,13.317291,20.404871,User: user66<br>Type: 3min<br>Split: train
user68,3min,train,416,-61.284966,-85.49953,0.60544497,4.1743455,User: user68<br>Type: 3min<br>Split: train
user70,3min,train,417,-53.917717,-110.53692,15.038911,23.53431,User: user70<br>Type: 3min<br>Split: train
user74,3min,train,418,-152.19351,138.6777,17.20908,-0.51287717,User: user74<br>Type: 3min<br>Split: train
user75,3min,train,419,117.40484,166.2063,-13.825696,26.539284,User: user75<br>Type: 3min<br>Split: train
user76,3min,train,420,138.65271,-15.393615,23.365726,0.14997232,User: user76<br>Type: 3min<br>Split: train
user77,3min,train,421,-142.63501,-48.656788,4.133691,2.7187915,User: user77<br>Type: 3min<br>Split: train
user78,3min,train,422,-170.96631,-1.9590068,-18.496046,24.985025,User: user78<br>Type: 3min<br>Split: train
user8,3min,train,423,-129.58746,24.109426,15.683726,19.512793,User: user8<br>Type: 3min<br>Split: train
user81,3min,train,424,-113.86219,54.042454,15.0069275,15.255122,User: user81<br>Type: 3min<br>Split: train
user82,3min,train,425,33.775627,-10.916876,15.151495,29.817898,User: user82<br>Type: 3min<br>Split: train
user83,3min,train,426,-25.770061,-124.25772,24.115997,18.672798,User: user83<br>Type: 3min<br>Split: train
user84,3min,train,427,-97.5791,146.49004,20.343142,30.349173,User: user84<br>Type: 3min<br>Split: train
user88,3min,train,428,15.223314,-78.70015,-17.125704,2.6651928,User: user88<br>Type: 3min<br>Split: train
user89,3min,train,429,140.6399,-112.28211,36.14569,5.221953,User: user89<br>Type: 3min<br>Split: train
user1,3min,train,430,13.863741,76.31855,35.07175,22.497992,User: user1<br>Type: 3min<br>Split: train
user10,3min,train,431,-1.3907136,97.334656,-6.085153,-4.1234436,User: user10<br>Type: 3min<br>Split: train
user13,3min,train,432,-138.71892,46.876972,18.85671,13.870757,User: user13<br>Type: 3min<br>Split: train
user14,3min,train,433,-145.96432,107.237465,-13.717048,-14.902912,User: user14<br>Type: 3min<br>Split: train
user17,3min,train,434,-195.68074,-15.931047,18.270357,-9.524878,User: user17<br>Type: 3min<br>Split: train
user19,3min,train,435,-166.4242,-96.49441,14.729622,-14.417717,User: user19<br>Type: 3min<br>Split: train
user2,3min,train,436,60.334183,-131.87576,-20.234842,8.410676,User: user2<br>Type: 3min<br>Split: train
user20,3min,train,437,-105.06311,77.88808,5.0982757,6.014035,User: user20<br>Type: 3min<br>Split: train
user28,3min,train,438,-16.752575,142.8599,26.773775,-13.152872,User: user28<br>Type: 3min<br>Split: train
user29,3min,train,439,-164.6717,54.795074,-6.5380073,22.491669,User: user29<br>Type: 3min<br>Split: train
user3,3min,train,440,-33.07321,53.066944,5.70542,-6.3564715,User: user3<br>Type: 3min<br>Split: train
user30,3min,train,441,-133.4254,-133.25356,2.6549664,-12.042445,User: user30<br>Type: 3min<br>Split: train
user32,3min,train,442,-52.54509,200.63278,-5.847898,-7.79669,User: user32<br>Type: 3min<br>Split: train
user33,3min,train,443,-121.60412,127.08609,25.532259,29.827028,User: user33<br>Type: 3min<br>Split: train
user34,3min,train,444,-42.164413,-38.25206,8.066162,-15.74551,User: user34<br>Type: 3min<br>Split: train
user35,3min,train,445,167.05638,-2.6472218,28.640457,-10.34097,User: user35<br>Type: 3min<br>Split: train
user36,3min,train,446,-196.6053,-46.669827,1.9336282,-7.8900685,User: user36<br>Type: 3min<br>Split: train
user37,3min,train,447,22.970564,107.643776,8.956278,7.3282523,User: user37<br>Type: 3min<br>Split: train
user40,3min,train,448,-76.4712,-2.9430878,-8.484854,-16.20613,User: user40<br>Type: 3min<br>Split: train
user44,3min,train,449,-97.63191,-53.365215,-17.894352,31.55226,User: user44<br>Type: 3min<br>Split: train
user45,3min,train,450,-27.081148,36.82445,25.976494,9.013215,User: user45<br>Type: 3min<br>Split: train
user48,3min,train,451,63.466167,45.12324,14.266173,-18.66193,User: user48<br>Type: 3min<br>Split: train
user49,3min,train,452,142.51956,109.82349,9.284319,24.951384,User: user49<br>Type: 3min<br>Split: train
user5,3min,train,453,-144.17363,2.538802,-16.974504,-0.8438754,User: user5<br>Type: 3min<br>Split: train
user51,3min,train,454,-34.59145,-16.559484,-23.970774,5.090846,User: user51<br>Type: 3min<br>Split: train
user52,3min,train,455,-137.88318,-23.181454,14.36884,-24.732634,User: user52<br>Type: 3min<br>Split: train
user54,3min,train,456,48.614914,-41.05999,2.6534731,-21.193947,User: user54<br>Type: 3min<br>Split: train
user57,3min,train,457,-92.59654,180.8146,-14.073404,-18.613441,User: user57<br>Type: 3min<br>Split: train
user58,3min,train,458,-194.49309,-81.73398,-10.295085,-18.903381,User: user58<br>Type: 3min<br>Split: train
user59,3min,train,459,-42.905766,122.347595,3.3123288,26.381584,User: user59<br>Type: 3min<br>Split: train
user61,3min,train,460,13.136969,-132.71332,-1.282829,18.317404,User: user61<br>Type: 3min<br>Split: train
user62,3min,train,461,-161.29836,25.327385,-13.765454,-2.8272264,User: user62<br>Type: 3min<br>Split: train
user62,3min,train,462,-105.7373,29.50931,15.852841,34.67192,User: user62<br>Type: 3min<br>Split: train
user63,3min,train,463,-76.3527,-55.018288,-1.6562768,34.79678,User: user63<br>Type: 3min<br>Split: train
user64,3min,train,464,-165.83238,-130.14728,6.998748,5.068975,User: user64<br>Type: 3min<br>Split: train
user66,3min,train,465,-30.797297,-98.508545,13.320275,20.40196,User: user66<br>Type: 3min<br>Split: train
user69,3min,train,466,-101.18627,-143.4123,-1.1712503,-16.927448,User: user69<br>Type: 3min<br>Split: train
user7,3min,train,467,-7.1419573,-177.19244,-5.610967,9.468638,User: user7<br>Type: 3min<br>Split: train
user70,3min,train,468,-53.917717,-110.53692,4.8830795,23.328772,User: user70<br>Type: 3min<br>Split: train
user71,3min,train,469,131.66515,-36.84476,-6.5522256,27.00695,User: user71<br>Type: 3min<br>Split: train
user74,3min,train,470,-152.19351,138.6777,17.219185,-0.50294197,User: user74<br>Type: 3min<br>Split: train
user76,3min,train,471,138.65271,-15.393615,23.365515,0.15013564,User: user76<br>Type: 3min<br>Split: train
user77,3min,train,472,-142.63501,-48.656788,4.134285,2.7193785,User: user77<br>Type: 3min<br>Split: train
user82,3min,train,473,33.775627,-10.916876,15.152312,29.818573,User: user82<br>Type: 3min<br>Split: train
user84,3min,train,474,-97.5791,146.49004,20.340565,30.351751,User: user84<br>Type: 3min<br>Split: train
user85,3min,train,475,136.38219,-81.04708,-10.998001,16.755276,User: user85<br>Type: 3min<br>Split: train
user86,3min,train,476,-46.58125,-171.89458,26.842943,-18.529554,User: user86<br>Type: 3min<br>Split: train
user87,3min,train,477,12.871375,46.512875,-2.865255,24.233786,User: user87<br>Type: 3min<br>Split: train
user88,3min,train,478,8.297126,-72.547134,-17.121073,2.6699011,User: user88<br>Type: 3min<br>Split: train
user9,3min,train,479,85.470345,69.392166,-0.3283882,-26.637348,User: user9<br>Type: 3min<br>Split: train
user10,3min,train,480,-1.3907136,97.334656,-6.0851917,-4.1235547,User: user10<br>Type: 3min<br>Split: train
user12,3min,train,481,-72.13619,-156.55666,-10.869688,-8.455494,User: user12<br>Type: 3min<br>Split: train
user16,3min,train,482,-14.740286,205.85985,11.569269,7.4860063,User: user16<br>Type: 3min<br>Split: train
user18,3min,train,483,-63.888412,73.953804,6.9143534,1.2663878,User: user18<br>Type: 3min<br>Split: train
user19,3min,train,484,-166.4242,-96.49441,14.729673,-14.417697,User: user19<br>Type: 3min<br>Split: train
user20,3min,train,485,-105.06311,77.88808,5.099536,6.0142236,User: user20<br>Type: 3min<br>Split: train
user21,3min,train,486,-60.06158,-23.163872,20.21567,6.050337,User: user21<br>Type: 3min<br>Split: train
user24,3min,train,487,-52.51017,5.934216,20.270449,12.146242,User: user24<br>Type: 3min<br>Split: train
user25,3min,train,488,-132.98659,73.275345,19.351505,-5.6193156,User: user25<br>Type: 3min<br>Split: train
user26,3min,train,489,-73.31034,115.66984,-18.517395,14.728038,User: user26<br>Type: 3min<br>Split: train
user28,3min,train,490,-16.752575,142.8599,26.765055,-13.163265,User: user28<br>Type: 3min<br>Split: train
user29,3min,train,491,-164.6717,54.795074,-6.538278,22.491888,User: user29<br>Type: 3min<br>Split: train
user3,3min,train,492,-33.07321,53.066944,5.6536264,-6.4078956,User: user3<br>Type: 3min<br>Split: train
user32,3min,train,493,-52.54509,200.63278,-5.669821,-7.6170497,User: user32<br>Type: 3min<br>Split: train
user34,3min,train,494,-42.164413,-38.25206,-9.296738,-1.6803492,User: user34<br>Type: 3min<br>Split: train
user37,3min,train,495,22.970564,107.643776,8.968944,7.317778,User: user37<br>Type: 3min<br>Split: train
user38,3min,train,496,-62.84318,171.02867,16.077938,-22.251438,User: user38<br>Type: 3min<br>Split: train
user39,3min,train,497,-83.50522,-99.28785,-5.2031345,-14.270598,User: user39<br>Type: 3min<br>Split: train
user41,3min,train,498,-126.0254,163.50269,9.229506,1.9117362,User: user41<br>Type: 3min<br>Split: train
user42,3min,train,499,11.140395,147.74826,23.121616,25.926657,User: user42<br>Type: 3min<br>Split: train
user44,3min,train,500,-126.801575,-63.609825,-17.901472,31.55935,User: user44<br>Type: 3min<br>Split: train
user47,3min,train,501,53.44146,-4.4149036,1.1891189,28.857382,User: user47<br>Type: 3min<br>Split: train
user49,3min,train,502,142.51956,109.82349,9.291095,24.944317,User: user49<br>Type: 3min<br>Split: train
user51,3min,train,503,-34.59145,-16.559484,-23.961626,5.1001163,User: user51<br>Type: 3min<br>Split: train
user52,3min,train,504,-137.88318,-23.181454,14.368742,-24.732445,User: user52<br>Type: 3min<br>Split: train
user54,3min,train,505,48.614914,-41.05999,2.6578043,-21.199778,User: user54<br>Type: 3min<br>Split: train
user56,3min,train,506,-116.01288,-83.58743,-6.626258,32.57088,User: user56<br>Type: 3min<br>Split: train
user58,3min,train,507,-194.49309,-81.73398,-10.29733,-18.901247,User: user58<br>Type: 3min<br>Split: train
user6,3min,train,508,-143.42564,-76.430695,-25.461687,8.602085,User: user6<br>Type: 3min<br>Split: train
user62,3min,train,509,-161.29836,25.327385,-13.770562,-2.8405552,User: user62<br>Type: 3min<br>Split: train
user64,3min,train,510,-165.83238,-130.14728,7.023328,5.0934963,User: user64<br>Type: 3min<br>Split: train
user66,3min,train,511,-30.797297,-98.508545,13.323187,20.399054,User: user66<br>Type: 3min<br>Split: train
user68,3min,train,512,-61.284966,-85.49953,0.6096651,4.178616,User: user68<br>Type: 3min<br>Split: train
user69,3min,train,513,-101.18627,-143.4123,-2.2120588,-14.192601,User: user69<br>Type: 3min<br>Split: train
user7,3min,train,514,-7.1419573,-177.19244,-5.607388,9.460902,User: user7<br>Type: 3min<br>Split: train
user70,3min,train,515,-53.917717,-110.53692,4.873765,23.31959,User: user70<br>Type: 3min<br>Split: train
user71,3min,train,516,131.66515,-36.84476,-6.5656667,27.02042,User: user71<br>Type: 3min<br>Split: train
user72,3min,train,517,13.62859,22.772324,32.82461,1.2124027,User: user72<br>Type: 3min<br>Split: train
user74,3min,train,518,-152.19351,138.6777,17.21063,-0.5114114,User: user74<br>Type: 3min<br>Split: train
user77,3min,train,519,-142.63501,-48.656788,4.135046,2.7200425,User: user77<br>Type: 3min<br>Split: train
user79,3min,train,520,-30.512867,11.3816,8.376887,33.269096,User: user79<br>Type: 3min<br>Split: train
user85,3min,train,521,136.38219,-81.04708,-11.002899,16.750187,User: user85<br>Type: 3min<br>Split: train
user87,3min,train,522,12.871375,46.512875,-2.858672,24.227207,User: user87<br>Type: 3min<br>Split: train
user88,3min,train,523,15.223314,-78.70015,22.940197,5.0938134,User: user88<br>Type: 3min<br>Split: train
user1,3min,train,524,13.863741,76.31855,35.071743,22.497974,User: user1<br>Type: 3min<br>Split: train
user11,3min,train,525,-137.4076,-103.33537,30.584757,5.0391116,User: user11<br>Type: 3min<br>Split: train
user12,3min,train,526,-72.13619,-156.55666,-10.874651,-8.451736,User: user12<br>Type: 3min<br>Split: train
user13,3min,train,527,-138.71892,46.876972,18.86969,13.886441,User: user13<br>Type: 3min<br>Split: train
user14,3min,train,528,-145.96432,107.237465,-13.739741,-14.925361,User: user14<br>Type: 3min<br>Split: train
user16,3min,train,529,-14.740286,205.85985,11.565448,7.489656,User: user16<br>Type: 3min<br>Split: train
user19,3min,train,530,-166.4242,-96.49441,3.1662972,-25.808018,User: user19<br>Type: 3min<br>Split: train
user2,3min,train,531,60.334183,-131.87576,-20.233778,8.410353,User: user2<br>Type: 3min<br>Split: train
user21,3min,train,532,-54.6782,-24.618101,20.203968,6.0621142,User: user21<br>Type: 3min<br>Split: train
user25,3min,train,533,-132.98659,73.275345,8.290639,-6.3186774,User: user25<br>Type: 3min<br>Split: train
user26,3min,train,534,-73.31034,115.66984,-18.510273,14.720993,User: user26<br>Type: 3min<br>Split: train
user27,3min,train,535,154.21333,-52.922832,-19.615435,17.857649,User: user27<br>Type: 3min<br>Split: train
user28,3min,train,536,-16.752575,142.8599,26.760273,-13.166758,User: user28<br>Type: 3min<br>Split: train
user30,3min,train,537,-133.4254,-133.25356,2.6549046,-12.042472,User: user30<br>Type: 3min<br>Split: train
user31,3min,train,538,12.347404,-1.844164,-20.359943,-1.8566439,User: user31<br>Type: 3min<br>Split: train
user32,3min,train,539,-52.54509,200.63278,-5.650124,-7.597597,User: user32<br>Type: 3min<br>Split: train
user35,3min,train,540,-9.899128,-6.2469883,5.5717864,-16.961946,User: user35<br>Type: 3min<br>Split: train
user36,3min,train,541,-196.6053,-46.669827,1.9280467,-7.89584,User: user36<br>Type: 3min<br>Split: train
user41,3min,train,542,-126.0254,163.50269,5.990428,-1.0477625,User: user41<br>Type: 3min<br>Split: train
user43,3min,train,543,-31.597916,88.53738,21.058365,0.5038028,User: user43<br>Type: 3min<br>Split: train
user46,3min,train,544,-11.69883,-30.652655,-2.124277,21.78736,User: user46<br>Type: 3min<br>Split: train
user47,3min,train,545,53.44146,-4.4149036,1.1809682,28.86883,User: user47<br>Type: 3min<br>Split: train
user49,3min,train,546,142.51956,109.82349,9.283933,24.950775,User: user49<br>Type: 3min<br>Split: train
user5,3min,train,547,-144.17363,2.538802,0.9526807,-13.785956,User: user5<br>Type: 3min<br>Split: train
user50,3min,train,548,-165.25569,-29.547632,11.510271,-0.32262632,User: user50<br>Type: 3min<br>Split: train
user51,3min,train,549,-34.59145,-16.559484,-23.96075,5.1009617,User: user51<br>Type: 3min<br>Split: train
user53,3min,train,550,91.53717,-59.223194,7.265495,26.731148,User: user53<br>Type: 3min<br>Split: train
user54,3min,train,551,48.614914,-41.05999,2.6482873,-21.188902,User: user54<br>Type: 3min<br>Split: train
user55,3min,train,552,-7.6376166,56.571766,-2.822544,-2.4231303,User: user55<br>Type: 3min<br>Split: train
user58,3min,train,553,-194.49309,-81.73398,-10.235155,-18.962835,User: user58<br>Type: 3min<br>Split: train
user59,3min,train,554,-42.905766,122.347595,27.51159,4.744722,User: user59<br>Type: 3min<br>Split: train
user60,3min,train,555,104.54602,92.16839,29.853481,15.611889,User: user60<br>Type: 3min<br>Split: train
user61,3min,train,556,13.136969,-132.71332,-0.60309964,6.8420672,User: user61<br>Type: 3min<br>Split: train
user62,3min,train,557,-161.29836,25.327385,-13.768465,-2.8328912,User: user62<br>Type: 3min<br>Split: train
user63,3min,train,558,-76.3527,-55.018288,-1.6620876,34.802185,User: user63<br>Type: 3min<br>Split: train
user64,3min,train,559,-165.83238,-130.14728,7.0638766,5.1341515,User: user64<br>Type: 3min<br>Split: train
user65,3min,train,560,31.86232,-94.33745,-5.6675234,-18.457388,User: user65<br>Type: 3min<br>Split: train
user67,3min,train,561,-122.12124,97.05209,19.178114,16.317009,User: user67<br>Type: 3min<br>Split: train
user68,3min,train,562,-61.284966,-85.49953,0.381462,3.9491398,User: user68<br>Type: 3min<br>Split: train
user79,3min,train,563,-30.512867,11.3816,8.3783455,33.270576,User: user79<br>Type: 3min<br>Split: train
user80,3min,train,564,84.20569,-148.9275,10.51515,-5.8736553,User: user80<br>Type: 3min<br>Split: train
user81,3min,train,565,-113.86219,54.042454,15.005295,15.25673,User: user81<br>Type: 3min<br>Split: train
user82,3min,train,566,33.775627,-10.916876,15.152457,29.819078,User: user82<br>Type: 3min<br>Split: train
user83,3min,train,567,-25.770061,-124.25772,24.137552,18.6508,User: user83<br>Type: 3min<br>Split: train
user84,3min,train,568,-97.5791,146.49004,20.334,30.358326,User: user84<br>Type: 3min<br>Split: train
user85,3min,train,569,136.38219,-81.04708,-11.004887,16.74853,User: user85<br>Type: 3min<br>Split: train
user86,3min,train,570,-46.58125,-171.89458,26.838099,-18.534533,User: user86<br>Type: 3min<br>Split: train
user88,3min,train,571,10.523731,-81.482994,22.940226,5.0937247,User: user88<br>Type: 3min<br>Split: train
user89,3min,train,572,140.6399,-112.28211,36.15869,5.235029,User: user89<br>Type: 3min<br>Split: train
user9,3min,train,573,75.78509,66.43162,-0.33478513,-26.63353,User: user9<br>Type: 3min<br>Split: train
user10,3min,train,574,5.495733,92.13192,-6.086144,-4.124461,User: user10<br>Type: 3min<br>Split: train
user12,3min,train,575,-72.13619,-156.55666,-3.9380054,13.998316,User: user12<br>Type: 3min<br>Split: train
user14,3min,train,576,-145.96432,107.237465,-13.725296,-14.911178,User: user14<br>Type: 3min<br>Split: train
user16,3min,train,577,-14.740286,205.85985,11.466949,7.5888176,User: user16<br>Type: 3min<br>Split: train
user23,3min,train,578,-98.451775,-20.052794,15.442002,6.351049,User: user23<br>Type: 3min<br>Split: train
user24,3min,train,579,-52.51017,5.934216,5.4927607,18.381905,User: user24<br>Type: 3min<br>Split: train
user3,3min,train,580,-33.07321,53.066944,5.6582274,-6.4031644,User: user3<br>Type: 3min<br>Split: train
user30,3min,train,581,-133.4254,-133.25356,0.70113176,-10.847179,User: user30<br>Type: 3min<br>Split: train
user32,3min,train,582,-52.54509,200.63278,-5.6694,-7.616926,User: user32<br>Type: 3min<br>Split: train
user34,3min,train,583,-42.164413,-38.25206,8.066187,-15.745527,User: user34<br>Type: 3min<br>Split: train
user35,3min,train,584,167.05638,-2.6472218,28.64111,-10.34033,User: user35<br>Type: 3min<br>Split: train
user35,3min,train,585,-11.778402,-11.859678,5.575031,-16.958834,User: user35<br>Type: 3min<br>Split: train
user36,3min,train,586,-196.6053,-46.669827,1.9493357,-7.873971,User: user36<br>Type: 3min<br>Split: train
user37,3min,train,587,22.970564,107.643776,8.336095,7.838137,User: user37<br>Type: 3min<br>Split: train
user39,3min,train,588,-83.50522,-99.28785,-5.203009,-14.270518,User: user39<br>Type: 3min<br>Split: train
user42,3min,train,589,11.140395,147.74826,23.122057,25.92956,User: user42<br>Type: 3min<br>Split: train
user43,3min,train,590,-38.40839,81.84102,21.058683,0.50400704,User: user43<br>Type: 3min<br>Split: train
user44,3min,train,591,-97.63191,-53.365215,-17.899582,31.557468,User: user44<br>Type: 3min<br>Split: train
user46,3min,train,592,-9.6432085,-35.762337,-2.1343668,21.797491,User: user46<br>Type: 3min<br>Split: train
user48,3min,train,593,59.70417,48.95577,14.271034,-18.666681,User: user48<br>Type: 3min<br>Split: train
user51,3min,train,594,-34.59145,-16.559484,-23.957064,5.1043897,User: user51<br>Type: 3min<br>Split: train
user53,3min,train,595,91.53717,-59.223194,27.72116,18.52994,User: user53<br>Type: 3min<br>Split: train
user56,3min,train,596,-116.01288,-83.58743,-6.616552,32.561142,User: user56<br>Type: 3min<br>Split: train
user58,3min,train,597,-194.49309,-81.73398,-10.29613,-18.902325,User: user58<br>Type: 3min<br>Split: train
user59,3min,train,598,-42.905766,122.347595,27.511648,4.744744,User: user59<br>Type: 3min<br>Split: train
user6,3min,train,599,-143.42564,-76.430695,-25.468193,8.5957575,User: user6<br>Type: 3min<br>Split: train
user60,3min,train,600,104.54602,92.16839,29.851957,15.612387,User: user60<br>Type: 3min<br>Split: train
user65,3min,train,601,31.86232,-94.33745,3.032025,5.3172393,User: user65<br>Type: 3min<br>Split: train
user69,3min,train,602,-101.18627,-143.4123,-1.1706183,-16.926826,User: user69<br>Type: 3min<br>Split: train
user70,3min,train,603,-53.917717,-110.53692,4.8791766,23.325062,User: user70<br>Type: 3min<br>Split: train
user71,3min,train,604,131.66515,-36.84476,-6.546639,27.001274,User: user71<br>Type: 3min<br>Split: train
user72,3min,train,605,13.62859,22.772324,32.82475,1.2126673,User: user72<br>Type: 3min<br>Split: train
user73,3min,train,606,-24.10208,-63.022884,15.026848,1.8420877,User: user73<br>Type: 3min<br>Split: train
user74,3min,train,607,-152.19351,138.6777,17.208326,-0.5127823,User: user74<br>Type: 3min<br>Split: train
user76,3min,train,608,155.25519,-24.52458,23.371592,0.15608162,User: user76<br>Type: 3min<br>Split: train
user77,3min,train,609,-142.63501,-48.656788,4.1431603,2.728142,User: user77<br>Type: 3min<br>Split: train
user80,3min,train,610,84.20569,-148.9275,10.515191,-5.873929,User: user80<br>Type: 3min<br>Split: train
user83,3min,train,611,-25.770061,-124.25772,24.11362,18.675009,User: user83<br>Type: 3min<br>Split: train
user10,3min,train,612,-1.3907136,97.334656,-6.0821834,-4.120438,User: user10<br>Type: 3min<br>Split: train
user11,3min,train,613,-137.4076,-103.33537,30.580584,5.034977,User: user11<br>Type: 3min<br>Split: train
user13,3min,train,614,-138.71892,46.876972,18.859793,13.875924,User: user13<br>Type: 3min<br>Split: train
user14,3min,train,615,-145.96432,107.237465,-13.725278,-14.911194,User: user14<br>Type: 3min<br>Split: train
user15,3min,train,616,-108.41618,-112.25345,19.082249,27.058573,User: user15<br>Type: 3min<br>Split: train
user16,3min,train,617,-14.740286,205.85985,11.467198,7.589307,User: user16<br>Type: 3min<br>Split: train
user17,3min,train,618,-195.68074,-15.931047,-12.423073,-6.00358,User: user17<br>Type: 3min<br>Split: train
user20,3min,train,619,-105.06311,77.88808,-13.448625,7.3023443,User: user20<br>Type: 3min<br>Split: train
user26,3min,train,620,-73.31034,115.66984,-18.524525,14.735265,User: user26<br>Type: 3min<br>Split: train
user27,3min,train,621,154.21333,-52.922832,-19.611946,17.860985,User: user27<br>Type: 3min<br>Split: train
user28,3min,train,622,-16.752575,142.8599,26.758762,-13.169607,User: user28<br>Type: 3min<br>Split: train
user29,3min,train,623,-164.6717,54.795074,-6.533417,22.485064,User: user29<br>Type: 3min<br>Split: train
user31,3min,train,624,7.127656,-0.07572798,-20.367811,-1.8644309,User: user31<br>Type: 3min<br>Split: train
user34,3min,train,625,-42.164413,-38.25206,8.06621,-15.745476,User: user34<br>Type: 3min<br>Split: train
user36,3min,train,626,-196.6053,-46.669827,1.9499998,-7.8741436,User: user36<br>Type: 3min<br>Split: train
user37,3min,train,627,22.970564,107.643776,8.3230505,7.858304,User: user37<br>Type: 3min<br>Split: train
user38,3min,train,628,-62.84318,171.02867,16.080696,-22.251314,User: user38<br>Type: 3min<br>Split: train
user39,3min,train,629,-83.50522,-99.28785,-5.202793,-14.270741,User: user39<br>Type: 3min<br>Split: train
user40,3min,train,630,-75.781364,-8.141219,-8.495209,-16.190235,User: user40<br>Type: 3min<br>Split: train
user41,3min,train,631,-126.0254,163.50269,9.225589,1.9130527,User: user41<br>Type: 3min<br>Split: train
user42,3min,train,632,11.140395,147.74826,23.11541,25.920053,User: user42<br>Type: 3min<br>Split: train
user55,3min,train,633,-7.6376166,56.571766,-2.8181148,-2.4186778,User: user55<br>Type: 3min<br>Split: train
user57,3min,train,634,-92.59654,180.8146,-3.3841817,1.263645,User: user57<br>Type: 3min<br>Split: train
user58,3min,train,635,-194.49309,-81.73398,-10.251621,-18.946507,User: user58<br>Type: 3min<br>Split: train
user59,3min,train,636,-42.905766,122.347595,27.511705,4.744738,User: user59<br>Type: 3min<br>Split: train
user61,3min,train,637,13.136969,-132.71332,-1.2477435,18.28202,User: user61<br>Type: 3min<br>Split: train
user62,3min,train,638,-102.156555,38.147057,15.854194,34.661304,User: user62<br>Type: 3min<br>Split: train
user63,3min,train,639,-76.3527,-55.018288,-1.6564039,34.796886,User: user63<br>Type: 3min<br>Split: train
user65,3min,train,640,31.86232,-94.33745,-5.666408,-18.457743,User: user65<br>Type: 3min<br>Split: train
user66,3min,train,641,-30.797297,-98.508545,13.317204,20.404709,User: user66<br>Type: 3min<br>Split: train
user68,3min,train,642,-61.284966,-85.49953,0.38713062,3.954581,User: user68<br>Type: 3min<br>Split: train
user7,3min,train,643,-7.1419573,-177.19244,9.89014,-13.247504,User: user7<br>Type: 3min<br>Split: train
user70,3min,train,644,-53.917717,-110.53692,15.038913,23.534328,User: user70<br>Type: 3min<br>Split: train
user71,3min,train,645,131.66515,-36.84476,-6.552189,27.00697,User: user71<br>Type: 3min<br>Split: train
user73,3min,train,646,-22.528036,-53.160408,14.926377,1.9418113,User: user73<br>Type: 3min<br>Split: train
user75,3min,train,647,117.40484,166.2063,-13.831243,26.538889,User: user75<br>Type: 3min<br>Split: train
user76,3min,train,648,155.25519,-24.52458,23.378857,0.16340089,User: user76<br>Type: 3min<br>Split: train
user77,3min,train,649,-142.63501,-48.656788,4.2836213,2.8671162,User: user77<br>Type: 3min<br>Split: train
user79,3min,train,650,-30.512867,11.3816,8.376068,33.268284,User: user79<br>Type: 3min<br>Split: train
user82,3min,train,651,29.121454,-13.748628,15.152158,29.817852,User: user82<br>Type: 3min<br>Split: train
user83,3min,train,652,-25.770061,-124.25772,24.128265,18.659306,User: user83<br>Type: 3min<br>Split: train
user85,3min,train,653,136.38219,-81.04708,-11.001022,16.748753,User: user85<br>Type: 3min<br>Split: train
user89,3min,train,654,140.6399,-112.28211,36.16185,5.2383423,User: user89<br>Type: 3min<br>Split: train
user11,3min,train,655,-137.4076,-103.33537,30.592041,5.046521,User: user11<br>Type: 3min<br>Split: train
user14,3min,train,656,-145.96432,107.237465,-13.736378,-14.922339,User: user14<br>Type: 3min<br>Split: train
user16,3min,train,657,-14.740286,205.85985,11.562327,7.492486,User: user16<br>Type: 3min<br>Split: train
user17,3min,train,658,-195.68074,-15.931047,-12.422928,-6.0036,User: user17<br>Type: 3min<br>Split: train
user19,3min,train,659,-166.4242,-96.49441,3.1627946,-25.810068,User: user19<br>Type: 3min<br>Split: train
user2,3min,train,660,60.334183,-131.87576,-20.235342,8.40879,User: user2<br>Type: 3min<br>Split: train
user22,3min,train,661,-94.92357,6.672643,-13.164335,14.051126,User: user22<br>Type: 3min<br>Split: train
user30,3min,train,662,-133.4254,-133.25356,0.7018778,-10.847521,User: user30<br>Type: 3min<br>Split: train
user32,3min,train,663,-52.54509,200.63278,-5.660073,-7.607602,User: user32<br>Type: 3min<br>Split: train
user33,3min,train,664,-121.60412,127.08609,25.527548,29.831562,User: user33<br>Type: 3min<br>Split: train
user38,3min,train,665,-62.84318,171.02867,16.059599,-22.272408,User: user38<br>Type: 3min<br>Split: train
user40,3min,train,666,-75.781364,-8.141219,-8.4895935,-16.197628,User: user40<br>Type: 3min<br>Split: train
user41,3min,train,667,-126.0254,163.50269,5.9901514,-1.0477262,User: user41<br>Type: 3min<br>Split: train
user45,3min,train,668,-28.594263,32.087917,26.00241,8.986707,User: user45<br>Type: 3min<br>Split: train
user46,3min,train,669,-9.6432085,-35.762337,-2.1310866,21.794247,User: user46<br>Type: 3min<br>Split: train
user48,3min,train,670,54.93492,40.243313,14.277619,-18.673182,User: user48<br>Type: 3min<br>Split: train
user49,3min,train,671,142.51956,109.82349,9.284443,24.950941,User: user49<br>Type: 3min<br>Split: train
user50,3min,train,672,-165.25569,-29.547632,-3.85225,11.547176,User: user50<br>Type: 3min<br>Split: train
user52,3min,train,673,-137.88318,-23.181454,-4.096205,-17.235416,User: user52<br>Type: 3min<br>Split: train
user53,3min,train,674,91.53717,-59.223194,7.27261,26.739494,User: user53<br>Type: 3min<br>Split: train
user55,3min,train,675,-7.6376166,56.571766,-2.8235533,-2.4240186,User: user55<br>Type: 3min<br>Split: train
user56,3min,train,676,-116.01288,-83.58743,-6.6351357,32.57977,User: user56<br>Type: 3min<br>Split: train
user59,3min,train,677,-42.905766,122.347595,3.3125737,26.381815,User: user59<br>Type: 3min<br>Split: train
user6,3min,train,678,-143.42564,-76.430695,-25.47243,8.591296,User: user6<br>Type: 3min<br>Split: train
user61,3min,train,679,13.136969,-132.71332,-1.2827339,18.317236,User: user61<br>Type: 3min<br>Split: train
user62,3min,train,680,-161.29836,25.327385,-13.758258,-2.8304932,User: user62<br>Type: 3min<br>Split: train
user64,3min,train,681,-165.83238,-130.14728,7.046315,5.116523,User: user64<br>Type: 3min<br>Split: train
user65,3min,train,682,31.86232,-94.33745,-5.6672974,-18.457293,User: user65<br>Type: 3min<br>Split: train
user67,3min,train,683,-122.12124,97.05209,19.19887,16.33873,User: user67<br>Type: 3min<br>Split: train
user68,3min,train,684,-61.284966,-85.49953,0.60501117,4.1738777,User: user68<br>Type: 3min<br>Split: train
user7,3min,train,685,-7.1419573,-177.19244,9.887945,-13.249169,User: user7<br>Type: 3min<br>Split: train
user70,3min,train,686,-53.917717,-110.53692,4.879155,23.325056,User: user70<br>Type: 3min<br>Split: train
user71,3min,train,687,131.66515,-36.84476,-6.5418034,26.996338,User: user71<br>Type: 3min<br>Split: train
user75,3min,train,688,117.40484,166.2063,-13.817967,26.538,User: user75<br>Type: 3min<br>Split: train
user77,3min,train,689,-142.63501,-48.656788,4.283802,2.8673756,User: user77<br>Type: 3min<br>Split: train
user83,3min,train,690,-25.770061,-124.25772,24.13441,18.653969,User: user83<br>Type: 3min<br>Split: train
user84,3min,train,691,-97.5791,146.49004,20.33752,30.365803,User: user84<br>Type: 3min<br>Split: train
user88,3min,train,692,10.523731,-81.482994,-17.125513,2.665424,User: user88<br>Type: 3min<br>Split: train
user89,3min,train,693,140.6399,-112.28211,36.166584,5.242678,User: user89<br>Type: 3min<br>Split: train
user9,3min,train,694,75.78509,66.43162,-0.32838124,-26.638775,User: user9<br>Type: 3min<br>Split: train
user12,3min,train,695,-72.13619,-156.55666,-3.9379592,13.99827,User: user12<br>Type: 3min<br>Split: train
user14,3min,train,696,-145.96432,107.237465,-13.7256565,-14.911476,User: user14<br>Type: 3min<br>Split: train
user17,3min,train,697,-195.68074,-15.931047,18.265158,-9.525178,User: user17<br>Type: 3min<br>Split: train
user18,3min,train,698,-63.888412,73.953804,6.9155345,1.2666959,User: user18<br>Type: 3min<br>Split: train
user20,3min,train,699,-105.06311,77.88808,-13.448646,7.30234,User: user20<br>Type: 3min<br>Split: train
user22,3min,train,700,-94.92357,6.672643,-13.160992,14.053978,User: user22<br>Type: 3min<br>Split: train
user23,3min,train,701,-98.451775,-20.052794,15.442068,6.3509617,User: user23<br>Type: 3min<br>Split: train
user26,3min,train,702,-73.31034,115.66984,-18.524265,14.734883,User: user26<br>Type: 3min<br>Split: train
user28,3min,train,703,-25.982513,138.95264,26.75988,-13.168251,User: user28<br>Type: 3min<br>Split: train
user31,3min,train,704,12.347404,-1.844164,-20.358393,-1.8554176,User: user31<br>Type: 3min<br>Split: train
user34,3min,train,705,-46.07739,-41.95224,-9.296221,-1.6803467,User: user34<br>Type: 3min<br>Split: train
user39,3min,train,706,-83.50522,-99.28785,-5.2030635,-14.27051,User: user39<br>Type: 3min<br>Split: train
user43,3min,train,707,-38.40839,81.84102,21.058733,0.5039685,User: user43<br>Type: 3min<br>Split: train
user45,3min,train,708,-22.06412,36.96605,25.990553,8.999137,User: user45<br>Type: 3min<br>Split: train
user46,3min,train,709,-9.6432085,-35.762337,-2.1369572,21.800045,User: user46<br>Type: 3min<br>Split: train
user48,3min,train,710,59.70417,48.95577,14.296348,-18.691668,User: user48<br>Type: 3min<br>Split: train
user49,3min,train,711,142.51956,109.82349,9.288612,24.954933,User: user49<br>Type: 3min<br>Split: train
user50,3min,train,712,-165.25569,-29.547632,11.509958,-0.32259047,User: user50<br>Type: 3min<br>Split: train
user51,3min,train,713,-34.59145,-16.559484,-23.955956,5.1056995,User: user51<br>Type: 3min<br>Split: train
user53,3min,train,714,91.53717,-59.223194,27.721159,18.529924,User: user53<br>Type: 3min<br>Split: train
user56,3min,train,715,-116.01288,-83.58743,-6.6279926,32.572693,User: user56<br>Type: 3min<br>Split: train
user57,3min,train,716,-92.59654,180.8146,-14.074439,-18.614374,User: user57<br>Type: 3min<br>Split: train
user59,3min,train,717,-42.905766,122.347595,27.51094,4.7378445,User: user59<br>Type: 3min<br>Split: train
user60,3min,train,718,104.54602,92.16839,29.853115,15.61191,User: user60<br>Type: 3min<br>Split: train
user61,3min,train,719,13.136969,-132.71332,-1.2825278,18.317183,User: user61<br>Type: 3min<br>Split: train
user62,3min,train,720,-161.29836,25.327385,-13.7592,-2.8327916,User: user62<br>Type: 3min<br>Split: train
user62,3min,train,721,-105.7373,29.50931,15.845212,34.663956,User: user62<br>Type: 3min<br>Split: train
user64,3min,train,722,-165.83238,-130.14728,7.0562296,5.126437,User: user64<br>Type: 3min<br>Split: train
user66,3min,train,723,-30.797297,-98.508545,13.315213,20.407127,User: user66<br>Type: 3min<br>Split: train
user67,3min,train,724,-122.12124,97.05209,19.184006,16.322899,User: user67<br>Type: 3min<br>Split: train
user68,3min,train,725,-61.284966,-85.49953,0.70761967,4.2762146,User: user68<br>Type: 3min<br>Split: train
user69,3min,train,726,-101.18627,-143.4123,-1.1714066,-16.927914,User: user69<br>Type: 3min<br>Split: train
user7,3min,train,727,-7.1419573,-177.19244,9.890976,-13.248305,User: user7<br>Type: 3min<br>Split: train
user71,3min,train,728,131.66515,-36.84476,-6.553327,27.008142,User: user71<br>Type: 3min<br>Split: train
user73,3min,train,729,-28.42152,-53.697807,14.952366,1.9159238,User: user73<br>Type: 3min<br>Split: train
user74,3min,train,730,-152.19351,138.6777,17.210722,-0.5113209,User: user74<br>Type: 3min<br>Split: train
user75,3min,train,731,117.40484,166.2063,-13.8248,26.540089,User: user75<br>Type: 3min<br>Split: train
user76,3min,train,732,155.25519,-24.52458,23.255964,0.03892964,User: user76<br>Type: 3min<br>Split: train
user78,3min,train,733,-170.96631,-1.9590068,-18.496008,24.98654,User: user78<br>Type: 3min<br>Split: train
user80,3min,train,734,84.20569,-148.9275,10.515039,-5.8740077,User: user80<br>Type: 3min<br>Split: train
user85,3min,train,735,136.38219,-81.04708,-10.9929,16.766739,User: user85<br>Type: 3min<br>Split: train
user88,3min,train,736,15.223314,-78.70015,-17.125658,2.665391,User: user88<br>Type: 3min<br>Split: train
user89,3min,train,737,140.6399,-112.28211,36.15908,5.2353606,User: user89<br>Type: 3min<br>Split: train
user1,3min,train,738,13.863741,76.31855,35.071747,22.497982,User: user1<br>Type: 3min<br>Split: train
user10,3min,train,739,-1.3907136,97.334656,-6.0833454,-4.1215043,User: user10<br>Type: 3min<br>Split: train
user11,3min,train,740,-137.4076,-103.33537,30.585443,5.039812,User: user11<br>Type: 3min<br>Split: train
user12,3min,train,741,-72.13619,-156.55666,-3.937992,13.998411,User: user12<br>Type: 3min<br>Split: train
user13,3min,train,742,-138.71892,46.876972,18.848944,13.865573,User: user13<br>Type: 3min<br>Split: train
user14,3min,train,743,-145.96432,107.237465,-13.723719,-14.909485,User: user14<br>Type: 3min<br>Split: train
user15,3min,train,744,-108.41618,-112.25345,0.16709186,23.5297,User: user15<br>Type: 3min<br>Split: train
user2,3min,train,745,60.334183,-131.87576,-20.235224,8.408904,User: user2<br>Type: 3min<br>Split: train
user24,3min,train,746,-52.51017,5.934216,20.27039,12.146333,User: user24<br>Type: 3min<br>Split: train
user26,3min,train,747,-73.31034,115.66984,-18.514769,14.72553,User: user26<br>Type: 3min<br>Split: train
user3,3min,train,748,-31.38292,57.521156,5.7103367,-6.3513937,User: user3<br>Type: 3min<br>Split: train
user31,3min,train,749,12.347404,-1.844164,-20.36481,-1.8617541,User: user31<br>Type: 3min<br>Split: train
user34,3min,train,750,-46.07739,-41.95224,8.066176,-15.745525,User: user34<br>Type: 3min<br>Split: train
user35,3min,train,751,-9.899128,-6.2469883,5.5765896,-16.956947,User: user35<br>Type: 3min<br>Split: train
user36,3min,train,752,-196.6053,-46.669827,1.9413735,-7.8819447,User: user36<br>Type: 3min<br>Split: train
user37,3min,train,753,22.970564,107.643776,8.342619,7.8390026,User: user37<br>Type: 3min<br>Split: train
user38,3min,train,754,-62.84318,171.02867,16.086761,-22.245424,User: user38<br>Type: 3min<br>Split: train
user39,3min,train,755,-83.50522,-99.28785,17.795933,7.781897,User: user39<br>Type: 3min<br>Split: train
user4,3min,train,756,-89.33292,51.406857,2.1526358,11.391632,User: user4<br>Type: 3min<br>Split: train
user40,3min,train,757,-70.77144,-8.9134865,-8.492363,-16.200422,User: user40<br>Type: 3min<br>Split: train
user42,3min,train,758,11.140395,147.74826,23.121035,25.927227,User: user42<br>Type: 3min<br>Split: train
user43,3min,train,759,-38.40839,81.84102,-8.51785,-11.869889,User: user43<br>Type: 3min<br>Split: train
user44,3min,train,760,-97.63191,-53.365215,-17.910961,31.56884,User: user44<br>Type: 3min<br>Split: train
user45,3min,train,761,-23.608673,32.238403,25.99076,8.998777,User: user45<br>Type: 3min<br>Split: train
user46,3min,train,762,-9.6432085,-35.762337,-2.1413276,21.804438,User: user46<br>Type: 3min<br>Split: train
user47,3min,train,763,53.44146,-4.4149036,1.1788228,28.870989,User: user47<br>Type: 3min<br>Split: train
user48,3min,train,764,63.466167,45.12324,14.269687,-18.665293,User: user48<br>Type: 3min<br>Split: train
user49,3min,train,765,142.51956,109.82349,9.285677,24.952398,User: user49<br>Type: 3min<br>Split: train
user53,3min,train,766,83.402824,-52.540257,7.2666984,26.732515,User: user53<br>Type: 3min<br>Split: train
user54,3min,train,767,41.798813,-47.438316,2.6543622,-21.195324,User: user54<br>Type: 3min<br>Split: train
user57,3min,train,768,-92.59654,180.8146,-3.3840964,1.2636477,User: user57<br>Type: 3min<br>Split: train
user58,3min,train,769,-194.49309,-81.73398,-10.295716,-18.902824,User: user58<br>Type: 3min<br>Split: train
user60,3min,train,770,104.54602,92.16839,11.126983,18.47571,User: user60<br>Type: 3min<br>Split: train
user61,3min,train,771,13.136969,-132.71332,-1.2506156,18.28609,User: user61<br>Type: 3min<br>Split: train
user62,3min,train,772,-161.29836,25.327385,-13.761289,-2.8315208,User: user62<br>Type: 3min<br>Split: train
user63,3min,train,773,-76.3527,-55.018288,-1.654142,34.79531,User: user63<br>Type: 3min<br>Split: train
user64,3min,train,774,-165.83238,-130.14728,7.0456314,5.115791,User: user64<br>Type: 3min<br>Split: train
user65,3min,train,775,31.86232,-94.33745,-5.6675315,-18.457123,User: user65<br>Type: 3min<br>Split: train
user66,3min,train,776,-30.797297,-98.508545,13.316973,20.405188,User: user66<br>Type: 3min<br>Split: train
user67,3min,train,777,-122.12124,97.05209,19.200676,16.340942,User: user67<br>Type: 3min<br>Split: train
user68,3min,train,778,-61.284966,-85.49953,0.37393224,3.941055,User: user68<br>Type: 3min<br>Split: train
user69,3min,train,779,-101.18627,-143.4123,-2.230688,-14.211732,User: user69<br>Type: 3min<br>Split: train
user7,3min,train,780,-7.1419573,-177.19244,-5.606411,9.4631195,User: user7<br>Type: 3min<br>Split: train
user70,3min,train,781,-53.917717,-110.53692,4.8792315,23.324574,User: user70<br>Type: 3min<br>Split: train
user71,3min,train,782,131.66515,-36.84476,-6.5532866,27.008062,User: user71<br>Type: 3min<br>Split: train
user75,3min,train,783,117.40484,166.2063,-13.832249,26.541794,User: user75<br>Type: 3min<br>Split: train
user79,3min,train,784,-30.512867,11.3816,8.37698,33.269215,User: user79<br>Type: 3min<br>Split: train
user83,3min,train,785,-25.770061,-124.25772,24.113247,18.67549,User: user83<br>Type: 3min<br>Split: train
user84,3min,train,786,-97.5791,146.49004,20.337284,30.353626,User: user84<br>Type: 3min<br>Split: train
user87,3min,train,787,12.871375,46.512875,-2.8555455,24.223997,User: user87<br>Type: 3min<br>Split: train
user88,3min,train,788,15.223314,-78.70015,-17.125368,2.6654363,User: user88<br>Type: 3min<br>Split: train
user89,3min,train,789,140.6399,-112.28211,36.157837,5.2343216,User: user89<br>Type: 3min<br>Split: train
user10,3min,train,790,-1.3907136,97.334656,-6.078914,-4.130567,User: user10<br>Type: 3min<br>Split: train
user15,3min,train,791,-108.41618,-112.25345,0.16699907,23.529686,User: user15<br>Type: 3min<br>Split: train
user16,3min,train,792,-14.740286,205.85985,11.565353,7.4897013,User: user16<br>Type: 3min<br>Split: train
user18,3min,train,793,-63.888412,73.953804,6.909022,1.2609456,User: user18<br>Type: 3min<br>Split: train
user22,3min,train,794,-94.92357,6.672643,-13.176761,14.038264,User: user22<br>Type: 3min<br>Split: train
user24,3min,train,795,-52.40137,0.21165341,5.496134,18.386606,User: user24<br>Type: 3min<br>Split: train
user25,3min,train,796,-132.98659,73.275345,8.290585,-6.3185716,User: user25<br>Type: 3min<br>Split: train
user26,3min,train,797,-73.31034,115.66984,-18.515015,14.725739,User: user26<br>Type: 3min<br>Split: train
user29,3min,train,798,-164.6717,54.795074,-6.5380683,22.491512,User: user29<br>Type: 3min<br>Split: train
user3,3min,train,799,-32.380524,65.15644,5.6928687,-6.3687797,User: user3<br>Type: 3min<br>Split: train
user32,3min,train,800,-52.54509,200.63278,-5.8502827,-7.7990723,User: user32<br>Type: 3min<br>Split: train
user34,3min,train,801,-42.164413,-38.25206,-9.296419,-1.6807432,User: user34<br>Type: 3min<br>Split: train
user37,3min,train,802,22.970564,107.643776,8.967499,7.3189526,User: user37<br>Type: 3min<br>Split: train
user43,3min,train,803,-38.40839,81.84102,-8.52491,-11.876076,User: user43<br>Type: 3min<br>Split: train
user46,3min,train,804,-9.6432085,-35.762337,-2.1353858,21.798307,User: user46<br>Type: 3min<br>Split: train
user48,3min,train,805,63.466167,45.12324,14.290589,-18.685888,User: user48<br>Type: 3min<br>Split: train
user5,3min,train,806,-144.17363,2.538802,-16.974497,-0.843922,User: user5<br>Type: 3min<br>Split: train
user51,3min,train,807,-34.59145,-16.559484,-23.963348,5.098438,User: user51<br>Type: 3min<br>Split: train
user52,3min,train,808,-137.88318,-23.181454,-4.0964923,-17.235634,User: user52<br>Type: 3min<br>Split: train
user53,3min,train,809,91.53717,-59.223194,7.2661257,26.7319,User: user53<br>Type: 3min<br>Split: train
user54,3min,train,810,48.614914,-41.05999,2.6624799,-21.183939,User: user54<br>Type: 3min<br>Split: train
user55,3min,train,811,-12.099864,53.11249,-2.8343618,-2.4347768,User: user55<br>Type: 3min<br>Split: train
user56,3min,train,812,-116.01288,-83.58743,-6.6215787,32.566242,User: user56<br>Type: 3min<br>Split: train
user57,3min,train,813,-92.59654,180.8146,-3.3840196,1.2634512,User: user57<br>Type: 3min<br>Split: train
user58,3min,train,814,-194.49309,-81.73398,-10.254481,-18.942038,User: user58<br>Type: 3min<br>Split: train
user59,3min,train,815,-42.905766,122.347595,27.514097,4.7359343,User: user59<br>Type: 3min<br>Split: train
user6,3min,train,816,-143.42564,-76.430695,-25.472794,8.590945,User: user6<br>Type: 3min<br>Split: train
user60,3min,train,817,104.54602,92.16839,11.126254,18.47565,User: user60<br>Type: 3min<br>Split: train
user61,3min,train,818,13.136969,-132.71332,-1.2620963,18.297564,User: user61<br>Type: 3min<br>Split: train
user62,3min,train,819,-161.29836,25.327385,-13.7610655,-2.8319578,User: user62<br>Type: 3min<br>Split: train
user65,3min,train,820,31.86232,-94.33745,-5.667443,-18.457207,User: user65<br>Type: 3min<br>Split: train
user7,3min,train,821,-7.1419573,-177.19244,-5.6066074,9.461675,User: user7<br>Type: 3min<br>Split: train
user73,3min,train,822,-22.528036,-53.160408,15.028621,1.8402226,User: user73<br>Type: 3min<br>Split: train
user74,3min,train,823,-152.19351,138.6777,17.210676,-0.5113392,User: user74<br>Type: 3min<br>Split: train
user77,3min,train,824,-142.63501,-48.656788,4.2877326,2.8713439,User: user77<br>Type: 3min<br>Split: train
user78,3min,train,825,-170.96631,-1.9590068,-18.494087,24.987513,User: user78<br>Type: 3min<br>Split: train
user80,3min,train,826,84.20569,-148.9275,20.808224,21.366125,User: user80<br>Type: 3min<br>Split: train
user84,3min,train,827,-97.5791,146.49004,20.332752,30.360096,User: user84<br>Type: 3min<br>Split: train
user85,3min,train,828,136.38219,-81.04708,-10.999529,16.74483,User: user85<br>Type: 3min<br>Split: train
user86,3min,train,829,-46.58125,-171.89458,26.837482,-18.539225,User: user86<br>Type: 3min<br>Split: train
user89,3min,train,830,140.6399,-112.28211,36.149094,5.225308,User: user89<br>Type: 3min<br>Split: train
user9,3min,train,831,85.470345,69.392166,-0.33209962,-26.634789,User: user9<br>Type: 3min<br>Split: train
user10,3min,train,832,-1.3907136,97.334656,-6.0814295,-4.120186,User: user10<br>Type: 3min<br>Split: train
user12,3min,train,833,-72.13619,-156.55666,-10.869199,-8.456833,User: user12<br>Type: 3min<br>Split: train
user14,3min,train,834,-145.96432,107.237465,-13.748934,-14.934967,User: user14<br>Type: 3min<br>Split: train
user17,3min,train,835,-195.68074,-15.931047,18.27388,-9.5338745,User: user17<br>Type: 3min<br>Split: train
user20,3min,train,836,-105.06311,77.88808,-13.44874,7.3024173,User: user20<br>Type: 3min<br>Split: train
user21,3min,train,837,-60.06158,-23.163872,20.21015,6.055993,User: user21<br>Type: 3min<br>Split: train
user25,3min,train,838,-132.98659,73.275345,19.35106,-5.6194324,User: user25<br>Type: 3min<br>Split: train
user29,3min,train,839,-164.6717,54.795074,-6.53853,22.491571,User: user29<br>Type: 3min<br>Split: train
user3,3min,train,840,-36.397167,58.08161,5.69803,-6.3638268,User: user3<br>Type: 3min<br>Split: train
user30,3min,train,841,-133.4254,-133.25356,0.7010759,-10.847145,User: user30<br>Type: 3min<br>Split: train
user31,3min,train,842,12.347404,-1.844164,-20.35995,-1.856931,User: user31<br>Type: 3min<br>Split: train
user32,3min,train,843,-52.54509,200.63278,-5.847958,-7.796767,User: user32<br>Type: 3min<br>Split: train
user33,3min,train,844,-121.60412,127.08609,25.527876,29.831257,User: user33<br>Type: 3min<br>Split: train
user34,3min,train,845,-46.07739,-41.95224,-9.296703,-1.6804698,User: user34<br>Type: 3min<br>Split: train
user35,3min,train,846,167.05638,-2.6472218,28.638739,-10.342586,User: user35<br>Type: 3min<br>Split: train
user35,3min,train,847,-9.899128,-6.2469883,5.57199,-16.960596,User: user35<br>Type: 3min<br>Split: train
user36,3min,train,848,-196.6053,-46.669827,1.9383876,-7.8856616,User: user36<br>Type: 3min<br>Split: train
user39,3min,train,849,-83.50522,-99.28785,17.795088,7.783066,User: user39<br>Type: 3min<br>Split: train
user4,3min,train,850,-89.33292,51.406857,-3.436426,17.715525,User: user4<br>Type: 3min<br>Split: train
user40,3min,train,851,-71.57965,-4.132366,-8.487737,-16.199894,User: user40<br>Type: 3min<br>Split: train
user41,3min,train,852,-126.0254,163.50269,5.99575,-1.0588775,User: user41<br>Type: 3min<br>Split: train
user46,3min,train,853,-11.69883,-30.652655,-2.1337922,21.79691,User: user46<br>Type: 3min<br>Split: train
user5,3min,train,854,-144.17363,2.538802,0.9479673,-13.791761,User: user5<br>Type: 3min<br>Split: train
user51,3min,train,855,-34.59145,-16.559484,-23.959146,5.102383,User: user51<br>Type: 3min<br>Split: train
user52,3min,train,856,-137.88318,-23.181454,-4.09616,-17.235403,User: user52<br>Type: 3min<br>Split: train
user57,3min,train,857,-92.59654,180.8146,-3.3876095,1.2730091,User: user57<br>Type: 3min<br>Split: train
user58,3min,train,858,-194.49309,-81.73398,-10.251472,-18.946362,User: user58<br>Type: 3min<br>Split: train
user59,3min,train,859,-42.905766,122.347595,3.3189445,26.38821,User: user59<br>Type: 3min<br>Split: train
user6,3min,train,860,-143.42564,-76.430695,-25.462206,8.601617,User: user6<br>Type: 3min<br>Split: train
user60,3min,train,861,104.54602,92.16839,11.126961,18.475601,User: user60<br>Type: 3min<br>Split: train
user63,3min,train,862,-76.3527,-55.018288,11.370901,-7.2385645,User: user63<br>Type: 3min<br>Split: train
user67,3min,train,863,-122.12124,97.05209,19.18074,16.320389,User: user67<br>Type: 3min<br>Split: train
user71,3min,train,864,131.66515,-36.84476,-6.5701246,27.02523,User: user71<br>Type: 3min<br>Split: train
user73,3min,train,865,-28.42152,-53.697807,14.783747,2.0847068,User: user73<br>Type: 3min<br>Split: train
user74,3min,train,866,-152.19351,138.6777,17.203245,-0.5188201,User: user74<br>Type: 3min<br>Split: train
user75,3min,train,867,117.40484,166.2063,-13.831431,26.538792,User: user75<br>Type: 3min<br>Split: train
user76,3min,train,868,155.25519,-24.52458,23.26743,0.050245922,User: user76<br>Type: 3min<br>Split: train
user8,3min,train,869,-129.58746,24.109426,15.683759,19.512857,User: user8<br>Type: 3min<br>Split: train
user81,3min,train,870,-113.86219,54.042454,14.996817,15.273132,User: user81<br>Type: 3min<br>Split: train
user82,3min,train,871,29.121454,-13.748628,15.15447,29.815302,User: user82<br>Type: 3min<br>Split: train
user84,3min,train,872,-97.5791,146.49004,20.33514,30.357676,User: user84<br>Type: 3min<br>Split: train
user87,3min,train,873,12.871375,46.512875,-2.8577683,24.226349,User: user87<br>Type: 3min<br>Split: train
user88,3min,train,874,15.223314,-78.70015,22.940048,5.0938487,User: user88<br>Type: 3min<br>Split: train
user89,3min,train,875,140.6399,-112.28211,36.160667,5.236794,User: user89<br>Type: 3min<br>Split: train
user13,3min,train,876,-138.71892,46.876972,18.873507,13.889675,User: user13<br>Type: 3min<br>Split: train
user15,3min,train,877,-108.41618,-112.25345,19.088533,27.053331,User: user15<br>Type: 3min<br>Split: train
user21,3min,train,878,-54.6782,-24.618101,20.208752,6.0572224,User: user21<br>Type: 3min<br>Split: train
user23,3min,train,879,-98.451775,-20.052794,15.442746,6.3476195,User: user23<br>Type: 3min<br>Split: train
user24,3min,train,880,-52.40137,0.21165341,20.276712,12.152371,User: user24<br>Type: 3min<br>Split: train
user27,3min,train,881,154.21333,-52.922832,-19.615276,17.857676,User: user27<br>Type: 3min<br>Split: train
user28,3min,train,882,-16.752575,142.8599,26.761171,-13.167071,User: user28<br>Type: 3min<br>Split: train
user29,3min,train,883,-164.6717,54.795074,0.45837995,31.134586,User: user29<br>Type: 3min<br>Split: train
user30,3min,train,884,-133.4254,-133.25356,2.6597316,-12.037924,User: user30<br>Type: 3min<br>Split: train
user31,3min,train,885,12.347404,-1.844164,-20.35994,-1.8569155,User: user31<br>Type: 3min<br>Split: train
user32,3min,train,886,-52.54509,200.63278,-5.8624988,-7.8113384,User: user32<br>Type: 3min<br>Split: train
user35,3min,train,887,167.05638,-2.6472218,28.637106,-10.344252,User: user35<br>Type: 3min<br>Split: train
user35,3min,train,888,-9.899128,-6.2469883,5.5769367,-16.956297,User: user35<br>Type: 3min<br>Split: train
user40,3min,train,889,-76.4712,-2.9430878,-8.503445,-16.185005,User: user40<br>Type: 3min<br>Split: train
user42,3min,train,890,11.140395,147.74826,23.124725,25.930452,User: user42<br>Type: 3min<br>Split: train
user48,3min,train,891,63.466167,45.12324,14.287369,-18.682693,User: user48<br>Type: 3min<br>Split: train
user54,3min,train,892,48.614914,-41.05999,2.6567166,-21.196428,User: user54<br>Type: 3min<br>Split: train
user56,3min,train,893,-116.01288,-83.58743,-6.6317663,32.576393,User: user56<br>Type: 3min<br>Split: train
user58,3min,train,894,-194.49309,-81.73398,-10.294093,-18.903646,User: user58<br>Type: 3min<br>Split: train
user59,3min,train,895,-52.860874,116.49881,27.511726,4.744358,User: user59<br>Type: 3min<br>Split: train
user6,3min,train,896,-143.42564,-76.430695,-25.46828,8.595574,User: user6<br>Type: 3min<br>Split: train
user62,3min,train,897,-161.29836,25.327385,-13.748992,-2.8235064,User: user62<br>Type: 3min<br>Split: train
user62,3min,train,898,-105.7373,29.50931,15.8452425,34.664005,User: user62<br>Type: 3min<br>Split: train
user63,3min,train,899,-76.3527,-55.018288,-1.6641426,34.804646,User: user63<br>Type: 3min<br>Split: train
user64,3min,train,900,-165.83238,-130.14728,6.99791,5.0681243,User: user64<br>Type: 3min<br>Split: train
user65,3min,train,901,31.86232,-94.33745,3.0319464,5.3172235,User: user65<br>Type: 3min<br>Split: train
user68,3min,train,902,-61.284966,-85.49953,0.7138761,4.2823315,User: user68<br>Type: 3min<br>Split: train
user69,3min,train,903,-101.18627,-143.4123,-1.1703733,-16.92695,User: user69<br>Type: 3min<br>Split: train
user7,3min,train,904,-7.1419573,-177.19244,-5.6065826,9.461774,User: user7<br>Type: 3min<br>Split: train
user72,3min,train,905,13.62859,22.772324,32.82464,1.2124377,User: user72<br>Type: 3min<br>Split: train
user73,3min,train,906,-28.42152,-53.697807,14.933401,1.934674,User: user73<br>Type: 3min<br>Split: train
user75,3min,train,907,117.40484,166.2063,-13.829441,26.536795,User: user75<br>Type: 3min<br>Split: train
user77,3min,train,908,-142.63501,-48.656788,4.152512,2.7332382,User: user77<br>Type: 3min<br>Split: train
user79,3min,train,909,-30.512867,11.3816,8.367105,33.259373,User: user79<br>Type: 3min<br>Split: train
user83,3min,train,910,-25.770061,-124.25772,24.11166,18.677235,User: user83<br>Type: 3min<br>Split: train
user84,3min,train,911,-97.5791,146.49004,20.325867,30.367016,User: user84<br>Type: 3min<br>Split: train
user86,3min,train,912,-46.58125,-171.89458,26.839518,-18.533245,User: user86<br>Type: 3min<br>Split: train
user88,3min,train,913,15.223314,-78.70015,-17.123453,2.6674848,User: user88<br>Type: 3min<br>Split: train
user9,3min,train,914,75.78509,66.43162,-0.3348381,-26.631838,User: user9<br>Type: 3min<br>Split: train
user12,3min,train,915,-72.13619,-156.55666,-3.938074,13.998558,User: user12<br>Type: 3min<br>Split: train
user16,3min,train,916,-14.740286,205.85985,11.467519,7.588408,User: user16<br>Type: 3min<br>Split: train
user18,3min,train,917,-63.888412,73.953804,6.9336343,1.2854854,User: user18<br>Type: 3min<br>Split: train
user2,3min,train,918,60.334183,-131.87576,-20.235197,8.409002,User: user2<br>Type: 3min<br>Split: train
user21,3min,train,919,-60.06158,-23.163872,20.212837,6.052453,User: user21<br>Type: 3min<br>Split: train
user23,3min,train,920,-98.451775,-20.052794,15.4428215,6.350298,User: user23<br>Type: 3min<br>Split: train
user28,3min,train,921,-16.752575,142.8599,26.761305,-13.166928,User: user28<br>Type: 3min<br>Split: train
user3,3min,train,922,-36.397167,58.08161,5.708373,-6.3532424,User: user3<br>Type: 3min<br>Split: train
user30,3min,train,923,-133.4254,-133.25356,2.673421,-12.022618,User: user30<br>Type: 3min<br>Split: train
user31,3min,train,924,12.347404,-1.844164,-20.364574,-1.8614852,User: user31<br>Type: 3min<br>Split: train
user32,3min,train,925,-52.54509,200.63278,-5.847783,-7.796562,User: user32<br>Type: 3min<br>Split: train
user35,3min,train,926,-20.335432,-5.0037894,5.5762696,-16.957096,User: user35<br>Type: 3min<br>Split: train
user36,3min,train,927,-196.6053,-46.669827,1.9402875,-7.883411,User: user36<br>Type: 3min<br>Split: train
user42,3min,train,928,11.140395,147.74826,23.123287,25.927084,User: user42<br>Type: 3min<br>Split: train
user43,3min,train,929,-38.40839,81.84102,-8.523697,-11.8779,User: user43<br>Type: 3min<br>Split: train
user45,3min,train,930,-27.081148,36.82445,25.98362,9.0055485,User: user45<br>Type: 3min<br>Split: train
user51,3min,train,931,-34.59145,-16.559484,-23.966934,5.0947495,User: user51<br>Type: 3min<br>Split: train
user52,3min,train,932,-137.88318,-23.181454,14.37036,-24.734667,User: user52<br>Type: 3min<br>Split: train
user53,3min,train,933,91.53717,-59.223194,7.2661242,26.731827,User: user53<br>Type: 3min<br>Split: train
user56,3min,train,934,-116.01288,-83.58743,-6.6211395,32.5658,User: user56<br>Type: 3min<br>Split: train
user58,3min,train,935,-194.49309,-81.73398,-10.295777,-18.90274,User: user58<br>Type: 3min<br>Split: train
user59,3min,train,936,-42.905766,122.347595,27.511618,4.744143,User: user59<br>Type: 3min<br>Split: train
user6,3min,train,937,-143.42564,-76.430695,-25.480536,8.5832405,User: user6<br>Type: 3min<br>Split: train
user60,3min,train,938,104.54602,92.16839,11.127002,18.475845,User: user60<br>Type: 3min<br>Split: train
user62,3min,train,939,-161.29836,25.327385,-13.757592,-2.8286443,User: user62<br>Type: 3min<br>Split: train
user63,3min,train,940,-76.3527,-55.018288,11.370862,-7.238477,User: user63<br>Type: 3min<br>Split: train
user66,3min,train,941,-30.797297,-98.508545,13.312717,20.4016,User: user66<br>Type: 3min<br>Split: train
user68,3min,train,942,-61.284966,-85.49953,0.37522346,3.9427655,User: user68<br>Type: 3min<br>Split: train
user7,3min,train,943,-7.1419573,-177.19244,-5.6065307,9.461868,User: user7<br>Type: 3min<br>Split: train
user70,3min,train,944,-53.917717,-110.53692,4.885403,23.3313,User: user70<br>Type: 3min<br>Split: train
user71,3min,train,945,131.66515,-36.84476,-6.551544,27.006325,User: user71<br>Type: 3min<br>Split: train
user73,3min,train,946,-28.42152,-53.697807,14.777268,2.0911608,User: user73<br>Type: 3min<br>Split: train
user74,3min,train,947,-152.19351,138.6777,17.206453,-0.515608,User: user74<br>Type: 3min<br>Split: train
user76,3min,train,948,155.25519,-24.52458,23.369532,0.15405819,User: user76<br>Type: 3min<br>Split: train
user77,3min,train,949,-142.63501,-48.656788,4.2820787,2.8655934,User: user77<br>Type: 3min<br>Split: train
user81,3min,train,950,-113.86219,54.042454,10.703075,4.24428,User: user81<br>Type: 3min<br>Split: train
user83,3min,train,951,-25.770061,-124.25772,24.110592,18.678297,User: user83<br>Type: 3min<br>Split: train
user84,3min,train,952,-97.5791,146.49004,20.33437,30.358603,User: user84<br>Type: 3min<br>Split: train
user85,3min,train,953,136.38219,-81.04708,-11.003405,16.748983,User: user85<br>Type: 3min<br>Split: train
user86,3min,train,954,-46.58125,-171.89458,26.84121,-18.531496,User: user86<br>Type: 3min<br>Split: train
user87,3min,train,955,12.871375,46.512875,-2.8578382,24.226416,User: user87<br>Type: 3min<br>Split: train
user88,3min,train,956,15.223314,-78.70015,-17.129007,2.6619422,User: user88<br>Type: 3min<br>Split: train
user89,3min,train,957,140.6399,-112.28211,36.15295,5.228711,User: user89<br>Type: 3min<br>Split: train
user9,3min,train,958,85.470345,69.392166,-0.32544,-26.64119,User: user9<br>Type: 3min<br>Split: train
user1,3min,train,959,15.5723505,67.43697,35.071575,22.49781,User: user1<br>Type: 3min<br>Split: train
user15,3min,train,960,-108.41618,-112.25345,19.08896,27.051786,User: user15<br>Type: 3min<br>Split: train
user16,3min,train,961,-14.740286,205.85985,11.457362,7.5984135,User: user16<br>Type: 3min<br>Split: train
user18,3min,train,962,-63.888412,73.953804,6.939196,1.2815316,User: user18<br>Type: 3min<br>Split: train
user19,3min,train,963,-166.4242,-96.49441,14.7303095,-14.4165325,User: user19<br>Type: 3min<br>Split: train
user22,3min,train,964,-94.92357,6.672643,-13.161729,14.053187,User: user22<br>Type: 3min<br>Split: train
user23,3min,train,965,-98.451775,-20.052794,15.435996,6.356227,User: user23<br>Type: 3min<br>Split: train
user28,3min,train,966,-16.752575,142.8599,26.76758,-13.160218,User: user28<br>Type: 3min<br>Split: train
user3,3min,train,967,-36.397167,58.08161,5.667323,-6.393988,User: user3<br>Type: 3min<br>Split: train
user30,3min,train,968,-133.4254,-133.25356,2.655816,-12.042339,User: user30<br>Type: 3min<br>Split: train
user31,3min,train,969,12.347404,-1.844164,-20.359762,-1.8567641,User: user31<br>Type: 3min<br>Split: train
user35,3min,train,970,167.05638,-2.6472218,28.63724,-10.3441105,User: user35<br>Type: 3min<br>Split: train
user36,3min,train,971,-196.6053,-46.669827,1.938896,-7.885078,User: user36<br>Type: 3min<br>Split: train
user4,3min,train,972,-89.33292,51.406857,-3.4372985,17.71454,User: user4<br>Type: 3min<br>Split: train
user40,3min,train,973,-75.781364,-8.141219,-8.481243,-16.196602,User: user40<br>Type: 3min<br>Split: train
user41,3min,train,974,-126.0254,163.50269,5.990364,-1.0481262,User: user41<br>Type: 3min<br>Split: train
user43,3min,train,975,-38.40839,81.84102,21.058886,0.50403374,User: user43<br>Type: 3min<br>Split: train
user44,3min,train,976,-126.801575,-63.609825,-17.88814,31.546122,User: user44<br>Type: 3min<br>Split: train
user46,3min,train,977,-9.6432085,-35.762337,-2.135213,21.798252,User: user46<br>Type: 3min<br>Split: train
user47,3min,train,978,53.44146,-4.4149036,1.1766015,28.873142,User: user47<br>Type: 3min<br>Split: train
user48,3min,train,979,63.466167,45.12324,14.265497,-18.661186,User: user48<br>Type: 3min<br>Split: train
user50,3min,train,980,-165.25569,-29.547632,-3.8522077,11.547028,User: user50<br>Type: 3min<br>Split: train
user51,3min,train,981,-34.59145,-16.559484,-23.958912,5.102623,User: user51<br>Type: 3min<br>Split: train
user53,3min,train,982,91.53717,-59.223194,27.721159,18.529938,User: user53<br>Type: 3min<br>Split: train
user57,3min,train,983,-92.59654,180.8146,-3.3843226,1.2639115,User: user57<br>Type: 3min<br>Split: train
user61,3min,train,984,13.136969,-132.71332,-1.2477467,18.282478,User: user61<br>Type: 3min<br>Split: train
user62,3min,train,985,-161.29836,25.327385,-13.762344,-2.8303785,User: user62<br>Type: 3min<br>Split: train
user62,3min,train,986,-105.7373,29.50931,15.84452,34.66321,User: user62<br>Type: 3min<br>Split: train
user63,3min,train,987,-76.3527,-55.018288,11.370923,-7.2382903,User: user63<br>Type: 3min<br>Split: train
user65,3min,train,988,31.86232,-94.33745,3.0304127,5.31565,User: user65<br>Type: 3min<br>Split: train
user68,3min,train,989,-61.284966,-85.49953,0.70613015,4.274688,User: user68<br>Type: 3min<br>Split: train
user70,3min,train,990,-53.917717,-110.53692,15.03808,23.533627,User: user70<br>Type: 3min<br>Split: train
user74,3min,train,991,-152.19351,138.6777,17.2199,-0.5019308,User: user74<br>Type: 3min<br>Split: train
user75,3min,train,992,117.40484,166.2063,-13.832238,26.539486,User: user75<br>Type: 3min<br>Split: train
user78,3min,train,993,-170.96631,-1.9590068,-18.4977,24.986187,User: user78<br>Type: 3min<br>Split: train
user80,3min,train,994,84.20569,-148.9275,20.808214,21.36614,User: user80<br>Type: 3min<br>Split: train
user81,3min,train,995,-113.86219,54.042454,10.694858,4.231657,User: user81<br>Type: 3min<br>Split: train
user82,3min,train,996,33.775627,-10.916876,15.152491,29.817123,User: user82<br>Type: 3min<br>Split: train
user83,3min,train,997,-25.770061,-124.25772,24.094545,18.694347,User: user83<br>Type: 3min<br>Split: train
user85,3min,train,998,136.38219,-81.04708,-11.003136,16.749315,User: user85<br>Type: 3min<br>Split: train
user87,3min,train,999,12.871375,46.512875,-2.8590212,24.22756,User: user87<br>Type: 3min<br>Split: train
user89,3min,train,1000,140.6399,-112.28211,36.160164,5.2310405,User: user89<br>Type: 3min<br>Split: train
user15,3min,train,1001,-108.41618,-112.25345,0.16719744,23.529707,User: user15<br>Type: 3min<br>Split: train
user17,3min,train,1002,-195.68074,-15.931047,18.265953,-9.525534,User: user17<br>Type: 3min<br>Split: train
user18,3min,train,1003,-63.888412,73.953804,6.908689,1.2605722,User: user18<br>Type: 3min<br>Split: train
user20,3min,train,1004,-105.06311,77.88808,5.098494,6.013891,User: user20<br>Type: 3min<br>Split: train
user21,3min,train,1005,-60.06158,-23.163872,20.2141,6.0518723,User: user21<br>Type: 3min<br>Split: train
user24,3min,train,1006,-52.51017,5.934216,5.493696,18.384245,User: user24<br>Type: 3min<br>Split: train
user25,3min,train,1007,-132.98659,73.275345,19.351444,-5.619433,User: user25<br>Type: 3min<br>Split: train
user26,3min,train,1008,-73.31034,115.66984,-18.502361,14.7130375,User: user26<br>Type: 3min<br>Split: train
user27,3min,train,1009,154.21333,-52.922832,-19.615294,17.857779,User: user27<br>Type: 3min<br>Split: train
user29,3min,train,1010,-164.6717,54.795074,0.4593326,31.13394,User: user29<br>Type: 3min<br>Split: train
user30,3min,train,1011,-133.4254,-133.25356,0.70112586,-10.847109,User: user30<br>Type: 3min<br>Split: train
user31,3min,train,1012,12.347404,-1.844164,-20.349707,-1.8467506,User: user31<br>Type: 3min<br>Split: train
user36,3min,train,1013,-196.6053,-46.669827,1.9389403,-7.885194,User: user36<br>Type: 3min<br>Split: train
user39,3min,train,1014,-83.50522,-99.28785,17.794792,7.7835116,User: user39<br>Type: 3min<br>Split: train
user40,3min,train,1015,-76.4712,-2.9430878,-8.482109,-16.186533,User: user40<br>Type: 3min<br>Split: train
user42,3min,train,1016,11.140395,147.74826,23.121181,25.926823,User: user42<br>Type: 3min<br>Split: train
user44,3min,train,1017,-97.63191,-53.365215,-17.899271,31.557152,User: user44<br>Type: 3min<br>Split: train
user45,3min,train,1018,-22.06412,36.96605,25.992342,8.9973545,User: user45<br>Type: 3min<br>Split: train
user47,3min,train,1019,53.44146,-4.4149036,1.1794217,28.869686,User: user47<br>Type: 3min<br>Split: train
user48,3min,train,1020,59.70417,48.95577,14.287462,-18.682817,User: user48<br>Type: 3min<br>Split: train
user49,3min,train,1021,142.51956,109.82349,9.288467,24.954708,User: user49<br>Type: 3min<br>Split: train
user51,3min,train,1022,-34.00116,-6.956563,-23.961191,5.100529,User: user51<br>Type: 3min<br>Split: train
user53,3min,train,1023,83.402824,-52.540257,7.258803,26.725029,User: user53<br>Type: 3min<br>Split: train
user55,3min,train,1024,-12.099864,53.11249,-2.82629,-2.426903,User: user55<br>Type: 3min<br>Split: train
user56,3min,train,1025,-116.01288,-83.58743,-6.6271315,32.57178,User: user56<br>Type: 3min<br>Split: train
user58,3min,train,1026,-194.49309,-81.73398,-10.295661,-18.90285,User: user58<br>Type: 3min<br>Split: train
user60,3min,train,1027,104.54602,92.16839,11.127088,18.475824,User: user60<br>Type: 3min<br>Split: train
user62,3min,train,1028,-161.29836,25.327385,-13.765582,-2.827065,User: user62<br>Type: 3min<br>Split: train
user62,3min,train,1029,-105.7373,29.50931,15.8527355,34.67142,User: user62<br>Type: 3min<br>Split: train
user63,3min,train,1030,-76.3527,-55.018288,-1.6565565,34.797092,User: user63<br>Type: 3min<br>Split: train
user66,3min,train,1031,-30.797297,-98.508545,13.3167095,20.40506,User: user66<br>Type: 3min<br>Split: train
user7,3min,train,1032,-7.1419573,-177.19244,9.891064,-13.248309,User: user7<br>Type: 3min<br>Split: train
user71,3min,train,1033,131.66515,-36.84476,-6.5478168,27.002388,User: user71<br>Type: 3min<br>Split: train
user72,3min,train,1034,13.62859,22.772324,32.824745,1.2126503,User: user72<br>Type: 3min<br>Split: train
user75,3min,train,1035,117.40484,166.2063,-13.82429,26.529978,User: user75<br>Type: 3min<br>Split: train
user78,3min,train,1036,-170.96631,-1.9590068,-18.495504,24.98615,User: user78<br>Type: 3min<br>Split: train
user79,3min,train,1037,-30.512867,11.3816,8.376966,33.26921,User: user79<br>Type: 3min<br>Split: train
user82,3min,train,1038,33.775627,-10.916876,15.151939,29.818083,User: user82<br>Type: 3min<br>Split: train
user83,3min,train,1039,-25.770061,-124.25772,24.149544,18.638716,User: user83<br>Type: 3min<br>Split: train
user85,3min,train,1040,136.38219,-81.04708,-11.000784,16.751448,User: user85<br>Type: 3min<br>Split: train
user86,3min,train,1041,-46.58125,-171.89458,26.83883,-18.53392,User: user86<br>Type: 3min<br>Split: train
user87,3min,train,1042,12.871375,46.512875,-2.8523822,24.218927,User: user87<br>Type: 3min<br>Split: train
user1,3min,train,1043,13.863741,76.31855,35.065807,22.492044,User: user1<br>Type: 3min<br>Split: train
user11,3min,train,1044,-137.4076,-103.33537,30.588417,5.042751,User: user11<br>Type: 3min<br>Split: train
user12,3min,train,1045,-72.13619,-156.55666,-3.9380856,13.998465,User: user12<br>Type: 3min<br>Split: train
user16,3min,train,1046,-14.740286,205.85985,11.441543,7.6142898,User: user16<br>Type: 3min<br>Split: train
user18,3min,train,1047,-63.888412,73.953804,6.918941,1.2704178,User: user18<br>Type: 3min<br>Split: train
user23,3min,train,1048,-98.451775,-20.052794,15.446905,6.346149,User: user23<br>Type: 3min<br>Split: train
user26,3min,train,1049,-73.31034,115.66984,-18.511238,14.720833,User: user26<br>Type: 3min<br>Split: train
user28,3min,train,1050,-16.752575,142.8599,26.74818,-13.155998,User: user28<br>Type: 3min<br>Split: train
user30,3min,train,1051,-133.4254,-133.25356,0.7010392,-10.847146,User: user30<br>Type: 3min<br>Split: train
user31,3min,train,1052,7.127656,-0.07572798,-20.363058,-1.8594508,User: user31<br>Type: 3min<br>Split: train
user32,3min,train,1053,-52.54509,200.63278,-5.842451,-7.7912292,User: user32<br>Type: 3min<br>Split: train
user33,3min,train,1054,-121.60412,127.08609,25.527689,29.831516,User: user33<br>Type: 3min<br>Split: train
user34,3min,train,1055,-151.443,-116.06773,8.0661745,-15.745528,User: user34<br>Type: 3min<br>Split: train
user35,3min,train,1056,167.05638,-2.6472218,28.637255,-10.344173,User: user35<br>Type: 3min<br>Split: train
user37,3min,train,1057,22.970564,107.643776,8.97572,7.310731,User: user37<br>Type: 3min<br>Split: train
user45,3min,train,1058,-28.594263,32.087917,25.99576,8.993924,User: user45<br>Type: 3min<br>Split: train
user46,3min,train,1059,-11.69883,-30.652655,-2.1348655,21.79794,User: user46<br>Type: 3min<br>Split: train
user51,3min,train,1060,-34.59145,-16.559484,-23.960451,5.1012516,User: user51<br>Type: 3min<br>Split: train
user52,3min,train,1061,-137.88318,-23.181454,-4.096266,-17.235487,User: user52<br>Type: 3min<br>Split: train
user54,3min,train,1062,48.614914,-41.05999,2.6533792,-21.193918,User: user54<br>Type: 3min<br>Split: train
user56,3min,train,1063,-116.01288,-83.58743,-6.574662,32.518856,User: user56<br>Type: 3min<br>Split: train
user58,3min,train,1064,-194.49309,-81.73398,-10.32549,-18.873068,User: user58<br>Type: 3min<br>Split: train
user59,3min,train,1065,-42.905766,122.347595,27.511673,4.744242,User: user59<br>Type: 3min<br>Split: train
user62,3min,train,1066,-105.7373,29.50931,15.849992,34.66845,User: user62<br>Type: 3min<br>Split: train
user63,3min,train,1067,-76.3527,-55.018288,-1.6650555,34.804806,User: user63<br>Type: 3min<br>Split: train
user64,3min,train,1068,-165.83238,-130.14728,7.0517197,5.121796,User: user64<br>Type: 3min<br>Split: train
user65,3min,train,1069,31.86232,-94.33745,-5.6675167,-18.45716,User: user65<br>Type: 3min<br>Split: train
user66,3min,train,1070,-30.797297,-98.508545,13.317062,20.404621,User: user66<br>Type: 3min<br>Split: train
user69,3min,train,1071,-101.18627,-143.4123,-1.1711348,-16.927433,User: user69<br>Type: 3min<br>Split: train
user7,3min,train,1072,-7.1419573,-177.19244,-5.606104,9.462289,User: user7<br>Type: 3min<br>Split: train
user70,3min,train,1073,-53.917717,-110.53692,4.879299,23.324907,User: user70<br>Type: 3min<br>Split: train
user71,3min,train,1074,131.66515,-36.84476,-6.5535345,27.008274,User: user71<br>Type: 3min<br>Split: train
user73,3min,train,1075,-28.42152,-53.697807,14.783516,2.0849018,User: user73<br>Type: 3min<br>Split: train
user74,3min,train,1076,-152.19351,138.6777,17.220299,-0.5016717,User: user74<br>Type: 3min<br>Split: train
user76,3min,train,1077,155.25519,-24.52458,23.274353,0.057154022,User: user76<br>Type: 3min<br>Split: train
user79,3min,train,1078,-30.512867,11.3816,8.367994,33.26024,User: user79<br>Type: 3min<br>Split: train
user8,3min,train,1079,-129.58746,24.109426,15.683745,19.512787,User: user8<br>Type: 3min<br>Split: train
user80,3min,train,1080,84.20569,-148.9275,20.808205,21.366146,User: user80<br>Type: 3min<br>Split: train
user82,3min,train,1081,29.121454,-13.748628,15.151339,29.818571,User: user82<br>Type: 3min<br>Split: train
user84,3min,train,1082,-97.5791,146.49004,20.336054,30.355995,User: user84<br>Type: 3min<br>Split: train
user85,3min,train,1083,136.38219,-81.04708,-11.003106,16.749407,User: user85<br>Type: 3min<br>Split: train
user86,3min,train,1084,-46.58125,-171.89458,26.839304,-18.533451,User: user86<br>Type: 3min<br>Split: train
user87,3min,train,1085,13.01546,52.540264,-2.8509676,24.219557,User: user87<br>Type: 3min<br>Split: train
user89,3min,train,1086,140.6399,-112.28211,36.18164,5.2581534,User: user89<br>Type: 3min<br>Split: train
user9,3min,train,1087,85.470345,69.392166,-0.3321369,-26.634808,User: user9<br>Type: 3min<br>Split: train
user1,3min,train,1088,13.863741,76.31855,35.07152,22.497757,User: user1<br>Type: 3min<br>Split: train
user12,3min,train,1089,-72.13619,-156.55666,-10.86934,-8.456784,User: user12<br>Type: 3min<br>Split: train
user14,3min,train,1090,-145.96432,107.237465,-13.725374,-14.911247,User: user14<br>Type: 3min<br>Split: train
user21,3min,train,1091,-60.06158,-23.163872,20.214964,6.050951,User: user21<br>Type: 3min<br>Split: train
user22,3min,train,1092,-94.92357,6.672643,-13.161769,14.053206,User: user22<br>Type: 3min<br>Split: train
user23,3min,train,1093,-98.451775,-20.052794,15.4524355,6.3397336,User: user23<br>Type: 3min<br>Split: train
user26,3min,train,1094,-73.31034,115.66984,-18.476643,14.687608,User: user26<br>Type: 3min<br>Split: train
user27,3min,train,1095,154.21333,-52.922832,-19.616278,17.857025,User: user27<br>Type: 3min<br>Split: train
user29,3min,train,1096,-164.6717,54.795074,-6.538074,22.491497,User: user29<br>Type: 3min<br>Split: train
user30,3min,train,1097,-133.4254,-133.25356,2.6558814,-12.04234,User: user30<br>Type: 3min<br>Split: train
user33,3min,train,1098,-121.60412,127.08609,25.527863,29.831308,User: user33<br>Type: 3min<br>Split: train
user35,3min,train,1099,-9.899128,-6.2469883,5.5794926,-16.952705,User: user35<br>Type: 3min<br>Split: train
user36,3min,train,1100,-196.6053,-46.669827,1.9450047,-7.878304,User: user36<br>Type: 3min<br>Split: train
user37,3min,train,1101,22.970564,107.643776,8.341785,7.839588,User: user37<br>Type: 3min<br>Split: train
user4,3min,train,1102,-89.33292,51.406857,2.1499953,11.39,User: user4<br>Type: 3min<br>Split: train
user41,3min,train,1103,-126.0254,163.50269,9.2241335,1.9068958,User: user41<br>Type: 3min<br>Split: train
user42,3min,train,1104,11.140395,147.74826,23.112717,25.918007,User: user42<br>Type: 3min<br>Split: train
user43,3min,train,1105,-38.40839,81.84102,-8.534543,-11.885584,User: user43<br>Type: 3min<br>Split: train
user46,3min,train,1106,-9.6432085,-35.762337,-2.1351297,21.79818,User: user46<br>Type: 3min<br>Split: train
user49,3min,train,1107,142.51956,109.82349,9.275622,24.962288,User: user49<br>Type: 3min<br>Split: train
user5,3min,train,1108,-144.17363,2.538802,-16.954855,-0.8616014,User: user5<br>Type: 3min<br>Split: train
user52,3min,train,1109,-137.88318,-23.181454,14.369214,-24.733694,User: user52<br>Type: 3min<br>Split: train
user53,3min,train,1110,91.53717,-59.223194,7.26203,26.727816,User: user53<br>Type: 3min<br>Split: train
user55,3min,train,1111,-7.6376166,56.571766,-2.7091894,-2.3095455,User: user55<br>Type: 3min<br>Split: train
user57,3min,train,1112,-92.59654,180.8146,-14.07448,-18.614403,User: user57<br>Type: 3min<br>Split: train
user58,3min,train,1113,-194.49309,-81.73398,-10.238328,-18.959562,User: user58<br>Type: 3min<br>Split: train
user60,3min,train,1114,104.54602,92.16839,29.853195,15.611927,User: user60<br>Type: 3min<br>Split: train
user62,3min,train,1115,-161.29836,25.327385,-13.769618,-2.8205516,User: user62<br>Type: 3min<br>Split: train
user62,3min,train,1116,-105.7373,29.50931,15.828247,34.64704,User: user62<br>Type: 3min<br>Split: train
user63,3min,train,1117,-76.3527,-55.018288,-1.6565689,34.797104,User: user63<br>Type: 3min<br>Split: train
user65,3min,train,1118,41.84453,-92.8349,-5.6676464,-18.457281,User: user65<br>Type: 3min<br>Split: train
user66,3min,train,1119,-30.797297,-98.508545,13.320785,20.400179,User: user66<br>Type: 3min<br>Split: train
user68,3min,train,1120,-61.284966,-85.49953,0.38115492,3.948798,User: user68<br>Type: 3min<br>Split: train
user7,3min,train,1121,-7.1419573,-177.19244,-5.6063504,9.462041,User: user7<br>Type: 3min<br>Split: train
user70,3min,train,1122,-53.917717,-110.53692,4.879372,23.325323,User: user70<br>Type: 3min<br>Split: train
user73,3min,train,1123,-22.528036,-53.160408,14.775856,2.0924678,User: user73<br>Type: 3min<br>Split: train
user79,3min,train,1124,-30.512867,11.3816,8.3777275,33.26996,User: user79<br>Type: 3min<br>Split: train
user8,3min,train,1125,-129.58746,24.109426,15.683728,19.512793,User: user8<br>Type: 3min<br>Split: train
user80,3min,train,1126,84.20569,-148.9275,10.515154,-5.874039,User: user80<br>Type: 3min<br>Split: train
user82,3min,train,1127,33.775627,-10.916876,15.150058,29.815523,User: user82<br>Type: 3min<br>Split: train
user83,3min,train,1128,-25.770061,-124.25772,24.122324,18.666412,User: user83<br>Type: 3min<br>Split: train
user84,3min,train,1129,-97.5791,146.49004,20.328575,30.366657,User: user84<br>Type: 3min<br>Split: train
user87,3min,train,1130,12.871375,46.512875,-2.864754,24.23405,User: user87<br>Type: 3min<br>Split: train
user89,3min,train,1131,140.6399,-112.28211,36.16646,5.24343,User: user89<br>Type: 3min<br>Split: train
user9,3min,train,1132,75.78509,66.43162,-0.32501096,-26.641624,User: user9<br>Type: 3min<br>Split: train
user1,3min,train,1133,13.863741,76.31855,35.071537,22.497776,User: user1<br>Type: 3min<br>Split: train
user10,3min,train,1134,-1.3907136,97.334656,-6.077973,-4.1168036,User: user10<br>Type: 3min<br>Split: train
user13,3min,train,1135,-138.71892,46.876972,18.872757,13.888938,User: user13<br>Type: 3min<br>Split: train
user15,3min,train,1136,-108.41618,-112.25345,0.1671463,23.529701,User: user15<br>Type: 3min<br>Split: train
user17,3min,train,1137,-195.68074,-15.931047,-12.422851,-6.0037403,User: user17<br>Type: 3min<br>Split: train
user19,3min,train,1138,-166.4242,-96.49441,14.7298765,-14.417497,User: user19<br>Type: 3min<br>Split: train
user2,3min,train,1139,60.334183,-131.87576,-20.237478,8.406864,User: user2<br>Type: 3min<br>Split: train
user21,3min,train,1140,-60.06158,-23.163872,20.211023,6.0599084,User: user21<br>Type: 3min<br>Split: train
user22,3min,train,1141,-94.92357,6.672643,-13.167128,14.047924,User: user22<br>Type: 3min<br>Split: train
user24,3min,train,1142,-52.40137,0.21165341,5.4912777,18.383772,User: user24<br>Type: 3min<br>Split: train
user25,3min,train,1143,-132.98659,73.275345,8.291967,-6.319154,User: user25<br>Type: 3min<br>Split: train
user26,3min,train,1144,-73.31034,115.66984,-18.511465,14.722123,User: user26<br>Type: 3min<br>Split: train
user28,3min,train,1145,-16.752575,142.8599,26.755676,-13.171857,User: user28<br>Type: 3min<br>Split: train
user31,3min,train,1146,12.347404,-1.844164,-20.37593,-1.8722407,User: user31<br>Type: 3min<br>Split: train
user32,3min,train,1147,-52.54509,200.63278,-5.8468943,-7.795724,User: user32<br>Type: 3min<br>Split: train
user33,3min,train,1148,-121.60412,127.08609,25.536825,29.820698,User: user33<br>Type: 3min<br>Split: train
user35,3min,train,1149,167.05638,-2.6472218,28.631903,-10.349481,User: user35<br>Type: 3min<br>Split: train
user36,3min,train,1150,-196.6053,-46.669827,1.9367572,-7.887171,User: user36<br>Type: 3min<br>Split: train
user37,3min,train,1151,22.970564,107.643776,8.394209,7.7949543,User: user37<br>Type: 3min<br>Split: train
user38,3min,train,1152,-62.84318,171.02867,16.08019,-22.25154,User: user38<br>Type: 3min<br>Split: train
user4,3min,train,1153,-89.33292,51.406857,2.14977,11.389943,User: user4<br>Type: 3min<br>Split: train
user41,3min,train,1154,-126.0254,163.50269,9.228099,1.899494,User: user41<br>Type: 3min<br>Split: train
user46,3min,train,1155,-9.6432085,-35.762337,-2.1344953,21.797466,User: user46<br>Type: 3min<br>Split: train
user48,3min,train,1156,63.466167,45.12324,14.269933,-18.665586,User: user48<br>Type: 3min<br>Split: train
user49,3min,train,1157,142.51956,109.82349,9.271651,24.946632,User: user49<br>Type: 3min<br>Split: train
user5,3min,train,1158,-144.17363,2.538802,0.95257837,-13.786157,User: user5<br>Type: 3min<br>Split: train
user51,3min,train,1159,-34.59145,-16.559484,-23.95098,5.1109176,User: user51<br>Type: 3min<br>Split: train
user52,3min,train,1160,-137.88318,-23.181454,-4.0963693,-17.235579,User: user52<br>Type: 3min<br>Split: train
user53,3min,train,1161,91.53717,-59.223194,27.72119,18.529932,User: user53<br>Type: 3min<br>Split: train
user54,3min,train,1162,48.614914,-41.05999,2.654972,-21.197271,User: user54<br>Type: 3min<br>Split: train
user55,3min,train,1163,-7.6376166,56.571766,-2.8232865,-2.4238553,User: user55<br>Type: 3min<br>Split: train
user57,3min,train,1164,-92.59654,180.8146,-14.074386,-18.61438,User: user57<br>Type: 3min<br>Split: train
user6,3min,train,1165,-143.42564,-76.430695,-25.462532,8.601256,User: user6<br>Type: 3min<br>Split: train
user61,3min,train,1166,13.136969,-132.71332,-0.6030743,6.842171,User: user61<br>Type: 3min<br>Split: train
user62,3min,train,1167,-161.29836,25.327385,-13.761801,-2.8321028,User: user62<br>Type: 3min<br>Split: train
user63,3min,train,1168,-76.3527,-55.018288,-1.6564369,34.797073,User: user63<br>Type: 3min<br>Split: train
user68,3min,train,1169,-61.284966,-85.49953,0.38191262,3.9493787,User: user68<br>Type: 3min<br>Split: train
user69,3min,train,1170,-101.18627,-143.4123,-2.2305098,-14.211505,User: user69<br>Type: 3min<br>Split: train
user70,3min,train,1171,-53.917717,-110.53692,15.038655,23.534414,User: user70<br>Type: 3min<br>Split: train
user71,3min,train,1172,131.66515,-36.84476,-6.554089,27.005234,User: user71<br>Type: 3min<br>Split: train
user72,3min,train,1173,13.62859,22.772324,32.824303,1.2121576,User: user72<br>Type: 3min<br>Split: train
user73,3min,train,1174,-22.528036,-53.160408,15.030277,1.8384504,User: user73<br>Type: 3min<br>Split: train
user74,3min,train,1175,-152.19351,138.6777,17.213757,-0.50837755,User: user74<br>Type: 3min<br>Split: train
user75,3min,train,1176,117.40484,166.2063,-13.822597,26.543291,User: user75<br>Type: 3min<br>Split: train
user8,3min,train,1177,-129.58746,24.109426,15.683791,19.512848,User: user8<br>Type: 3min<br>Split: train
user80,3min,train,1178,84.20569,-148.9275,20.806738,21.367735,User: user80<br>Type: 3min<br>Split: train
user81,3min,train,1179,-113.86219,54.042454,10.694484,4.2315106,User: user81<br>Type: 3min<br>Split: train
user82,3min,train,1180,33.775627,-10.916876,15.150694,29.818947,User: user82<br>Type: 3min<br>Split: train
user85,3min,train,1181,136.38219,-81.04708,-11.005056,16.74814,User: user85<br>Type: 3min<br>Split: train
user88,3min,train,1182,8.297126,-72.547134,-17.115753,2.6749868,User: user88<br>Type: 3min<br>Split: train
user12,3min,train,1183,-72.13619,-156.55666,-3.9340124,13.994711,User: user12<br>Type: 3min<br>Split: train
user14,3min,train,1184,-145.96432,107.237465,-13.721002,-14.906793,User: user14<br>Type: 3min<br>Split: train
user2,3min,train,1185,60.334183,-131.87576,-20.233156,8.411002,User: user2<br>Type: 3min<br>Split: train
user20,3min,train,1186,-105.06311,77.88808,-13.448673,7.302356,User: user20<br>Type: 3min<br>Split: train
user21,3min,train,1187,-60.06158,-23.163872,20.209946,6.0561905,User: user21<br>Type: 3min<br>Split: train
user23,3min,train,1188,-98.451775,-20.052794,15.442399,6.351189,User: user23<br>Type: 3min<br>Split: train
user26,3min,train,1189,-73.31034,115.66984,-18.485212,14.694701,User: user26<br>Type: 3min<br>Split: train
user28,3min,train,1190,-16.752575,142.8599,26.75318,-13.174273,User: user28<br>Type: 3min<br>Split: train
user3,3min,train,1191,-36.397167,58.08161,5.664406,-6.396746,User: user3<br>Type: 3min<br>Split: train
user32,3min,train,1192,-52.54509,200.63278,-5.8478985,-7.796848,User: user32<br>Type: 3min<br>Split: train
user33,3min,train,1193,-121.60412,127.08609,25.527985,29.831106,User: user33<br>Type: 3min<br>Split: train
user34,3min,train,1194,-46.07739,-41.95224,8.066175,-15.745554,User: user34<br>Type: 3min<br>Split: train
user36,3min,train,1195,-196.6053,-46.669827,1.9412237,-7.8821874,User: user36<br>Type: 3min<br>Split: train
user39,3min,train,1196,-83.50522,-99.28785,17.79394,7.784409,User: user39<br>Type: 3min<br>Split: train
user41,3min,train,1197,-126.0254,163.50269,5.990555,-1.0484169,User: user41<br>Type: 3min<br>Split: train
user42,3min,train,1198,11.140395,147.74826,23.121073,25.926851,User: user42<br>Type: 3min<br>Split: train
user45,3min,train,1199,-27.081148,36.82445,25.993355,8.996385,User: user45<br>Type: 3min<br>Split: train
user46,3min,train,1200,-9.6432085,-35.762337,-2.1349192,21.798065,User: user46<br>Type: 3min<br>Split: train
user48,3min,train,1201,63.466167,45.12324,14.26237,-18.65796,User: user48<br>Type: 3min<br>Split: train
user5,3min,train,1202,-144.17363,2.538802,-16.980484,-0.85037106,User: user5<br>Type: 3min<br>Split: train
user50,3min,train,1203,-165.25569,-29.547632,-3.852251,11.546932,User: user50<br>Type: 3min<br>Split: train
user52,3min,train,1204,-137.88318,-23.181454,-4.0963855,-17.235556,User: user52<br>Type: 3min<br>Split: train
user54,3min,train,1205,48.614914,-41.05999,2.6534166,-21.193995,User: user54<br>Type: 3min<br>Split: train
user56,3min,train,1206,-116.01288,-83.58743,-6.6224627,32.567078,User: user56<br>Type: 3min<br>Split: train
user59,3min,train,1207,-42.905766,122.347595,3.3071961,26.37657,User: user59<br>Type: 3min<br>Split: train
user61,3min,train,1208,13.136969,-132.71332,-0.5986502,6.833231,User: user61<br>Type: 3min<br>Split: train
user62,3min,train,1209,-161.29836,25.327385,-13.755481,-2.823224,User: user62<br>Type: 3min<br>Split: train
user62,3min,train,1210,-105.7373,29.50931,15.8443365,34.66325,User: user62<br>Type: 3min<br>Split: train
user63,3min,train,1211,-76.3527,-55.018288,-1.6564388,34.79709,User: user63<br>Type: 3min<br>Split: train
user64,3min,train,1212,-165.83238,-130.14728,7.0556636,5.126052,User: user64<br>Type: 3min<br>Split: train
user71,3min,train,1213,131.66515,-36.84476,-6.548967,27.001205,User: user71<br>Type: 3min<br>Split: train
user72,3min,train,1214,15.829001,14.02123,32.82447,1.2126043,User: user72<br>Type: 3min<br>Split: train
user75,3min,train,1215,110.52524,173.62537,-13.82905,26.536404,User: user75<br>Type: 3min<br>Split: train
user76,3min,train,1216,155.25519,-24.52458,23.274792,0.05757421,User: user76<br>Type: 3min<br>Split: train
user77,3min,train,1217,-142.63501,-48.656788,4.3111577,2.8944936,User: user77<br>Type: 3min<br>Split: train
user84,3min,train,1218,-97.5791,146.49004,20.324993,30.368195,User: user84<br>Type: 3min<br>Split: train
user85,3min,train,1219,136.38219,-81.04708,-11.005224,16.748272,User: user85<br>Type: 3min<br>Split: train
user87,3min,train,1220,12.871375,46.512875,-2.8556855,24.224035,User: user87<br>Type: 3min<br>Split: train
user88,3min,train,1221,15.223314,-78.70015,22.940134,5.0931945,User: user88<br>Type: 3min<br>Split: train
user89,3min,train,1222,140.6399,-112.28211,36.15471,5.2482,User: user89<br>Type: 3min<br>Split: train
user9,3min,train,1223,75.78509,66.43162,-0.33068052,-26.636003,User: user9<br>Type: 3min<br>Split: train
user1,3min,train,1224,13.863741,76.31855,35.071674,22.49792,User: user1<br>Type: 3min<br>Split: train
user11,3min,train,1225,-137.4076,-103.33537,30.589058,5.0433626,User: user11<br>Type: 3min<br>Split: train
user13,3min,train,1226,-138.71892,46.876972,18.865265,13.881444,User: user13<br>Type: 3min<br>Split: train
user16,3min,train,1227,-14.740286,205.85985,11.572773,7.4822907,User: user16<br>Type: 3min<br>Split: train
user17,3min,train,1228,-195.68074,-15.931047,-12.42284,-6.00378,User: user17<br>Type: 3min<br>Split: train
user2,3min,train,1229,60.334183,-131.87576,-20.236624,8.4076805,User: user2<br>Type: 3min<br>Split: train
user21,3min,train,1230,-60.06158,-23.163872,20.21386,6.05228,User: user21<br>Type: 3min<br>Split: train
user23,3min,train,1231,-98.451775,-20.052794,15.4424515,6.351226,User: user23<br>Type: 3min<br>Split: train
user24,3min,train,1232,-52.51017,5.934216,5.477968,18.36863,User: user24<br>Type: 3min<br>Split: train
user26,3min,train,1233,-73.31034,115.66984,-18.52608,14.736975,User: user26<br>Type: 3min<br>Split: train
user28,3min,train,1234,-16.752575,142.8599,26.760286,-13.167054,User: user28<br>Type: 3min<br>Split: train
user29,3min,train,1235,-164.6717,54.795074,0.45853662,31.134436,User: user29<br>Type: 3min<br>Split: train
user33,3min,train,1236,-121.60412,127.08609,25.52795,29.83087,User: user33<br>Type: 3min<br>Split: train
user34,3min,train,1237,-42.164413,-38.25206,8.066355,-15.745425,User: user34<br>Type: 3min<br>Split: train
user35,3min,train,1238,167.05638,-2.6472218,28.63351,-10.347896,User: user35<br>Type: 3min<br>Split: train
user35,3min,train,1239,-11.778402,-11.859678,5.553392,-16.981169,User: user35<br>Type: 3min<br>Split: train
user37,3min,train,1240,22.970564,107.643776,8.340368,7.8406396,User: user37<br>Type: 3min<br>Split: train
user38,3min,train,1241,-62.84318,171.02867,16.081026,-22.250837,User: user38<br>Type: 3min<br>Split: train
user39,3min,train,1242,-83.50522,-99.28785,-5.203093,-14.27052,User: user39<br>Type: 3min<br>Split: train
user41,3min,train,1243,-126.0254,163.50269,9.229199,1.9114,User: user41<br>Type: 3min<br>Split: train
user42,3min,train,1244,11.140395,147.74826,23.11633,25.938795,User: user42<br>Type: 3min<br>Split: train
user45,3min,train,1245,-23.608673,32.238403,25.989777,8.999881,User: user45<br>Type: 3min<br>Split: train
user47,3min,train,1246,57.813705,-12.545794,1.1807399,28.869352,User: user47<br>Type: 3min<br>Split: train
user48,3min,train,1247,54.93492,40.243313,14.282824,-18.678375,User: user48<br>Type: 3min<br>Split: train
user49,3min,train,1248,142.51956,109.82349,9.276989,24.945356,User: user49<br>Type: 3min<br>Split: train
user5,3min,train,1249,-144.17363,2.538802,0.95249933,-13.786266,User: user5<br>Type: 3min<br>Split: train
user52,3min,train,1250,-137.88318,-23.181454,-4.09435,-17.233692,User: user52<br>Type: 3min<br>Split: train
user53,3min,train,1251,91.53717,-59.223194,27.721191,18.529919,User: user53<br>Type: 3min<br>Split: train
user55,3min,train,1252,-12.099864,53.11249,-2.715185,-2.315707,User: user55<br>Type: 3min<br>Split: train
user56,3min,train,1253,-116.01288,-83.58743,-6.57617,32.520603,User: user56<br>Type: 3min<br>Split: train
user6,3min,train,1254,-143.42564,-76.430695,-25.477503,8.586284,User: user6<br>Type: 3min<br>Split: train
user60,3min,train,1255,104.54602,92.16839,29.852993,15.612065,User: user60<br>Type: 3min<br>Split: train
user62,3min,train,1256,-161.29836,25.327385,-13.764907,-2.835732,User: user62<br>Type: 3min<br>Split: train
user63,3min,train,1257,-76.3527,-55.018288,11.370691,-7.238071,User: user63<br>Type: 3min<br>Split: train
user64,3min,train,1258,-165.83238,-130.14728,6.9979324,5.0681796,User: user64<br>Type: 3min<br>Split: train
user66,3min,train,1259,-30.797297,-98.508545,13.316817,20.40416,User: user66<br>Type: 3min<br>Split: train
user7,3min,train,1260,-7.1419573,-177.19244,9.890976,-13.248257,User: user7<br>Type: 3min<br>Split: train
user70,3min,train,1261,-53.917717,-110.53692,4.879426,23.325407,User: user70<br>Type: 3min<br>Split: train
user72,3min,train,1262,13.62859,22.772324,32.831177,1.2055441,User: user72<br>Type: 3min<br>Split: train
user73,3min,train,1263,-22.528036,-53.160408,15.021579,1.847142,User: user73<br>Type: 3min<br>Split: train
user78,3min,train,1264,-170.96631,-1.9590068,-18.495565,24.986086,User: user78<br>Type: 3min<br>Split: train
user79,3min,train,1265,-30.512867,11.3816,8.382238,33.27458,User: user79<br>Type: 3min<br>Split: train
user8,3min,train,1266,-129.58746,24.109426,15.683194,19.513645,User: user8<br>Type: 3min<br>Split: train
user82,3min,train,1267,33.775627,-10.916876,15.108133,29.865313,User: user82<br>Type: 3min<br>Split: train
user84,3min,train,1268,-97.5791,146.49004,20.332636,30.360704,User: user84<br>Type: 3min<br>Split: train
user85,3min,train,1269,136.38219,-81.04708,-11.0052595,16.748074,User: user85<br>Type: 3min<br>Split: train
user87,3min,train,1270,13.01546,52.540264,-2.8621554,24.230188,User: user87<br>Type: 3min<br>Split: train
user88,3min,train,1271,15.223314,-78.70015,22.940088,5.0938416,User: user88<br>Type: 3min<br>Split: train
user12,3min,train,1272,-72.13619,-156.55666,-3.9381156,13.998486,User: user12<br>Type: 3min<br>Split: train
user13,3min,train,1273,-138.71892,46.876972,18.861195,13.87734,User: user13<br>Type: 3min<br>Split: train
user14,3min,train,1274,-145.96432,107.237465,-13.729443,-14.915437,User: user14<br>Type: 3min<br>Split: train
user15,3min,train,1275,-108.41618,-112.25345,0.16877331,23.529356,User: user15<br>Type: 3min<br>Split: train
user16,3min,train,1276,-14.740286,205.85985,11.567166,7.4878893,User: user16<br>Type: 3min<br>Split: train
user17,3min,train,1277,-195.68074,-15.931047,18.276915,-9.518048,User: user17<br>Type: 3min<br>Split: train
user18,3min,train,1278,-68.75002,66.9487,6.9086094,1.260734,User: user18<br>Type: 3min<br>Split: train
user19,3min,train,1279,-166.4242,-96.49441,14.7298765,-14.417517,User: user19<br>Type: 3min<br>Split: train
user2,3min,train,1280,60.334183,-131.87576,-20.231445,8.412726,User: user2<br>Type: 3min<br>Split: train
user22,3min,train,1281,-94.92357,6.672643,-13.165211,14.049771,User: user22<br>Type: 3min<br>Split: train
user23,3min,train,1282,-98.451775,-20.052794,15.446177,6.3488045,User: user23<br>Type: 3min<br>Split: train
user26,3min,train,1283,-73.31034,115.66984,-18.499239,14.709821,User: user26<br>Type: 3min<br>Split: train
user28,3min,train,1284,-16.752575,142.8599,26.76028,-13.163792,User: user28<br>Type: 3min<br>Split: train
user3,3min,train,1285,-38.06489,53.211464,5.664813,-6.396191,User: user3<br>Type: 3min<br>Split: train
user31,3min,train,1286,12.347404,-1.844164,-20.355251,-1.8492486,User: user31<br>Type: 3min<br>Split: train
user32,3min,train,1287,-52.54509,200.63278,-5.849392,-7.798171,User: user32<br>Type: 3min<br>Split: train
user36,3min,train,1288,-196.6053,-46.669827,1.9000494,-7.9245405,User: user36<br>Type: 3min<br>Split: train
user37,3min,train,1289,22.970564,107.643776,8.969656,7.316924,User: user37<br>Type: 3min<br>Split: train
user38,3min,train,1290,-62.84318,171.02867,16.092358,-22.239645,User: user38<br>Type: 3min<br>Split: train
user40,3min,train,1291,-70.77144,-8.9134865,-8.492227,-16.19377,User: user40<br>Type: 3min<br>Split: train
user44,3min,train,1292,-97.63191,-53.365215,-17.899315,31.557207,User: user44<br>Type: 3min<br>Split: train
user45,3min,train,1293,-28.594263,32.087917,25.998083,8.991582,User: user45<br>Type: 3min<br>Split: train
user46,3min,train,1294,-11.69883,-30.652655,-2.1375542,21.800646,User: user46<br>Type: 3min<br>Split: train
user47,3min,train,1295,58.35414,-1.0038519,1.1913214,28.858463,User: user47<br>Type: 3min<br>Split: train
user49,3min,train,1296,142.51956,109.82349,9.273364,24.959288,User: user49<br>Type: 3min<br>Split: train
user50,3min,train,1297,-165.25569,-29.547632,11.510154,-0.32266372,User: user50<br>Type: 3min<br>Split: train
user51,3min,train,1298,-34.59145,-16.559484,-23.952185,5.1097374,User: user51<br>Type: 3min<br>Split: train
user54,3min,train,1299,48.614914,-41.05999,2.702414,-21.239311,User: user54<br>Type: 3min<br>Split: train
user57,3min,train,1300,-92.59654,180.8146,-14.07818,-18.61819,User: user57<br>Type: 3min<br>Split: train
user61,3min,train,1301,13.136969,-132.71332,-1.2828661,18.317318,User: user61<br>Type: 3min<br>Split: train
user62,3min,train,1302,-105.7373,29.50931,15.844297,34.66326,User: user62<br>Type: 3min<br>Split: train
user65,3min,train,1303,31.86232,-94.33745,3.0320008,5.317213,User: user65<br>Type: 3min<br>Split: train
user66,3min,train,1304,-30.797297,-98.508545,13.285458,20.42408,User: user66<br>Type: 3min<br>Split: train
user68,3min,train,1305,-61.284966,-85.49953,0.609088,4.17811,User: user68<br>Type: 3min<br>Split: train
user69,3min,train,1306,-101.18627,-143.4123,-1.1713183,-16.927382,User: user69<br>Type: 3min<br>Split: train
user70,3min,train,1307,-53.917717,-110.53692,15.038865,23.534315,User: user70<br>Type: 3min<br>Split: train
user73,3min,train,1308,-28.42152,-53.697807,14.9230795,1.9448916,User: user73<br>Type: 3min<br>Split: train
user74,3min,train,1309,-152.19351,138.6777,17.212044,-0.5103514,User: user74<br>Type: 3min<br>Split: train
user75,3min,train,1310,110.52524,173.62537,-13.82947,26.536047,User: user75<br>Type: 3min<br>Split: train
user78,3min,train,1311,-170.96631,-1.9590068,-18.496437,24.985199,User: user78<br>Type: 3min<br>Split: train
user79,3min,train,1312,-30.512867,11.3816,8.380298,33.272465,User: user79<br>Type: 3min<br>Split: train
user8,3min,train,1313,-129.58746,24.109426,-12.994908,1.9013184,User: user8<br>Type: 3min<br>Split: train
user80,3min,train,1314,84.20569,-148.9275,10.514649,-5.874177,User: user80<br>Type: 3min<br>Split: train
user82,3min,train,1315,33.775627,-10.916876,15.15165,29.817001,User: user82<br>Type: 3min<br>Split: train
user83,3min,train,1316,-25.770061,-124.25772,24.141298,18.646893,User: user83<br>Type: 3min<br>Split: train
user84,3min,train,1317,-97.5791,146.49004,20.330904,30.36198,User: user84<br>Type: 3min<br>Split: train
user1,3min,train,1318,13.863741,76.31855,35.06783,22.49405,User: user1<br>Type: 3min<br>Split: train
user10,3min,train,1319,-1.3907136,97.334656,-6.076594,-4.115446,User: user10<br>Type: 3min<br>Split: train
user11,3min,train,1320,-137.4076,-103.33537,30.585876,5.0402155,User: user11<br>Type: 3min<br>Split: train
user12,3min,train,1321,-72.13619,-156.55666,-10.869571,-8.456435,User: user12<br>Type: 3min<br>Split: train
user13,3min,train,1322,-138.71892,46.876972,18.86466,13.88078,User: user13<br>Type: 3min<br>Split: train
user16,3min,train,1323,-14.740286,205.85985,11.565967,7.4892635,User: user16<br>Type: 3min<br>Split: train
user17,3min,train,1324,-195.68074,-15.931047,18.266241,-9.5254,User: user17<br>Type: 3min<br>Split: train
user19,3min,train,1325,-166.4242,-96.49441,14.729898,-14.417488,User: user19<br>Type: 3min<br>Split: train
user2,3min,train,1326,60.334183,-131.87576,-20.23407,8.4101305,User: user2<br>Type: 3min<br>Split: train
user22,3min,train,1327,-94.92357,6.672643,-13.14448,14.034564,User: user22<br>Type: 3min<br>Split: train
user25,3min,train,1328,-132.98659,73.275345,19.351511,-5.6193156,User: user25<br>Type: 3min<br>Split: train
user27,3min,train,1329,154.21333,-52.922832,-19.618866,17.855726,User: user27<br>Type: 3min<br>Split: train
user28,3min,train,1330,-16.752575,142.8599,26.769522,-13.158064,User: user28<br>Type: 3min<br>Split: train
user29,3min,train,1331,-164.6717,54.795074,-6.5380793,22.491508,User: user29<br>Type: 3min<br>Split: train
user33,3min,train,1332,-121.60412,127.08609,25.527695,29.831076,User: user33<br>Type: 3min<br>Split: train
user35,3min,train,1333,167.05638,-2.6472218,28.64526,-10.336257,User: user35<br>Type: 3min<br>Split: train
user35,3min,train,1334,-11.778402,-11.859678,5.5760317,-16.958128,User: user35<br>Type: 3min<br>Split: train
user43,3min,train,1335,-38.40839,81.84102,-8.516278,-11.867299,User: user43<br>Type: 3min<br>Split: train
user47,3min,train,1336,53.44146,-4.4149036,1.1777967,28.871964,User: user47<br>Type: 3min<br>Split: train
user49,3min,train,1337,142.51956,109.82349,9.28438,24.953083,User: user49<br>Type: 3min<br>Split: train
user51,3min,train,1338,-34.59145,-16.559484,-23.96171,5.1002717,User: user51<br>Type: 3min<br>Split: train
user53,3min,train,1339,91.53717,-59.223194,27.721207,18.529932,User: user53<br>Type: 3min<br>Split: train
user54,3min,train,1340,48.614914,-41.05999,2.6339443,-21.193214,User: user54<br>Type: 3min<br>Split: train
user55,3min,train,1341,-7.6376166,56.571766,-2.7177112,-2.3180883,User: user55<br>Type: 3min<br>Split: train
user56,3min,train,1342,-73.93065,-71.13253,-6.6111646,32.555786,User: user56<br>Type: 3min<br>Split: train
user57,3min,train,1343,-92.59654,180.8146,-14.059669,-18.599794,User: user57<br>Type: 3min<br>Split: train
user58,3min,train,1344,-194.49309,-81.73398,-10.2954445,-18.903145,User: user58<br>Type: 3min<br>Split: train
user59,3min,train,1345,-42.905766,122.347595,27.511686,4.7442636,User: user59<br>Type: 3min<br>Split: train
user61,3min,train,1346,13.136969,-132.71332,-1.2471185,18.2817,User: user61<br>Type: 3min<br>Split: train
user62,3min,train,1347,-161.29836,25.327385,-13.761104,-2.831609,User: user62<br>Type: 3min<br>Split: train
user62,3min,train,1348,-105.7373,29.50931,15.844377,34.66326,User: user62<br>Type: 3min<br>Split: train
user63,3min,train,1349,-76.3527,-55.018288,11.370753,-7.238077,User: user63<br>Type: 3min<br>Split: train
user64,3min,train,1350,-165.83238,-130.14728,6.997639,5.0683084,User: user64<br>Type: 3min<br>Split: train
user65,3min,train,1351,31.86232,-94.33745,-5.657275,-18.465576,User: user65<br>Type: 3min<br>Split: train
user69,3min,train,1352,-101.18627,-143.4123,-2.2266762,-14.208193,User: user69<br>Type: 3min<br>Split: train
user7,3min,train,1353,-7.1419573,-177.19244,-5.6061654,9.462258,User: user7<br>Type: 3min<br>Split: train
user70,3min,train,1354,-53.917717,-110.53692,4.8791747,23.325855,User: user70<br>Type: 3min<br>Split: train
user71,3min,train,1355,131.66515,-36.84476,-6.5639124,27.014961,User: user71<br>Type: 3min<br>Split: train
user73,3min,train,1356,-22.528036,-53.160408,14.945679,1.9222225,User: user73<br>Type: 3min<br>Split: train
user78,3min,train,1357,-170.96631,-1.9590068,-18.48846,24.993635,User: user78<br>Type: 3min<br>Split: train
user79,3min,train,1358,-30.512867,11.3816,8.387868,33.280117,User: user79<br>Type: 3min<br>Split: train
user8,3min,train,1359,-129.58746,24.109426,-12.994965,1.9012295,User: user8<br>Type: 3min<br>Split: train
user81,3min,train,1360,-113.86219,54.042454,14.99758,15.264659,User: user81<br>Type: 3min<br>Split: train
user82,3min,train,1361,33.775627,-10.916876,15.151655,29.816946,User: user82<br>Type: 3min<br>Split: train
user83,3min,train,1362,-25.770061,-124.25772,24.11061,18.678383,User: user83<br>Type: 3min<br>Split: train
user84,3min,train,1363,-97.5791,146.49004,20.349857,30.343075,User: user84<br>Type: 3min<br>Split: train
user85,3min,train,1364,136.38219,-81.04708,-11.002279,16.76273,User: user85<br>Type: 3min<br>Split: train
user89,3min,train,1365,140.6399,-112.28211,36.15819,5.2354937,User: user89<br>Type: 3min<br>Split: train
user1,3min,train,1366,13.863741,76.31855,35.07907,22.505308,User: user1<br>Type: 3min<br>Split: train
user13,3min,train,1367,-138.71892,46.876972,18.862293,13.878317,User: user13<br>Type: 3min<br>Split: train
user15,3min,train,1368,-108.41618,-112.25345,0.16649172,23.529696,User: user15<br>Type: 3min<br>Split: train
user17,3min,train,1369,-195.68074,-15.931047,-12.422906,-6.0037336,User: user17<br>Type: 3min<br>Split: train
user19,3min,train,1370,-166.4242,-96.49441,3.1607037,-25.809126,User: user19<br>Type: 3min<br>Split: train
user2,3min,train,1371,60.334183,-131.87576,-20.234283,8.409904,User: user2<br>Type: 3min<br>Split: train
user20,3min,train,1372,-105.06311,77.88808,-13.4486885,7.302334,User: user20<br>Type: 3min<br>Split: train
user21,3min,train,1373,-60.06158,-23.163872,20.214638,6.051669,User: user21<br>Type: 3min<br>Split: train
user23,3min,train,1374,-91.27516,-27.560137,15.442207,6.351417,User: user23<br>Type: 3min<br>Split: train
user29,3min,train,1375,-164.6717,54.795074,0.4582356,31.134893,User: user29<br>Type: 3min<br>Split: train
user30,3min,train,1376,-133.4254,-133.25356,0.6915162,-10.837393,User: user30<br>Type: 3min<br>Split: train
user31,3min,train,1377,12.347404,-1.844164,-20.35986,-1.85659,User: user31<br>Type: 3min<br>Split: train
user34,3min,train,1378,-46.07739,-41.95224,-9.296596,-1.6805935,User: user34<br>Type: 3min<br>Split: train
user36,3min,train,1379,-196.6053,-46.669827,1.9419396,-7.881461,User: user36<br>Type: 3min<br>Split: train
user37,3min,train,1380,22.970564,107.643776,8.340482,7.8406954,User: user37<br>Type: 3min<br>Split: train
user38,3min,train,1381,-62.84318,171.02867,16.081486,-22.250168,User: user38<br>Type: 3min<br>Split: train
user39,3min,train,1382,-83.50522,-99.28785,17.793474,7.7847757,User: user39<br>Type: 3min<br>Split: train
user44,3min,train,1383,-97.63191,-53.365215,-17.897785,31.555761,User: user44<br>Type: 3min<br>Split: train
user45,3min,train,1384,-27.081148,36.82445,25.990406,8.999282,User: user45<br>Type: 3min<br>Split: train
user47,3min,train,1385,58.35414,-1.0038519,1.184458,28.863842,User: user47<br>Type: 3min<br>Split: train
user48,3min,train,1386,63.466167,45.12324,14.307879,-18.701769,User: user48<br>Type: 3min<br>Split: train
user5,3min,train,1387,-144.17363,2.538802,-16.976292,-0.8439921,User: user5<br>Type: 3min<br>Split: train
user52,3min,train,1388,-137.88318,-23.181454,14.36885,-24.732655,User: user52<br>Type: 3min<br>Split: train
user55,3min,train,1389,-12.099864,53.11249,-2.7169836,-2.317446,User: user55<br>Type: 3min<br>Split: train
user57,3min,train,1390,-92.59654,180.8146,-3.384418,1.2639114,User: user57<br>Type: 3min<br>Split: train
user59,3min,train,1391,-42.905766,122.347595,27.511679,4.744258,User: user59<br>Type: 3min<br>Split: train
user6,3min,train,1392,-143.42564,-76.430695,-25.4698,8.594032,User: user6<br>Type: 3min<br>Split: train
user63,3min,train,1393,-76.3527,-55.018288,-1.6564366,34.79708,User: user63<br>Type: 3min<br>Split: train
user65,3min,train,1394,31.86232,-94.33745,3.031731,5.3171167,User: user65<br>Type: 3min<br>Split: train
user66,3min,train,1395,-30.797297,-98.508545,13.318143,20.402775,User: user66<br>Type: 3min<br>Split: train
user69,3min,train,1396,-101.18627,-143.4123,-2.2302673,-14.211263,User: user69<br>Type: 3min<br>Split: train
user72,3min,train,1397,13.62859,22.772324,32.82932,1.2067822,User: user72<br>Type: 3min<br>Split: train
user74,3min,train,1398,-152.19351,138.6777,17.215801,-0.5062781,User: user74<br>Type: 3min<br>Split: train
user75,3min,train,1399,117.40484,166.2063,-13.828113,26.536636,User: user75<br>Type: 3min<br>Split: train
user77,3min,train,1400,-142.63501,-48.656788,4.1345325,2.7194471,User: user77<br>Type: 3min<br>Split: train
user78,3min,train,1401,-170.96631,-1.9590068,-18.508791,24.972662,User: user78<br>Type: 3min<br>Split: train
user8,3min,train,1402,-129.58746,24.109426,-12.995014,1.9012696,User: user8<br>Type: 3min<br>Split: train
user81,3min,train,1403,-113.86219,54.042454,10.694545,4.231545,User: user81<br>Type: 3min<br>Split: train
user82,3min,train,1404,33.775627,-10.916876,15.1500845,29.815588,User: user82<br>Type: 3min<br>Split: train
user85,3min,train,1405,136.38219,-81.04708,-11.018877,16.773388,User: user85<br>Type: 3min<br>Split: train
user86,3min,train,1406,-48.896404,-221.54514,26.839512,-18.533216,User: user86<br>Type: 3min<br>Split: train
user89,3min,train,1407,140.6399,-112.28211,36.158264,5.2355576,User: user89<br>Type: 3min<br>Split: train
user9,3min,train,1408,75.78509,66.43162,-0.32657042,-26.638441,User: user9<br>Type: 3min<br>Split: train
user16,3min,train,1409,-14.740286,205.85985,11.464751,7.591169,User: user16<br>Type: 3min<br>Split: train
user2,3min,train,1410,60.334183,-131.87576,-20.235424,8.408983,User: user2<br>Type: 3min<br>Split: train
user23,3min,train,1411,-98.451775,-20.052794,15.442675,6.351117,User: user23<br>Type: 3min<br>Split: train
user24,3min,train,1412,-52.40137,0.21165341,5.49371,18.384132,User: user24<br>Type: 3min<br>Split: train
user25,3min,train,1413,-132.98659,73.275345,8.290679,-6.3186746,User: user25<br>Type: 3min<br>Split: train
user27,3min,train,1414,154.21333,-52.922832,-19.612772,17.860697,User: user27<br>Type: 3min<br>Split: train
user28,3min,train,1415,-16.752575,142.8599,26.732204,-13.19341,User: user28<br>Type: 3min<br>Split: train
user32,3min,train,1416,-52.54509,200.63278,-5.6689982,-7.616423,User: user32<br>Type: 3min<br>Split: train
user34,3min,train,1417,-46.07739,-41.95224,8.066247,-15.745529,User: user34<br>Type: 3min<br>Split: train
user37,3min,train,1418,22.970564,107.643776,8.341353,7.840059,User: user37<br>Type: 3min<br>Split: train
user38,3min,train,1419,-62.84318,171.02867,16.073996,-22.257776,User: user38<br>Type: 3min<br>Split: train
user39,3min,train,1420,-83.50522,-99.28785,-5.203088,-14.270475,User: user39<br>Type: 3min<br>Split: train
user43,3min,train,1421,-38.40839,81.84102,21.058805,0.50402254,User: user43<br>Type: 3min<br>Split: train
user46,3min,train,1422,-9.6432085,-35.762337,-2.13363,21.79681,User: user46<br>Type: 3min<br>Split: train
user49,3min,train,1423,142.51956,109.82349,9.283642,24.95144,User: user49<br>Type: 3min<br>Split: train
user50,3min,train,1424,-165.25569,-29.547632,11.5099745,-0.32250327,User: user50<br>Type: 3min<br>Split: train
user51,3min,train,1425,-34.59145,-16.559484,-23.951323,5.110791,User: user51<br>Type: 3min<br>Split: train
user52,3min,train,1426,-137.88318,-23.181454,-4.096167,-17.23546,User: user52<br>Type: 3min<br>Split: train
user53,3min,train,1427,91.53717,-59.223194,7.2657022,26.73148,User: user53<br>Type: 3min<br>Split: train
user54,3min,train,1428,48.614914,-41.05999,2.6536841,-21.19117,User: user54<br>Type: 3min<br>Split: train
user57,3min,train,1429,-92.59654,180.8146,-14.083314,-18.623432,User: user57<br>Type: 3min<br>Split: train
user59,3min,train,1430,-42.905766,122.347595,27.511806,4.744389,User: user59<br>Type: 3min<br>Split: train
user6,3min,train,1431,-143.42564,-76.430695,-25.465826,8.5973835,User: user6<br>Type: 3min<br>Split: train
user60,3min,train,1432,104.54602,92.16839,29.853174,15.612083,User: user60<br>Type: 3min<br>Split: train
user61,3min,train,1433,13.136969,-132.71332,-0.6029637,6.842013,User: user61<br>Type: 3min<br>Split: train
user62,3min,train,1434,-161.29836,25.327385,-13.742548,-2.8494382,User: user62<br>Type: 3min<br>Split: train
user62,3min,train,1435,-105.7373,29.50931,15.826082,34.641457,User: user62<br>Type: 3min<br>Split: train
user63,3min,train,1436,-76.3527,-55.018288,-1.6583201,34.798904,User: user63<br>Type: 3min<br>Split: train
user64,3min,train,1437,-165.83238,-130.14728,6.997764,5.067725,User: user64<br>Type: 3min<br>Split: train
user65,3min,train,1438,41.84453,-92.8349,3.0318594,5.3170404,User: user65<br>Type: 3min<br>Split: train
user66,3min,train,1439,-30.797297,-98.508545,13.32291,20.401375,User: user66<br>Type: 3min<br>Split: train
user67,3min,train,1440,-122.12124,97.05209,19.161423,16.300436,User: user67<br>Type: 3min<br>Split: train
user69,3min,train,1441,-101.18627,-143.4123,-1.1711454,-16.927366,User: user69<br>Type: 3min<br>Split: train
user7,3min,train,1442,-7.1419573,-177.19244,-5.611784,9.457051,User: user7<br>Type: 3min<br>Split: train
user70,3min,train,1443,-53.917717,-110.53692,15.038831,23.534288,User: user70<br>Type: 3min<br>Split: train
user72,3min,train,1444,13.62859,22.772324,32.81365,1.1984093,User: user72<br>Type: 3min<br>Split: train
user76,3min,train,1445,155.25519,-24.52458,23.274921,0.057676356,User: user76<br>Type: 3min<br>Split: train
user77,3min,train,1446,-142.63501,-48.656788,4.2848625,2.8684704,User: user77<br>Type: 3min<br>Split: train
user78,3min,train,1447,-170.96631,-1.9590068,-18.502096,24.97931,User: user78<br>Type: 3min<br>Split: train
user8,3min,train,1448,-129.58746,24.109426,-12.99502,1.9009129,User: user8<br>Type: 3min<br>Split: train
user81,3min,train,1449,-113.86219,54.042454,10.694659,4.231542,User: user81<br>Type: 3min<br>Split: train
user83,3min,train,1450,-25.770061,-124.25772,24.150013,18.638405,User: user83<br>Type: 3min<br>Split: train
user85,3min,train,1451,136.38219,-81.04708,-11.003969,16.753513,User: user85<br>Type: 3min<br>Split: train
user86,3min,train,1452,-46.58125,-171.89458,26.82873,-18.544706,User: user86<br>Type: 3min<br>Split: train
user87,3min,train,1453,12.871375,46.512875,-2.8479679,24.21662,User: user87<br>Type: 3min<br>Split: train
user88,3min,train,1454,15.223314,-78.70015,-17.130043,2.6607652,User: user88<br>Type: 3min<br>Split: train
user9,3min,train,1455,75.78509,66.43162,-0.3192571,-26.649113,User: user9<br>Type: 3min<br>Split: train
user1,3min,train,1456,13.863741,76.31855,35.065075,22.491161,User: user1<br>Type: 3min<br>Split: train
user10,3min,train,1457,-1.3907136,97.334656,-6.084018,-4.122911,User: user10<br>Type: 3min<br>Split: train
user12,3min,train,1458,-72.13619,-156.55666,-3.9328527,13.993544,User: user12<br>Type: 3min<br>Split: train
user14,3min,train,1459,-145.96432,107.237465,-13.72173,-14.906899,User: user14<br>Type: 3min<br>Split: train
user15,3min,train,1460,-108.41618,-112.25345,19.089,27.051857,User: user15<br>Type: 3min<br>Split: train
user16,3min,train,1461,-14.740286,205.85985,11.569769,7.4855723,User: user16<br>Type: 3min<br>Split: train
user17,3min,train,1462,-195.68074,-15.931047,-12.422793,-6.003959,User: user17<br>Type: 3min<br>Split: train
user20,3min,train,1463,-105.06311,77.88808,5.098458,6.013987,User: user20<br>Type: 3min<br>Split: train
user24,3min,train,1464,-52.40137,0.21165341,20.274508,12.150171,User: user24<br>Type: 3min<br>Split: train
user25,3min,train,1465,-132.98659,73.275345,19.351215,-5.619281,User: user25<br>Type: 3min<br>Split: train
user26,3min,train,1466,-73.31034,115.66984,-18.510832,14.721534,User: user26<br>Type: 3min<br>Split: train
user27,3min,train,1467,154.21333,-52.922832,-19.608706,17.864485,User: user27<br>Type: 3min<br>Split: train
user3,3min,train,1468,-33.07321,53.066944,5.669464,-6.3923535,User: user3<br>Type: 3min<br>Split: train
user30,3min,train,1469,-133.4254,-133.25356,0.7025747,-10.84397,User: user30<br>Type: 3min<br>Split: train
user31,3min,train,1470,6.9227357,-8.480797,-20.359564,-1.8561871,User: user31<br>Type: 3min<br>Split: train
user32,3min,train,1471,-52.54509,200.63278,-5.798276,-7.746556,User: user32<br>Type: 3min<br>Split: train
user34,3min,train,1472,-42.164413,-38.25206,8.065827,-15.746128,User: user34<br>Type: 3min<br>Split: train
user35,3min,train,1473,167.05638,-2.6472218,28.634562,-10.3468895,User: user35<br>Type: 3min<br>Split: train
user35,3min,train,1474,-9.899128,-6.2469883,5.575958,-16.958122,User: user35<br>Type: 3min<br>Split: train
user39,3min,train,1475,-83.50522,-99.28785,17.794912,7.783399,User: user39<br>Type: 3min<br>Split: train
user40,3min,train,1476,-70.77144,-8.9134865,-8.476266,-16.181826,User: user40<br>Type: 3min<br>Split: train
user42,3min,train,1477,11.140395,147.74826,23.11549,25.922268,User: user42<br>Type: 3min<br>Split: train
user48,3min,train,1478,63.466167,45.12324,14.254671,-18.650301,User: user48<br>Type: 3min<br>Split: train
user5,3min,train,1479,-144.17363,2.538802,-16.97473,-0.8440676,User: user5<br>Type: 3min<br>Split: train
user50,3min,train,1480,-165.25569,-29.547632,-3.8520958,11.546538,User: user50<br>Type: 3min<br>Split: train
user51,3min,train,1481,-34.59145,-16.559484,-23.94687,5.114208,User: user51<br>Type: 3min<br>Split: train
user54,3min,train,1482,48.614914,-41.05999,2.6516125,-21.193386,User: user54<br>Type: 3min<br>Split: train
user55,3min,train,1483,-12.099864,53.11249,-2.8202589,-2.4208221,User: user55<br>Type: 3min<br>Split: train
user61,3min,train,1484,13.136969,-132.71332,-1.2477336,18.282019,User: user61<br>Type: 3min<br>Split: train
user62,3min,train,1485,-105.7373,29.50931,15.839576,34.666264,User: user62<br>Type: 3min<br>Split: train
user63,3min,train,1486,-76.3527,-55.018288,-1.658663,34.799126,User: user63<br>Type: 3min<br>Split: train
user68,3min,train,1487,-61.284966,-85.49953,0.7059653,4.274528,User: user68<br>Type: 3min<br>Split: train
user72,3min,train,1488,13.62859,22.772324,32.825363,1.2104964,User: user72<br>Type: 3min<br>Split: train
user74,3min,train,1489,-152.19351,138.6777,17.21208,-0.51037616,User: user74<br>Type: 3min<br>Split: train
user75,3min,train,1490,117.40484,166.2063,-13.828174,26.536766,User: user75<br>Type: 3min<br>Split: train
user77,3min,train,1491,-142.63501,-48.656788,4.134267,2.7192867,User: user77<br>Type: 3min<br>Split: train
user79,3min,train,1492,-30.512867,11.3816,8.408301,33.30015,User: user79<br>Type: 3min<br>Split: train
user82,3min,train,1493,33.775627,-10.916876,15.151852,29.816715,User: user82<br>Type: 3min<br>Split: train
user84,3min,train,1494,-97.5791,146.49004,20.368752,30.347597,User: user84<br>Type: 3min<br>Split: train
user87,3min,train,1495,12.871375,46.512875,-2.8601494,24.22903,User: user87<br>Type: 3min<br>Split: train
user88,3min,train,1496,15.223314,-78.70015,-17.12562,2.6652057,User: user88<br>Type: 3min<br>Split: train
user89,3min,train,1497,140.6399,-112.28211,36.145744,5.223372,User: user89<br>Type: 3min<br>Split: train
user9,3min,train,1498,75.78509,66.43162,-0.33296168,-26.635159,User: user9<br>Type: 3min<br>Split: train
user11,3min,train,1499,-137.4076,-103.33537,30.567284,5.021629,User: user11<br>Type: 3min<br>Split: train
user13,3min,train,1500,-138.71892,46.876972,18.865137,13.881282,User: user13<br>Type: 3min<br>Split: train
user15,3min,train,1501,-108.41618,-112.25345,19.088272,27.052523,User: user15<br>Type: 3min<br>Split: train
user16,3min,train,1502,-14.740286,205.85985,11.5198145,7.5355644,User: user16<br>Type: 3min<br>Split: train
user18,3min,train,1503,-68.75002,66.9487,6.9123015,1.2638226,User: user18<br>Type: 3min<br>Split: train
user21,3min,train,1504,-60.06158,-23.163872,20.214518,6.052013,User: user21<br>Type: 3min<br>Split: train
user22,3min,train,1505,-94.92357,6.672643,-13.161009,14.052251,User: user22<br>Type: 3min<br>Split: train
user24,3min,train,1506,-52.40137,0.21165341,20.270817,12.146335,User: user24<br>Type: 3min<br>Split: train
user25,3min,train,1507,-132.98659,73.275345,8.290692,-6.3187575,User: user25<br>Type: 3min<br>Split: train
user28,3min,train,1508,-16.752575,142.8599,26.75724,-13.168374,User: user28<br>Type: 3min<br>Split: train
user3,3min,train,1509,-33.07321,53.066944,5.6953588,-6.3664446,User: user3<br>Type: 3min<br>Split: train
user30,3min,train,1510,-133.4254,-133.25356,2.6559334,-12.041638,User: user30<br>Type: 3min<br>Split: train
user31,3min,train,1511,7.127656,-0.07572798,-20.35955,-1.8564198,User: user31<br>Type: 3min<br>Split: train
user33,3min,train,1512,-121.60412,127.08609,25.528051,29.831161,User: user33<br>Type: 3min<br>Split: train
user35,3min,train,1513,167.05638,-2.6472218,28.654364,-10.327161,User: user35<br>Type: 3min<br>Split: train
user35,3min,train,1514,-11.778402,-11.859678,5.5761514,-16.958075,User: user35<br>Type: 3min<br>Split: train
user36,3min,train,1515,-196.6053,-46.669827,1.9555817,-7.867895,User: user36<br>Type: 3min<br>Split: train
user38,3min,train,1516,-62.84318,171.02867,16.080244,-22.251623,User: user38<br>Type: 3min<br>Split: train
user39,3min,train,1517,-83.50522,-99.28785,-5.2152596,-14.259466,User: user39<br>Type: 3min<br>Split: train
user40,3min,train,1518,-70.77144,-8.9134865,-8.487854,-16.19858,User: user40<br>Type: 3min<br>Split: train
user45,3min,train,1519,-27.081148,36.82445,25.991814,8.997846,User: user45<br>Type: 3min<br>Split: train
user47,3min,train,1520,58.35414,-1.0038519,1.1818151,28.863256,User: user47<br>Type: 3min<br>Split: train
user49,3min,train,1521,142.51956,109.82349,9.27033,24.93829,User: user49<br>Type: 3min<br>Split: train
user5,3min,train,1522,-144.17363,2.538802,0.9383696,-13.7956915,User: user5<br>Type: 3min<br>Split: train
user50,3min,train,1523,-165.25569,-29.547632,-3.8523061,11.54675,User: user50<br>Type: 3min<br>Split: train
user51,3min,train,1524,-34.59145,-16.559484,-23.973196,5.0885606,User: user51<br>Type: 3min<br>Split: train
user52,3min,train,1525,-137.88318,-23.181454,-4.0962653,-17.2355,User: user52<br>Type: 3min<br>Split: train
user53,3min,train,1526,91.53717,-59.223194,27.721197,18.52993,User: user53<br>Type: 3min<br>Split: train
user54,3min,train,1527,50.826115,-46.471756,2.6303623,-21.172234,User: user54<br>Type: 3min<br>Split: train
user55,3min,train,1528,-12.099864,53.11249,-2.7165897,-2.3169296,User: user55<br>Type: 3min<br>Split: train
user57,3min,train,1529,-92.59654,180.8146,-3.3840737,1.2636685,User: user57<br>Type: 3min<br>Split: train
user61,3min,train,1530,13.136969,-132.71332,-0.6029407,6.8419633,User: user61<br>Type: 3min<br>Split: train
user62,3min,train,1531,-161.29836,25.327385,-13.767323,-2.8470712,User: user62<br>Type: 3min<br>Split: train
user62,3min,train,1532,-105.7373,29.50931,15.846324,34.665565,User: user62<br>Type: 3min<br>Split: train
user65,3min,train,1533,31.86232,-94.33745,3.0315807,5.3171153,User: user65<br>Type: 3min<br>Split: train
user67,3min,train,1534,-122.12124,97.05209,19.188549,16.328089,User: user67<br>Type: 3min<br>Split: train
user68,3min,train,1535,-69.76248,-80.18108,0.59767085,4.1667147,User: user68<br>Type: 3min<br>Split: train
user69,3min,train,1536,-101.18627,-143.4123,-2.2303696,-14.211331,User: user69<br>Type: 3min<br>Split: train
user70,3min,train,1537,-53.917717,-110.53692,4.879386,23.32544,User: user70<br>Type: 3min<br>Split: train
user71,3min,train,1538,131.66515,-36.84476,-6.5487976,26.999,User: user71<br>Type: 3min<br>Split: train
user72,3min,train,1539,13.62859,22.772324,32.826603,1.2120634,User: user72<br>Type: 3min<br>Split: train
user75,3min,train,1540,117.40484,166.2063,-13.817032,26.52529,User: user75<br>Type: 3min<br>Split: train
user76,3min,train,1541,155.25519,-24.52458,23.35939,0.14379437,User: user76<br>Type: 3min<br>Split: train
user78,3min,train,1542,-170.96631,-1.9590068,-18.497574,24.984396,User: user78<br>Type: 3min<br>Split: train
user79,3min,train,1543,-30.512867,11.3816,8.388094,33.280346,User: user79<br>Type: 3min<br>Split: train
user8,3min,train,1544,-129.58746,24.109426,15.69607,19.500526,User: user8<br>Type: 3min<br>Split: train
user82,3min,train,1545,29.121454,-13.748628,15.159798,29.826632,User: user82<br>Type: 3min<br>Split: train
user83,3min,train,1546,-25.770061,-124.25772,24.117952,18.670853,User: user83<br>Type: 3min<br>Split: train
user85,3min,train,1547,136.38219,-81.04708,-11.002555,16.752031,User: user85<br>Type: 3min<br>Split: train
user86,3min,train,1548,-46.58125,-171.89458,26.835793,-18.537016,User: user86<br>Type: 3min<br>Split: train
user89,3min,train,1549,140.6399,-112.28211,36.168716,5.246423,User: user89<br>Type: 3min<br>Split: train
user1,3min,train,1550,18.920324,76.693565,35.070305,22.496529,User: user1<br>Type: 3min<br>Split: train
user10,3min,train,1551,-1.3907136,97.334656,-6.0780935,-4.116894,User: user10<br>Type: 3min<br>Split: train
user11,3min,train,1552,-137.4076,-103.33537,30.584768,5.0391784,User: user11<br>Type: 3min<br>Split: train
user14,3min,train,1553,-145.96432,107.237465,-13.726283,-14.912046,User: user14<br>Type: 3min<br>Split: train
user18,3min,train,1554,-63.888412,73.953804,6.910141,1.2621809,User: user18<br>Type: 3min<br>Split: train
user2,3min,train,1555,60.334183,-131.87576,-20.22157,8.422785,User: user2<br>Type: 3min<br>Split: train
user22,3min,train,1556,-94.92357,6.672643,-13.1666,14.047215,User: user22<br>Type: 3min<br>Split: train
user23,3min,train,1557,-98.451775,-20.052794,15.442256,6.3513756,User: user23<br>Type: 3min<br>Split: train
user27,3min,train,1558,154.21333,-52.922832,-19.615211,17.85811,User: user27<br>Type: 3min<br>Split: train
user28,3min,train,1559,-16.752575,142.8599,26.758156,-13.167444,User: user28<br>Type: 3min<br>Split: train
user29,3min,train,1560,-164.6717,54.795074,-6.5380993,22.491524,User: user29<br>Type: 3min<br>Split: train
user3,3min,train,1561,-38.06489,53.211464,5.7027297,-6.35896,User: user3<br>Type: 3min<br>Split: train
user30,3min,train,1562,-133.4254,-133.25356,2.6561377,-12.041992,User: user30<br>Type: 3min<br>Split: train
user31,3min,train,1563,12.347404,-1.844164,-20.377419,-1.8742378,User: user31<br>Type: 3min<br>Split: train
user34,3min,train,1564,-42.164413,-38.25206,8.066241,-15.745509,User: user34<br>Type: 3min<br>Split: train
user35,3min,train,1565,167.05638,-2.6472218,28.636868,-10.344661,User: user35<br>Type: 3min<br>Split: train
user35,3min,train,1566,-20.335432,-5.0037894,5.5924387,-16.939163,User: user35<br>Type: 3min<br>Split: train
user36,3min,train,1567,-196.6053,-46.669827,1.9352665,-7.8885603,User: user36<br>Type: 3min<br>Split: train
user37,3min,train,1568,22.970564,107.643776,8.968674,7.318025,User: user37<br>Type: 3min<br>Split: train
user4,3min,train,1569,-89.33292,51.406857,-3.436362,17.715496,User: user4<br>Type: 3min<br>Split: train
user40,3min,train,1570,-71.57965,-4.132366,-8.5093775,-16.177681,User: user40<br>Type: 3min<br>Split: train
user41,3min,train,1571,-126.0254,163.50269,5.990318,-1.0484108,User: user41<br>Type: 3min<br>Split: train
user42,3min,train,1572,11.140395,147.74826,23.120052,25.926886,User: user42<br>Type: 3min<br>Split: train
user43,3min,train,1573,-38.40839,81.84102,21.058805,0.5040143,User: user43<br>Type: 3min<br>Split: train
user48,3min,train,1574,63.466167,45.12324,14.280655,-18.676067,User: user48<br>Type: 3min<br>Split: train
user52,3min,train,1575,-137.88318,-23.181454,-4.096219,-17.235437,User: user52<br>Type: 3min<br>Split: train
user53,3min,train,1576,91.53717,-59.223194,7.266533,26.732183,User: user53<br>Type: 3min<br>Split: train
user54,3min,train,1577,50.826115,-46.471756,2.6533763,-21.191294,User: user54<br>Type: 3min<br>Split: train
user55,3min,train,1578,-12.099864,53.11249,-2.702742,-2.3030112,User: user55<br>Type: 3min<br>Split: train
user56,3min,train,1579,-116.01288,-83.58743,-6.5652227,32.50966,User: user56<br>Type: 3min<br>Split: train
user57,3min,train,1580,-92.59654,180.8146,-3.3845837,1.263752,User: user57<br>Type: 3min<br>Split: train
user58,3min,train,1581,-194.49309,-81.73398,-10.250215,-18.947504,User: user58<br>Type: 3min<br>Split: train
user59,3min,train,1582,-42.905766,122.347595,3.3127272,26.381973,User: user59<br>Type: 3min<br>Split: train
user6,3min,train,1583,-143.42564,-76.430695,-25.497406,8.566291,User: user6<br>Type: 3min<br>Split: train
user60,3min,train,1584,104.54602,92.16839,11.126991,18.475807,User: user60<br>Type: 3min<br>Split: train
user62,3min,train,1585,-105.7373,29.50931,15.843634,34.655396,User: user62<br>Type: 3min<br>Split: train
user63,3min,train,1586,-76.3527,-55.018288,11.370792,-7.238145,User: user63<br>Type: 3min<br>Split: train
user65,3min,train,1587,31.86232,-94.33745,-5.6674356,-18.45748,User: user65<br>Type: 3min<br>Split: train
user66,3min,train,1588,-30.797297,-98.508545,13.310453,20.389582,User: user66<br>Type: 3min<br>Split: train
user68,3min,train,1589,-61.284966,-85.49953,0.7008504,4.2694607,User: user68<br>Type: 3min<br>Split: train
user7,3min,train,1590,-7.1419573,-177.19244,-5.6066375,9.461903,User: user7<br>Type: 3min<br>Split: train
user72,3min,train,1591,13.62859,22.772324,32.818882,1.213499,User: user72<br>Type: 3min<br>Split: train
user76,3min,train,1592,155.25519,-24.52458,23.274963,0.057694282,User: user76<br>Type: 3min<br>Split: train
user79,3min,train,1593,-30.512867,11.3816,8.345994,33.238308,User: user79<br>Type: 3min<br>Split: train
user8,3min,train,1594,-129.58746,24.109426,15.683947,19.512629,User: user8<br>Type: 3min<br>Split: train
user80,3min,train,1595,84.20569,-148.9275,20.808208,21.366177,User: user80<br>Type: 3min<br>Split: train
user84,3min,train,1596,-97.5791,146.49004,20.328386,30.354454,User: user84<br>Type: 3min<br>Split: train
user85,3min,train,1597,136.38219,-81.04708,-11.019143,16.764261,User: user85<br>Type: 3min<br>Split: train
user88,3min,train,1598,8.297126,-72.547134,22.94013,5.0937276,User: user88<br>Type: 3min<br>Split: train
user9,3min,train,1599,85.470345,69.392166,-0.3471343,-26.650612,User: user9<br>Type: 3min<br>Split: train
user1,3min,train,1600,13.863741,76.31855,35.079845,22.506071,User: user1<br>Type: 3min<br>Split: train
user11,3min,train,1601,-137.4076,-103.33537,30.585127,5.039403,User: user11<br>Type: 3min<br>Split: train
user12,3min,train,1602,-72.13619,-156.55666,-10.869879,-8.456241,User: user12<br>Type: 3min<br>Split: train
user15,3min,train,1603,-108.41618,-112.25345,0.16717169,23.529692,User: user15<br>Type: 3min<br>Split: train
user16,3min,train,1604,-14.740286,205.85985,11.567713,7.487397,User: user16<br>Type: 3min<br>Split: train
user18,3min,train,1605,-63.888412,73.953804,6.8983736,1.2500035,User: user18<br>Type: 3min<br>Split: train
user22,3min,train,1606,-94.92357,6.672643,-13.165146,14.048673,User: user22<br>Type: 3min<br>Split: train
user24,3min,train,1607,-52.51017,5.934216,20.270676,12.14639,User: user24<br>Type: 3min<br>Split: train
user26,3min,train,1608,-73.31034,115.66984,-18.503138,14.712161,User: user26<br>Type: 3min<br>Split: train
user28,3min,train,1609,-16.752575,142.8599,26.763437,-13.162589,User: user28<br>Type: 3min<br>Split: train
user29,3min,train,1610,-164.6717,54.795074,0.4607071,31.13167,User: user29<br>Type: 3min<br>Split: train
user31,3min,train,1611,12.347404,-1.844164,-20.360775,-1.8570092,User: user31<br>Type: 3min<br>Split: train
user32,3min,train,1612,-52.54509,200.63278,-5.8516755,-7.800168,User: user32<br>Type: 3min<br>Split: train
user34,3min,train,1613,-42.164413,-38.25206,8.066262,-15.745473,User: user34<br>Type: 3min<br>Split: train
user35,3min,train,1614,-11.778402,-11.859678,5.5765786,-16.957323,User: user35<br>Type: 3min<br>Split: train
user36,3min,train,1615,-196.6053,-46.669827,1.9374795,-7.886355,User: user36<br>Type: 3min<br>Split: train
user38,3min,train,1616,-62.84318,171.02867,16.07672,-22.24762,User: user38<br>Type: 3min<br>Split: train
user4,3min,train,1617,-89.33292,51.406857,-3.436429,17.715443,User: user4<br>Type: 3min<br>Split: train
user40,3min,train,1618,-71.57965,-4.132366,-8.493619,-16.199871,User: user40<br>Type: 3min<br>Split: train
user42,3min,train,1619,11.140395,147.74826,23.134012,25.940844,User: user42<br>Type: 3min<br>Split: train
user44,3min,train,1620,-97.63191,-53.365215,-17.887709,31.545776,User: user44<br>Type: 3min<br>Split: train
user46,3min,train,1621,-9.6432085,-35.762337,-2.1454318,21.80859,User: user46<br>Type: 3min<br>Split: train
user47,3min,train,1622,58.35414,-1.0038519,1.1807973,28.867846,User: user47<br>Type: 3min<br>Split: train
user48,3min,train,1623,63.466167,45.12324,14.286989,-18.68236,User: user48<br>Type: 3min<br>Split: train
user49,3min,train,1624,142.51956,109.82349,9.285236,24.954035,User: user49<br>Type: 3min<br>Split: train
user51,3min,train,1625,-34.59145,-16.559484,-23.956984,5.104907,User: user51<br>Type: 3min<br>Split: train
user52,3min,train,1626,-137.88318,-23.181454,14.371517,-24.72812,User: user52<br>Type: 3min<br>Split: train
user56,3min,train,1627,-116.01288,-83.58743,-6.625366,32.570045,User: user56<br>Type: 3min<br>Split: train
user57,3min,train,1628,-92.59654,180.8146,-14.074679,-18.61463,User: user57<br>Type: 3min<br>Split: train
user58,3min,train,1629,-194.49309,-81.73398,-10.296056,-18.902514,User: user58<br>Type: 3min<br>Split: train
user59,3min,train,1630,-52.860874,116.49881,27.514765,4.748398,User: user59<br>Type: 3min<br>Split: train
user61,3min,train,1631,-8.19417,-127.5769,-0.6029801,6.841994,User: user61<br>Type: 3min<br>Split: train
user62,3min,train,1632,-161.29836,25.327385,-13.80808,-2.7874398,User: user62<br>Type: 3min<br>Split: train
user62,3min,train,1633,-105.7373,29.50931,15.843686,34.663486,User: user62<br>Type: 3min<br>Split: train
user64,3min,train,1634,-165.83238,-130.14728,6.989763,5.0600634,User: user64<br>Type: 3min<br>Split: train
user66,3min,train,1635,-30.797297,-98.508545,13.313499,20.416332,User: user66<br>Type: 3min<br>Split: train
user68,3min,train,1636,-61.284966,-85.49953,0.6883603,4.257261,User: user68<br>Type: 3min<br>Split: train
user7,3min,train,1637,-7.1419573,-177.19244,9.891089,-13.248386,User: user7<br>Type: 3min<br>Split: train
user74,3min,train,1638,-152.19351,138.6777,17.207964,-0.5140907,User: user74<br>Type: 3min<br>Split: train
user76,3min,train,1639,155.25519,-24.52458,23.366066,0.15043698,User: user76<br>Type: 3min<br>Split: train
user77,3min,train,1640,-142.63501,-48.656788,4.27162,2.85541,User: user77<br>Type: 3min<br>Split: train
user78,3min,train,1641,-170.96631,-1.9590068,-18.494406,24.98684,User: user78<br>Type: 3min<br>Split: train
user79,3min,train,1642,-30.512867,11.3816,8.379496,33.27176,User: user79<br>Type: 3min<br>Split: train
user8,3min,train,1643,-129.58746,24.109426,-12.991139,1.8968242,User: user8<br>Type: 3min<br>Split: train
user83,3min,train,1644,-25.770061,-124.25772,24.100065,18.689049,User: user83<br>Type: 3min<br>Split: train
user86,3min,train,1645,-46.58125,-171.89458,26.838432,-18.534252,User: user86<br>Type: 3min<br>Split: train
user87,3min,train,1646,12.871375,46.512875,-2.869074,24.237371,User: user87<br>Type: 3min<br>Split: train
user88,3min,train,1647,15.223314,-78.70015,-17.119387,2.671678,User: user88<br>Type: 3min<br>Split: train
user89,3min,train,1648,140.6399,-112.28211,36.16896,5.2468243,User: user89<br>Type: 3min<br>Split: train
user11,3min,train,1649,-137.4076,-103.33537,30.589533,5.0432262,User: user11<br>Type: 3min<br>Split: train
user12,3min,train,1650,-72.13619,-156.55666,-10.86985,-8.456262,User: user12<br>Type: 3min<br>Split: train
user16,3min,train,1651,-14.740286,205.85985,11.563208,7.491881,User: user16<br>Type: 3min<br>Split: train
user17,3min,train,1652,-195.68074,-15.931047,18.266188,-9.525312,User: user17<br>Type: 3min<br>Split: train
user19,3min,train,1653,-166.4242,-96.49441,14.741716,-14.404221,User: user19<br>Type: 3min<br>Split: train
user2,3min,train,1654,60.334183,-131.87576,-20.234262,8.410042,User: user2<br>Type: 3min<br>Split: train
user20,3min,train,1655,-105.06311,77.88808,-13.448617,7.302351,User: user20<br>Type: 3min<br>Split: train
user25,3min,train,1656,-132.98659,73.275345,19.350456,-5.619715,User: user25<br>Type: 3min<br>Split: train
user28,3min,train,1657,-16.752575,142.8599,26.765053,-13.160574,User: user28<br>Type: 3min<br>Split: train
user31,3min,train,1658,12.347404,-1.844164,-20.36037,-1.8570439,User: user31<br>Type: 3min<br>Split: train
user32,3min,train,1659,-52.54509,200.63278,-5.8482013,-7.7968373,User: user32<br>Type: 3min<br>Split: train
user33,3min,train,1660,-121.60412,127.08609,25.53555,29.826258,User: user33<br>Type: 3min<br>Split: train
user34,3min,train,1661,-42.164413,-38.25206,8.06621,-15.745568,User: user34<br>Type: 3min<br>Split: train
user35,3min,train,1662,167.05638,-2.6472218,28.622097,-10.359581,User: user35<br>Type: 3min<br>Split: train
user35,3min,train,1663,-20.335432,-5.0037894,5.5711207,-16.962736,User: user35<br>Type: 3min<br>Split: train
user36,3min,train,1664,-196.6053,-46.669827,1.9417568,-7.881635,User: user36<br>Type: 3min<br>Split: train
user39,3min,train,1665,-83.50522,-99.28785,17.794657,7.783312,User: user39<br>Type: 3min<br>Split: train
user45,3min,train,1666,-28.594263,32.087917,25.980255,9.009449,User: user45<br>Type: 3min<br>Split: train
user46,3min,train,1667,-9.6432085,-35.762337,-2.1345575,21.797745,User: user46<br>Type: 3min<br>Split: train
user48,3min,train,1668,59.70417,48.95577,14.286657,-18.682016,User: user48<br>Type: 3min<br>Split: train
user52,3min,train,1669,-137.88318,-23.181454,-4.0962343,-17.235416,User: user52<br>Type: 3min<br>Split: train
user54,3min,train,1670,50.826115,-46.471756,2.6671486,-21.203323,User: user54<br>Type: 3min<br>Split: train
user56,3min,train,1671,-116.01288,-83.58743,-6.6221223,32.56679,User: user56<br>Type: 3min<br>Split: train
user58,3min,train,1672,-194.49309,-81.73398,-10.295533,-18.903051,User: user58<br>Type: 3min<br>Split: train
user59,3min,train,1673,-42.905766,122.347595,3.3126676,26.381939,User: user59<br>Type: 3min<br>Split: train
user61,3min,train,1674,13.136969,-132.71332,-1.2827133,18.31739,User: user61<br>Type: 3min<br>Split: train
user62,3min,train,1675,-105.7373,29.50931,15.915432,34.734688,User: user62<br>Type: 3min<br>Split: train
user63,3min,train,1676,-76.3527,-55.018288,-1.6478322,34.788174,User: user63<br>Type: 3min<br>Split: train
user64,3min,train,1677,-165.83238,-130.14728,7.063082,5.1333566,User: user64<br>Type: 3min<br>Split: train
user66,3min,train,1678,-30.797297,-98.508545,13.309702,20.414608,User: user66<br>Type: 3min<br>Split: train
user69,3min,train,1679,-101.18627,-143.4123,-2.212073,-14.192988,User: user69<br>Type: 3min<br>Split: train
user71,3min,train,1680,131.66515,-36.84476,-6.5829906,27.035574,User: user71<br>Type: 3min<br>Split: train
user72,3min,train,1681,13.62859,22.772324,32.825024,1.2021466,User: user72<br>Type: 3min<br>Split: train
user73,3min,train,1682,-22.528036,-53.160408,15.045657,1.8234763,User: user73<br>Type: 3min<br>Split: train
user74,3min,train,1683,-152.19351,138.6777,17.211432,-0.5109967,User: user74<br>Type: 3min<br>Split: train
user75,3min,train,1684,117.40484,166.2063,-13.83422,26.539211,User: user75<br>Type: 3min<br>Split: train
user76,3min,train,1685,155.25519,-24.52458,23.274855,0.05764541,User: user76<br>Type: 3min<br>Split: train
user77,3min,train,1686,-142.63501,-48.656788,4.1344833,2.7193089,User: user77<br>Type: 3min<br>Split: train
user78,3min,train,1687,-170.96631,-1.9590068,-18.496973,24.985174,User: user78<br>Type: 3min<br>Split: train
user81,3min,train,1688,-113.86219,54.042454,10.694805,4.231534,User: user81<br>Type: 3min<br>Split: train
user82,3min,train,1689,29.121454,-13.748628,15.152075,29.817106,User: user82<br>Type: 3min<br>Split: train
user88,3min,train,1690,10.523731,-81.482994,-17.126873,2.6639745,User: user88<br>Type: 3min<br>Split: train
user9,3min,train,1691,75.78509,66.43162,-0.3293798,-26.625448,User: user9<br>Type: 3min<br>Split: train
user11,3min,train,1692,-137.4076,-103.33537,30.584696,5.0390844,User: user11<br>Type: 3min<br>Split: train
user12,3min,train,1693,-72.13619,-156.55666,-10.869724,-8.456386,User: user12<br>Type: 3min<br>Split: train
user14,3min,train,1694,-145.96432,107.237465,-13.726186,-14.911951,User: user14<br>Type: 3min<br>Split: train
user18,3min,train,1695,-68.75002,66.9487,6.921334,1.2726312,User: user18<br>Type: 3min<br>Split: train
user19,3min,train,1696,-166.4242,-96.49441,3.1624951,-25.809711,User: user19<br>Type: 3min<br>Split: train
user2,3min,train,1697,60.334183,-131.87576,-20.265373,8.377073,User: user2<br>Type: 3min<br>Split: train
user21,3min,train,1698,-60.06158,-23.163872,20.201988,6.0643945,User: user21<br>Type: 3min<br>Split: train
user24,3min,train,1699,-52.40137,0.21165341,5.4940667,18.384615,User: user24<br>Type: 3min<br>Split: train
user25,3min,train,1700,-132.98659,73.275345,8.290467,-6.3183904,User: user25<br>Type: 3min<br>Split: train
user26,3min,train,1701,-73.31034,115.66984,-18.501757,14.712332,User: user26<br>Type: 3min<br>Split: train
user27,3min,train,1702,154.21333,-52.922832,-19.633148,17.840094,User: user27<br>Type: 3min<br>Split: train
user28,3min,train,1703,-16.752575,142.8599,26.76278,-13.158817,User: user28<br>Type: 3min<br>Split: train
user29,3min,train,1704,-164.6717,54.795074,-6.5380435,22.491465,User: user29<br>Type: 3min<br>Split: train
user3,3min,train,1705,-36.397167,58.08161,5.660291,-6.4002237,User: user3<br>Type: 3min<br>Split: train
user31,3min,train,1706,12.347404,-1.844164,-20.360691,-1.857192,User: user31<br>Type: 3min<br>Split: train
user32,3min,train,1707,-52.54509,200.63278,-5.6616974,-7.608935,User: user32<br>Type: 3min<br>Split: train
user35,3min,train,1708,167.05638,-2.6472218,28.63618,-10.345122,User: user35<br>Type: 3min<br>Split: train
user35,3min,train,1709,-11.778402,-11.859678,5.577068,-16.986477,User: user35<br>Type: 3min<br>Split: train
user36,3min,train,1710,-196.6053,-46.669827,1.9374831,-7.886405,User: user36<br>Type: 3min<br>Split: train
user37,3min,train,1711,22.970564,107.643776,8.344214,7.8358245,User: user37<br>Type: 3min<br>Split: train
user38,3min,train,1712,-62.84318,171.02867,16.099161,-22.272364,User: user38<br>Type: 3min<br>Split: train
user4,3min,train,1713,-89.33292,51.406857,-3.432913,17.72169,User: user4<br>Type: 3min<br>Split: train
user42,3min,train,1714,11.140395,147.74826,23.132792,25.914776,User: user42<br>Type: 3min<br>Split: train
user43,3min,train,1715,-38.40839,81.84102,-8.525394,-11.876384,User: user43<br>Type: 3min<br>Split: train
user5,3min,train,1716,-144.17363,2.538802,-16.9724,-0.8446283,User: user5<br>Type: 3min<br>Split: train
user51,3min,train,1717,-34.59145,-16.559484,-23.9517,5.110059,User: user51<br>Type: 3min<br>Split: train
user55,3min,train,1718,-12.099864,53.11249,-2.7121773,-2.3125994,User: user55<br>Type: 3min<br>Split: train
user56,3min,train,1719,-116.01288,-83.58743,-6.6314583,32.576195,User: user56<br>Type: 3min<br>Split: train
user59,3min,train,1720,-42.905766,122.347595,3.2924297,26.361809,User: user59<br>Type: 3min<br>Split: train
user6,3min,train,1721,-143.42564,-76.430695,-25.470852,8.592779,User: user6<br>Type: 3min<br>Split: train
user61,3min,train,1722,13.136969,-132.71332,-1.2416409,18.276552,User: user61<br>Type: 3min<br>Split: train
user62,3min,train,1723,-161.29836,25.327385,-13.759157,-2.8292315,User: user62<br>Type: 3min<br>Split: train
user62,3min,train,1724,-105.7373,29.50931,15.843934,34.66285,User: user62<br>Type: 3min<br>Split: train
user64,3min,train,1725,-165.83238,-130.14728,7.0556407,5.125775,User: user64<br>Type: 3min<br>Split: train
user65,3min,train,1726,41.84453,-92.8349,3.0315242,5.3170314,User: user65<br>Type: 3min<br>Split: train
user66,3min,train,1727,-30.797297,-98.508545,13.320197,20.40557,User: user66<br>Type: 3min<br>Split: train
user67,3min,train,1728,-122.12124,97.05209,19.188656,16.327608,User: user67<br>Type: 3min<br>Split: train
user68,3min,train,1729,-61.284966,-85.49953,0.7177924,4.286287,User: user68<br>Type: 3min<br>Split: train
user71,3min,train,1730,131.66515,-36.84476,-6.539432,26.993647,User: user71<br>Type: 3min<br>Split: train
user78,3min,train,1731,-170.96631,-1.9590068,-18.498716,24.984331,User: user78<br>Type: 3min<br>Split: train
user8,3min,train,1732,-129.58746,24.109426,15.683731,19.512596,User: user8<br>Type: 3min<br>Split: train
user82,3min,train,1733,33.775627,-10.916876,15.152094,29.81704,User: user82<br>Type: 3min<br>Split: train
user83,3min,train,1734,-25.770061,-124.25772,24.105509,18.683489,User: user83<br>Type: 3min<br>Split: train
user85,3min,train,1735,136.38219,-81.04708,-11.00267,16.75234,User: user85<br>Type: 3min<br>Split: train
user89,3min,train,1736,140.6399,-112.28211,36.155624,5.2333193,User: user89<br>Type: 3min<br>Split: train
user9,3min,train,1737,75.78509,66.43162,-0.31028455,-26.658693,User: user9<br>Type: 3min<br>Split: train
user1,3min,train,1738,18.920324,76.693565,35.069336,22.495619,User: user1<br>Type: 3min<br>Split: train
user11,3min,train,1739,-137.4076,-103.33537,30.585419,5.0382953,User: user11<br>Type: 3min<br>Split: train
user12,3min,train,1740,-72.13619,-156.55666,-3.9375653,13.998317,User: user12<br>Type: 3min<br>Split: train
user13,3min,train,1741,-138.71892,46.876972,18.864729,13.881055,User: user13<br>Type: 3min<br>Split: train
user14,3min,train,1742,-145.96432,107.237465,-13.714373,-14.900132,User: user14<br>Type: 3min<br>Split: train
user18,3min,train,1743,-63.888412,73.953804,6.9033785,1.2539932,User: user18<br>Type: 3min<br>Split: train
user19,3min,train,1744,-166.4242,-96.49441,14.74029,-14.407339,User: user19<br>Type: 3min<br>Split: train
user22,3min,train,1745,-94.92357,6.672643,-13.162557,14.050821,User: user22<br>Type: 3min<br>Split: train
user23,3min,train,1746,-98.451775,-20.052794,15.418109,6.381449,User: user23<br>Type: 3min<br>Split: train
user25,3min,train,1747,-132.98659,73.275345,8.290467,-6.3187838,User: user25<br>Type: 3min<br>Split: train
user27,3min,train,1748,154.21333,-52.922832,-19.603983,17.86029,User: user27<br>Type: 3min<br>Split: train
user28,3min,train,1749,-16.752575,142.8599,26.765095,-13.160369,User: user28<br>Type: 3min<br>Split: train
user30,3min,train,1750,-133.4254,-133.25356,0.70168746,-10.844764,User: user30<br>Type: 3min<br>Split: train
user35,3min,train,1751,167.05638,-2.6472218,28.648548,-10.333147,User: user35<br>Type: 3min<br>Split: train
user36,3min,train,1752,-196.6053,-46.669827,1.9375043,-7.8868766,User: user36<br>Type: 3min<br>Split: train
user39,3min,train,1753,-83.50522,-99.28785,17.793886,7.783888,User: user39<br>Type: 3min<br>Split: train
user42,3min,train,1754,11.140395,147.74826,23.109169,25.915724,User: user42<br>Type: 3min<br>Split: train
user44,3min,train,1755,-126.801575,-63.609825,-17.898905,31.556831,User: user44<br>Type: 3min<br>Split: train
user46,3min,train,1756,-9.6432085,-35.762337,-2.134448,21.797743,User: user46<br>Type: 3min<br>Split: train
user47,3min,train,1757,58.35414,-1.0038519,1.1831385,28.865139,User: user47<br>Type: 3min<br>Split: train
user48,3min,train,1758,54.93492,40.243313,14.277165,-18.67264,User: user48<br>Type: 3min<br>Split: train
user5,3min,train,1759,-144.17363,2.538802,0.95068026,-13.787822,User: user5<br>Type: 3min<br>Split: train
user50,3min,train,1760,-165.25569,-29.547632,11.510116,-0.32268396,User: user50<br>Type: 3min<br>Split: train
user53,3min,train,1761,91.53717,-59.223194,7.2661357,26.731821,User: user53<br>Type: 3min<br>Split: train
user56,3min,train,1762,-116.01288,-83.58743,-6.578856,32.523243,User: user56<br>Type: 3min<br>Split: train
user58,3min,train,1763,-194.49309,-81.73398,-10.29556,-18.90299,User: user58<br>Type: 3min<br>Split: train
user59,3min,train,1764,-42.905766,122.347595,3.3172212,26.386583,User: user59<br>Type: 3min<br>Split: train
user62,3min,train,1765,-161.29836,25.327385,-13.753425,-2.841577,User: user62<br>Type: 3min<br>Split: train
user62,3min,train,1766,-105.7373,29.50931,15.844949,34.66398,User: user62<br>Type: 3min<br>Split: train
user64,3min,train,1767,-165.83238,-130.14728,7.0560827,5.126076,User: user64<br>Type: 3min<br>Split: train
user71,3min,train,1768,131.66515,-36.84476,-6.534864,26.989016,User: user71<br>Type: 3min<br>Split: train
user73,3min,train,1769,-22.528036,-53.160408,14.77696,2.0916085,User: user73<br>Type: 3min<br>Split: train
user76,3min,train,1770,155.25519,-24.52458,23.36575,0.15044884,User: user76<br>Type: 3min<br>Split: train
user8,3min,train,1771,-129.58746,24.109426,15.680774,19.516064,User: user8<br>Type: 3min<br>Split: train
user80,3min,train,1772,84.20569,-148.9275,10.519736,-5.876512,User: user80<br>Type: 3min<br>Split: train
user83,3min,train,1773,-25.770061,-124.25772,24.105713,18.683231,User: user83<br>Type: 3min<br>Split: train
user84,3min,train,1774,-97.5791,146.49004,20.33482,30.374794,User: user84<br>Type: 3min<br>Split: train
user85,3min,train,1775,136.38219,-81.04708,-11.015175,16.740181,User: user85<br>Type: 3min<br>Split: train
user86,3min,train,1776,-46.58125,-171.89458,26.85889,-18.514217,User: user86<br>Type: 3min<br>Split: train
user87,3min,train,1777,12.871375,46.512875,-2.8864148,24.255045,User: user87<br>Type: 3min<br>Split: train
user10,3min,train,1778,-1.3907136,97.334656,-6.095684,-4.1346097,User: user10<br>Type: 3min<br>Split: train
user14,3min,train,1779,-145.96432,107.237465,-13.73494,-14.920819,User: user14<br>Type: 3min<br>Split: train
user15,3min,train,1780,-108.41618,-112.25345,0.16713348,23.529686,User: user15<br>Type: 3min<br>Split: train
user2,3min,train,1781,60.334183,-131.87576,-20.23437,8.409891,User: user2<br>Type: 3min<br>Split: train
user20,3min,train,1782,-105.06311,77.88808,-13.44872,7.3023314,User: user20<br>Type: 3min<br>Split: train
user21,3min,train,1783,-60.06158,-23.163872,20.213987,6.052411,User: user21<br>Type: 3min<br>Split: train
user22,3min,train,1784,-94.92357,6.672643,-13.141122,14.072347,User: user22<br>Type: 3min<br>Split: train
user28,3min,train,1785,-16.752575,142.8599,26.772303,-13.150434,User: user28<br>Type: 3min<br>Split: train
user29,3min,train,1786,-164.6717,54.795074,-6.537942,22.491571,User: user29<br>Type: 3min<br>Split: train
user30,3min,train,1787,-133.4254,-133.25356,2.6329205,-12.070013,User: user30<br>Type: 3min<br>Split: train
user31,3min,train,1788,7.127656,-0.07572798,-20.347466,-1.8484305,User: user31<br>Type: 3min<br>Split: train
user32,3min,train,1789,-52.54509,200.63278,-5.6632905,-7.6108007,User: user32<br>Type: 3min<br>Split: train
user33,3min,train,1790,-121.60412,127.08609,25.528393,29.830711,User: user33<br>Type: 3min<br>Split: train
user35,3min,train,1791,167.05638,-2.6472218,28.636482,-10.3452635,User: user35<br>Type: 3min<br>Split: train
user38,3min,train,1792,-62.84318,171.02867,16.057854,-22.231867,User: user38<br>Type: 3min<br>Split: train
user4,3min,train,1793,-89.33292,51.406857,-3.4363823,17.715822,User: user4<br>Type: 3min<br>Split: train
user41,3min,train,1794,-126.0254,163.50269,9.229135,1.9114454,User: user41<br>Type: 3min<br>Split: train
user43,3min,train,1795,-38.40839,81.84102,-8.52868,-11.879887,User: user43<br>Type: 3min<br>Split: train
user44,3min,train,1796,-97.63191,-53.365215,-17.898748,31.556639,User: user44<br>Type: 3min<br>Split: train
user45,3min,train,1797,-28.594263,32.087917,25.957968,9.031759,User: user45<br>Type: 3min<br>Split: train
user47,3min,train,1798,58.35414,-1.0038519,1.1767876,28.870625,User: user47<br>Type: 3min<br>Split: train
user49,3min,train,1799,142.51956,109.82349,9.297703,24.966728,User: user49<br>Type: 3min<br>Split: train
user5,3min,train,1800,-144.17363,2.538802,-16.974371,-0.8436562,User: user5<br>Type: 3min<br>Split: train
user50,3min,train,1801,-165.25569,-29.547632,-3.852328,11.5467205,User: user50<br>Type: 3min<br>Split: train
user53,3min,train,1802,91.53717,-59.223194,7.266165,26.732185,User: user53<br>Type: 3min<br>Split: train
user54,3min,train,1803,48.614914,-41.05999,2.6654534,-21.202934,User: user54<br>Type: 3min<br>Split: train
user56,3min,train,1804,-116.01288,-83.58743,-6.6136694,32.558308,User: user56<br>Type: 3min<br>Split: train
user59,3min,train,1805,-42.905766,122.347595,3.3125365,26.38186,User: user59<br>Type: 3min<br>Split: train
user6,3min,train,1806,-143.42564,-76.430695,-25.473152,8.590173,User: user6<br>Type: 3min<br>Split: train
user62,3min,train,1807,-161.29836,25.327385,-13.757762,-2.8363318,User: user62<br>Type: 3min<br>Split: train
user64,3min,train,1808,-165.83238,-130.14728,6.998601,5.068914,User: user64<br>Type: 3min<br>Split: train
user69,3min,train,1809,-101.18627,-143.4123,-1.1711137,-16.927376,User: user69<br>Type: 3min<br>Split: train
user70,3min,train,1810,-53.917717,-110.53692,15.038877,23.534262,User: user70<br>Type: 3min<br>Split: train
user71,3min,train,1811,131.66515,-36.84476,-6.568079,27.022184,User: user71<br>Type: 3min<br>Split: train
user72,3min,train,1812,13.62859,22.772324,32.814075,1.2106652,User: user72<br>Type: 3min<br>Split: train
user73,3min,train,1813,-22.528036,-53.160408,14.941018,1.9273399,User: user73<br>Type: 3min<br>Split: train
user74,3min,train,1814,-152.19351,138.6777,17.264532,-0.4570968,User: user74<br>Type: 3min<br>Split: train
user75,3min,train,1815,117.40484,166.2063,-13.828113,26.53641,User: user75<br>Type: 3min<br>Split: train
user77,3min,train,1816,-142.63501,-48.656788,4.1309485,2.7156796,User: user77<br>Type: 3min<br>Split: train
user80,3min,train,1817,84.20569,-148.9275,20.8082,21.366312,User: user80<br>Type: 3min<br>Split: train
user81,3min,train,1818,-113.86219,54.042454,14.998242,15.263735,User: user81<br>Type: 3min<br>Split: train
user83,3min,train,1819,-25.770061,-124.25772,24.14193,18.645178,User: user83<br>Type: 3min<br>Split: train
user84,3min,train,1820,-97.5791,146.49004,20.357523,30.335142,User: user84<br>Type: 3min<br>Split: train
user87,3min,train,1821,12.871375,46.512875,-2.8477495,24.216194,User: user87<br>Type: 3min<br>Split: train
user88,3min,train,1822,8.297126,-72.547134,22.94013,5.0937657,User: user88<br>Type: 3min<br>Split: train
user89,3min,train,1823,140.6399,-112.28211,36.15796,5.2352347,User: user89<br>Type: 3min<br>Split: train
user9,3min,train,1824,75.78509,66.43162,-0.3323519,-26.635805,User: user9<br>Type: 3min<br>Split: train
user1,3min,train,1825,18.920324,76.693565,35.071213,22.497442,User: user1<br>Type: 3min<br>Split: train
user10,3min,train,1826,-1.3907136,97.334656,-6.0843153,-4.1234236,User: user10<br>Type: 3min<br>Split: train
user11,3min,train,1827,-137.4076,-103.33537,30.582891,5.03717,User: user11<br>Type: 3min<br>Split: train
user12,3min,train,1828,-72.13619,-156.55666,-10.869731,-8.45641,User: user12<br>Type: 3min<br>Split: train
user15,3min,train,1829,-108.41618,-112.25345,19.108625,27.032316,User: user15<br>Type: 3min<br>Split: train
user20,3min,train,1830,-105.06311,77.88808,-13.447432,7.3023806,User: user20<br>Type: 3min<br>Split: train
user21,3min,train,1831,-54.6782,-24.618101,20.21406,6.052145,User: user21<br>Type: 3min<br>Split: train
user23,3min,train,1832,-98.451775,-20.052794,15.422903,6.371563,User: user23<br>Type: 3min<br>Split: train
user24,3min,train,1833,-52.51017,5.934216,5.494975,18.385233,User: user24<br>Type: 3min<br>Split: train
user27,3min,train,1834,154.21333,-52.922832,-19.642578,17.83051,User: user27<br>Type: 3min<br>Split: train
user28,3min,train,1835,-16.752575,142.8599,26.754837,-13.169333,User: user28<br>Type: 3min<br>Split: train
user3,3min,train,1836,-31.38292,57.521156,5.657789,-6.4035835,User: user3<br>Type: 3min<br>Split: train
user32,3min,train,1837,-52.54509,200.63278,-5.8478975,-7.7967215,User: user32<br>Type: 3min<br>Split: train
user35,3min,train,1838,-11.778402,-11.859678,5.5559688,-16.991425,User: user35<br>Type: 3min<br>Split: train
user36,3min,train,1839,-196.6053,-46.669827,1.9445329,-7.8789935,User: user36<br>Type: 3min<br>Split: train
user40,3min,train,1840,-71.57965,-4.132366,-8.48793,-16.19923,User: user40<br>Type: 3min<br>Split: train
user41,3min,train,1841,-126.0254,163.50269,9.224683,1.9152435,User: user41<br>Type: 3min<br>Split: train
user51,3min,train,1842,-39.53016,-13.958741,-23.957418,5.1012855,User: user51<br>Type: 3min<br>Split: train
user52,3min,train,1843,-137.88318,-23.181454,14.368983,-24.732632,User: user52<br>Type: 3min<br>Split: train
user54,3min,train,1844,48.614914,-41.05999,2.6102943,-21.147459,User: user54<br>Type: 3min<br>Split: train
user55,3min,train,1845,-12.099864,53.11249,-2.8225079,-2.423097,User: user55<br>Type: 3min<br>Split: train
user58,3min,train,1846,-194.49309,-81.73398,-10.29475,-18.903788,User: user58<br>Type: 3min<br>Split: train
user59,3min,train,1847,-42.905766,122.347595,3.3150465,26.384987,User: user59<br>Type: 3min<br>Split: train
user6,3min,train,1848,-143.42564,-76.430695,-25.46586,8.59797,User: user6<br>Type: 3min<br>Split: train
user61,3min,train,1849,13.136969,-132.71332,-1.2472371,18.2817,User: user61<br>Type: 3min<br>Split: train
user65,3min,train,1850,31.86232,-94.33745,3.0317504,5.3170877,User: user65<br>Type: 3min<br>Split: train
user66,3min,train,1851,-30.797297,-98.508545,13.317435,20.404552,User: user66<br>Type: 3min<br>Split: train
user67,3min,train,1852,-122.12124,97.05209,19.200882,16.340935,User: user67<br>Type: 3min<br>Split: train
user69,3min,train,1853,-101.18627,-143.4123,-1.1709818,-16.927397,User: user69<br>Type: 3min<br>Split: train
user7,3min,train,1854,-7.1419573,-177.19244,9.89087,-13.248315,User: user7<br>Type: 3min<br>Split: train
user70,3min,train,1855,-53.917717,-110.53692,15.039119,23.534716,User: user70<br>Type: 3min<br>Split: train
user73,3min,train,1856,-28.42152,-53.697807,15.022126,1.8468876,User: user73<br>Type: 3min<br>Split: train
user77,3min,train,1857,-142.63501,-48.656788,4.1347013,2.719425,User: user77<br>Type: 3min<br>Split: train
user79,3min,train,1858,-30.512867,11.3816,8.376906,33.269203,User: user79<br>Type: 3min<br>Split: train
user80,3min,train,1859,84.20569,-148.9275,20.808115,21.36628,User: user80<br>Type: 3min<br>Split: train
user81,3min,train,1860,-113.86219,54.042454,10.6949215,4.2315397,User: user81<br>Type: 3min<br>Split: train
user87,3min,train,1861,12.871375,46.512875,-2.860299,24.229136,User: user87<br>Type: 3min<br>Split: train
user89,3min,train,1862,140.6399,-112.28211,36.157753,5.235026,User: user89<br>Type: 3min<br>Split: train
user9,3min,train,1863,75.78509,66.43162,-0.3327155,-26.63594,User: user9<br>Type: 3min<br>Split: train
user10,3min,train,1864,-1.3907136,97.334656,-6.0871506,-4.1244273,User: user10<br>Type: 3min<br>Split: train
user12,3min,train,1865,-72.13619,-156.55666,-3.9513812,14.012041,User: user12<br>Type: 3min<br>Split: train
user16,3min,train,1866,-14.740286,205.85985,11.577534,7.477504,User: user16<br>Type: 3min<br>Split: train
user17,3min,train,1867,-195.68074,-15.931047,18.266592,-9.52563,User: user17<br>Type: 3min<br>Split: train
user18,3min,train,1868,-63.888412,73.953804,6.9188294,1.2698671,User: user18<br>Type: 3min<br>Split: train
user19,3min,train,1869,-166.4242,-96.49441,3.160591,-25.80773,User: user19<br>Type: 3min<br>Split: train
user2,3min,train,1870,60.334183,-131.87576,-20.234161,8.410238,User: user2<br>Type: 3min<br>Split: train
user20,3min,train,1871,-105.06311,77.88808,5.0983458,6.0145144,User: user20<br>Type: 3min<br>Split: train
user21,3min,train,1872,-54.6782,-24.618101,20.213573,6.0527787,User: user21<br>Type: 3min<br>Split: train
user23,3min,train,1873,-98.451775,-20.052794,15.442034,6.3518147,User: user23<br>Type: 3min<br>Split: train
user27,3min,train,1874,154.21333,-52.922832,-19.603043,17.87008,User: user27<br>Type: 3min<br>Split: train
user3,3min,train,1875,-36.397167,58.08161,5.6999135,-6.3621907,User: user3<br>Type: 3min<br>Split: train
user30,3min,train,1876,-133.4254,-133.25356,2.6556144,-12.042521,User: user30<br>Type: 3min<br>Split: train
user33,3min,train,1877,-121.60412,127.08609,25.524864,29.8343,User: user33<br>Type: 3min<br>Split: train
user38,3min,train,1878,-62.84318,171.02867,16.072412,-22.260143,User: user38<br>Type: 3min<br>Split: train
user39,3min,train,1879,-83.50522,-99.28785,17.782364,7.796028,User: user39<br>Type: 3min<br>Split: train
user4,3min,train,1880,-89.33292,51.406857,-3.436818,17.71515,User: user4<br>Type: 3min<br>Split: train
user40,3min,train,1881,-75.781364,-8.141219,-8.482901,-16.204165,User: user40<br>Type: 3min<br>Split: train
user47,3min,train,1882,58.35414,-1.0038519,1.1807169,28.867788,User: user47<br>Type: 3min<br>Split: train
user48,3min,train,1883,63.466167,45.12324,14.263869,-18.6595,User: user48<br>Type: 3min<br>Split: train
user49,3min,train,1884,142.51956,109.82349,9.283935,24.951447,User: user49<br>Type: 3min<br>Split: train
user5,3min,train,1885,-144.17363,2.538802,-16.974077,-0.8442355,User: user5<br>Type: 3min<br>Split: train
user53,3min,train,1886,83.402824,-52.540257,7.266078,26.731756,User: user53<br>Type: 3min<br>Split: train
user55,3min,train,1887,-4.798623,48.326736,-2.7894056,-2.3900049,User: user55<br>Type: 3min<br>Split: train
user56,3min,train,1888,-116.01288,-83.58743,-6.5973396,32.542,User: user56<br>Type: 3min<br>Split: train
user57,3min,train,1889,-92.59654,180.8146,-14.074674,-18.6146,User: user57<br>Type: 3min<br>Split: train
user58,3min,train,1890,-194.49309,-81.73398,-10.291042,-18.907354,User: user58<br>Type: 3min<br>Split: train
user59,3min,train,1891,-42.905766,122.347595,3.3038995,26.374315,User: user59<br>Type: 3min<br>Split: train
user6,3min,train,1892,-143.42564,-76.430695,-25.441216,8.622757,User: user6<br>Type: 3min<br>Split: train
user61,3min,train,1893,13.136969,-132.71332,-0.60284084,6.84256,User: user61<br>Type: 3min<br>Split: train
user62,3min,train,1894,-161.29836,25.327385,-13.771942,-2.8219533,User: user62<br>Type: 3min<br>Split: train
user62,3min,train,1895,-105.7373,29.50931,15.848345,34.667274,User: user62<br>Type: 3min<br>Split: train
user64,3min,train,1896,-165.83238,-130.14728,6.985803,5.056135,User: user64<br>Type: 3min<br>Split: train
user65,3min,train,1897,31.86232,-94.33745,-5.672817,-18.452675,User: user65<br>Type: 3min<br>Split: train
user66,3min,train,1898,-30.797297,-98.508545,13.322207,20.399366,User: user66<br>Type: 3min<br>Split: train
user71,3min,train,1899,131.66515,-36.84476,-6.5588603,27.015993,User: user71<br>Type: 3min<br>Split: train
user72,3min,train,1900,13.62859,22.772324,32.872135,1.2576604,User: user72<br>Type: 3min<br>Split: train
user73,3min,train,1901,-28.42152,-53.697807,15.021546,1.8472387,User: user73<br>Type: 3min<br>Split: train
user74,3min,train,1902,-152.19351,138.6777,17.215408,-0.50684416,User: user74<br>Type: 3min<br>Split: train
user75,3min,train,1903,117.40484,166.2063,-13.828174,26.536354,User: user75<br>Type: 3min<br>Split: train
user78,3min,train,1904,-170.96631,-1.9590068,-18.47742,25.00457,User: user78<br>Type: 3min<br>Split: train
user8,3min,train,1905,-129.58746,24.109426,-12.994933,1.9011554,User: user8<br>Type: 3min<br>Split: train
user80,3min,train,1906,84.20569,-148.9275,20.808159,21.366234,User: user80<br>Type: 3min<br>Split: train
user82,3min,train,1907,29.121454,-13.748628,15.158953,29.811264,User: user82<br>Type: 3min<br>Split: train
user83,3min,train,1908,-25.770061,-124.25772,24.102057,18.687,User: user83<br>Type: 3min<br>Split: train
user84,3min,train,1909,-97.5791,146.49004,20.342823,30.35399,User: user84<br>Type: 3min<br>Split: train
user85,3min,train,1910,136.38219,-81.04708,-11.002647,16.74964,User: user85<br>Type: 3min<br>Split: train
user88,3min,train,1911,15.223314,-78.70015,22.940147,5.093695,User: user88<br>Type: 3min<br>Split: train
user89,3min,train,1912,140.6399,-112.28211,36.20506,5.2829165,User: user89<br>Type: 3min<br>Split: train
user9,3min,train,1913,75.78509,66.43162,-0.3031177,-26.605495,User: user9<br>Type: 3min<br>Split: train
user14,3min,train,1914,-145.96432,107.237465,-13.7414,-14.92729,User: user14<br>Type: 3min<br>Split: train
user15,3min,train,1915,-108.41618,-112.25345,0.1671089,23.529726,User: user15<br>Type: 3min<br>Split: train
user18,3min,train,1916,-63.888412,73.953804,6.9019585,1.2524488,User: user18<br>Type: 3min<br>Split: train
user19,3min,train,1917,-166.4242,-96.49441,14.730588,-14.416703,User: user19<br>Type: 3min<br>Split: train
user20,3min,train,1918,-105.06311,77.88808,5.0923905,6.012928,User: user20<br>Type: 3min<br>Split: train
user22,3min,train,1919,-94.92357,6.672643,-13.20974,14.003604,User: user22<br>Type: 3min<br>Split: train
user23,3min,train,1920,-98.451775,-20.052794,15.414326,6.378424,User: user23<br>Type: 3min<br>Split: train
user24,3min,train,1921,-52.51017,5.934216,20.27077,12.146426,User: user24<br>Type: 3min<br>Split: train
user25,3min,train,1922,-132.98659,73.275345,19.351585,-5.6192217,User: user25<br>Type: 3min<br>Split: train
user28,3min,train,1923,-16.752575,142.8599,26.759102,-13.165263,User: user28<br>Type: 3min<br>Split: train
user32,3min,train,1924,-52.54509,200.63278,-5.848449,-7.7969956,User: user32<br>Type: 3min<br>Split: train
user37,3min,train,1925,22.970564,107.643776,8.96712,7.3193054,User: user37<br>Type: 3min<br>Split: train
user39,3min,train,1926,-83.50522,-99.28785,17.795486,7.7827663,User: user39<br>Type: 3min<br>Split: train
user40,3min,train,1927,-76.4712,-2.9430878,-8.502112,-16.185413,User: user40<br>Type: 3min<br>Split: train
user44,3min,train,1928,-97.63191,-53.365215,-17.899748,31.557646,User: user44<br>Type: 3min<br>Split: train
user47,3min,train,1929,53.44146,-4.4149036,1.168035,28.855097,User: user47<br>Type: 3min<br>Split: train
user49,3min,train,1930,142.51956,109.82349,9.281295,24.944296,User: user49<br>Type: 3min<br>Split: train
user50,3min,train,1931,-165.25569,-29.547632,11.510132,-0.32268798,User: user50<br>Type: 3min<br>Split: train
user53,3min,train,1932,91.53717,-59.223194,7.26179,26.731129,User: user53<br>Type: 3min<br>Split: train
user57,3min,train,1933,-92.59654,180.8146,-14.073564,-18.61367,User: user57<br>Type: 3min<br>Split: train
user59,3min,train,1934,-42.905766,122.347595,27.51321,4.7457495,User: user59<br>Type: 3min<br>Split: train
user61,3min,train,1935,13.136969,-132.71332,-1.2449387,18.279467,User: user61<br>Type: 3min<br>Split: train
user62,3min,train,1936,-161.29836,25.327385,-13.762748,-2.8311129,User: user62<br>Type: 3min<br>Split: train
user62,3min,train,1937,-105.7373,29.50931,15.844908,34.66396,User: user62<br>Type: 3min<br>Split: train
user64,3min,train,1938,-165.83238,-130.14728,6.9892755,5.059917,User: user64<br>Type: 3min<br>Split: train
user65,3min,train,1939,31.86232,-94.33745,-5.6672955,-18.457388,User: user65<br>Type: 3min<br>Split: train
user66,3min,train,1940,-30.797297,-98.508545,13.293721,20.423368,User: user66<br>Type: 3min<br>Split: train
user69,3min,train,1941,-101.18627,-143.4123,-2.2217195,-14.202648,User: user69<br>Type: 3min<br>Split: train
user70,3min,train,1942,-53.917717,-110.53692,4.8794856,23.325586,User: user70<br>Type: 3min<br>Split: train
user71,3min,train,1943,131.66515,-36.84476,-6.5541472,27.00835,User: user71<br>Type: 3min<br>Split: train
user72,3min,train,1944,13.62859,22.772324,32.825253,1.2107862,User: user72<br>Type: 3min<br>Split: train
user73,3min,train,1945,-22.528036,-53.160408,15.022348,1.8465774,User: user73<br>Type: 3min<br>Split: train
user74,3min,train,1946,-152.19351,138.6777,17.220207,-0.5020486,User: user74<br>Type: 3min<br>Split: train
user76,3min,train,1947,155.25519,-24.52458,23.354279,0.13839717,User: user76<br>Type: 3min<br>Split: train
user77,3min,train,1948,-142.63501,-48.656788,4.2839775,2.867762,User: user77<br>Type: 3min<br>Split: train
user8,3min,train,1949,-129.58746,24.109426,15.682528,19.513906,User: user8<br>Type: 3min<br>Split: train
user80,3min,train,1950,84.20569,-148.9275,10.515451,-5.874237,User: user80<br>Type: 3min<br>Split: train
user83,3min,train,1951,-25.770061,-124.25772,24.147339,18.641079,User: user83<br>Type: 3min<br>Split: train
user85,3min,train,1952,136.38219,-81.04708,-11.003669,16.753683,User: user85<br>Type: 3min<br>Split: train
user86,3min,train,1953,-46.58125,-171.89458,26.81859,-18.554657,User: user86<br>Type: 3min<br>Split: train
user88,3min,train,1954,10.523731,-81.482994,-17.111923,2.6790297,User: user88<br>Type: 3min<br>Split: train
user89,3min,train,1955,140.6399,-112.28211,36.150257,5.2276845,User: user89<br>Type: 3min<br>Split: train
user9,3min,train,1956,75.78509,66.43162,-0.33173478,-26.635818,User: user9<br>Type: 3min<br>Split: train
user1,3min,train,1957,13.863741,76.31855,35.070568,22.496796,User: user1<br>Type: 3min<br>Split: train
user10,3min,train,1958,-1.3907136,97.334656,-6.1021233,-4.1413193,User: user10<br>Type: 3min<br>Split: train
user14,3min,train,1959,-145.96432,107.237465,-13.7161455,-14.901972,User: user14<br>Type: 3min<br>Split: train
user19,3min,train,1960,-166.4242,-96.49441,3.1625872,-25.80989,User: user19<br>Type: 3min<br>Split: train
user2,3min,train,1961,60.334183,-131.87576,-20.213655,8.430658,User: user2<br>Type: 3min<br>Split: train
user20,3min,train,1962,-105.06311,77.88808,-13.448634,7.302366,User: user20<br>Type: 3min<br>Split: train
user21,3min,train,1963,-54.6782,-24.618101,20.215195,6.0511494,User: user21<br>Type: 3min<br>Split: train
user22,3min,train,1964,-94.92357,6.672643,-13.162616,14.05118,User: user22<br>Type: 3min<br>Split: train
user24,3min,train,1965,-52.51017,5.934216,5.493606,18.384214,User: user24<br>Type: 3min<br>Split: train
user25,3min,train,1966,-132.98659,73.275345,19.351269,-5.619366,User: user25<br>Type: 3min<br>Split: train
user26,3min,train,1967,-73.31034,115.66984,-18.510712,14.721303,User: user26<br>Type: 3min<br>Split: train
user27,3min,train,1968,154.21333,-52.922832,-19.61626,17.856602,User: user27<br>Type: 3min<br>Split: train
user28,3min,train,1969,-16.752575,142.8599,26.764585,-13.155316,User: user28<br>Type: 3min<br>Split: train
user30,3min,train,1970,-133.4254,-133.25356,2.6536021,-12.040596,User: user30<br>Type: 3min<br>Split: train
user31,3min,train,1971,12.347404,-1.844164,-20.360624,-1.8572596,User: user31<br>Type: 3min<br>Split: train
user32,3min,train,1972,-52.54509,200.63278,-5.845378,-7.7920785,User: user32<br>Type: 3min<br>Split: train
user35,3min,train,1973,167.05638,-2.6472218,28.679266,-10.30205,User: user35<br>Type: 3min<br>Split: train
user36,3min,train,1974,-196.6053,-46.669827,1.9258838,-7.8966937,User: user36<br>Type: 3min<br>Split: train
user37,3min,train,1975,22.970564,107.643776,8.96629,7.3202915,User: user37<br>Type: 3min<br>Split: train
user38,3min,train,1976,-62.84318,171.02867,16.077415,-22.253857,User: user38<br>Type: 3min<br>Split: train
user39,3min,train,1977,-83.50522,-99.28785,-5.2126713,-14.260773,User: user39<br>Type: 3min<br>Split: train
user4,3min,train,1978,-89.33292,51.406857,-3.4376926,17.713554,User: user4<br>Type: 3min<br>Split: train
user40,3min,train,1979,-75.781364,-8.141219,-8.492192,-16.195406,User: user40<br>Type: 3min<br>Split: train
user44,3min,train,1980,-97.63191,-53.365215,-17.899418,31.55732,User: user44<br>Type: 3min<br>Split: train
user45,3min,train,1981,-23.608673,32.238403,26.014528,8.975128,User: user45<br>Type: 3min<br>Split: train
user51,3min,train,1982,-34.00116,-6.956563,-23.966454,5.0952783,User: user51<br>Type: 3min<br>Split: train
user52,3min,train,1983,-133.299,-13.996157,-4.096118,-17.235294,User: user52<br>Type: 3min<br>Split: train
user58,3min,train,1984,-194.49309,-81.73398,-10.293718,-18.904846,User: user58<br>Type: 3min<br>Split: train
user59,3min,train,1985,-42.905766,122.347595,27.499628,4.7319975,User: user59<br>Type: 3min<br>Split: train
user60,3min,train,1986,104.54602,92.16839,29.853304,15.6121435,User: user60<br>Type: 3min<br>Split: train
user62,3min,train,1987,-161.29836,25.327385,-13.759398,-2.828823,User: user62<br>Type: 3min<br>Split: train
user62,3min,train,1988,-105.7373,29.50931,15.844906,34.663868,User: user62<br>Type: 3min<br>Split: train
user65,3min,train,1989,31.86232,-94.33745,-5.667376,-18.457348,User: user65<br>Type: 3min<br>Split: train
user66,3min,train,1990,-30.797297,-98.508545,13.311642,20.410234,User: user66<br>Type: 3min<br>Split: train
user67,3min,train,1991,-122.12124,97.05209,19.16997,16.30897,User: user67<br>Type: 3min<br>Split: train
user68,3min,train,1992,-61.284966,-85.49953,0.7092572,4.2778754,User: user68<br>Type: 3min<br>Split: train
user69,3min,train,1993,-101.18627,-143.4123,-1.1710582,-16.927336,User: user69<br>Type: 3min<br>Split: train
user70,3min,train,1994,-53.917717,-110.53692,4.8791513,23.324913,User: user70<br>Type: 3min<br>Split: train
user74,3min,train,1995,-152.19351,138.6777,17.173365,-0.54867274,User: user74<br>Type: 3min<br>Split: train
user75,3min,train,1996,117.40484,166.2063,-13.828122,26.536339,User: user75<br>Type: 3min<br>Split: train
user76,3min,train,1997,155.25519,-24.52458,23.274775,0.05749145,User: user76<br>Type: 3min<br>Split: train
user78,3min,train,1998,-170.96631,-1.9590068,-18.493183,24.990343,User: user78<br>Type: 3min<br>Split: train
user79,3min,train,1999,-30.512867,11.3816,8.38315,33.275307,User: user79<br>Type: 3min<br>Split: train
user8,3min,train,2000,-129.58746,24.109426,-12.993736,1.901115,User: user8<br>Type: 3min<br>Split: train
user80,3min,train,2001,84.20569,-148.9275,10.515203,-5.874332,User: user80<br>Type: 3min<br>Split: train
user81,3min,train,2002,-113.86219,54.042454,14.988057,15.274275,User: user81<br>Type: 3min<br>Split: train
user83,3min,train,2003,-25.770061,-124.25772,24.152857,18.635574,User: user83<br>Type: 3min<br>Split: train
user85,3min,train,2004,136.38219,-81.04708,-11.017132,16.715038,User: user85<br>Type: 3min<br>Split: train
user87,3min,train,2005,12.871375,46.512875,-2.8603976,24.229118,User: user87<br>Type: 3min<br>Split: train
user88,3min,train,2006,10.523731,-81.482994,22.93999,5.0937414,User: user88<br>Type: 3min<br>Split: train
user89,3min,train,2007,140.6399,-112.28211,36.165897,5.237685,User: user89<br>Type: 3min<br>Split: train
user10,3min,train,2008,-1.3907136,97.334656,-6.084879,-4.1240187,User: user10<br>Type: 3min<br>Split: train
user12,3min,train,2009,-72.13619,-156.55666,-10.869494,-8.4566145,User: user12<br>Type: 3min<br>Split: train
user13,3min,train,2010,-138.71892,46.876972,18.854198,13.870805,User: user13<br>Type: 3min<br>Split: train
user16,3min,train,2011,-14.740286,205.85985,11.46672,7.5890985,User: user16<br>Type: 3min<br>Split: train
user17,3min,train,2012,-195.68074,-15.931047,-12.422917,-6.003752,User: user17<br>Type: 3min<br>Split: train
user2,3min,train,2013,60.334183,-131.87576,-20.233215,8.410881,User: user2<br>Type: 3min<br>Split: train
user21,3min,train,2014,-55.038788,-15.146535,20.21463,6.051655,User: user21<br>Type: 3min<br>Split: train
user22,3min,train,2015,-94.92357,6.672643,-13.139193,14.073197,User: user22<br>Type: 3min<br>Split: train
user23,3min,train,2016,-98.451775,-20.052794,15.4406395,6.3536673,User: user23<br>Type: 3min<br>Split: train
user24,3min,train,2017,-52.51017,5.934216,5.4812255,18.371819,User: user24<br>Type: 3min<br>Split: train
user25,3min,train,2018,-132.98659,73.275345,8.290391,-6.3187833,User: user25<br>Type: 3min<br>Split: train
user28,3min,train,2019,-16.752575,142.8599,26.770243,-13.147871,User: user28<br>Type: 3min<br>Split: train
user29,3min,train,2020,-164.6717,54.795074,0.45855555,31.134525,User: user29<br>Type: 3min<br>Split: train
user3,3min,train,2021,-31.38292,57.521156,5.7005124,-6.36192,User: user3<br>Type: 3min<br>Split: train
user30,3min,train,2022,-133.4254,-133.25356,2.6548996,-12.0427685,User: user30<br>Type: 3min<br>Split: train
user33,3min,train,2023,-121.60412,127.08609,25.512402,29.846884,User: user33<br>Type: 3min<br>Split: train
user35,3min,train,2024,167.05638,-2.6472218,28.633,-10.349942,User: user35<br>Type: 3min<br>Split: train
user36,3min,train,2025,-196.6053,-46.669827,1.9412179,-7.8822284,User: user36<br>Type: 3min<br>Split: train
user37,3min,train,2026,22.970564,107.643776,8.342261,7.8389893,User: user37<br>Type: 3min<br>Split: train
user38,3min,train,2027,-62.84318,171.02867,16.077286,-22.25384,User: user38<br>Type: 3min<br>Split: train
user39,3min,train,2028,-83.50522,-99.28785,17.794504,7.7837596,User: user39<br>Type: 3min<br>Split: train
user4,3min,train,2029,-89.33292,51.406857,-3.436671,17.715258,User: user4<br>Type: 3min<br>Split: train
user40,3min,train,2030,-76.4712,-2.9430878,-8.482967,-16.204222,User: user40<br>Type: 3min<br>Split: train
user42,3min,train,2031,11.140395,147.74826,23.120275,25.92732,User: user42<br>Type: 3min<br>Split: train
user43,3min,train,2032,-38.40839,81.84102,21.058767,0.5039918,User: user43<br>Type: 3min<br>Split: train
user50,3min,train,2033,-165.25569,-29.547632,-3.85232,11.546734,User: user50<br>Type: 3min<br>Split: train
user52,3min,train,2034,-137.88318,-23.181454,14.364947,-24.724789,User: user52<br>Type: 3min<br>Split: train
user53,3min,train,2035,91.53717,-59.223194,7.264829,26.73149,User: user53<br>Type: 3min<br>Split: train
user54,3min,train,2036,50.826115,-46.471756,2.6598446,-21.197546,User: user54<br>Type: 3min<br>Split: train
user57,3min,train,2037,-92.59654,180.8146,-3.3843133,1.263894,User: user57<br>Type: 3min<br>Split: train
user58,3min,train,2038,-194.49309,-81.73398,-10.252067,-18.945747,User: user58<br>Type: 3min<br>Split: train
user59,3min,train,2039,-42.905766,122.347595,27.511654,4.743765,User: user59<br>Type: 3min<br>Split: train
user6,3min,train,2040,-143.42564,-76.430695,-25.477386,8.586525,User: user6<br>Type: 3min<br>Split: train
user60,3min,train,2041,104.54602,92.16839,29.853304,15.61215,User: user60<br>Type: 3min<br>Split: train
user62,3min,train,2042,-161.29836,25.327385,-13.737859,-2.8558002,User: user62<br>Type: 3min<br>Split: train
user63,3min,train,2043,-76.3527,-55.018288,-1.65708,34.79765,User: user63<br>Type: 3min<br>Split: train
user64,3min,train,2044,-165.83238,-130.14728,7.056111,5.1260476,User: user64<br>Type: 3min<br>Split: train
user66,3min,train,2045,-30.797297,-98.508545,13.315167,20.406258,User: user66<br>Type: 3min<br>Split: train
user70,3min,train,2046,-53.917717,-110.53692,15.038961,23.534359,User: user70<br>Type: 3min<br>Split: train
user71,3min,train,2047,131.66515,-36.84476,-6.5543437,27.008663,User: user71<br>Type: 3min<br>Split: train
user72,3min,train,2048,13.62859,22.772324,32.815277,1.2105974,User: user72<br>Type: 3min<br>Split: train
user73,3min,train,2049,-22.528036,-53.160408,14.934009,1.9340932,User: user73<br>Type: 3min<br>Split: train
user74,3min,train,2050,-152.19351,138.6777,17.205896,-0.513724,User: user74<br>Type: 3min<br>Split: train
user75,3min,train,2051,117.40484,166.2063,-13.82873,26.537106,User: user75<br>Type: 3min<br>Split: train
user76,3min,train,2052,155.25519,-24.52458,23.270786,0.053420622,User: user76<br>Type: 3min<br>Split: train
user78,3min,train,2053,-170.96631,-1.9590068,-18.496584,24.985466,User: user78<br>Type: 3min<br>Split: train
user81,3min,train,2054,-113.86219,54.042454,14.99965,15.262472,User: user81<br>Type: 3min<br>Split: train
user85,3min,train,2055,136.38219,-81.04708,-10.994013,16.74056,User: user85<br>Type: 3min<br>Split: train
user9,3min,train,2056,75.78509,66.43162,-0.33200184,-26.635618,User: user9<br>Type: 3min<br>Split: train
user10,3min,train,2057,-1.3907136,97.334656,-6.0845046,-4.1235914,User: user10<br>Type: 3min<br>Split: train
user14,3min,train,2058,-145.96432,107.237465,-13.711769,-14.896859,User: user14<br>Type: 3min<br>Split: train
user15,3min,train,2059,-108.41618,-112.25345,19.089436,27.05146,User: user15<br>Type: 3min<br>Split: train
user17,3min,train,2060,-195.68074,-15.931047,-12.422885,-6.003734,User: user17<br>Type: 3min<br>Split: train
user18,3min,train,2061,-63.888412,73.953804,6.9132066,1.2680002,User: user18<br>Type: 3min<br>Split: train
user2,3min,train,2062,60.334183,-131.87576,-20.247187,8.396938,User: user2<br>Type: 3min<br>Split: train
user20,3min,train,2063,-105.06311,77.88808,-13.446439,7.2986584,User: user20<br>Type: 3min<br>Split: train
user21,3min,train,2064,-60.06158,-23.163872,20.222187,6.044088,User: user21<br>Type: 3min<br>Split: train
user22,3min,train,2065,-94.92357,6.672643,-13.159032,14.054518,User: user22<br>Type: 3min<br>Split: train
user25,3min,train,2066,-132.98659,73.275345,8.291111,-6.3193398,User: user25<br>Type: 3min<br>Split: train
user26,3min,train,2067,-73.31034,115.66984,-18.51061,14.721051,User: user26<br>Type: 3min<br>Split: train
user30,3min,train,2068,-133.4254,-133.25356,0.70082974,-10.846884,User: user30<br>Type: 3min<br>Split: train
user32,3min,train,2069,-52.54509,200.63278,-5.661753,-7.6091704,User: user32<br>Type: 3min<br>Split: train
user33,3min,train,2070,-121.60412,127.08609,25.510544,29.845161,User: user33<br>Type: 3min<br>Split: train
user40,3min,train,2071,-75.781364,-8.141219,-8.481537,-16.205744,User: user40<br>Type: 3min<br>Split: train
user41,3min,train,2072,-126.0254,163.50269,5.990615,-1.0482328,User: user41<br>Type: 3min<br>Split: train
user42,3min,train,2073,11.140395,147.74826,23.132135,25.938972,User: user42<br>Type: 3min<br>Split: train
user43,3min,train,2074,-38.40839,81.84102,21.058613,0.5040186,User: user43<br>Type: 3min<br>Split: train
user44,3min,train,2075,-97.63191,-53.365215,-17.911585,31.569475,User: user44<br>Type: 3min<br>Split: train
user45,3min,train,2076,-23.608673,32.238403,25.984135,9.005525,User: user45<br>Type: 3min<br>Split: train
user46,3min,train,2077,-9.6432085,-35.762337,-2.1343315,21.797377,User: user46<br>Type: 3min<br>Split: train
user47,3min,train,2078,57.813705,-12.545794,1.1786231,28.867262,User: user47<br>Type: 3min<br>Split: train
user52,3min,train,2079,-133.299,-13.996157,14.369078,-24.733213,User: user52<br>Type: 3min<br>Split: train
user53,3min,train,2080,91.53717,-59.223194,27.721216,18.529966,User: user53<br>Type: 3min<br>Split: train
user55,3min,train,2081,-12.099864,53.11249,-2.8242207,-2.4246783,User: user55<br>Type: 3min<br>Split: train
user57,3min,train,2082,-92.59654,180.8146,-14.066644,-18.606812,User: user57<br>Type: 3min<br>Split: train
user60,3min,train,2083,104.54602,92.16839,29.853271,15.612098,User: user60<br>Type: 3min<br>Split: train
user61,3min,train,2084,13.136969,-132.71332,-1.2456094,18.281038,User: user61<br>Type: 3min<br>Split: train
user62,3min,train,2085,-161.29836,25.327385,-13.761052,-2.8315573,User: user62<br>Type: 3min<br>Split: train
user65,3min,train,2086,31.86232,-94.33745,3.030526,5.3167534,User: user65<br>Type: 3min<br>Split: train
user66,3min,train,2087,-30.797297,-98.508545,13.31175,20.411728,User: user66<br>Type: 3min<br>Split: train
user67,3min,train,2088,-122.12124,97.05209,19.207308,16.347338,User: user67<br>Type: 3min<br>Split: train
user69,3min,train,2089,-101.18627,-143.4123,-2.2300854,-14.211053,User: user69<br>Type: 3min<br>Split: train
user71,3min,train,2090,131.66515,-36.84476,-6.5464964,27.000727,User: user71<br>Type: 3min<br>Split: train
user73,3min,train,2091,-22.528036,-53.160408,15.02595,1.8429165,User: user73<br>Type: 3min<br>Split: train
user75,3min,train,2092,117.40484,166.2063,-13.835821,26.528624,User: user75<br>Type: 3min<br>Split: train
user79,3min,train,2093,-30.512867,11.3816,8.345558,33.237953,User: user79<br>Type: 3min<br>Split: train
user8,3min,train,2094,-129.58746,24.109426,15.684083,19.512556,User: user8<br>Type: 3min<br>Split: train
user85,3min,train,2095,136.38219,-81.04708,-11.010646,16.75699,User: user85<br>Type: 3min<br>Split: train
user86,3min,train,2096,-46.58125,-171.89458,26.83774,-18.535435,User: user86<br>Type: 3min<br>Split: train
user87,3min,train,2097,12.871375,46.512875,-2.8604968,24.229141,User: user87<br>Type: 3min<br>Split: train
user88,3min,train,2098,10.523731,-81.482994,-17.13444,2.6564815,User: user88<br>Type: 3min<br>Split: train
user89,3min,train,2099,140.6399,-112.28211,36.15706,5.2342906,User: user89<br>Type: 3min<br>Split: train
user1,3min,train,2100,13.863741,76.31855,35.074097,22.500391,User: user1<br>Type: 3min<br>Split: train
user12,3min,train,2101,-72.13619,-156.55666,-10.869357,-8.456726,User: user12<br>Type: 3min<br>Split: train
user13,3min,train,2102,-138.71892,46.876972,18.86558,13.881794,User: user13<br>Type: 3min<br>Split: train
user14,3min,train,2103,-145.96432,107.237465,-13.725925,-14.911753,User: user14<br>Type: 3min<br>Split: train
user15,3min,train,2104,-108.41618,-112.25345,0.16707568,23.529516,User: user15<br>Type: 3min<br>Split: train
user19,3min,train,2105,-166.4242,-96.49441,3.162576,-25.810541,User: user19<br>Type: 3min<br>Split: train
user2,3min,train,2106,60.334183,-131.87576,-20.233932,8.41026,User: user2<br>Type: 3min<br>Split: train
user20,3min,train,2107,-105.06311,77.88808,-13.448532,7.3022532,User: user20<br>Type: 3min<br>Split: train
user21,3min,train,2108,-60.06158,-23.163872,20.207869,6.0584297,User: user21<br>Type: 3min<br>Split: train
user23,3min,train,2109,-98.451775,-20.052794,15.441649,6.352758,User: user23<br>Type: 3min<br>Split: train
user25,3min,train,2110,-132.98659,73.275345,19.351227,-5.6194086,User: user25<br>Type: 3min<br>Split: train
user26,3min,train,2111,-73.31034,115.66984,-18.524117,14.735265,User: user26<br>Type: 3min<br>Split: train
user29,3min,train,2112,-164.6717,54.795074,0.45849198,31.134703,User: user29<br>Type: 3min<br>Split: train
user3,3min,train,2113,-31.38292,57.521156,5.6984024,-6.36334,User: user3<br>Type: 3min<br>Split: train
user30,3min,train,2114,-133.4254,-133.25356,0.70099515,-10.846797,User: user30<br>Type: 3min<br>Split: train
user31,3min,train,2115,12.347404,-1.844164,-20.360329,-1.8571765,User: user31<br>Type: 3min<br>Split: train
user32,3min,train,2116,-52.54509,200.63278,-5.886798,-7.8363347,User: user32<br>Type: 3min<br>Split: train
user33,3min,train,2117,-121.60412,127.08609,25.522621,29.833744,User: user33<br>Type: 3min<br>Split: train
user34,3min,train,2118,-42.164413,-38.25206,-9.296701,-1.6804363,User: user34<br>Type: 3min<br>Split: train
user35,3min,train,2119,167.05638,-2.6472218,28.63734,-10.344073,User: user35<br>Type: 3min<br>Split: train
user36,3min,train,2120,-196.6053,-46.669827,1.9429189,-7.880391,User: user36<br>Type: 3min<br>Split: train
user38,3min,train,2121,-62.84318,171.02867,16.057987,-22.265987,User: user38<br>Type: 3min<br>Split: train
user4,3min,train,2122,-89.33292,51.406857,2.150015,11.390109,User: user4<br>Type: 3min<br>Split: train
user41,3min,train,2123,-126.0254,163.50269,5.9905415,-1.0483055,User: user41<br>Type: 3min<br>Split: train
user42,3min,train,2124,11.140395,147.74826,23.120567,25.927404,User: user42<br>Type: 3min<br>Split: train
user43,3min,train,2125,-38.40839,81.84102,-8.530858,-11.882563,User: user43<br>Type: 3min<br>Split: train
user47,3min,train,2126,53.44146,-4.4149036,1.1809561,28.867292,User: user47<br>Type: 3min<br>Split: train
user5,3min,train,2127,-144.17363,2.538802,-16.973713,-0.8441,User: user5<br>Type: 3min<br>Split: train
user50,3min,train,2128,-165.25569,-29.547632,-3.8523738,11.5468445,User: user50<br>Type: 3min<br>Split: train
user51,3min,train,2129,-39.53016,-13.958741,-23.953894,5.107279,User: user51<br>Type: 3min<br>Split: train
user52,3min,train,2130,-137.88318,-23.181454,14.368849,-24.732498,User: user52<br>Type: 3min<br>Split: train
user54,3min,train,2131,50.826115,-46.471756,2.6604273,-21.184387,User: user54<br>Type: 3min<br>Split: train
user57,3min,train,2132,-92.59654,180.8146,-3.3848097,1.2667817,User: user57<br>Type: 3min<br>Split: train
user6,3min,train,2133,-143.42564,-76.430695,-25.465942,8.598794,User: user6<br>Type: 3min<br>Split: train
user61,3min,train,2134,13.136969,-132.71332,-0.6031905,6.8448944,User: user61<br>Type: 3min<br>Split: train
user62,3min,train,2135,-161.29836,25.327385,-13.758719,-2.855822,User: user62<br>Type: 3min<br>Split: train
user62,3min,train,2136,-105.7373,29.50931,15.844889,34.664013,User: user62<br>Type: 3min<br>Split: train
user63,3min,train,2137,-76.3527,-55.018288,-1.6544605,34.794777,User: user63<br>Type: 3min<br>Split: train
user65,3min,train,2138,31.86232,-94.33745,-5.667303,-18.45737,User: user65<br>Type: 3min<br>Split: train
user66,3min,train,2139,-30.797297,-98.508545,13.322836,20.398655,User: user66<br>Type: 3min<br>Split: train
user67,3min,train,2140,-122.12124,97.05209,19.154644,16.293509,User: user67<br>Type: 3min<br>Split: train
user71,3min,train,2141,131.66515,-36.84476,-6.5687666,27.023016,User: user71<br>Type: 3min<br>Split: train
user76,3min,train,2142,147.56464,-18.857899,23.318243,0.102026574,User: user76<br>Type: 3min<br>Split: train
user77,3min,train,2143,-142.63501,-48.656788,4.283676,2.8673606,User: user77<br>Type: 3min<br>Split: train
user79,3min,train,2144,-30.512867,11.3816,8.37896,33.27135,User: user79<br>Type: 3min<br>Split: train
user8,3min,train,2145,-129.58746,24.109426,-12.994842,1.9009628,User: user8<br>Type: 3min<br>Split: train
user80,3min,train,2146,84.20569,-148.9275,10.515204,-5.8743668,User: user80<br>Type: 3min<br>Split: train
user81,3min,train,2147,-113.86219,54.042454,14.998451,15.263666,User: user81<br>Type: 3min<br>Split: train
user84,3min,train,2148,-97.5791,146.49004,20.338242,30.354546,User: user84<br>Type: 3min<br>Split: train
user85,3min,train,2149,136.38219,-81.04708,-11.004408,16.750145,User: user85<br>Type: 3min<br>Split: train
user86,3min,train,2150,-46.58125,-171.89458,26.826593,-18.545446,User: user86<br>Type: 3min<br>Split: train
user87,3min,train,2151,12.871375,46.512875,-2.8906143,24.259184,User: user87<br>Type: 3min<br>Split: train
user9,3min,train,2152,75.78509,66.43162,-0.33192393,-26.635637,User: user9<br>Type: 3min<br>Split: train
user1,3min,train,2153,13.863741,76.31855,35.0709,22.497122,User: user1<br>Type: 3min<br>Split: train
user10,3min,train,2154,-1.3907136,97.334656,-6.084724,-4.1235642,User: user10<br>Type: 3min<br>Split: train
user12,3min,train,2155,-72.13619,-156.55666,-10.841214,-8.481934,User: user12<br>Type: 3min<br>Split: train
user15,3min,train,2156,-108.41618,-112.25345,19.089369,27.051445,User: user15<br>Type: 3min<br>Split: train
user16,3min,train,2157,-14.740286,205.85985,11.54993,7.5056887,User: user16<br>Type: 3min<br>Split: train
user19,3min,train,2158,-166.4242,-96.49441,3.1615767,-25.809885,User: user19<br>Type: 3min<br>Split: train
user2,3min,train,2159,60.334183,-131.87576,-20.21599,8.428142,User: user2<br>Type: 3min<br>Split: train
user21,3min,train,2160,-60.06158,-23.163872,20.224487,6.041788,User: user21<br>Type: 3min<br>Split: train
user25,3min,train,2161,-132.98659,73.275345,8.290655,-6.319058,User: user25<br>Type: 3min<br>Split: train
user26,3min,train,2162,-73.31034,115.66984,-18.524055,14.734858,User: user26<br>Type: 3min<br>Split: train
user27,3min,train,2163,154.21333,-52.922832,-19.615173,17.85698,User: user27<br>Type: 3min<br>Split: train
user3,3min,train,2164,-31.38292,57.521156,5.7109566,-6.3517103,User: user3<br>Type: 3min<br>Split: train
user30,3min,train,2165,-133.4254,-133.25356,2.654657,-12.042974,User: user30<br>Type: 3min<br>Split: train
user31,3min,train,2166,7.127656,-0.07572798,-20.34546,-1.8472277,User: user31<br>Type: 3min<br>Split: train
user32,3min,train,2167,-52.54509,200.63278,-5.6574593,-7.6050425,User: user32<br>Type: 3min<br>Split: train
user35,3min,train,2168,167.05638,-2.6472218,28.649622,-10.33172,User: user35<br>Type: 3min<br>Split: train
user35,3min,train,2169,-9.899128,-6.2469883,5.574998,-16.958967,User: user35<br>Type: 3min<br>Split: train
user36,3min,train,2170,-196.6053,-46.669827,1.9364331,-7.887481,User: user36<br>Type: 3min<br>Split: train
user38,3min,train,2171,-62.84318,171.02867,16.097738,-22.23293,User: user38<br>Type: 3min<br>Split: train
user39,3min,train,2172,-83.50522,-99.28785,-5.2039227,-14.269764,User: user39<br>Type: 3min<br>Split: train
user42,3min,train,2173,11.140395,147.74826,23.143766,25.904352,User: user42<br>Type: 3min<br>Split: train
user43,3min,train,2174,-31.597916,88.53738,21.057793,0.5038204,User: user43<br>Type: 3min<br>Split: train
user44,3min,train,2175,-106.68294,-69.123314,-17.908094,31.566025,User: user44<br>Type: 3min<br>Split: train
user46,3min,train,2176,-9.6432085,-35.762337,-2.1396284,21.8018,User: user46<br>Type: 3min<br>Split: train
user47,3min,train,2177,53.44146,-4.4149036,1.1752912,28.871456,User: user47<br>Type: 3min<br>Split: train
user48,3min,train,2178,63.466167,45.12324,14.269607,-18.665323,User: user48<br>Type: 3min<br>Split: train
user51,3min,train,2179,-39.53016,-13.958741,-23.960455,5.1013603,User: user51<br>Type: 3min<br>Split: train
user53,3min,train,2180,91.53717,-59.223194,27.721676,18.52947,User: user53<br>Type: 3min<br>Split: train
user54,3min,train,2181,50.826115,-46.471756,2.6250782,-21.211664,User: user54<br>Type: 3min<br>Split: train
user55,3min,train,2182,-12.099864,53.11249,-2.8207388,-2.421453,User: user55<br>Type: 3min<br>Split: train
user56,3min,train,2183,-116.01288,-83.58743,-6.616908,32.56155,User: user56<br>Type: 3min<br>Split: train
user59,3min,train,2184,-42.905766,122.347595,3.3122509,26.3816,User: user59<br>Type: 3min<br>Split: train
user6,3min,train,2185,-143.42564,-76.430695,-25.483694,8.580178,User: user6<br>Type: 3min<br>Split: train
user60,3min,train,2186,104.54602,92.16839,11.127032,18.475777,User: user60<br>Type: 3min<br>Split: train
user64,3min,train,2187,-165.83238,-130.14728,7.051337,5.1217823,User: user64<br>Type: 3min<br>Split: train
user65,3min,train,2188,31.86232,-94.33745,-5.6685767,-18.457457,User: user65<br>Type: 3min<br>Split: train
user66,3min,train,2189,-30.797297,-98.508545,13.324729,20.39675,User: user66<br>Type: 3min<br>Split: train
user67,3min,train,2190,-122.12124,97.05209,19.20056,16.340656,User: user67<br>Type: 3min<br>Split: train
user69,3min,train,2191,-101.18627,-143.4123,-1.1698943,-16.926775,User: user69<br>Type: 3min<br>Split: train
user71,3min,train,2192,131.66515,-36.84476,-6.5793056,27.041475,User: user71<br>Type: 3min<br>Split: train
user72,3min,train,2193,13.62859,22.772324,32.8352,1.2209634,User: user72<br>Type: 3min<br>Split: train
user78,3min,train,2194,-170.96631,-1.9590068,-18.496552,24.985472,User: user78<br>Type: 3min<br>Split: train
user79,3min,train,2195,-30.512867,11.3816,8.373615,33.26642,User: user79<br>Type: 3min<br>Split: train
user8,3min,train,2196,-129.58746,24.109426,-12.995242,1.9016778,User: user8<br>Type: 3min<br>Split: train
user81,3min,train,2197,-113.86219,54.042454,14.998489,15.2634735,User: user81<br>Type: 3min<br>Split: train
user82,3min,train,2198,33.775627,-10.916876,15.152336,29.817007,User: user82<br>Type: 3min<br>Split: train
user87,3min,train,2199,12.871375,46.512875,-2.8183577,24.18697,User: user87<br>Type: 3min<br>Split: train
user10,3min,train,2200,-1.3907136,97.334656,-6.0844398,-4.123441,User: user10<br>Type: 3min<br>Split: train
user11,3min,train,2201,-137.4076,-103.33537,30.596355,5.0509157,User: user11<br>Type: 3min<br>Split: train
user13,3min,train,2202,-138.71892,46.876972,18.860233,13.876166,User: user13<br>Type: 3min<br>Split: train
user16,3min,train,2203,-14.740286,205.85985,11.4677725,7.58818,User: user16<br>Type: 3min<br>Split: train
user19,3min,train,2204,-166.4242,-96.49441,14.730498,-14.416834,User: user19<br>Type: 3min<br>Split: train
user2,3min,train,2205,60.334183,-131.87576,-20.262306,8.381589,User: user2<br>Type: 3min<br>Split: train
user20,3min,train,2206,-105.06311,77.88808,-13.453153,7.3068504,User: user20<br>Type: 3min<br>Split: train
user21,3min,train,2207,-55.038788,-15.146535,20.198164,6.0679803,User: user21<br>Type: 3min<br>Split: train
user27,3min,train,2208,154.21333,-52.922832,-19.624191,17.848675,User: user27<br>Type: 3min<br>Split: train
user29,3min,train,2209,-164.6717,54.795074,-6.5381665,22.49124,User: user29<br>Type: 3min<br>Split: train
user3,3min,train,2210,-36.397167,58.08161,5.7077146,-6.3549967,User: user3<br>Type: 3min<br>Split: train
user31,3min,train,2211,12.347404,-1.844164,-20.35185,-1.8493687,User: user31<br>Type: 3min<br>Split: train
user32,3min,train,2212,-52.54509,200.63278,-5.847416,-7.7963343,User: user32<br>Type: 3min<br>Split: train
user33,3min,train,2213,-121.60412,127.08609,25.527594,29.8312,User: user33<br>Type: 3min<br>Split: train
user35,3min,train,2214,167.05638,-2.6472218,28.635075,-10.346474,User: user35<br>Type: 3min<br>Split: train
user35,3min,train,2215,-9.899128,-6.2469883,5.575226,-16.959007,User: user35<br>Type: 3min<br>Split: train
user39,3min,train,2216,-83.50522,-99.28785,17.778301,7.799738,User: user39<br>Type: 3min<br>Split: train
user4,3min,train,2217,-89.33292,51.406857,2.1500516,11.3899555,User: user4<br>Type: 3min<br>Split: train
user41,3min,train,2218,-126.0254,163.50269,5.9906025,-1.0482844,User: user41<br>Type: 3min<br>Split: train
user42,3min,train,2219,11.140395,147.74826,23.105883,25.911234,User: user42<br>Type: 3min<br>Split: train
user43,3min,train,2220,-38.40839,81.84102,21.058725,0.50402886,User: user43<br>Type: 3min<br>Split: train
user47,3min,train,2221,53.44146,-4.4149036,1.1535342,28.894987,User: user47<br>Type: 3min<br>Split: train
user5,3min,train,2222,-144.17363,2.538802,0.9520744,-13.786585,User: user5<br>Type: 3min<br>Split: train
user52,3min,train,2223,-137.88318,-23.181454,-4.096126,-17.235376,User: user52<br>Type: 3min<br>Split: train
user55,3min,train,2224,-12.099864,53.11249,-2.7069716,-2.3072176,User: user55<br>Type: 3min<br>Split: train
user57,3min,train,2225,-92.59654,180.8146,-3.3883572,1.2754889,User: user57<br>Type: 3min<br>Split: train
user59,3min,train,2226,-42.905766,122.347595,27.502401,4.7345343,User: user59<br>Type: 3min<br>Split: train
user60,3min,train,2227,104.54602,92.16839,11.127065,18.475822,User: user60<br>Type: 3min<br>Split: train
user63,3min,train,2228,-76.3527,-55.018288,-1.6582313,34.798813,User: user63<br>Type: 3min<br>Split: train
user66,3min,train,2229,-30.797297,-98.508545,13.341621,20.380262,User: user66<br>Type: 3min<br>Split: train
user67,3min,train,2230,-122.12124,97.05209,19.177015,16.315948,User: user67<br>Type: 3min<br>Split: train
user68,3min,train,2231,-61.284966,-85.49953,0.59867114,4.1673045,User: user68<br>Type: 3min<br>Split: train
user69,3min,train,2232,-101.18627,-143.4123,-2.2296746,-14.210564,User: user69<br>Type: 3min<br>Split: train
user70,3min,train,2233,-53.917717,-110.53692,15.038925,23.534279,User: user70<br>Type: 3min<br>Split: train
user71,3min,train,2234,131.66515,-36.84476,-6.584696,27.040703,User: user71<br>Type: 3min<br>Split: train
user73,3min,train,2235,-22.528036,-53.160408,15.035073,1.833904,User: user73<br>Type: 3min<br>Split: train
user74,3min,train,2236,-152.19351,138.6777,17.218622,-0.5033751,User: user74<br>Type: 3min<br>Split: train
user75,3min,train,2237,117.40484,166.2063,-13.8241205,26.535063,User: user75<br>Type: 3min<br>Split: train
user82,3min,train,2238,27.51096,-4.6638694,15.144677,29.824732,User: user82<br>Type: 3min<br>Split: train
user83,3min,train,2239,-25.770061,-124.25772,24.112448,18.676655,User: user83<br>Type: 3min<br>Split: train
user87,3min,train,2240,12.871375,46.512875,-2.860124,24.228733,User: user87<br>Type: 3min<br>Split: train
user88,3min,train,2241,15.223314,-78.70015,22.940327,5.0936766,User: user88<br>Type: 3min<br>Split: train
user10,3min,train,2242,-1.3907136,97.334656,-6.084039,-4.1230288,User: user10<br>Type: 3min<br>Split: train
user11,3min,train,2243,-137.4076,-103.33537,30.591452,5.0455074,User: user11<br>Type: 3min<br>Split: train
user12,3min,train,2244,-72.13619,-156.55666,-3.9385135,13.998835,User: user12<br>Type: 3min<br>Split: train
user13,3min,train,2245,-138.71892,46.876972,18.869741,13.885974,User: user13<br>Type: 3min<br>Split: train
user15,3min,train,2246,-108.41618,-112.25345,19.089361,27.051462,User: user15<br>Type: 3min<br>Split: train
user16,3min,train,2247,-14.740286,205.85985,11.467691,7.5880957,User: user16<br>Type: 3min<br>Split: train
user17,3min,train,2248,-195.68074,-15.931047,-12.422685,-6.004135,User: user17<br>Type: 3min<br>Split: train
user19,3min,train,2249,-166.4242,-96.49441,3.1627614,-25.80983,User: user19<br>Type: 3min<br>Split: train
user22,3min,train,2250,-94.92357,6.672643,-13.163236,14.050364,User: user22<br>Type: 3min<br>Split: train
user23,3min,train,2251,-98.451775,-20.052794,15.427336,6.365909,User: user23<br>Type: 3min<br>Split: train
user26,3min,train,2252,-73.31034,115.66984,-18.51068,14.72132,User: user26<br>Type: 3min<br>Split: train
user30,3min,train,2253,-133.4254,-133.25356,2.6546786,-12.042917,User: user30<br>Type: 3min<br>Split: train
user31,3min,train,2254,12.347404,-1.844164,-20.360481,-1.8570681,User: user31<br>Type: 3min<br>Split: train
user32,3min,train,2255,-52.54509,200.63278,-5.83356,-7.782183,User: user32<br>Type: 3min<br>Split: train
user35,3min,train,2256,167.05638,-2.6472218,28.648483,-10.333104,User: user35<br>Type: 3min<br>Split: train
user37,3min,train,2257,22.970564,107.643776,8.96702,7.3193393,User: user37<br>Type: 3min<br>Split: train
user39,3min,train,2258,-83.50522,-99.28785,17.792622,7.785657,User: user39<br>Type: 3min<br>Split: train
user4,3min,train,2259,-89.33292,51.406857,-3.4439914,17.726337,User: user4<br>Type: 3min<br>Split: train
user41,3min,train,2260,-126.0254,163.50269,9.228872,1.9115907,User: user41<br>Type: 3min<br>Split: train
user44,3min,train,2261,-126.801575,-63.609825,-17.902542,31.560402,User: user44<br>Type: 3min<br>Split: train
user45,3min,train,2262,-27.081148,36.82445,26.000517,8.9898,User: user45<br>Type: 3min<br>Split: train
user47,3min,train,2263,53.44146,-4.4149036,1.1793877,28.868746,User: user47<br>Type: 3min<br>Split: train
user52,3min,train,2264,-137.88318,-23.181454,14.368831,-24.732494,User: user52<br>Type: 3min<br>Split: train
user53,3min,train,2265,91.53717,-59.223194,7.279004,26.743221,User: user53<br>Type: 3min<br>Split: train
user55,3min,train,2266,-12.099864,53.11249,-2.831817,-2.4324543,User: user55<br>Type: 3min<br>Split: train
user56,3min,train,2267,-116.01288,-83.58743,-6.5932136,32.537785,User: user56<br>Type: 3min<br>Split: train
user57,3min,train,2268,-92.59654,180.8146,-14.075429,-18.615244,User: user57<br>Type: 3min<br>Split: train
user61,3min,train,2269,13.136969,-132.71332,-1.2288624,18.263426,User: user61<br>Type: 3min<br>Split: train
user62,3min,train,2270,-161.29836,25.327385,-13.7579565,-2.8268917,User: user62<br>Type: 3min<br>Split: train
user65,3min,train,2271,41.84453,-92.8349,-5.6678514,-18.457582,User: user65<br>Type: 3min<br>Split: train
user66,3min,train,2272,-30.797297,-98.508545,13.317763,20.404167,User: user66<br>Type: 3min<br>Split: train
user75,3min,train,2273,117.40484,166.2063,-13.828404,26.536211,User: user75<br>Type: 3min<br>Split: train
user77,3min,train,2274,-142.63501,-48.656788,4.1347785,2.719629,User: user77<br>Type: 3min<br>Split: train
user79,3min,train,2275,-30.512867,11.3816,8.379692,33.27089,User: user79<br>Type: 3min<br>Split: train
user8,3min,train,2276,-129.58746,24.109426,-12.994821,1.9007676,User: user8<br>Type: 3min<br>Split: train
user80,3min,train,2277,84.20569,-148.9275,20.808197,21.36627,User: user80<br>Type: 3min<br>Split: train
user81,3min,train,2278,-113.86219,54.042454,14.998406,15.263854,User: user81<br>Type: 3min<br>Split: train
user82,3min,train,2279,29.121454,-13.748628,15.15191,29.817413,User: user82<br>Type: 3min<br>Split: train
user83,3min,train,2280,-25.770061,-124.25772,24.150581,18.637894,User: user83<br>Type: 3min<br>Split: train
user86,3min,train,2281,-46.58125,-171.89458,26.83625,-18.528027,User: user86<br>Type: 3min<br>Split: train
user87,3min,train,2282,13.01546,52.540264,-2.8292882,24.197979,User: user87<br>Type: 3min<br>Split: train
user12,3min,train,2283,-72.13619,-156.55666,-3.9525054,14.015872,User: user12<br>Type: 3min<br>Split: train
user14,3min,train,2284,-145.96432,107.237465,-13.725229,-14.91107,User: user14<br>Type: 3min<br>Split: train
user16,3min,train,2285,-14.740286,205.85985,11.49894,7.557053,User: user16<br>Type: 3min<br>Split: train
user2,3min,train,2286,60.334183,-131.87576,-20.233486,8.410715,User: user2<br>Type: 3min<br>Split: train
user22,3min,train,2287,-94.92357,6.672643,-13.133868,14.079798,User: user22<br>Type: 3min<br>Split: train
user23,3min,train,2288,-98.451775,-20.052794,15.471315,6.323409,User: user23<br>Type: 3min<br>Split: train
user26,3min,train,2289,-73.31034,115.66984,-18.515232,14.725848,User: user26<br>Type: 3min<br>Split: train
user30,3min,train,2290,-133.4254,-133.25356,0.6959584,-10.851293,User: user30<br>Type: 3min<br>Split: train
user31,3min,train,2291,12.347404,-1.844164,-20.394264,-1.8909582,User: user31<br>Type: 3min<br>Split: train
user33,3min,train,2292,-121.60412,127.08609,25.509912,29.849918,User: user33<br>Type: 3min<br>Split: train
user34,3min,train,2293,-42.164413,-38.25206,8.066296,-15.745446,User: user34<br>Type: 3min<br>Split: train
user35,3min,train,2294,-11.778402,-11.859678,5.563329,-16.97073,User: user35<br>Type: 3min<br>Split: train
user38,3min,train,2295,-62.84318,171.02867,16.077662,-22.253231,User: user38<br>Type: 3min<br>Split: train
user41,3min,train,2296,-126.0254,163.50269,9.228545,1.9107226,User: user41<br>Type: 3min<br>Split: train
user42,3min,train,2297,11.140395,147.74826,23.141584,25.910957,User: user42<br>Type: 3min<br>Split: train
user43,3min,train,2298,-38.40839,81.84102,21.058737,0.5040663,User: user43<br>Type: 3min<br>Split: train
user45,3min,train,2299,-23.608673,32.238403,25.971788,9.0175905,User: user45<br>Type: 3min<br>Split: train
user47,3min,train,2300,53.44146,-4.4149036,1.2137233,28.834455,User: user47<br>Type: 3min<br>Split: train
user49,3min,train,2301,142.51956,109.82349,9.283757,24.95114,User: user49<br>Type: 3min<br>Split: train
user5,3min,train,2302,-144.17363,2.538802,0.9520176,-13.78658,User: user5<br>Type: 3min<br>Split: train
user51,3min,train,2303,-34.00116,-6.956563,-23.972464,5.0892763,User: user51<br>Type: 3min<br>Split: train
user54,3min,train,2304,50.826115,-46.471756,2.6537335,-21.190866,User: user54<br>Type: 3min<br>Split: train
user55,3min,train,2305,-12.099864,53.11249,-2.704036,-2.304462,User: user55<br>Type: 3min<br>Split: train
user56,3min,train,2306,-116.01288,-83.58743,-6.6242843,32.568966,User: user56<br>Type: 3min<br>Split: train
user57,3min,train,2307,-92.59654,180.8146,-14.074711,-18.61457,User: user57<br>Type: 3min<br>Split: train
user59,3min,train,2308,-42.905766,122.347595,27.525045,4.754729,User: user59<br>Type: 3min<br>Split: train
user6,3min,train,2309,-143.42564,-76.430695,-25.439848,8.624157,User: user6<br>Type: 3min<br>Split: train
user62,3min,train,2310,-161.29836,25.327385,-13.775923,-2.846542,User: user62<br>Type: 3min<br>Split: train
user63,3min,train,2311,-76.3527,-55.018288,11.370749,-7.2380104,User: user63<br>Type: 3min<br>Split: train
user64,3min,train,2312,-165.83238,-130.14728,7.0641537,5.1344438,User: user64<br>Type: 3min<br>Split: train
user65,3min,train,2313,31.86232,-94.33745,3.0317793,5.3170786,User: user65<br>Type: 3min<br>Split: train
user68,3min,train,2314,-61.284966,-85.49953,0.3852043,3.9529219,User: user68<br>Type: 3min<br>Split: train
user69,3min,train,2315,-101.18627,-143.4123,-1.1712419,-16.927467,User: user69<br>Type: 3min<br>Split: train
user7,3min,train,2316,-7.1419573,-177.19244,9.890896,-13.248208,User: user7<br>Type: 3min<br>Split: train
user71,3min,train,2317,131.66515,-36.84476,-6.528183,26.98275,User: user71<br>Type: 3min<br>Split: train
user72,3min,train,2318,13.62859,22.772324,32.825203,1.2092801,User: user72<br>Type: 3min<br>Split: train
user73,3min,train,2319,-22.528036,-53.160408,14.7699795,2.098463,User: user73<br>Type: 3min<br>Split: train
user74,3min,train,2320,-152.19351,138.6777,17.206589,-0.51663566,User: user74<br>Type: 3min<br>Split: train
user75,3min,train,2321,106.063484,191.95088,-13.824532,26.539309,User: user75<br>Type: 3min<br>Split: train
user77,3min,train,2322,-142.63501,-48.656788,4.283697,2.8672903,User: user77<br>Type: 3min<br>Split: train
user78,3min,train,2323,-170.96631,-1.9590068,-18.496584,24.985355,User: user78<br>Type: 3min<br>Split: train
user79,3min,train,2324,-30.512867,11.3816,8.378772,33.271053,User: user79<br>Type: 3min<br>Split: train
user82,3min,train,2325,33.775627,-10.916876,15.1564045,29.813143,User: user82<br>Type: 3min<br>Split: train
user84,3min,train,2326,-97.5791,146.49004,20.35571,30.336962,User: user84<br>Type: 3min<br>Split: train
user85,3min,train,2327,136.38219,-81.04708,-11.014253,16.740288,User: user85<br>Type: 3min<br>Split: train
user87,3min,train,2328,12.871375,46.512875,-2.8595405,24.22928,User: user87<br>Type: 3min<br>Split: train
user89,3min,train,2329,140.6399,-112.28211,36.15806,5.2353597,User: user89<br>Type: 3min<br>Split: train
user9,3min,train,2330,75.78509,66.43162,-0.34498763,-26.622477,User: user9<br>Type: 3min<br>Split: train
user1,3min,train,2331,12.82839,71.60498,35.0709,22.497152,User: user1<br>Type: 3min<br>Split: train
user10,3min,train,2332,-1.3907136,97.334656,-6.088862,-4.1277947,User: user10<br>Type: 3min<br>Split: train
user11,3min,train,2333,-137.4076,-103.33537,30.58759,5.0425086,User: user11<br>Type: 3min<br>Split: train
user12,3min,train,2334,-72.13619,-156.55666,-10.868802,-8.457252,User: user12<br>Type: 3min<br>Split: train
user13,3min,train,2335,-138.71892,46.876972,18.873764,13.88971,User: user13<br>Type: 3min<br>Split: train
user19,3min,train,2336,-166.4242,-96.49441,3.1632748,-25.810297,User: user19<br>Type: 3min<br>Split: train
user20,3min,train,2337,-105.06311,77.88808,-13.448619,7.3024435,User: user20<br>Type: 3min<br>Split: train
user21,3min,train,2338,-54.6782,-24.618101,20.23922,6.0271935,User: user21<br>Type: 3min<br>Split: train
user23,3min,train,2339,-98.451775,-20.052794,15.435807,6.3418417,User: user23<br>Type: 3min<br>Split: train
user28,3min,train,2340,-16.752575,142.8599,26.781597,-13.1431675,User: user28<br>Type: 3min<br>Split: train
user3,3min,train,2341,-36.397167,58.08161,5.699982,-6.361991,User: user3<br>Type: 3min<br>Split: train
user35,3min,train,2342,-11.778402,-11.859678,5.5744786,-16.959608,User: user35<br>Type: 3min<br>Split: train
user36,3min,train,2343,-196.6053,-46.669827,1.9436159,-7.880245,User: user36<br>Type: 3min<br>Split: train
user38,3min,train,2344,-62.84318,171.02867,16.076242,-22.254333,User: user38<br>Type: 3min<br>Split: train
user41,3min,train,2345,-126.0254,163.50269,5.990604,-1.0483919,User: user41<br>Type: 3min<br>Split: train
user43,3min,train,2346,-38.40839,81.84102,21.058907,0.50396734,User: user43<br>Type: 3min<br>Split: train
user48,3min,train,2347,63.466167,45.12324,14.284394,-18.679657,User: user48<br>Type: 3min<br>Split: train
user49,3min,train,2348,142.51956,109.82349,9.288596,24.924381,User: user49<br>Type: 3min<br>Split: train
user50,3min,train,2349,-165.25569,-29.547632,11.510186,-0.32264417,User: user50<br>Type: 3min<br>Split: train
user51,3min,train,2350,-39.53016,-13.958741,-23.975687,5.0862246,User: user51<br>Type: 3min<br>Split: train
user56,3min,train,2351,-116.01288,-83.58743,-6.5572658,32.501717,User: user56<br>Type: 3min<br>Split: train
user57,3min,train,2352,-92.59654,180.8146,-14.071299,-18.611124,User: user57<br>Type: 3min<br>Split: train
user59,3min,train,2353,-42.905766,122.347595,3.3108106,26.380808,User: user59<br>Type: 3min<br>Split: train
user6,3min,train,2354,-143.42564,-76.430695,-25.48503,8.578774,User: user6<br>Type: 3min<br>Split: train
user60,3min,train,2355,104.54602,92.16839,29.869066,15.596549,User: user60<br>Type: 3min<br>Split: train
user66,3min,train,2356,-30.797297,-98.508545,13.336871,20.393795,User: user66<br>Type: 3min<br>Split: train
user68,3min,train,2357,-61.284966,-85.49953,0.37435812,3.9421506,User: user68<br>Type: 3min<br>Split: train
user69,3min,train,2358,-101.18627,-143.4123,-1.1747757,-16.929304,User: user69<br>Type: 3min<br>Split: train
user7,3min,train,2359,-7.1419573,-177.19244,-5.601955,9.465084,User: user7<br>Type: 3min<br>Split: train
user72,3min,train,2360,13.62859,22.772324,32.838062,1.2045388,User: user72<br>Type: 3min<br>Split: train
user76,3min,train,2361,155.25519,-24.52458,23.26373,0.046526622,User: user76<br>Type: 3min<br>Split: train
user81,3min,train,2362,-113.86219,54.042454,14.998444,15.263276,User: user81<br>Type: 3min<br>Split: train
user83,3min,train,2363,-25.770061,-124.25772,24.164932,18.623524,User: user83<br>Type: 3min<br>Split: train
user84,3min,train,2364,-97.5791,146.49004,20.339079,30.353456,User: user84<br>Type: 3min<br>Split: train
user89,3min,train,2365,140.6399,-112.28211,36.16093,5.2408543,User: user89<br>Type: 3min<br>Split: train
user13,3min,train,2366,-138.71892,46.876972,18.863934,13.880189,User: user13<br>Type: 3min<br>Split: train
user14,3min,train,2367,-145.96432,107.237465,-13.756951,-14.942737,User: user14<br>Type: 3min<br>Split: train
user16,3min,train,2368,-14.740286,205.85985,11.45823,7.597591,User: user16<br>Type: 3min<br>Split: train
user18,3min,train,2369,-63.888412,73.953804,6.916606,1.2668349,User: user18<br>Type: 3min<br>Split: train
user19,3min,train,2370,-166.4242,-96.49441,14.730669,-14.4167,User: user19<br>Type: 3min<br>Split: train
user21,3min,train,2371,-54.6782,-24.618101,20.213707,6.052316,User: user21<br>Type: 3min<br>Split: train
user25,3min,train,2372,-132.98659,73.275345,19.35142,-5.61937,User: user25<br>Type: 3min<br>Split: train
user26,3min,train,2373,-73.31034,115.66984,-18.494217,14.703216,User: user26<br>Type: 3min<br>Split: train
user27,3min,train,2374,154.21333,-52.922832,-19.617052,17.855654,User: user27<br>Type: 3min<br>Split: train
user28,3min,train,2375,-16.752575,142.8599,26.759565,-13.165479,User: user28<br>Type: 3min<br>Split: train
user29,3min,train,2376,-164.6717,54.795074,-6.538107,22.491497,User: user29<br>Type: 3min<br>Split: train
user31,3min,train,2377,12.347404,-1.844164,-20.363297,-1.8584181,User: user31<br>Type: 3min<br>Split: train
user32,3min,train,2378,-52.54509,200.63278,-5.846946,-7.795728,User: user32<br>Type: 3min<br>Split: train
user34,3min,train,2379,-42.164413,-38.25206,8.066335,-15.745434,User: user34<br>Type: 3min<br>Split: train
user35,3min,train,2380,-11.778402,-11.859678,5.574859,-16.959288,User: user35<br>Type: 3min<br>Split: train
user37,3min,train,2381,22.970564,107.643776,8.340551,7.8410625,User: user37<br>Type: 3min<br>Split: train
user38,3min,train,2382,-62.84318,171.02867,16.052486,-22.278278,User: user38<br>Type: 3min<br>Split: train
user39,3min,train,2383,-83.50522,-99.28785,17.809937,7.7679996,User: user39<br>Type: 3min<br>Split: train
user4,3min,train,2384,-89.33292,51.406857,2.1497917,11.390077,User: user4<br>Type: 3min<br>Split: train
user48,3min,train,2385,63.466167,45.12324,14.266144,-18.66187,User: user48<br>Type: 3min<br>Split: train
user49,3min,train,2386,142.51956,109.82349,9.302808,24.961006,User: user49<br>Type: 3min<br>Split: train
user51,3min,train,2387,-39.53016,-13.958741,-23.96116,5.100646,User: user51<br>Type: 3min<br>Split: train
user55,3min,train,2388,-12.099864,53.11249,-2.849174,-2.4496496,User: user55<br>Type: 3min<br>Split: train
user57,3min,train,2389,-92.59654,180.8146,-14.075414,-18.6155,User: user57<br>Type: 3min<br>Split: train
user58,3min,train,2390,-194.49309,-81.73398,-10.254375,-18.943485,User: user58<br>Type: 3min<br>Split: train
user59,3min,train,2391,-42.905766,122.347595,27.511919,4.7438083,User: user59<br>Type: 3min<br>Split: train
user6,3min,train,2392,-143.42564,-76.430695,-25.470293,8.593777,User: user6<br>Type: 3min<br>Split: train
user62,3min,train,2393,-161.29836,25.327385,-13.760881,-2.8315175,User: user62<br>Type: 3min<br>Split: train
user62,3min,train,2394,-105.7373,29.50931,15.870795,34.686993,User: user62<br>Type: 3min<br>Split: train
user63,3min,train,2395,-76.3527,-55.018288,-1.6572421,34.79778,User: user63<br>Type: 3min<br>Split: train
user65,3min,train,2396,31.86232,-94.33745,3.0316887,5.3169637,User: user65<br>Type: 3min<br>Split: train
user66,3min,train,2397,-30.797297,-98.508545,13.322863,20.399343,User: user66<br>Type: 3min<br>Split: train
user67,3min,train,2398,-122.12124,97.05209,19.17795,16.317364,User: user67<br>Type: 3min<br>Split: train
user68,3min,train,2399,-69.76248,-80.18108,0.59335864,4.1621823,User: user68<br>Type: 3min<br>Split: train
user69,3min,train,2400,-101.18627,-143.4123,-2.231612,-14.21316,User: user69<br>Type: 3min<br>Split: train
user70,3min,train,2401,-53.917717,-110.53692,15.038933,23.534399,User: user70<br>Type: 3min<br>Split: train
user71,3min,train,2402,131.66515,-36.84476,-6.563063,27.01792,User: user71<br>Type: 3min<br>Split: train
user73,3min,train,2403,-28.42152,-53.697807,14.783218,2.0853205,User: user73<br>Type: 3min<br>Split: train
user74,3min,train,2404,-152.19351,138.6777,17.211433,-0.5109088,User: user74<br>Type: 3min<br>Split: train
user75,3min,train,2405,106.063484,191.95088,-13.809509,26.520563,User: user75<br>Type: 3min<br>Split: train
user76,3min,train,2406,155.25519,-24.52458,23.36384,0.14815727,User: user76<br>Type: 3min<br>Split: train
user78,3min,train,2407,-170.96631,-1.9590068,-18.48627,24.993387,User: user78<br>Type: 3min<br>Split: train
user79,3min,train,2408,-30.512867,11.3816,8.378454,33.27078,User: user79<br>Type: 3min<br>Split: train
user80,3min,train,2409,84.20569,-148.9275,20.80823,21.366251,User: user80<br>Type: 3min<br>Split: train
user81,3min,train,2410,-113.86219,54.042454,10.695524,4.2318325,User: user81<br>Type: 3min<br>Split: train
user84,3min,train,2411,-97.5791,146.49004,20.334583,30.358177,User: user84<br>Type: 3min<br>Split: train
user86,3min,train,2412,-46.58125,-171.89458,26.831898,-18.534178,User: user86<br>Type: 3min<br>Split: train
user87,3min,train,2413,12.871375,46.512875,-2.8593903,24.227827,User: user87<br>Type: 3min<br>Split: train
user89,3min,train,2414,140.6399,-112.28211,36.15813,5.2354555,User: user89<br>Type: 3min<br>Split: train
user1,3min,train,2415,13.863741,76.31855,35.09884,22.525028,User: user1<br>Type: 3min<br>Split: train
user10,3min,train,2416,-1.3907136,97.334656,-6.083842,-4.122917,User: user10<br>Type: 3min<br>Split: train
user12,3min,train,2417,-72.13619,-156.55666,-3.9384768,13.999287,User: user12<br>Type: 3min<br>Split: train
user14,3min,train,2418,-145.96432,107.237465,-13.722795,-14.90867,User: user14<br>Type: 3min<br>Split: train
user15,3min,train,2419,-108.41618,-112.25345,0.16729863,23.529713,User: user15<br>Type: 3min<br>Split: train
user16,3min,train,2420,-14.740286,205.85985,11.58775,7.4672585,User: user16<br>Type: 3min<br>Split: train
user2,3min,train,2421,60.334183,-131.87576,-20.236382,8.414972,User: user2<br>Type: 3min<br>Split: train
user23,3min,train,2422,-98.451775,-20.052794,15.441656,6.3514686,User: user23<br>Type: 3min<br>Split: train
user24,3min,train,2423,-52.51017,5.934216,20.270779,12.14642,User: user24<br>Type: 3min<br>Split: train
user27,3min,train,2424,154.21333,-52.922832,-19.610348,17.86231,User: user27<br>Type: 3min<br>Split: train
user28,3min,train,2425,-16.752575,142.8599,26.773365,-13.181952,User: user28<br>Type: 3min<br>Split: train
user29,3min,train,2426,-164.6717,54.795074,0.45952594,31.134346,User: user29<br>Type: 3min<br>Split: train
user31,3min,train,2427,12.347404,-1.844164,-20.360758,-1.8573684,User: user31<br>Type: 3min<br>Split: train
user35,3min,train,2428,167.05638,-2.6472218,28.634506,-10.347496,User: user35<br>Type: 3min<br>Split: train
user35,3min,train,2429,-11.778402,-11.859678,5.5791225,-16.954872,User: user35<br>Type: 3min<br>Split: train
user36,3min,train,2430,-196.6053,-46.669827,1.9394773,-7.8844028,User: user36<br>Type: 3min<br>Split: train
user37,3min,train,2431,22.970564,107.643776,8.950906,7.3335824,User: user37<br>Type: 3min<br>Split: train
user4,3min,train,2432,-89.33292,51.406857,-3.4405277,17.711987,User: user4<br>Type: 3min<br>Split: train
user40,3min,train,2433,-75.781364,-8.141219,-8.509527,-16.19664,User: user40<br>Type: 3min<br>Split: train
user42,3min,train,2434,11.140395,147.74826,23.114824,25.919426,User: user42<br>Type: 3min<br>Split: train
user43,3min,train,2435,-38.40839,81.84102,-8.524864,-11.875912,User: user43<br>Type: 3min<br>Split: train
user45,3min,train,2436,-23.608673,32.238403,25.996157,8.9936075,User: user45<br>Type: 3min<br>Split: train
user47,3min,train,2437,53.44146,-4.4149036,1.1655272,28.852144,User: user47<br>Type: 3min<br>Split: train
user49,3min,train,2438,142.51956,109.82349,9.295264,24.956184,User: user49<br>Type: 3min<br>Split: train
user5,3min,train,2439,-144.17363,2.538802,0.9520245,-13.786596,User: user5<br>Type: 3min<br>Split: train
user51,3min,train,2440,-39.53016,-13.958741,-23.94901,5.112785,User: user51<br>Type: 3min<br>Split: train
user53,3min,train,2441,91.53717,-59.223194,27.721235,18.52995,User: user53<br>Type: 3min<br>Split: train
user54,3min,train,2442,50.826115,-46.471756,2.6535203,-21.19083,User: user54<br>Type: 3min<br>Split: train
user57,3min,train,2443,-92.59654,180.8146,-3.3844268,1.2643567,User: user57<br>Type: 3min<br>Split: train
user59,3min,train,2444,-42.905766,122.347595,27.512089,4.745713,User: user59<br>Type: 3min<br>Split: train
user62,3min,train,2445,-161.29836,25.327385,-13.77513,-2.818471,User: user62<br>Type: 3min<br>Split: train
user63,3min,train,2446,-76.3527,-55.018288,11.370678,-7.238076,User: user63<br>Type: 3min<br>Split: train
user67,3min,train,2447,-122.12124,97.05209,19.176723,16.315647,User: user67<br>Type: 3min<br>Split: train
user68,3min,train,2448,-61.284966,-85.49953,0.38179192,3.9492261,User: user68<br>Type: 3min<br>Split: train
user69,3min,train,2449,-101.18627,-143.4123,-2.2301633,-14.211187,User: user69<br>Type: 3min<br>Split: train
user71,3min,train,2450,131.66515,-36.84476,-6.555194,27.010155,User: user71<br>Type: 3min<br>Split: train
user72,3min,train,2451,13.62859,22.772324,32.841213,1.2261084,User: user72<br>Type: 3min<br>Split: train
user73,3min,train,2452,-28.42152,-53.697807,14.783436,2.08528,User: user73<br>Type: 3min<br>Split: train
user74,3min,train,2453,-152.19351,138.6777,17.195606,-0.5264506,User: user74<br>Type: 3min<br>Split: train
user76,3min,train,2454,155.25519,-24.52458,23.273794,0.05663839,User: user76<br>Type: 3min<br>Split: train
user79,3min,train,2455,-30.512867,11.3816,8.402758,33.29503,User: user79<br>Type: 3min<br>Split: train
user8,3min,train,2456,-129.58746,24.109426,-12.994884,1.901548,User: user8<br>Type: 3min<br>Split: train
user81,3min,train,2457,-113.86219,54.042454,14.998384,15.26394,User: user81<br>Type: 3min<br>Split: train
user83,3min,train,2458,-25.770061,-124.25772,24.149727,18.638834,User: user83<br>Type: 3min<br>Split: train
user85,3min,train,2459,136.38219,-81.04708,-10.999565,16.753992,User: user85<br>Type: 3min<br>Split: train
user89,3min,train,2460,140.6399,-112.28211,36.15812,5.2354918,User: user89<br>Type: 3min<br>Split: train
user9,3min,train,2461,75.78509,66.43162,-0.3342311,-26.634546,User: user9<br>Type: 3min<br>Split: train
user12,3min,train,2462,-72.13619,-156.55666,-3.938574,13.999342,User: user12<br>Type: 3min<br>Split: train
user13,3min,train,2463,-138.71892,46.876972,18.848827,13.865192,User: user13<br>Type: 3min<br>Split: train
user16,3min,train,2464,-14.740286,205.85985,11.562832,7.492258,User: user16<br>Type: 3min<br>Split: train
user17,3min,train,2465,-195.68074,-15.931047,-12.422848,-6.003852,User: user17<br>Type: 3min<br>Split: train
user18,3min,train,2466,-63.888412,73.953804,6.915851,1.2666067,User: user18<br>Type: 3min<br>Split: train
user2,3min,train,2467,60.334183,-131.87576,-20.233938,8.410473,User: user2<br>Type: 3min<br>Split: train
user20,3min,train,2468,-105.06311,77.88808,-13.448577,7.302374,User: user20<br>Type: 3min<br>Split: train
user21,3min,train,2469,-60.06158,-23.163872,20.21386,6.052208,User: user21<br>Type: 3min<br>Split: train
user23,3min,train,2470,-98.451775,-20.052794,15.438116,6.3605604,User: user23<br>Type: 3min<br>Split: train
user27,3min,train,2471,154.21333,-52.922832,-19.617073,17.857174,User: user27<br>Type: 3min<br>Split: train
user28,3min,train,2472,-16.752575,142.8599,26.734657,-13.1915045,User: user28<br>Type: 3min<br>Split: train
user35,3min,train,2473,167.05638,-2.6472218,28.650944,-10.329744,User: user35<br>Type: 3min<br>Split: train
user35,3min,train,2474,-9.899128,-6.2469883,5.585221,-16.946434,User: user35<br>Type: 3min<br>Split: train
user36,3min,train,2475,-196.6053,-46.669827,1.9490386,-7.886166,User: user36<br>Type: 3min<br>Split: train
user4,3min,train,2476,-89.33292,51.406857,2.1500003,11.390376,User: user4<br>Type: 3min<br>Split: train
user41,3min,train,2477,-126.0254,163.50269,9.22529,1.9084977,User: user41<br>Type: 3min<br>Split: train
user42,3min,train,2478,11.140395,147.74826,23.121355,25.926737,User: user42<br>Type: 3min<br>Split: train
user43,3min,train,2479,-38.40839,81.84102,21.058712,0.5040102,User: user43<br>Type: 3min<br>Split: train
user44,3min,train,2480,-126.801575,-63.609825,-17.899958,31.557852,User: user44<br>Type: 3min<br>Split: train
user47,3min,train,2481,53.44146,-4.4149036,1.1788398,28.869053,User: user47<br>Type: 3min<br>Split: train
user49,3min,train,2482,142.51956,109.82349,9.284508,24.951218,User: user49<br>Type: 3min<br>Split: train
user50,3min,train,2483,-165.25569,-29.547632,-3.8523333,11.547185,User: user50<br>Type: 3min<br>Split: train
user53,3min,train,2484,91.53717,-59.223194,27.721186,18.530016,User: user53<br>Type: 3min<br>Split: train
user54,3min,train,2485,50.826115,-46.471756,2.6541522,-21.190998,User: user54<br>Type: 3min<br>Split: train
user55,3min,train,2486,-12.099864,53.11249,-2.7163906,-2.3168654,User: user55<br>Type: 3min<br>Split: train
user60,3min,train,2487,104.54602,92.16839,29.853626,15.611768,User: user60<br>Type: 3min<br>Split: train
user61,3min,train,2488,13.136969,-132.71332,-1.28162,18.317038,User: user61<br>Type: 3min<br>Split: train
user62,3min,train,2489,-105.7373,29.50931,15.859705,34.650505,User: user62<br>Type: 3min<br>Split: train
user63,3min,train,2490,-76.3527,-55.018288,-1.6568508,34.797318,User: user63<br>Type: 3min<br>Split: train
user67,3min,train,2491,-122.12124,97.05209,19.203075,16.343678,User: user67<br>Type: 3min<br>Split: train
user68,3min,train,2492,-61.284966,-85.49953,0.7151731,4.282472,User: user68<br>Type: 3min<br>Split: train
user71,3min,train,2493,131.66515,-36.84476,-6.580989,27.035587,User: user71<br>Type: 3min<br>Split: train
user72,3min,train,2494,15.829001,14.02123,32.8146,1.2021022,User: user72<br>Type: 3min<br>Split: train
user73,3min,train,2495,-24.10208,-63.022884,14.935156,1.9329646,User: user73<br>Type: 3min<br>Split: train
user75,3min,train,2496,106.063484,191.95088,-13.836884,26.526415,User: user75<br>Type: 3min<br>Split: train
user76,3min,train,2497,155.25519,-24.52458,23.273813,0.056584794,User: user76<br>Type: 3min<br>Split: train
user79,3min,train,2498,-30.512867,11.3816,8.379223,33.27146,User: user79<br>Type: 3min<br>Split: train
user81,3min,train,2499,-113.86219,54.042454,14.996463,15.2660675,User: user81<br>Type: 3min<br>Split: train
user84,3min,train,2500,-97.5791,146.49004,20.334833,30.35802,User: user84<br>Type: 3min<br>Split: train
user85,3min,train,2501,136.38219,-81.04708,-11.002915,16.750467,User: user85<br>Type: 3min<br>Split: train
user86,3min,train,2502,-46.58125,-171.89458,26.845198,-18.527441,User: user86<br>Type: 3min<br>Split: train
user89,3min,train,2503,140.6399,-112.28211,36.165928,5.2302904,User: user89<br>Type: 3min<br>Split: train
user1,3min,train,2504,13.863741,76.31855,35.072,22.498255,User: user1<br>Type: 3min<br>Split: train
user10,3min,train,2505,-1.3907136,97.334656,-6.0558705,-4.0946574,User: user10<br>Type: 3min<br>Split: train
user14,3min,train,2506,-145.96432,107.237465,-13.725997,-14.911816,User: user14<br>Type: 3min<br>Split: train
user15,3min,train,2507,-108.41618,-112.25345,0.16688025,23.52971,User: user15<br>Type: 3min<br>Split: train
user19,3min,train,2508,-166.4242,-96.49441,3.1628835,-25.81015,User: user19<br>Type: 3min<br>Split: train
user2,3min,train,2509,60.334183,-131.87576,-20.234262,8.410096,User: user2<br>Type: 3min<br>Split: train
user21,3min,train,2510,-60.06158,-23.163872,20.214155,6.051941,User: user21<br>Type: 3min<br>Split: train
user23,3min,train,2511,-98.451775,-20.052794,15.458703,6.336697,User: user23<br>Type: 3min<br>Split: train
user24,3min,train,2512,-52.40137,0.21165341,20.263517,12.139337,User: user24<br>Type: 3min<br>Split: train
user25,3min,train,2513,-132.98659,73.275345,8.290731,-6.3188715,User: user25<br>Type: 3min<br>Split: train
user27,3min,train,2514,154.21333,-52.922832,-19.594044,17.883337,User: user27<br>Type: 3min<br>Split: train
user29,3min,train,2515,-164.6717,54.795074,-6.537968,22.491388,User: user29<br>Type: 3min<br>Split: train
user33,3min,train,2516,-121.60412,127.08609,25.511055,29.840433,User: user33<br>Type: 3min<br>Split: train
user34,3min,train,2517,-46.07739,-41.95224,-9.29669,-1.6806341,User: user34<br>Type: 3min<br>Split: train
user35,3min,train,2518,-11.778402,-11.859678,5.6058245,-16.928877,User: user35<br>Type: 3min<br>Split: train
user36,3min,train,2519,-196.6053,-46.669827,1.9416461,-7.881811,User: user36<br>Type: 3min<br>Split: train
user37,3min,train,2520,22.970564,107.643776,8.342298,7.839148,User: user37<br>Type: 3min<br>Split: train
user38,3min,train,2521,-62.84318,171.02867,16.085238,-22.247997,User: user38<br>Type: 3min<br>Split: train
user39,3min,train,2522,-83.50522,-99.28785,17.793718,7.7847137,User: user39<br>Type: 3min<br>Split: train
user4,3min,train,2523,-89.33292,51.406857,2.1500454,11.390479,User: user4<br>Type: 3min<br>Split: train
user40,3min,train,2524,-75.781364,-8.141219,-8.490825,-16.196291,User: user40<br>Type: 3min<br>Split: train
user42,3min,train,2525,11.140395,147.74826,23.119951,25.929832,User: user42<br>Type: 3min<br>Split: train
user45,3min,train,2526,-24.888277,42.708935,25.978914,9.010705,User: user45<br>Type: 3min<br>Split: train
user46,3min,train,2527,-16.493942,-38.106068,-2.119624,21.78278,User: user46<br>Type: 3min<br>Split: train
user47,3min,train,2528,53.44146,-4.4149036,1.1786034,28.869463,User: user47<br>Type: 3min<br>Split: train
user48,3min,train,2529,63.466167,45.12324,14.278159,-18.673819,User: user48<br>Type: 3min<br>Split: train
user49,3min,train,2530,142.51956,109.82349,9.28092,24.95252,User: user49<br>Type: 3min<br>Split: train
user51,3min,train,2531,-39.53016,-13.958741,-23.942743,5.119039,User: user51<br>Type: 3min<br>Split: train
user52,3min,train,2532,-137.88318,-23.181454,14.3696785,-24.732803,User: user52<br>Type: 3min<br>Split: train
user53,3min,train,2533,91.53717,-59.223194,7.265237,26.73123,User: user53<br>Type: 3min<br>Split: train
user56,3min,train,2534,-116.01288,-83.58743,-6.6195345,32.564278,User: user56<br>Type: 3min<br>Split: train
user59,3min,train,2535,-42.905766,122.347595,3.3037846,26.373375,User: user59<br>Type: 3min<br>Split: train
user66,3min,train,2536,-30.797297,-98.508545,13.322996,20.405294,User: user66<br>Type: 3min<br>Split: train
user68,3min,train,2537,-61.284966,-85.49953,0.7069646,4.2755585,User: user68<br>Type: 3min<br>Split: train
user69,3min,train,2538,-101.18627,-143.4123,-1.1717317,-16.927607,User: user69<br>Type: 3min<br>Split: train
user7,3min,train,2539,-7.1419573,-177.19244,9.890598,-13.248445,User: user7<br>Type: 3min<br>Split: train
user70,3min,train,2540,-53.917717,-110.53692,15.038868,23.534454,User: user70<br>Type: 3min<br>Split: train
user73,3min,train,2541,-22.528036,-53.160408,15.024001,1.844657,User: user73<br>Type: 3min<br>Split: train
user78,3min,train,2542,-170.96631,-1.9590068,-18.4855,24.996616,User: user78<br>Type: 3min<br>Split: train
user8,3min,train,2543,-129.58746,24.109426,15.684158,19.511835,User: user8<br>Type: 3min<br>Split: train
user80,3min,train,2544,84.20569,-148.9275,20.808226,21.36626,User: user80<br>Type: 3min<br>Split: train
user82,3min,train,2545,33.775627,-10.916876,15.152142,29.81744,User: user82<br>Type: 3min<br>Split: train
user84,3min,train,2546,-97.5791,146.49004,20.327625,30.366632,User: user84<br>Type: 3min<br>Split: train
user85,3min,train,2547,136.38219,-81.04708,-11.017078,16.737272,User: user85<br>Type: 3min<br>Split: train
user86,3min,train,2548,-46.58125,-171.89458,26.826466,-18.546349,User: user86<br>Type: 3min<br>Split: train
user88,3min,train,2549,15.223314,-78.70015,-17.124983,2.6659777,User: user88<br>Type: 3min<br>Split: train
user89,3min,train,2550,140.6399,-112.28211,36.15375,5.231072,User: user89<br>Type: 3min<br>Split: train
user9,3min,train,2551,75.78509,66.43162,-0.33279067,-26.634953,User: user9<br>Type: 3min<br>Split: train
user10,3min,train,2552,-1.3907136,97.334656,-6.084765,-4.1235604,User: user10<br>Type: 3min<br>Split: train
user11,3min,train,2553,-137.4076,-103.33537,30.585396,5.039694,User: user11<br>Type: 3min<br>Split: train
user16,3min,train,2554,-14.740286,205.85985,11.562899,7.492203,User: user16<br>Type: 3min<br>Split: train
user17,3min,train,2555,-195.68074,-15.931047,18.26652,-9.525588,User: user17<br>Type: 3min<br>Split: train
user18,3min,train,2556,-63.888412,73.953804,6.915914,1.2664636,User: user18<br>Type: 3min<br>Split: train
user19,3min,train,2557,-166.4242,-96.49441,14.73056,-14.416791,User: user19<br>Type: 3min<br>Split: train
user2,3min,train,2558,60.334183,-131.87576,-20.205961,8.438087,User: user2<br>Type: 3min<br>Split: train
user22,3min,train,2559,-94.92357,6.672643,-13.161471,14.052583,User: user22<br>Type: 3min<br>Split: train
user24,3min,train,2560,-52.51017,5.934216,20.27012,12.142487,User: user24<br>Type: 3min<br>Split: train
user26,3min,train,2561,-73.31034,115.66984,-18.523438,14.733925,User: user26<br>Type: 3min<br>Split: train
user28,3min,train,2562,-16.752575,142.8599,26.7446,-13.181765,User: user28<br>Type: 3min<br>Split: train
user29,3min,train,2563,-164.6717,54.795074,-6.537819,22.491375,User: user29<br>Type: 3min<br>Split: train
user3,3min,train,2564,-38.06489,53.211464,5.7054768,-6.3562994,User: user3<br>Type: 3min<br>Split: train
user34,3min,train,2565,-42.164413,-38.25206,-9.296724,-1.6805661,User: user34<br>Type: 3min<br>Split: train
user35,3min,train,2566,-9.899128,-6.2469883,5.5759926,-16.958208,User: user35<br>Type: 3min<br>Split: train
user37,3min,train,2567,22.970564,107.643776,8.96737,7.3195643,User: user37<br>Type: 3min<br>Split: train
user38,3min,train,2568,-62.84318,171.02867,16.077839,-22.249489,User: user38<br>Type: 3min<br>Split: train
user39,3min,train,2569,-83.50522,-99.28785,-5.2039113,-14.269742,User: user39<br>Type: 3min<br>Split: train
user42,3min,train,2570,11.140395,147.74826,23.127811,25.926245,User: user42<br>Type: 3min<br>Split: train
user47,3min,train,2571,58.35414,-1.0038519,1.2000287,28.888733,User: user47<br>Type: 3min<br>Split: train
user48,3min,train,2572,63.466167,45.12324,14.274687,-18.670307,User: user48<br>Type: 3min<br>Split: train
user5,3min,train,2573,-144.17363,2.538802,-16.973682,-0.8440989,User: user5<br>Type: 3min<br>Split: train
user51,3min,train,2574,-39.53016,-13.958741,-23.975544,5.0862436,User: user51<br>Type: 3min<br>Split: train
user52,3min,train,2575,-137.88318,-23.181454,-4.096312,-17.235683,User: user52<br>Type: 3min<br>Split: train
user53,3min,train,2576,91.53717,-59.223194,27.72122,18.529924,User: user53<br>Type: 3min<br>Split: train
user54,3min,train,2577,50.826115,-46.471756,2.6731637,-21.210014,User: user54<br>Type: 3min<br>Split: train
user59,3min,train,2578,-42.905766,122.347595,3.3197062,26.389091,User: user59<br>Type: 3min<br>Split: train
user60,3min,train,2579,104.54602,92.16839,29.853735,15.61176,User: user60<br>Type: 3min<br>Split: train
user61,3min,train,2580,13.136969,-132.71332,-1.2460355,18.280458,User: user61<br>Type: 3min<br>Split: train
user62,3min,train,2581,-105.7373,29.50931,15.843046,34.66668,User: user62<br>Type: 3min<br>Split: train
user64,3min,train,2582,-165.83238,-130.14728,6.9994535,5.069205,User: user64<br>Type: 3min<br>Split: train
user65,3min,train,2583,31.86232,-94.33745,3.0314765,5.316101,User: user65<br>Type: 3min<br>Split: train
user67,3min,train,2584,-122.12124,97.05209,19.189882,16.329498,User: user67<br>Type: 3min<br>Split: train
user68,3min,train,2585,-61.284966,-85.49953,0.3802532,3.9480093,User: user68<br>Type: 3min<br>Split: train
user7,3min,train,2586,-7.1419573,-177.19244,9.890933,-13.248186,User: user7<br>Type: 3min<br>Split: train
user72,3min,train,2587,13.62859,22.772324,32.82886,1.2120819,User: user72<br>Type: 3min<br>Split: train
user74,3min,train,2588,-152.19351,138.6777,17.212904,-0.50993943,User: user74<br>Type: 3min<br>Split: train
user79,3min,train,2589,-30.512867,11.3816,8.379364,33.271595,User: user79<br>Type: 3min<br>Split: train
user80,3min,train,2590,84.20569,-148.9275,20.80823,21.366257,User: user80<br>Type: 3min<br>Split: train
user81,3min,train,2591,-113.86219,54.042454,14.997732,15.264208,User: user81<br>Type: 3min<br>Split: train
user82,3min,train,2592,29.121454,-13.748628,15.104269,29.86524,User: user82<br>Type: 3min<br>Split: train
user83,3min,train,2593,-25.770061,-124.25772,24.14398,18.644466,User: user83<br>Type: 3min<br>Split: train
user85,3min,train,2594,136.38219,-81.04708,-11.004758,16.749657,User: user85<br>Type: 3min<br>Split: train
user87,3min,train,2595,12.871375,46.512875,-2.8593552,24.22785,User: user87<br>Type: 3min<br>Split: train
user9,3min,train,2596,75.78509,66.43162,-0.34411693,-26.623735,User: user9<br>Type: 3min<br>Split: train
user10,3min,train,2597,-1.3907136,97.334656,-6.084557,-4.123238,User: user10<br>Type: 3min<br>Split: train
user13,3min,train,2598,-138.71892,46.876972,18.86663,13.882827,User: user13<br>Type: 3min<br>Split: train
user15,3min,train,2599,-108.41618,-112.25345,19.089582,27.05173,User: user15<br>Type: 3min<br>Split: train
user17,3min,train,2600,-195.68074,-15.931047,18.266481,-9.525509,User: user17<br>Type: 3min<br>Split: train
user20,3min,train,2601,-105.06311,77.88808,5.097886,6.0142493,User: user20<br>Type: 3min<br>Split: train
user23,3min,train,2602,-98.451775,-20.052794,15.451985,6.342217,User: user23<br>Type: 3min<br>Split: train
user24,3min,train,2603,-52.40137,0.21165341,5.493312,18.383673,User: user24<br>Type: 3min<br>Split: train
user25,3min,train,2604,-132.98659,73.275345,8.292949,-6.3211627,User: user25<br>Type: 3min<br>Split: train
user26,3min,train,2605,-73.31034,115.66984,-18.476288,14.686906,User: user26<br>Type: 3min<br>Split: train
user27,3min,train,2606,154.21333,-52.922832,-19.628778,17.844427,User: user27<br>Type: 3min<br>Split: train
user28,3min,train,2607,-16.752575,142.8599,26.758705,-13.167555,User: user28<br>Type: 3min<br>Split: train
user29,3min,train,2608,-164.6717,54.795074,0.45859087,31.13449,User: user29<br>Type: 3min<br>Split: train
user30,3min,train,2609,-133.4254,-133.25356,2.647723,-12.036544,User: user30<br>Type: 3min<br>Split: train
user31,3min,train,2610,7.127656,-0.07572798,-20.348541,-1.8454585,User: user31<br>Type: 3min<br>Split: train
user33,3min,train,2611,-121.60412,127.08609,25.52707,29.831573,User: user33<br>Type: 3min<br>Split: train
user35,3min,train,2612,-9.899128,-6.2469883,5.6052766,-16.928947,User: user35<br>Type: 3min<br>Split: train
user36,3min,train,2613,-196.6053,-46.669827,1.9286703,-7.894686,User: user36<br>Type: 3min<br>Split: train
user37,3min,train,2614,22.970564,107.643776,8.966914,7.3193064,User: user37<br>Type: 3min<br>Split: train
user39,3min,train,2615,-83.50522,-99.28785,17.79343,7.7847753,User: user39<br>Type: 3min<br>Split: train
user40,3min,train,2616,-75.781364,-8.141219,-8.487857,-16.192924,User: user40<br>Type: 3min<br>Split: train
user42,3min,train,2617,11.140395,147.74826,23.112066,25.931438,User: user42<br>Type: 3min<br>Split: train
user43,3min,train,2618,-38.40839,81.84102,-8.52472,-11.87581,User: user43<br>Type: 3min<br>Split: train
user44,3min,train,2619,-97.63191,-53.365215,-17.896036,31.553905,User: user44<br>Type: 3min<br>Split: train
user45,3min,train,2620,-22.06412,36.96605,25.985163,9.004588,User: user45<br>Type: 3min<br>Split: train
user46,3min,train,2621,-9.6432085,-35.762337,-2.107395,21.77072,User: user46<br>Type: 3min<br>Split: train
user48,3min,train,2622,54.93492,40.243313,14.277647,-18.673222,User: user48<br>Type: 3min<br>Split: train
user52,3min,train,2623,-133.299,-13.996157,14.370809,-24.737621,User: user52<br>Type: 3min<br>Split: train
user53,3min,train,2624,91.53717,-59.223194,7.271439,26.741117,User: user53<br>Type: 3min<br>Split: train
user54,3min,train,2625,50.826115,-46.471756,2.6541028,-21.191044,User: user54<br>Type: 3min<br>Split: train
user56,3min,train,2626,-116.01288,-83.58743,-6.619713,32.564316,User: user56<br>Type: 3min<br>Split: train
user57,3min,train,2627,-92.59654,180.8146,-14.082205,-18.621574,User: user57<br>Type: 3min<br>Split: train
user61,3min,train,2628,13.136969,-132.71332,-1.2840675,18.318678,User: user61<br>Type: 3min<br>Split: train
user62,3min,train,2629,-161.29836,25.327385,-13.736081,-2.8152242,User: user62<br>Type: 3min<br>Split: train
user64,3min,train,2630,-165.83238,-130.14728,7.0696955,5.1401877,User: user64<br>Type: 3min<br>Split: train
user65,3min,train,2631,31.86232,-94.33745,3.0321484,5.317387,User: user65<br>Type: 3min<br>Split: train
user66,3min,train,2632,-30.797297,-98.508545,13.308241,20.413042,User: user66<br>Type: 3min<br>Split: train
user67,3min,train,2633,-122.12124,97.05209,19.17695,16.315817,User: user67<br>Type: 3min<br>Split: train
user7,3min,train,2634,-7.1419573,-177.19244,-5.609373,9.464936,User: user7<br>Type: 3min<br>Split: train
user70,3min,train,2635,-53.917717,-110.53692,4.8767004,23.322422,User: user70<br>Type: 3min<br>Split: train
user71,3min,train,2636,131.66515,-36.84476,-6.555604,27.01044,User: user71<br>Type: 3min<br>Split: train
user75,3min,train,2637,120.81089,188.34229,-13.806943,26.516344,User: user75<br>Type: 3min<br>Split: train
user76,3min,train,2638,155.25519,-24.52458,23.258827,0.041661248,User: user76<br>Type: 3min<br>Split: train
user78,3min,train,2639,-170.96631,-1.9590068,-18.496578,24.985561,User: user78<br>Type: 3min<br>Split: train
user81,3min,train,2640,-113.86219,54.042454,10.693761,4.2318473,User: user81<br>Type: 3min<br>Split: train
user82,3min,train,2641,29.121454,-13.748628,15.147672,29.82481,User: user82<br>Type: 3min<br>Split: train
user84,3min,train,2642,-97.5791,146.49004,20.31852,30.379356,User: user84<br>Type: 3min<br>Split: train
user87,3min,train,2643,12.871375,46.512875,-2.8333757,24.20395,User: user87<br>Type: 3min<br>Split: train
user88,3min,train,2644,15.223314,-78.70015,22.93933,5.09312,User: user88<br>Type: 3min<br>Split: train
user9,3min,train,2645,75.78509,66.43162,-0.33295855,-26.634583,User: user9<br>Type: 3min<br>Split: train
user12,3min,train,2646,-72.13619,-156.55666,-3.9421613,13.999607,User: user12<br>Type: 3min<br>Split: train
user15,3min,train,2647,-108.41618,-112.25345,19.08965,27.051653,User: user15<br>Type: 3min<br>Split: train
user16,3min,train,2648,-14.740286,205.85985,11.543856,7.5112557,User: user16<br>Type: 3min<br>Split: train
user17,3min,train,2649,-195.68074,-15.931047,18.266575,-9.524101,User: user17<br>Type: 3min<br>Split: train
user19,3min,train,2650,-166.4242,-96.49441,3.16123,-25.810562,User: user19<br>Type: 3min<br>Split: train
user2,3min,train,2651,60.334183,-131.87576,-20.23329,8.410976,User: user2<br>Type: 3min<br>Split: train
user20,3min,train,2652,-105.06311,77.88808,-13.448718,7.302411,User: user20<br>Type: 3min<br>Split: train
user22,3min,train,2653,-94.92357,6.672643,-13.144047,14.069661,User: user22<br>Type: 3min<br>Split: train
user25,3min,train,2654,-132.98659,73.275345,19.351383,-5.6193686,User: user25<br>Type: 3min<br>Split: train
user27,3min,train,2655,154.21333,-52.922832,-19.616442,17.857046,User: user27<br>Type: 3min<br>Split: train
user30,3min,train,2656,-133.4254,-133.25356,2.6543634,-12.042486,User: user30<br>Type: 3min<br>Split: train
user33,3min,train,2657,-121.60412,127.08609,25.521654,29.83533,User: user33<br>Type: 3min<br>Split: train
user34,3min,train,2658,-46.07739,-41.95224,8.066479,-15.745907,User: user34<br>Type: 3min<br>Split: train
user35,3min,train,2659,167.05638,-2.6472218,28.629625,-10.351682,User: user35<br>Type: 3min<br>Split: train
user35,3min,train,2660,-9.899128,-6.2469883,5.5767865,-16.957655,User: user35<br>Type: 3min<br>Split: train
user37,3min,train,2661,22.970564,107.643776,8.342073,7.8387785,User: user37<br>Type: 3min<br>Split: train
user4,3min,train,2662,-89.33292,51.406857,2.1530437,11.391375,User: user4<br>Type: 3min<br>Split: train
user40,3min,train,2663,-70.77144,-8.9134865,-8.472939,-16.214275,User: user40<br>Type: 3min<br>Split: train
user42,3min,train,2664,11.140395,147.74826,23.103207,25.90912,User: user42<br>Type: 3min<br>Split: train
user46,3min,train,2665,-9.6432085,-35.762337,-2.133649,21.796864,User: user46<br>Type: 3min<br>Split: train
user49,3min,train,2666,142.51956,109.82349,9.292558,24.95126,User: user49<br>Type: 3min<br>Split: train
user53,3min,train,2667,91.53717,-59.223194,7.2653537,26.73174,User: user53<br>Type: 3min<br>Split: train
user54,3min,train,2668,50.826115,-46.471756,2.6410275,-21.18195,User: user54<br>Type: 3min<br>Split: train
user55,3min,train,2669,-12.099864,53.11249,-2.830351,-2.4314425,User: user55<br>Type: 3min<br>Split: train
user57,3min,train,2670,-92.59654,180.8146,-14.074907,-18.614864,User: user57<br>Type: 3min<br>Split: train
user58,3min,train,2671,-194.49309,-81.73398,-10.293751,-18.904697,User: user58<br>Type: 3min<br>Split: train
user60,3min,train,2672,104.54602,92.16839,29.853622,15.611742,User: user60<br>Type: 3min<br>Split: train
user61,3min,train,2673,13.136969,-132.71332,-1.2454972,18.280794,User: user61<br>Type: 3min<br>Split: train
user62,3min,train,2674,-161.29836,25.327385,-13.759496,-2.8331807,User: user62<br>Type: 3min<br>Split: train
user62,3min,train,2675,-105.7373,29.50931,15.8258705,34.669666,User: user62<br>Type: 3min<br>Split: train
user63,3min,train,2676,-76.3527,-55.018288,-1.6577467,34.79808,User: user63<br>Type: 3min<br>Split: train
user64,3min,train,2677,-165.83238,-130.14728,7.0939794,5.1641994,User: user64<br>Type: 3min<br>Split: train
user65,3min,train,2678,31.86232,-94.33745,-5.666563,-18.456614,User: user65<br>Type: 3min<br>Split: train
user66,3min,train,2679,-30.797297,-98.508545,13.327691,20.393631,User: user66<br>Type: 3min<br>Split: train
user68,3min,train,2680,-61.284966,-85.49953,0.6964919,4.2652473,User: user68<br>Type: 3min<br>Split: train
user69,3min,train,2681,-101.18627,-143.4123,-1.1716152,-16.927624,User: user69<br>Type: 3min<br>Split: train
user7,3min,train,2682,-7.1419573,-177.19244,-5.6073585,9.450283,User: user7<br>Type: 3min<br>Split: train
user70,3min,train,2683,-53.917717,-110.53692,4.8788986,23.324533,User: user70<br>Type: 3min<br>Split: train
user73,3min,train,2684,-22.528036,-53.160408,15.029592,1.8387556,User: user73<br>Type: 3min<br>Split: train
user76,3min,train,2685,155.25519,-24.52458,23.361948,0.14606306,User: user76<br>Type: 3min<br>Split: train
user77,3min,train,2686,-142.63501,-48.656788,4.155634,2.7417793,User: user77<br>Type: 3min<br>Split: train
user78,3min,train,2687,-170.96631,-1.9590068,-18.496252,24.985325,User: user78<br>Type: 3min<br>Split: train
user79,3min,train,2688,-30.512867,11.3816,8.3793,33.271523,User: user79<br>Type: 3min<br>Split: train
user80,3min,train,2689,84.20569,-148.9275,10.503016,-5.879223,User: user80<br>Type: 3min<br>Split: train
user83,3min,train,2690,-25.770061,-124.25772,24.117767,18.671385,User: user83<br>Type: 3min<br>Split: train
user87,3min,train,2691,12.871375,46.512875,-2.859451,24.227846,User: user87<br>Type: 3min<br>Split: train
user9,3min,train,2692,75.78509,66.43162,-0.32733408,-26.639791,User: user9<br>Type: 3min<br>Split: train
user11,3min,train,2693,-137.4076,-103.33537,30.571516,5.0259857,User: user11<br>Type: 3min<br>Split: train
user12,3min,train,2694,-72.13619,-156.55666,-10.8692255,-8.456662,User: user12<br>Type: 3min<br>Split: train
user13,3min,train,2695,-138.71892,46.876972,18.865091,13.881357,User: user13<br>Type: 3min<br>Split: train
user15,3min,train,2696,-108.41618,-112.25345,19.089613,27.051716,User: user15<br>Type: 3min<br>Split: train
user16,3min,train,2697,-14.740286,205.85985,11.457986,7.59834,User: user16<br>Type: 3min<br>Split: train
user17,3min,train,2698,-195.68074,-15.931047,18.265596,-9.524144,User: user17<br>Type: 3min<br>Split: train
user20,3min,train,2699,-105.06311,77.88808,-13.448785,7.302479,User: user20<br>Type: 3min<br>Split: train
user23,3min,train,2700,-98.451775,-20.052794,15.421932,6.3263216,User: user23<br>Type: 3min<br>Split: train
user25,3min,train,2701,-132.98659,73.275345,8.291421,-6.320399,User: user25<br>Type: 3min<br>Split: train
user28,3min,train,2702,-16.752575,142.8599,26.776209,-13.150299,User: user28<br>Type: 3min<br>Split: train
user30,3min,train,2703,-133.4254,-133.25356,0.7000337,-10.846588,User: user30<br>Type: 3min<br>Split: train
user31,3min,train,2704,7.127656,-0.07572798,-20.360348,-1.8575583,User: user31<br>Type: 3min<br>Split: train
user32,3min,train,2705,-52.54509,200.63278,-5.656603,-7.6039286,User: user32<br>Type: 3min<br>Split: train
user33,3min,train,2706,-121.60412,127.08609,25.535328,29.823305,User: user33<br>Type: 3min<br>Split: train
user35,3min,train,2707,167.05638,-2.6472218,28.631218,-10.35026,User: user35<br>Type: 3min<br>Split: train
user35,3min,train,2708,-9.899128,-6.2469883,5.5645695,-16.96988,User: user35<br>Type: 3min<br>Split: train
user36,3min,train,2709,-196.6053,-46.669827,1.963973,-7.8593864,User: user36<br>Type: 3min<br>Split: train
user38,3min,train,2710,-62.84318,171.02867,16.081015,-22.249054,User: user38<br>Type: 3min<br>Split: train
user39,3min,train,2711,-83.50522,-99.28785,-5.203937,-14.269768,User: user39<br>Type: 3min<br>Split: train
user41,3min,train,2712,-126.0254,163.50269,9.228943,1.9127799,User: user41<br>Type: 3min<br>Split: train
user43,3min,train,2713,-38.40839,81.84102,-8.525326,-11.876414,User: user43<br>Type: 3min<br>Split: train
user47,3min,train,2714,58.35414,-1.0038519,1.1799688,28.869322,User: user47<br>Type: 3min<br>Split: train
user48,3min,train,2715,63.466167,45.12324,14.262225,-18.657804,User: user48<br>Type: 3min<br>Split: train
user5,3min,train,2716,-144.17363,2.538802,0.95187217,-13.786925,User: user5<br>Type: 3min<br>Split: train
user51,3min,train,2717,-34.59145,-16.559484,-23.958078,5.103183,User: user51<br>Type: 3min<br>Split: train
user53,3min,train,2718,83.402824,-52.540257,7.2650256,26.731567,User: user53<br>Type: 3min<br>Split: train
user55,3min,train,2719,-4.798623,48.326736,-2.7681735,-2.3689125,User: user55<br>Type: 3min<br>Split: train
user57,3min,train,2720,-92.59654,180.8146,-3.3846607,1.2649189,User: user57<br>Type: 3min<br>Split: train
user59,3min,train,2721,-42.905766,122.347595,27.511475,4.7433376,User: user59<br>Type: 3min<br>Split: train
user61,3min,train,2722,13.136969,-132.71332,-1.2811654,18.31586,User: user61<br>Type: 3min<br>Split: train
user62,3min,train,2723,-161.29836,25.327385,-13.76057,-2.8308928,User: user62<br>Type: 3min<br>Split: train
user67,3min,train,2724,-122.12124,97.05209,19.199993,16.340376,User: user67<br>Type: 3min<br>Split: train
user68,3min,train,2725,-61.284966,-85.49953,0.3840913,3.9516473,User: user68<br>Type: 3min<br>Split: train
user69,3min,train,2726,-101.18627,-143.4123,-2.2297425,-14.210696,User: user69<br>Type: 3min<br>Split: train
user70,3min,train,2727,-53.917717,-110.53692,4.8788433,23.324507,User: user70<br>Type: 3min<br>Split: train
user71,3min,train,2728,131.66515,-36.84476,-6.5562735,27.011032,User: user71<br>Type: 3min<br>Split: train
user72,3min,train,2729,13.62859,22.772324,32.82132,1.2054209,User: user72<br>Type: 3min<br>Split: train
user74,3min,train,2730,-152.19351,138.6777,17.186651,-0.53518754,User: user74<br>Type: 3min<br>Split: train
user78,3min,train,2731,-170.96631,-1.9590068,-18.496637,24.985577,User: user78<br>Type: 3min<br>Split: train
user8,3min,train,2732,-129.58746,24.109426,-12.994903,1.9007617,User: user8<br>Type: 3min<br>Split: train
user81,3min,train,2733,-113.86219,54.042454,10.699269,4.23118,User: user81<br>Type: 3min<br>Split: train
user85,3min,train,2734,136.38219,-81.04708,-11.00463,16.749935,User: user85<br>Type: 3min<br>Split: train
user87,3min,train,2735,12.871375,46.512875,-2.849001,24.21751,User: user87<br>Type: 3min<br>Split: train
user9,3min,train,2736,75.78509,66.43162,-0.31870005,-26.648928,User: user9<br>Type: 3min<br>Split: train
user1,3min,train,2737,13.863741,76.31855,35.080868,22.507082,User: user1<br>Type: 3min<br>Split: train
user15,3min,train,2738,-108.41618,-112.25345,19.087019,27.054525,User: user15<br>Type: 3min<br>Split: train
user18,3min,train,2739,-63.888412,73.953804,6.9073434,1.2583197,User: user18<br>Type: 3min<br>Split: train
user19,3min,train,2740,-166.4242,-96.49441,3.1620772,-25.810791,User: user19<br>Type: 3min<br>Split: train
user2,3min,train,2741,60.334183,-131.87576,-20.23757,8.406633,User: user2<br>Type: 3min<br>Split: train
user22,3min,train,2742,-94.92357,6.672643,-13.160298,14.053554,User: user22<br>Type: 3min<br>Split: train
user24,3min,train,2743,-52.51017,5.934216,5.4922376,18.38278,User: user24<br>Type: 3min<br>Split: train
user26,3min,train,2744,-73.31034,115.66984,-18.510695,14.721146,User: user26<br>Type: 3min<br>Split: train
user28,3min,train,2745,-16.752575,142.8599,26.75893,-13.167454,User: user28<br>Type: 3min<br>Split: train
user38,3min,train,2746,-62.84318,171.02867,16.06318,-22.267345,User: user38<br>Type: 3min<br>Split: train
user44,3min,train,2747,-97.63191,-53.365215,-17.89984,31.55773,User: user44<br>Type: 3min<br>Split: train
user46,3min,train,2748,-9.6432085,-35.762337,-2.1277223,21.791,User: user46<br>Type: 3min<br>Split: train
user49,3min,train,2749,142.51956,109.82349,9.2846,24.951075,User: user49<br>Type: 3min<br>Split: train
user5,3min,train,2750,-144.17363,2.538802,-16.967894,-0.83815855,User: user5<br>Type: 3min<br>Split: train
user50,3min,train,2751,-165.25569,-29.547632,-3.8521638,11.5464525,User: user50<br>Type: 3min<br>Split: train
user52,3min,train,2752,-137.88318,-23.181454,-4.094891,-17.234167,User: user52<br>Type: 3min<br>Split: train
user53,3min,train,2753,91.53717,-59.223194,7.2654104,26.733194,User: user53<br>Type: 3min<br>Split: train
user54,3min,train,2754,50.826115,-46.471756,2.6540716,-21.191328,User: user54<br>Type: 3min<br>Split: train
user59,3min,train,2755,-42.905766,122.347595,3.3103607,26.379776,User: user59<br>Type: 3min<br>Split: train
user60,3min,train,2756,104.54602,92.16839,29.85263,15.610842,User: user60<br>Type: 3min<br>Split: train
user64,3min,train,2757,-165.83238,-130.14728,7.0281205,5.097815,User: user64<br>Type: 3min<br>Split: train
user66,3min,train,2758,-30.797297,-98.508545,13.342137,20.379501,User: user66<br>Type: 3min<br>Split: train
user67,3min,train,2759,-122.12124,97.05209,19.146837,16.285673,User: user67<br>Type: 3min<br>Split: train
user69,3min,train,2760,-101.18627,-143.4123,-1.1719245,-16.927895,User: user69<br>Type: 3min<br>Split: train
user73,3min,train,2761,-22.528036,-53.160408,14.783062,2.0853543,User: user73<br>Type: 3min<br>Split: train
user74,3min,train,2762,-152.19351,138.6777,17.21072,-0.511249,User: user74<br>Type: 3min<br>Split: train
user78,3min,train,2763,-170.96631,-1.9590068,-18.496552,24.985643,User: user78<br>Type: 3min<br>Split: train
user79,3min,train,2764,-30.512867,11.3816,8.370896,33.263073,User: user79<br>Type: 3min<br>Split: train
user80,3min,train,2765,84.20569,-148.9275,10.514388,-5.874235,User: user80<br>Type: 3min<br>Split: train
user81,3min,train,2766,-113.86219,54.042454,10.695124,4.2314754,User: user81<br>Type: 3min<br>Split: train
user83,3min,train,2767,-25.770061,-124.25772,24.132547,18.655867,User: user83<br>Type: 3min<br>Split: train
user84,3min,train,2768,-97.5791,146.49004,20.335289,30.357958,User: user84<br>Type: 3min<br>Split: train
user86,3min,train,2769,-46.58125,-171.89458,26.836123,-18.536737,User: user86<br>Type: 3min<br>Split: train
user87,3min,train,2770,12.871375,46.512875,-2.8471234,24.216131,User: user87<br>Type: 3min<br>Split: train
user88,3min,train,2771,10.523731,-81.482994,22.940071,5.0935755,User: user88<br>Type: 3min<br>Split: train
user1,3min,train,2772,13.863741,76.31855,35.07509,22.501333,User: user1<br>Type: 3min<br>Split: train
user10,3min,train,2773,-1.3907136,97.334656,-6.0730853,-4.111988,User: user10<br>Type: 3min<br>Split: train
user11,3min,train,2774,-137.4076,-103.33537,30.580952,5.0355825,User: user11<br>Type: 3min<br>Split: train
user12,3min,train,2775,-72.13619,-156.55666,-3.9383385,13.998969,User: user12<br>Type: 3min<br>Split: train
user13,3min,train,2776,-138.71892,46.876972,18.869549,13.884816,User: user13<br>Type: 3min<br>Split: train
user19,3min,train,2777,-166.4242,-96.49441,14.730538,-14.41681,User: user19<br>Type: 3min<br>Split: train
user2,3min,train,2778,60.334183,-131.87576,-20.22546,8.41892,User: user2<br>Type: 3min<br>Split: train
user22,3min,train,2779,-94.92357,6.672643,-13.175625,14.040194,User: user22<br>Type: 3min<br>Split: train
user23,3min,train,2780,-98.451775,-20.052794,15.442299,6.3481226,User: user23<br>Type: 3min<br>Split: train
user26,3min,train,2781,-73.31034,115.66984,-18.510395,14.720925,User: user26<br>Type: 3min<br>Split: train
user28,3min,train,2782,-25.982513,138.95264,26.754734,-13.173292,User: user28<br>Type: 3min<br>Split: train
user3,3min,train,2783,-32.380524,65.15644,5.6714544,-6.3908224,User: user3<br>Type: 3min<br>Split: train
user32,3min,train,2784,-52.54509,200.63278,-5.845948,-7.794521,User: user32<br>Type: 3min<br>Split: train
user34,3min,train,2785,-42.164413,-38.25206,-9.296529,-1.6806293,User: user34<br>Type: 3min<br>Split: train
user36,3min,train,2786,-196.6053,-46.669827,1.9452978,-7.8780236,User: user36<br>Type: 3min<br>Split: train
user37,3min,train,2787,22.970564,107.643776,8.948631,7.3378596,User: user37<br>Type: 3min<br>Split: train
user39,3min,train,2788,-83.50522,-99.28785,17.804205,7.7738795,User: user39<br>Type: 3min<br>Split: train
user41,3min,train,2789,-126.0254,163.50269,9.236762,1.9198457,User: user41<br>Type: 3min<br>Split: train
user42,3min,train,2790,11.140395,147.74826,23.120506,25.925632,User: user42<br>Type: 3min<br>Split: train
user43,3min,train,2791,-38.40839,81.84102,21.058073,0.50442684,User: user43<br>Type: 3min<br>Split: train
user45,3min,train,2792,-27.081148,36.82445,25.990524,8.99935,User: user45<br>Type: 3min<br>Split: train
user46,3min,train,2793,-9.6432085,-35.762337,-2.1188636,21.78173,User: user46<br>Type: 3min<br>Split: train
user48,3min,train,2794,63.466167,45.12324,14.245632,-18.641365,User: user48<br>Type: 3min<br>Split: train
user51,3min,train,2795,-34.59145,-16.559484,-23.948275,5.1135116,User: user51<br>Type: 3min<br>Split: train
user56,3min,train,2796,-116.01288,-83.58743,-6.5968866,32.54159,User: user56<br>Type: 3min<br>Split: train
user61,3min,train,2797,13.136969,-132.71332,-0.6030047,6.8422256,User: user61<br>Type: 3min<br>Split: train
user63,3min,train,2798,-76.3527,-55.018288,11.37058,-7.238137,User: user63<br>Type: 3min<br>Split: train
user65,3min,train,2799,31.86232,-94.33745,-5.6675277,-18.45733,User: user65<br>Type: 3min<br>Split: train
user69,3min,train,2800,-101.18627,-143.4123,-1.1715477,-16.927694,User: user69<br>Type: 3min<br>Split: train
user7,3min,train,2801,-7.1419573,-177.19244,9.890648,-13.248434,User: user7<br>Type: 3min<br>Split: train
user70,3min,train,2802,-53.917717,-110.53692,15.038954,23.534311,User: user70<br>Type: 3min<br>Split: train
user72,3min,train,2803,13.62859,22.772324,32.851345,1.2405058,User: user72<br>Type: 3min<br>Split: train
user73,3min,train,2804,-22.528036,-53.160408,14.783006,2.0854688,User: user73<br>Type: 3min<br>Split: train
user74,3min,train,2805,-152.19351,138.6777,17.21105,-0.5107207,User: user74<br>Type: 3min<br>Split: train
user75,3min,train,2806,98.249374,175.8584,-13.87028,26.57732,User: user75<br>Type: 3min<br>Split: train
user76,3min,train,2807,155.25519,-24.52458,23.389318,0.17380403,User: user76<br>Type: 3min<br>Split: train
user77,3min,train,2808,-142.63501,-48.656788,4.1360235,2.7205608,User: user77<br>Type: 3min<br>Split: train
user78,3min,train,2809,-170.96631,-1.9590068,-18.488682,24.993258,User: user78<br>Type: 3min<br>Split: train
user79,3min,train,2810,-30.512867,11.3816,8.41036,33.30266,User: user79<br>Type: 3min<br>Split: train
user8,3min,train,2811,-129.58746,24.109426,-12.995035,1.9010571,User: user8<br>Type: 3min<br>Split: train
user80,3min,train,2812,84.20569,-148.9275,10.514276,-5.8743935,User: user80<br>Type: 3min<br>Split: train
user83,3min,train,2813,-25.770061,-124.25772,24.128523,18.660137,User: user83<br>Type: 3min<br>Split: train
user84,3min,train,2814,-97.5791,146.49004,20.334835,30.35767,User: user84<br>Type: 3min<br>Split: train
user85,3min,train,2815,136.38219,-81.04708,-11.004525,16.749805,User: user85<br>Type: 3min<br>Split: train
user86,3min,train,2816,-46.58125,-171.89458,26.867434,-18.50487,User: user86<br>Type: 3min<br>Split: train
user87,3min,train,2817,13.01546,52.540264,-2.8594954,24.22785,User: user87<br>Type: 3min<br>Split: train
user89,3min,train,2818,140.6399,-112.28211,36.14678,5.2241654,User: user89<br>Type: 3min<br>Split: train
user9,3min,train,2819,75.78509,66.43162,-0.33114883,-26.636433,User: user9<br>Type: 3min<br>Split: train
user10,3min,train,2820,-1.3907136,97.334656,-6.0830398,-4.1222816,User: user10<br>Type: 3min<br>Split: train
user13,3min,train,2821,-138.71892,46.876972,18.857452,13.8730755,User: user13<br>Type: 3min<br>Split: train
user14,3min,train,2822,-145.96432,107.237465,-13.72625,-14.912169,User: user14<br>Type: 3min<br>Split: train
user15,3min,train,2823,-108.41618,-112.25345,0.16709842,23.529774,User: user15<br>Type: 3min<br>Split: train
user18,3min,train,2824,-63.888412,73.953804,6.9288535,1.2608838,User: user18<br>Type: 3min<br>Split: train
user2,3min,train,2825,60.334183,-131.87576,-20.234196,8.409478,User: user2<br>Type: 3min<br>Split: train
user23,3min,train,2826,-98.451775,-20.052794,15.452574,6.35209,User: user23<br>Type: 3min<br>Split: train
user27,3min,train,2827,154.21333,-52.922832,-19.616917,17.856337,User: user27<br>Type: 3min<br>Split: train
user28,3min,train,2828,-16.752575,142.8599,26.759504,-13.166854,User: user28<br>Type: 3min<br>Split: train
user31,3min,train,2829,12.347404,-1.844164,-20.360432,-1.8571619,User: user31<br>Type: 3min<br>Split: train
user33,3min,train,2830,-121.60412,127.08609,25.53708,29.82872,User: user33<br>Type: 3min<br>Split: train
user35,3min,train,2831,167.05638,-2.6472218,28.636642,-10.3446665,User: user35<br>Type: 3min<br>Split: train
user35,3min,train,2832,-11.778402,-11.859678,5.575011,-16.960957,User: user35<br>Type: 3min<br>Split: train
user36,3min,train,2833,-196.6053,-46.669827,1.9424499,-7.881151,User: user36<br>Type: 3min<br>Split: train
user38,3min,train,2834,-62.84318,171.02867,16.078024,-22.252783,User: user38<br>Type: 3min<br>Split: train
user40,3min,train,2835,-76.4712,-2.9430878,-8.478341,-16.20228,User: user40<br>Type: 3min<br>Split: train
user41,3min,train,2836,-126.0254,163.50269,9.230286,1.9148014,User: user41<br>Type: 3min<br>Split: train
user42,3min,train,2837,11.140395,147.74826,23.135769,25.941586,User: user42<br>Type: 3min<br>Split: train
user44,3min,train,2838,-81.92371,-38.51104,-17.899797,31.557678,User: user44<br>Type: 3min<br>Split: train
user45,3min,train,2839,-27.081148,36.82445,25.990189,8.99983,User: user45<br>Type: 3min<br>Split: train
user47,3min,train,2840,58.35414,-1.0038519,1.1804732,28.86887,User: user47<br>Type: 3min<br>Split: train
user48,3min,train,2841,63.466167,45.12324,14.290217,-18.685575,User: user48<br>Type: 3min<br>Split: train
user49,3min,train,2842,142.51956,109.82349,9.277584,24.95801,User: user49<br>Type: 3min<br>Split: train
user52,3min,train,2843,-137.88318,-23.181454,14.369103,-24.732738,User: user52<br>Type: 3min<br>Split: train
user55,3min,train,2844,-7.6376166,56.571766,-2.820408,-2.4208791,User: user55<br>Type: 3min<br>Split: train
user56,3min,train,2845,-116.01288,-83.58743,-6.633026,32.577774,User: user56<br>Type: 3min<br>Split: train
user58,3min,train,2846,-194.49309,-81.73398,-10.280241,-18.91835,User: user58<br>Type: 3min<br>Split: train
user59,3min,train,2847,-52.860874,116.49881,27.511656,4.7440248,User: user59<br>Type: 3min<br>Split: train
user6,3min,train,2848,-143.42564,-76.430695,-25.470274,8.593713,User: user6<br>Type: 3min<br>Split: train
user64,3min,train,2849,-165.83238,-130.14728,6.9953055,5.0655055,User: user64<br>Type: 3min<br>Split: train
user65,3min,train,2850,31.86232,-94.33745,-5.6678896,-18.457546,User: user65<br>Type: 3min<br>Split: train
user70,3min,train,2851,-53.917717,-110.53692,4.878798,23.32445,User: user70<br>Type: 3min<br>Split: train
user72,3min,train,2852,13.62859,22.772324,32.82673,1.2113587,User: user72<br>Type: 3min<br>Split: train
user74,3min,train,2853,-152.19351,138.6777,17.198557,-0.52398264,User: user74<br>Type: 3min<br>Split: train
user76,3min,train,2854,138.65271,-15.393615,23.287037,0.070163965,User: user76<br>Type: 3min<br>Split: train
user82,3min,train,2855,29.121454,-13.748628,15.158636,29.811163,User: user82<br>Type: 3min<br>Split: train
user87,3min,train,2856,12.871375,46.512875,-2.8437576,24.21221,User: user87<br>Type: 3min<br>Split: train
user9,3min,train,2857,75.78509,66.43162,-0.32747152,-26.640537,User: user9<br>Type: 3min<br>Split: train
user1,3min,train,2858,18.920324,76.693565,35.072098,22.498333,User: user1<br>Type: 3min<br>Split: train
user13,3min,train,2859,-138.71892,46.876972,18.86536,13.881588,User: user13<br>Type: 3min<br>Split: train
user15,3min,train,2860,-108.41618,-112.25345,0.16713358,23.529707,User: user15<br>Type: 3min<br>Split: train
user17,3min,train,2861,-195.68074,-15.931047,18.26382,-9.525381,User: user17<br>Type: 3min<br>Split: train
user19,3min,train,2862,-166.4242,-96.49441,3.160312,-25.812399,User: user19<br>Type: 3min<br>Split: train
user21,3min,train,2863,-60.06158,-23.163872,20.21392,6.0524616,User: user21<br>Type: 3min<br>Split: train
user22,3min,train,2864,-94.92357,6.672643,-13.182698,14.026543,User: user22<br>Type: 3min<br>Split: train
user24,3min,train,2865,-52.51017,5.934216,5.4928546,18.383572,User: user24<br>Type: 3min<br>Split: train
user25,3min,train,2866,-132.98659,73.275345,8.276446,-6.313515,User: user25<br>Type: 3min<br>Split: train
user29,3min,train,2867,-164.6717,54.795074,0.45854512,31.134468,User: user29<br>Type: 3min<br>Split: train
user3,3min,train,2868,-38.06489,53.211464,5.658007,-6.403351,User: user3<br>Type: 3min<br>Split: train
user33,3min,train,2869,-121.60412,127.08609,25.54424,29.814543,User: user33<br>Type: 3min<br>Split: train
user35,3min,train,2870,167.05638,-2.6472218,28.622152,-10.359162,User: user35<br>Type: 3min<br>Split: train
user35,3min,train,2871,-11.778402,-11.859678,5.5767655,-16.957535,User: user35<br>Type: 3min<br>Split: train
user38,3min,train,2872,-62.84318,171.02867,16.11237,-22.22202,User: user38<br>Type: 3min<br>Split: train
user4,3min,train,2873,-89.33292,51.406857,2.14977,11.390449,User: user4<br>Type: 3min<br>Split: train
user42,3min,train,2874,11.140395,147.74826,23.121525,25.927101,User: user42<br>Type: 3min<br>Split: train
user43,3min,train,2875,-38.40839,81.84102,21.058813,0.5040488,User: user43<br>Type: 3min<br>Split: train
user44,3min,train,2876,-97.63191,-53.365215,-17.884506,31.542387,User: user44<br>Type: 3min<br>Split: train
user46,3min,train,2877,-9.6432085,-35.762337,-2.1480324,21.811125,User: user46<br>Type: 3min<br>Split: train
user47,3min,train,2878,57.813705,-12.545794,1.1807353,28.86893,User: user47<br>Type: 3min<br>Split: train
user48,3min,train,2879,54.93492,40.243313,14.266792,-18.662329,User: user48<br>Type: 3min<br>Split: train
user5,3min,train,2880,-144.17363,2.538802,-16.974392,-0.84437805,User: user5<br>Type: 3min<br>Split: train
user50,3min,train,2881,-165.25569,-29.547632,11.510143,-0.32253432,User: user50<br>Type: 3min<br>Split: train
user51,3min,train,2882,-34.59145,-16.559484,-23.948727,5.113013,User: user51<br>Type: 3min<br>Split: train
user52,3min,train,2883,-137.88318,-23.181454,-4.096318,-17.23561,User: user52<br>Type: 3min<br>Split: train
user53,3min,train,2884,91.53717,-59.223194,7.265185,26.731464,User: user53<br>Type: 3min<br>Split: train
user54,3min,train,2885,50.826115,-46.471756,2.6507857,-21.192898,User: user54<br>Type: 3min<br>Split: train
user59,3min,train,2886,-42.905766,122.347595,27.513031,4.751062,User: user59<br>Type: 3min<br>Split: train
user60,3min,train,2887,104.54602,92.16839,29.853622,15.6114235,User: user60<br>Type: 3min<br>Split: train
user62,3min,train,2888,-161.29836,25.327385,-13.773392,-2.8186076,User: user62<br>Type: 3min<br>Split: train
user67,3min,train,2889,-122.12124,97.05209,19.204538,16.344778,User: user67<br>Type: 3min<br>Split: train
user69,3min,train,2890,-101.18627,-143.4123,-1.1654853,-16.922405,User: user69<br>Type: 3min<br>Split: train
user7,3min,train,2891,-7.1419573,-177.19244,-5.6050906,9.462859,User: user7<br>Type: 3min<br>Split: train
user70,3min,train,2892,-53.917717,-110.53692,4.879023,23.324772,User: user70<br>Type: 3min<br>Split: train
user72,3min,train,2893,13.62859,22.772324,32.817013,1.2013385,User: user72<br>Type: 3min<br>Split: train
user73,3min,train,2894,-22.528036,-53.160408,15.023166,1.8458928,User: user73<br>Type: 3min<br>Split: train
user77,3min,train,2895,-142.63501,-48.656788,4.1098094,2.6940014,User: user77<br>Type: 3min<br>Split: train
user79,3min,train,2896,-30.512867,11.3816,8.3768835,33.269337,User: user79<br>Type: 3min<br>Split: train
user80,3min,train,2897,84.20569,-148.9275,10.513477,-5.875282,User: user80<br>Type: 3min<br>Split: train
user83,3min,train,2898,-25.770061,-124.25772,24.113182,18.675661,User: user83<br>Type: 3min<br>Split: train
user84,3min,train,2899,-97.5791,146.49004,20.351547,30.34164,User: user84<br>Type: 3min<br>Split: train
user85,3min,train,2900,136.38219,-81.04708,-11.00471,16.749872,User: user85<br>Type: 3min<br>Split: train
user86,3min,train,2901,-46.58125,-171.89458,26.84991,-18.532618,User: user86<br>Type: 3min<br>Split: train
user87,3min,train,2902,12.871375,46.512875,-2.861829,24.230392,User: user87<br>Type: 3min<br>Split: train
user1,3min,train,2903,17.276632,72.5268,35.077724,22.503784,User: user1<br>Type: 3min<br>Split: train
user10,3min,train,2904,-1.3907136,97.334656,-6.0824637,-4.1215787,User: user10<br>Type: 3min<br>Split: train
user11,3min,train,2905,-137.4076,-103.33537,30.580662,5.0348682,User: user11<br>Type: 3min<br>Split: train
user12,3min,train,2906,-72.13619,-156.55666,-3.9385223,13.999129,User: user12<br>Type: 3min<br>Split: train
user13,3min,train,2907,-138.71892,46.876972,18.857185,13.874323,User: user13<br>Type: 3min<br>Split: train
user15,3min,train,2908,-108.41618,-112.25345,19.08957,27.05187,User: user15<br>Type: 3min<br>Split: train
user18,3min,train,2909,-63.888412,73.953804,6.927094,1.2773937,User: user18<br>Type: 3min<br>Split: train
user21,3min,train,2910,-55.038788,-15.146535,20.205925,6.0602255,User: user21<br>Type: 3min<br>Split: train
user22,3min,train,2911,-94.92357,6.672643,-13.1559105,14.055562,User: user22<br>Type: 3min<br>Split: train
user23,3min,train,2912,-98.451775,-20.052794,15.443115,6.35008,User: user23<br>Type: 3min<br>Split: train
user24,3min,train,2913,-52.51017,5.934216,20.270674,12.146042,User: user24<br>Type: 3min<br>Split: train
user25,3min,train,2914,-132.98659,73.275345,8.293641,-6.321787,User: user25<br>Type: 3min<br>Split: train
user26,3min,train,2915,-73.31034,115.66984,-18.513712,14.729268,User: user26<br>Type: 3min<br>Split: train
user29,3min,train,2916,-164.6717,54.795074,-6.5361,22.492004,User: user29<br>Type: 3min<br>Split: train
user3,3min,train,2917,-38.06489,53.211464,5.6395593,-6.4220247,User: user3<br>Type: 3min<br>Split: train
user31,3min,train,2918,12.347404,-1.844164,-20.349228,-1.8536309,User: user31<br>Type: 3min<br>Split: train
user32,3min,train,2919,-52.54509,200.63278,-5.846634,-7.7956424,User: user32<br>Type: 3min<br>Split: train
user33,3min,train,2920,-121.60412,127.08609,25.519627,29.839134,User: user33<br>Type: 3min<br>Split: train
user35,3min,train,2921,-11.778402,-11.859678,5.5765395,-16.957603,User: user35<br>Type: 3min<br>Split: train
user39,3min,train,2922,-83.50522,-99.28785,-5.2093596,-14.265629,User: user39<br>Type: 3min<br>Split: train
user40,3min,train,2923,-71.57965,-4.132366,-8.453519,-16.23545,User: user40<br>Type: 3min<br>Split: train
user42,3min,train,2924,11.140395,147.74826,23.121351,25.926958,User: user42<br>Type: 3min<br>Split: train
user43,3min,train,2925,-38.40839,81.84102,-8.5258465,-11.876862,User: user43<br>Type: 3min<br>Split: train
user46,3min,train,2926,-9.6432085,-35.762337,-2.1330016,21.79481,User: user46<br>Type: 3min<br>Split: train
user47,3min,train,2927,58.35414,-1.0038519,1.1928488,28.856598,User: user47<br>Type: 3min<br>Split: train
user48,3min,train,2928,63.466167,45.12324,14.260894,-18.656479,User: user48<br>Type: 3min<br>Split: train
user49,3min,train,2929,142.51956,109.82349,9.258255,24.923634,User: user49<br>Type: 3min<br>Split: train
user5,3min,train,2930,-144.17363,2.538802,-16.976606,-0.8434365,User: user5<br>Type: 3min<br>Split: train
user53,3min,train,2931,91.53717,-59.223194,7.265588,26.73189,User: user53<br>Type: 3min<br>Split: train
user54,3min,train,2932,50.826115,-46.471756,2.638547,-21.209753,User: user54<br>Type: 3min<br>Split: train
user56,3min,train,2933,-116.01288,-83.58743,-6.639081,32.583717,User: user56<br>Type: 3min<br>Split: train
user57,3min,train,2934,-92.59654,180.8146,-14.070408,-18.610392,User: user57<br>Type: 3min<br>Split: train
user58,3min,train,2935,-194.49309,-81.73398,-10.247045,-18.951048,User: user58<br>Type: 3min<br>Split: train
user59,3min,train,2936,-42.905766,122.347595,27.49817,4.733229,User: user59<br>Type: 3min<br>Split: train
user6,3min,train,2937,-143.42564,-76.430695,-25.456055,8.607799,User: user6<br>Type: 3min<br>Split: train
user60,3min,train,2938,104.54602,92.16839,29.853706,15.611514,User: user60<br>Type: 3min<br>Split: train
user61,3min,train,2939,13.136969,-132.71332,-0.6028336,6.842185,User: user61<br>Type: 3min<br>Split: train
user62,3min,train,2940,-161.29836,25.327385,-13.760583,-2.8317027,User: user62<br>Type: 3min<br>Split: train
user62,3min,train,2941,-105.7373,29.50931,15.845558,34.68582,User: user62<br>Type: 3min<br>Split: train
user63,3min,train,2942,-76.3527,-55.018288,-1.6470625,34.79393,User: user63<br>Type: 3min<br>Split: train
user66,3min,train,2943,-30.797297,-98.508545,13.319262,20.40227,User: user66<br>Type: 3min<br>Split: train
user67,3min,train,2944,-122.12124,97.05209,19.170593,16.310091,User: user67<br>Type: 3min<br>Split: train
user68,3min,train,2945,-61.284966,-85.49953,0.7034192,4.272183,User: user68<br>Type: 3min<br>Split: train
user72,3min,train,2946,13.62859,22.772324,32.82638,1.2109978,User: user72<br>Type: 3min<br>Split: train
user74,3min,train,2947,-152.19351,138.6777,17.207218,-0.51479584,User: user74<br>Type: 3min<br>Split: train
user75,3min,train,2948,98.249374,175.8584,-13.8271475,26.535013,User: user75<br>Type: 3min<br>Split: train
user76,3min,train,2949,155.25519,-24.52458,23.276375,0.05928346,User: user76<br>Type: 3min<br>Split: train
user79,3min,train,2950,-30.512867,11.3816,8.371068,33.26322,User: user79<br>Type: 3min<br>Split: train
user80,3min,train,2951,84.20569,-148.9275,20.808226,21.366156,User: user80<br>Type: 3min<br>Split: train
user82,3min,train,2952,29.121454,-13.748628,15.148055,29.821646,User: user82<br>Type: 3min<br>Split: train
user83,3min,train,2953,-25.770061,-124.25772,24.141863,18.64648,User: user83<br>Type: 3min<br>Split: train
user85,3min,train,2954,136.38219,-81.04708,-11.035886,16.718187,User: user85<br>Type: 3min<br>Split: train
user86,3min,train,2955,-46.58125,-171.89458,26.84059,-18.532158,User: user86<br>Type: 3min<br>Split: train
user87,3min,train,2956,12.871375,46.512875,-2.8561432,24.224806,User: user87<br>Type: 3min<br>Split: train
user88,3min,train,2957,10.523731,-81.482994,22.940256,5.093596,User: user88<br>Type: 3min<br>Split: train
user10,3min,train,2958,-1.3907136,97.334656,-6.0625157,-4.1015882,User: user10<br>Type: 3min<br>Split: train
user11,3min,train,2959,-137.4076,-103.33537,30.585037,5.0389457,User: user11<br>Type: 3min<br>Split: train
user12,3min,train,2960,-72.13619,-156.55666,-10.881694,-8.446904,User: user12<br>Type: 3min<br>Split: train
user16,3min,train,2961,-14.740286,205.85985,11.573676,7.4812756,User: user16<br>Type: 3min<br>Split: train
user18,3min,train,2962,-63.888412,73.953804,6.9160337,1.266238,User: user18<br>Type: 3min<br>Split: train
user19,3min,train,2963,-166.4242,-96.49441,3.161951,-25.810057,User: user19<br>Type: 3min<br>Split: train
user2,3min,train,2964,60.334183,-131.87576,-20.228336,8.415852,User: user2<br>Type: 3min<br>Split: train
user23,3min,train,2965,-98.451775,-20.052794,15.444179,6.3477945,User: user23<br>Type: 3min<br>Split: train
user26,3min,train,2966,-73.31034,115.66984,-18.531672,14.742123,User: user26<br>Type: 3min<br>Split: train
user27,3min,train,2967,154.21333,-52.922832,-19.596865,17.87661,User: user27<br>Type: 3min<br>Split: train
user28,3min,train,2968,-16.752575,142.8599,26.768744,-13.167585,User: user28<br>Type: 3min<br>Split: train
user29,3min,train,2969,-164.6717,54.795074,-6.538026,22.491438,User: user29<br>Type: 3min<br>Split: train
user35,3min,train,2970,167.05638,-2.6472218,28.66876,-10.312961,User: user35<br>Type: 3min<br>Split: train
user35,3min,train,2971,-11.778402,-11.859678,5.6053147,-16.928936,User: user35<br>Type: 3min<br>Split: train
user39,3min,train,2972,-83.50522,-99.28785,-5.204508,-14.269403,User: user39<br>Type: 3min<br>Split: train
user41,3min,train,2973,-126.0254,163.50269,9.228896,1.9116647,User: user41<br>Type: 3min<br>Split: train
user42,3min,train,2974,11.140395,147.74826,23.160158,25.964949,User: user42<br>Type: 3min<br>Split: train
user43,3min,train,2975,-31.597916,88.53738,-8.5023775,-11.855038,User: user43<br>Type: 3min<br>Split: train
user44,3min,train,2976,-126.801575,-63.609825,-17.886625,31.544504,User: user44<br>Type: 3min<br>Split: train
user45,3min,train,2977,-28.594263,32.087917,25.98681,9.002511,User: user45<br>Type: 3min<br>Split: train
user49,3min,train,2978,142.51956,109.82349,9.285499,24.951555,User: user49<br>Type: 3min<br>Split: train
user50,3min,train,2979,-165.25569,-29.547632,11.5104065,-0.32254207,User: user50<br>Type: 3min<br>Split: train
user51,3min,train,2980,-34.59145,-16.559484,-23.97404,5.087659,User: user51<br>Type: 3min<br>Split: train
user52,3min,train,2981,-137.88318,-23.181454,-4.0956235,-17.234539,User: user52<br>Type: 3min<br>Split: train
user53,3min,train,2982,91.53717,-59.223194,27.721254,18.529959,User: user53<br>Type: 3min<br>Split: train
user56,3min,train,2983,-116.01288,-83.58743,-6.5432606,32.487877,User: user56<br>Type: 3min<br>Split: train
user57,3min,train,2984,-92.59654,180.8146,-3.3842952,1.2641233,User: user57<br>Type: 3min<br>Split: train
user58,3min,train,2985,-194.49309,-81.73398,-10.293099,-18.905336,User: user58<br>Type: 3min<br>Split: train
user60,3min,train,2986,104.54602,92.16839,29.853617,15.611566,User: user60<br>Type: 3min<br>Split: train
user62,3min,train,2987,-161.29836,25.327385,-13.7446785,-2.816276,User: user62<br>Type: 3min<br>Split: train
user63,3min,train,2988,-76.3527,-55.018288,-1.6570106,34.79759,User: user63<br>Type: 3min<br>Split: train
user66,3min,train,2989,-30.797297,-98.508545,13.292573,20.428707,User: user66<br>Type: 3min<br>Split: train
user67,3min,train,2990,-122.12124,97.05209,19.179005,16.318024,User: user67<br>Type: 3min<br>Split: train
user69,3min,train,2991,-101.18627,-143.4123,-1.1710832,-16.927319,User: user69<br>Type: 3min<br>Split: train
user7,3min,train,2992,-7.1419573,-177.19244,-5.607212,9.461376,User: user7<br>Type: 3min<br>Split: train
user72,3min,train,2993,13.62859,22.772324,32.826298,1.2109718,User: user72<br>Type: 3min<br>Split: train
user73,3min,train,2994,-28.42152,-53.697807,15.028602,1.840352,User: user73<br>Type: 3min<br>Split: train
user74,3min,train,2995,-152.19351,138.6777,17.210167,-0.5118656,User: user74<br>Type: 3min<br>Split: train
user76,3min,train,2996,138.65271,-15.393615,23.362421,0.14686957,User: user76<br>Type: 3min<br>Split: train
user78,3min,train,2997,-170.96631,-1.9590068,-18.495972,24.985464,User: user78<br>Type: 3min<br>Split: train
user8,3min,train,2998,-129.58746,24.109426,-12.993936,1.8991796,User: user8<br>Type: 3min<br>Split: train
user83,3min,train,2999,-25.770061,-124.25772,24.11324,18.675709,User: user83<br>Type: 3min<br>Split: train
user89,3min,train,3000,140.6399,-112.28211,36.115444,5.211958,User: user89<br>Type: 3min<br>Split: train
user11,3min,train,3001,-137.4076,-103.33537,30.591722,5.0459847,User: user11<br>Type: 3min<br>Split: train
user14,3min,train,3002,-145.96432,107.237465,-13.726222,-14.9120655,User: user14<br>Type: 3min<br>Split: train
user15,3min,train,3003,-108.41618,-112.25345,0.16667329,23.52977,User: user15<br>Type: 3min<br>Split: train
user17,3min,train,3004,-195.68074,-15.931047,-12.422807,-6.0038166,User: user17<br>Type: 3min<br>Split: train
user19,3min,train,3005,-166.4242,-96.49441,3.1663394,-25.805935,User: user19<br>Type: 3min<br>Split: train
user2,3min,train,3006,60.334183,-131.87576,-20.24294,8.401248,User: user2<br>Type: 3min<br>Split: train
user21,3min,train,3007,-55.038788,-15.146535,20.223217,6.0429254,User: user21<br>Type: 3min<br>Split: train
user22,3min,train,3008,-94.92357,6.672643,-13.14661,14.0671425,User: user22<br>Type: 3min<br>Split: train
user23,3min,train,3009,-98.451775,-20.052794,15.433982,6.359497,User: user23<br>Type: 3min<br>Split: train
user27,3min,train,3010,154.21333,-52.922832,-19.612843,17.861282,User: user27<br>Type: 3min<br>Split: train
user29,3min,train,3011,-164.6717,54.795074,-6.537955,22.491398,User: user29<br>Type: 3min<br>Split: train
user3,3min,train,3012,-38.06489,53.211464,5.698679,-6.3631406,User: user3<br>Type: 3min<br>Split: train
user30,3min,train,3013,-133.4254,-133.25356,2.6622105,-12.051022,User: user30<br>Type: 3min<br>Split: train
user32,3min,train,3014,-52.54509,200.63278,-5.8467245,-7.7952175,User: user32<br>Type: 3min<br>Split: train
user34,3min,train,3015,-42.164413,-38.25206,-9.296705,-1.680554,User: user34<br>Type: 3min<br>Split: train
user35,3min,train,3016,-9.899128,-6.2469883,5.546637,-16.926308,User: user35<br>Type: 3min<br>Split: train
user37,3min,train,3017,22.970564,107.643776,8.968547,7.31923,User: user37<br>Type: 3min<br>Split: train
user39,3min,train,3018,-83.50522,-99.28785,17.794075,7.7845874,User: user39<br>Type: 3min<br>Split: train
user40,3min,train,3019,-71.57965,-4.132366,-8.490053,-16.197351,User: user40<br>Type: 3min<br>Split: train
user41,3min,train,3020,-126.0254,163.50269,9.21933,1.9003444,User: user41<br>Type: 3min<br>Split: train
user43,3min,train,3021,-38.40839,81.84102,-8.525836,-11.877042,User: user43<br>Type: 3min<br>Split: train
user45,3min,train,3022,-27.081148,36.82445,25.987917,9.000843,User: user45<br>Type: 3min<br>Split: train
user46,3min,train,3023,-9.6432085,-35.762337,-2.1446636,21.807802,User: user46<br>Type: 3min<br>Split: train
user47,3min,train,3024,58.35414,-1.0038519,1.1818665,28.867298,User: user47<br>Type: 3min<br>Split: train
user48,3min,train,3025,63.466167,45.12324,14.3221,-18.717485,User: user48<br>Type: 3min<br>Split: train
user49,3min,train,3026,142.51956,109.82349,9.263059,24.965677,User: user49<br>Type: 3min<br>Split: train
user5,3min,train,3027,-144.17363,2.538802,0.9519352,-13.787104,User: user5<br>Type: 3min<br>Split: train
user51,3min,train,3028,-34.59145,-16.559484,-23.961132,5.100649,User: user51<br>Type: 3min<br>Split: train
user52,3min,train,3029,-137.88318,-23.181454,14.369313,-24.731754,User: user52<br>Type: 3min<br>Split: train
user53,3min,train,3030,91.53717,-59.223194,7.2686267,26.727547,User: user53<br>Type: 3min<br>Split: train
user54,3min,train,3031,50.826115,-46.471756,2.6350045,-21.173164,User: user54<br>Type: 3min<br>Split: train
user55,3min,train,3032,-12.099864,53.11249,-2.8253396,-2.4261582,User: user55<br>Type: 3min<br>Split: train
user56,3min,train,3033,-116.01288,-83.58743,-6.6420083,32.586693,User: user56<br>Type: 3min<br>Split: train
user57,3min,train,3034,-92.59654,180.8146,-14.066604,-18.606827,User: user57<br>Type: 3min<br>Split: train
user59,3min,train,3035,-42.905766,122.347595,3.3099487,26.379139,User: user59<br>Type: 3min<br>Split: train
user61,3min,train,3036,13.136969,-132.71332,-0.6029449,6.842511,User: user61<br>Type: 3min<br>Split: train
user64,3min,train,3037,-165.83238,-130.14728,7.0789633,5.1486735,User: user64<br>Type: 3min<br>Split: train
user65,3min,train,3038,41.84453,-92.8349,-5.6672373,-18.457432,User: user65<br>Type: 3min<br>Split: train
user68,3min,train,3039,-69.76248,-80.18108,0.6056667,4.17442,User: user68<br>Type: 3min<br>Split: train
user70,3min,train,3040,-53.917717,-110.53692,4.8788185,23.32455,User: user70<br>Type: 3min<br>Split: train
user71,3min,train,3041,131.66515,-36.84476,-6.551717,27.00661,User: user71<br>Type: 3min<br>Split: train
user72,3min,train,3042,13.62859,22.772324,32.826492,1.2111464,User: user72<br>Type: 3min<br>Split: train
user75,3min,train,3043,98.249374,175.8584,-13.828101,26.53648,User: user75<br>Type: 3min<br>Split: train
user8,3min,train,3044,-129.58746,24.109426,-12.994928,1.9010079,User: user8<br>Type: 3min<br>Split: train
user80,3min,train,3045,84.20569,-148.9275,10.518124,-5.8718114,User: user80<br>Type: 3min<br>Split: train
user83,3min,train,3046,-25.770061,-124.25772,24.121536,18.667313,User: user83<br>Type: 3min<br>Split: train
user84,3min,train,3047,-97.5791,146.49004,20.34719,30.346138,User: user84<br>Type: 3min<br>Split: train
user85,3min,train,3048,136.38219,-81.04708,-10.980246,16.789387,User: user85<br>Type: 3min<br>Split: train
user87,3min,train,3049,12.871375,46.512875,-2.8601105,24.228497,User: user87<br>Type: 3min<br>Split: train
user89,3min,train,3050,140.6399,-112.28211,36.168648,5.246741,User: user89<br>Type: 3min<br>Split: train
user15,3min,train,3051,-108.41618,-112.25345,19.089233,27.05128,User: user15<br>Type: 3min<br>Split: train
user17,3min,train,3052,-195.68074,-15.931047,-12.42278,-6.00386,User: user17<br>Type: 3min<br>Split: train
user2,3min,train,3053,60.334183,-131.87576,-20.233934,8.4102,User: user2<br>Type: 3min<br>Split: train
user21,3min,train,3054,-60.06158,-23.163872,20.230474,6.0350566,User: user21<br>Type: 3min<br>Split: train
user22,3min,train,3055,-94.92357,6.672643,-13.161058,14.052371,User: user22<br>Type: 3min<br>Split: train
user23,3min,train,3056,-98.451775,-20.052794,15.420505,6.373214,User: user23<br>Type: 3min<br>Split: train
user24,3min,train,3057,-52.40137,0.21165341,5.492209,18.382536,User: user24<br>Type: 3min<br>Split: train
user26,3min,train,3058,-73.31034,115.66984,-18.523052,14.732375,User: user26<br>Type: 3min<br>Split: train
user27,3min,train,3059,154.21333,-52.922832,-19.616562,17.856863,User: user27<br>Type: 3min<br>Split: train
user28,3min,train,3060,-16.752575,142.8599,26.718258,-13.2084255,User: user28<br>Type: 3min<br>Split: train
user29,3min,train,3061,-164.6717,54.795074,-6.5379505,22.49124,User: user29<br>Type: 3min<br>Split: train
user35,3min,train,3062,167.05638,-2.6472218,28.623484,-10.359623,User: user35<br>Type: 3min<br>Split: train
user39,3min,train,3063,-83.50522,-99.28785,-5.2085085,-14.26639,User: user39<br>Type: 3min<br>Split: train
user4,3min,train,3064,-89.33292,51.406857,-3.4491525,17.703777,User: user4<br>Type: 3min<br>Split: train
user43,3min,train,3065,-38.40839,81.84102,-8.501974,-11.852964,User: user43<br>Type: 3min<br>Split: train
user46,3min,train,3066,-9.6432085,-35.762337,-2.1166143,21.77927,User: user46<br>Type: 3min<br>Split: train
user48,3min,train,3067,63.466167,45.12324,14.266852,-18.662563,User: user48<br>Type: 3min<br>Split: train
user5,3min,train,3068,-144.17363,2.538802,0.95203364,-13.786795,User: user5<br>Type: 3min<br>Split: train
user50,3min,train,3069,-165.25569,-29.547632,-3.8521564,11.543458,User: user50<br>Type: 3min<br>Split: train
user51,3min,train,3070,-34.00116,-6.956563,-23.940674,5.1209135,User: user51<br>Type: 3min<br>Split: train
user52,3min,train,3071,-133.299,-13.996157,14.382906,-24.750927,User: user52<br>Type: 3min<br>Split: train
user53,3min,train,3072,91.53717,-59.223194,27.721329,18.529888,User: user53<br>Type: 3min<br>Split: train
user55,3min,train,3073,-12.099864,53.11249,-2.7161067,-2.3164942,User: user55<br>Type: 3min<br>Split: train
user56,3min,train,3074,-116.01288,-83.58743,-6.579378,32.52382,User: user56<br>Type: 3min<br>Split: train
user58,3min,train,3075,-194.49309,-81.73398,-10.245743,-18.9521,User: user58<br>Type: 3min<br>Split: train
user59,3min,train,3076,-42.905766,122.347595,27.5143,4.7438436,User: user59<br>Type: 3min<br>Split: train
user6,3min,train,3077,-143.42564,-76.430695,-25.46996,8.594133,User: user6<br>Type: 3min<br>Split: train
user62,3min,train,3078,-105.7373,29.50931,15.876321,34.696754,User: user62<br>Type: 3min<br>Split: train
user66,3min,train,3079,-30.797297,-98.508545,13.307193,20.41417,User: user66<br>Type: 3min<br>Split: train
user7,3min,train,3080,-7.1419573,-177.19244,-5.607608,9.460864,User: user7<br>Type: 3min<br>Split: train
user70,3min,train,3081,-53.917717,-110.53692,4.878783,23.324425,User: user70<br>Type: 3min<br>Split: train
user71,3min,train,3082,131.66515,-36.84476,-6.533285,26.987764,User: user71<br>Type: 3min<br>Split: train
user72,3min,train,3083,13.62859,22.772324,32.823986,1.208975,User: user72<br>Type: 3min<br>Split: train
user75,3min,train,3084,98.249374,175.8584,-13.828885,26.535881,User: user75<br>Type: 3min<br>Split: train
user77,3min,train,3085,-142.63501,-48.656788,4.1354394,2.7201047,User: user77<br>Type: 3min<br>Split: train
user79,3min,train,3086,-30.512867,11.3816,8.377003,33.26938,User: user79<br>Type: 3min<br>Split: train
user8,3min,train,3087,-129.58746,24.109426,15.683958,19.513094,User: user8<br>Type: 3min<br>Split: train
user80,3min,train,3088,84.20569,-148.9275,20.80817,21.366283,User: user80<br>Type: 3min<br>Split: train
user81,3min,train,3089,-113.86219,54.042454,14.998242,15.264113,User: user81<br>Type: 3min<br>Split: train
user83,3min,train,3090,-25.770061,-124.25772,24.093441,18.695515,User: user83<br>Type: 3min<br>Split: train
user84,3min,train,3091,-97.5791,146.49004,20.331526,30.361929,User: user84<br>Type: 3min<br>Split: train
user85,3min,train,3092,136.38219,-81.04708,-10.994513,16.744917,User: user85<br>Type: 3min<br>Split: train
user86,3min,train,3093,-46.58125,-171.89458,26.83803,-18.534828,User: user86<br>Type: 3min<br>Split: train
user87,3min,train,3094,12.871375,46.512875,-2.8357756,24.204382,User: user87<br>Type: 3min<br>Split: train
user10,3min,train,3095,-1.3907136,97.334656,-6.0801225,-4.121612,User: user10<br>Type: 3min<br>Split: train
user12,3min,train,3096,-72.13619,-156.55666,-3.9404578,14.003035,User: user12<br>Type: 3min<br>Split: train
user13,3min,train,3097,-138.71892,46.876972,18.864584,13.880695,User: user13<br>Type: 3min<br>Split: train
user15,3min,train,3098,-108.41618,-112.25345,19.108295,27.072271,User: user15<br>Type: 3min<br>Split: train
user16,3min,train,3099,-14.740286,205.85985,11.470177,7.5853715,User: user16<br>Type: 3min<br>Split: train
user17,3min,train,3100,-195.68074,-15.931047,18.249752,-9.510491,User: user17<br>Type: 3min<br>Split: train
user18,3min,train,3101,-63.888412,73.953804,6.9260106,1.278993,User: user18<br>Type: 3min<br>Split: train
user20,3min,train,3102,-105.06311,77.88808,5.0984993,6.014053,User: user20<br>Type: 3min<br>Split: train
user23,3min,train,3103,-91.27516,-27.560137,15.452423,6.3392735,User: user23<br>Type: 3min<br>Split: train
user24,3min,train,3104,-52.40137,0.21165341,5.476741,18.367441,User: user24<br>Type: 3min<br>Split: train
user25,3min,train,3105,-132.98659,73.275345,19.350773,-5.62016,User: user25<br>Type: 3min<br>Split: train
user26,3min,train,3106,-73.31034,115.66984,-18.502117,14.710793,User: user26<br>Type: 3min<br>Split: train
user29,3min,train,3107,-164.6717,54.795074,0.4585212,31.13464,User: user29<br>Type: 3min<br>Split: train
user31,3min,train,3108,12.347404,-1.844164,-20.373722,-1.8703682,User: user31<br>Type: 3min<br>Split: train
user32,3min,train,3109,-52.54509,200.63278,-5.6693,-7.6166945,User: user32<br>Type: 3min<br>Split: train
user33,3min,train,3110,-121.60412,127.08609,25.525055,29.832966,User: user33<br>Type: 3min<br>Split: train
user34,3min,train,3111,-42.164413,-38.25206,-9.296657,-1.6818625,User: user34<br>Type: 3min<br>Split: train
user35,3min,train,3112,-11.778402,-11.859678,5.5755024,-16.949219,User: user35<br>Type: 3min<br>Split: train
user36,3min,train,3113,-196.6053,-46.669827,1.9432447,-7.879994,User: user36<br>Type: 3min<br>Split: train
user37,3min,train,3114,22.970564,107.643776,8.3457155,7.843754,User: user37<br>Type: 3min<br>Split: train
user38,3min,train,3115,-62.84318,171.02867,16.07889,-22.251945,User: user38<br>Type: 3min<br>Split: train
user43,3min,train,3116,-38.40839,81.84102,-8.511073,-11.862217,User: user43<br>Type: 3min<br>Split: train
user46,3min,train,3117,-11.69883,-30.652655,-2.1355214,21.799332,User: user46<br>Type: 3min<br>Split: train
user48,3min,train,3118,63.466167,45.12324,14.276095,-18.671246,User: user48<br>Type: 3min<br>Split: train
user50,3min,train,3119,-165.25569,-29.547632,11.510128,-0.3226537,User: user50<br>Type: 3min<br>Split: train
user52,3min,train,3120,-137.88318,-23.181454,14.362403,-24.73654,User: user52<br>Type: 3min<br>Split: train
user55,3min,train,3121,-12.099864,53.11249,-2.8462906,-2.4467716,User: user55<br>Type: 3min<br>Split: train
user57,3min,train,3122,-92.59654,180.8146,-3.3840582,1.2637209,User: user57<br>Type: 3min<br>Split: train
user58,3min,train,3123,-194.49309,-81.73398,-10.292871,-18.905626,User: user58<br>Type: 3min<br>Split: train
user59,3min,train,3124,-42.905766,122.347595,3.3172777,26.384361,User: user59<br>Type: 3min<br>Split: train
user61,3min,train,3125,13.136969,-132.71332,-1.2822028,18.317024,User: user61<br>Type: 3min<br>Split: train
user62,3min,train,3126,-161.29836,25.327385,-13.767779,-2.823244,User: user62<br>Type: 3min<br>Split: train
user62,3min,train,3127,-105.7373,29.50931,15.817622,34.64115,User: user62<br>Type: 3min<br>Split: train
user63,3min,train,3128,-76.3527,-55.018288,11.360641,-7.2261114,User: user63<br>Type: 3min<br>Split: train
user64,3min,train,3129,-165.83238,-130.14728,6.9984035,5.0685077,User: user64<br>Type: 3min<br>Split: train
user65,3min,train,3130,31.86232,-94.33745,3.032013,5.317473,User: user65<br>Type: 3min<br>Split: train
user67,3min,train,3131,-122.12124,97.05209,19.175982,16.315134,User: user67<br>Type: 3min<br>Split: train
user7,3min,train,3132,-7.1419573,-177.19244,9.890826,-13.24836,User: user7<br>Type: 3min<br>Split: train
user70,3min,train,3133,-53.917717,-110.53692,15.03884,23.534292,User: user70<br>Type: 3min<br>Split: train
user71,3min,train,3134,131.66515,-36.84476,-6.5715103,27.027666,User: user71<br>Type: 3min<br>Split: train
user73,3min,train,3135,-24.10208,-63.022884,14.782795,2.0856323,User: user73<br>Type: 3min<br>Split: train
user79,3min,train,3136,-30.512867,11.3816,8.3927765,33.284943,User: user79<br>Type: 3min<br>Split: train
user81,3min,train,3137,-113.86219,54.042454,10.702856,4.231374,User: user81<br>Type: 3min<br>Split: train
user83,3min,train,3138,-25.770061,-124.25772,24.085733,18.703117,User: user83<br>Type: 3min<br>Split: train
user85,3min,train,3139,136.38219,-81.04708,-11.004247,16.749727,User: user85<br>Type: 3min<br>Split: train
user87,3min,train,3140,12.871375,46.512875,-2.859915,24.228506,User: user87<br>Type: 3min<br>Split: train
user88,3min,train,3141,15.223314,-78.70015,22.940128,5.093516,User: user88<br>Type: 3min<br>Split: train
user1,3min,train,3142,18.920324,76.693565,35.072166,22.498386,User: user1<br>Type: 3min<br>Split: train
user11,3min,train,3143,-137.4076,-103.33537,30.602278,5.055382,User: user11<br>Type: 3min<br>Split: train
user14,3min,train,3144,-145.96432,107.237465,-13.726232,-14.912062,User: user14<br>Type: 3min<br>Split: train
user16,3min,train,3145,-14.740286,205.85985,11.458373,7.5973377,User: user16<br>Type: 3min<br>Split: train
user17,3min,train,3146,-195.68074,-15.931047,-12.422739,-6.0043244,User: user17<br>Type: 3min<br>Split: train
user18,3min,train,3147,-63.888412,73.953804,6.9293194,1.2777501,User: user18<br>Type: 3min<br>Split: train
user19,3min,train,3148,-166.4242,-96.49441,14.730573,-14.416788,User: user19<br>Type: 3min<br>Split: train
user20,3min,train,3149,-105.06311,77.88808,-13.448705,7.3023834,User: user20<br>Type: 3min<br>Split: train
user22,3min,train,3150,-94.92357,6.672643,-13.161322,14.052468,User: user22<br>Type: 3min<br>Split: train
user24,3min,train,3151,-52.40137,0.21165341,5.491973,18.382736,User: user24<br>Type: 3min<br>Split: train
user27,3min,train,3152,154.21333,-52.922832,-19.615572,17.857826,User: user27<br>Type: 3min<br>Split: train
user28,3min,train,3153,-16.752575,142.8599,26.76788,-13.15876,User: user28<br>Type: 3min<br>Split: train
user29,3min,train,3154,-164.6717,54.795074,0.45849118,31.134531,User: user29<br>Type: 3min<br>Split: train
user3,3min,train,3155,-36.397167,58.08161,5.698385,-6.3633447,User: user3<br>Type: 3min<br>Split: train
user30,3min,train,3156,-133.4254,-133.25356,0.7009845,-10.846911,User: user30<br>Type: 3min<br>Split: train
user31,3min,train,3157,12.347404,-1.844164,-20.360199,-1.8571463,User: user31<br>Type: 3min<br>Split: train
user33,3min,train,3158,-121.60412,127.08609,25.538113,29.828636,User: user33<br>Type: 3min<br>Split: train
user34,3min,train,3159,-42.164413,-38.25206,-9.296786,-1.6806664,User: user34<br>Type: 3min<br>Split: train
user35,3min,train,3160,167.05638,-2.6472218,28.63712,-10.344302,User: user35<br>Type: 3min<br>Split: train
user36,3min,train,3161,-196.6053,-46.669827,1.9365155,-7.887254,User: user36<br>Type: 3min<br>Split: train
user39,3min,train,3162,-83.50522,-99.28785,17.79116,7.787235,User: user39<br>Type: 3min<br>Split: train
user40,3min,train,3163,-71.57965,-4.132366,-8.489857,-16.19736,User: user40<br>Type: 3min<br>Split: train
user41,3min,train,3164,-126.0254,163.50269,9.231003,1.9120538,User: user41<br>Type: 3min<br>Split: train
user46,3min,train,3165,-9.6432085,-35.762337,-2.1429203,21.806093,User: user46<br>Type: 3min<br>Split: train
user48,3min,train,3166,54.93492,40.243313,14.271151,-18.666868,User: user48<br>Type: 3min<br>Split: train
user49,3min,train,3167,142.51956,109.82349,9.2826395,24.95082,User: user49<br>Type: 3min<br>Split: train
user5,3min,train,3168,-144.17363,2.538802,0.9518277,-13.786729,User: user5<br>Type: 3min<br>Split: train
user51,3min,train,3169,-34.59145,-16.559484,-23.960947,5.100852,User: user51<br>Type: 3min<br>Split: train
user53,3min,train,3170,91.53717,-59.223194,7.263882,26.730476,User: user53<br>Type: 3min<br>Split: train
user55,3min,train,3171,-12.099864,53.11249,-2.6996615,-2.2998164,User: user55<br>Type: 3min<br>Split: train
user56,3min,train,3172,-116.01288,-83.58743,-6.656493,32.60111,User: user56<br>Type: 3min<br>Split: train
user58,3min,train,3173,-194.49309,-81.73398,-10.351892,-18.846994,User: user58<br>Type: 3min<br>Split: train
user6,3min,train,3174,-143.42564,-76.430695,-25.4701,8.59399,User: user6<br>Type: 3min<br>Split: train
user61,3min,train,3175,13.136969,-132.71332,-0.60360587,6.8450055,User: user61<br>Type: 3min<br>Split: train
user66,3min,train,3176,-30.797297,-98.508545,13.296001,20.425102,User: user66<br>Type: 3min<br>Split: train
user68,3min,train,3177,-61.284966,-85.49953,0.6047918,4.173583,User: user68<br>Type: 3min<br>Split: train
user7,3min,train,3178,-7.1419573,-177.19244,-5.612753,9.454157,User: user7<br>Type: 3min<br>Split: train
user70,3min,train,3179,-53.917717,-110.53692,15.038837,23.534256,User: user70<br>Type: 3min<br>Split: train
user71,3min,train,3180,131.66515,-36.84476,-6.5637336,27.018324,User: user71<br>Type: 3min<br>Split: train
user73,3min,train,3181,-28.42152,-53.697807,15.023839,1.8450744,User: user73<br>Type: 3min<br>Split: train
user76,3min,train,3182,155.25519,-24.52458,23.363209,0.14789706,User: user76<br>Type: 3min<br>Split: train
user77,3min,train,3183,-142.63501,-48.656788,4.1358175,2.720434,User: user77<br>Type: 3min<br>Split: train
user78,3min,train,3184,-170.96631,-1.9590068,-18.519066,24.96519,User: user78<br>Type: 3min<br>Split: train
user79,3min,train,3185,-30.512867,11.3816,8.379335,33.271656,User: user79<br>Type: 3min<br>Split: train
user8,3min,train,3186,-129.58746,24.109426,-12.99473,1.9015942,User: user8<br>Type: 3min<br>Split: train
user80,3min,train,3187,84.20569,-148.9275,10.515812,-5.873516,User: user80<br>Type: 3min<br>Split: train
user81,3min,train,3188,-113.86219,54.042454,14.999101,15.266492,User: user81<br>Type: 3min<br>Split: train
user82,3min,train,3189,29.121454,-13.748628,15.150958,29.818823,User: user82<br>Type: 3min<br>Split: train
user84,3min,train,3190,-97.5791,146.49004,20.349377,30.343208,User: user84<br>Type: 3min<br>Split: train
user85,3min,train,3191,136.38219,-81.04708,-10.993588,16.76155,User: user85<br>Type: 3min<br>Split: train
user86,3min,train,3192,-46.58125,-171.89458,26.83883,-18.534054,User: user86<br>Type: 3min<br>Split: train
user87,3min,train,3193,12.871375,46.512875,-2.8671536,24.2357,User: user87<br>Type: 3min<br>Split: train
user88,3min,train,3194,10.523731,-81.482994,-17.12495,2.666184,User: user88<br>Type: 3min<br>Split: train
user9,3min,train,3195,75.78509,66.43162,-0.33172166,-26.636436,User: user9<br>Type: 3min<br>Split: train
user1,3min,train,3196,13.863741,76.31855,35.07214,22.498367,User: user1<br>Type: 3min<br>Split: train
user12,3min,train,3197,-72.13619,-156.55666,-10.868071,-8.457772,User: user12<br>Type: 3min<br>Split: train
user14,3min,train,3198,-145.96432,107.237465,-13.712216,-14.89812,User: user14<br>Type: 3min<br>Split: train
user15,3min,train,3199,-108.41618,-112.25345,0.16746129,23.529545,User: user15<br>Type: 3min<br>Split: train
user16,3min,train,3200,-14.740286,205.85985,11.588036,7.467051,User: user16<br>Type: 3min<br>Split: train
user19,3min,train,3201,-166.4242,-96.49441,3.1620126,-25.809912,User: user19<br>Type: 3min<br>Split: train
user20,3min,train,3202,-105.06311,77.88808,5.0985665,6.0140204,User: user20<br>Type: 3min<br>Split: train
user22,3min,train,3203,-94.92357,6.672643,-13.161378,14.052377,User: user22<br>Type: 3min<br>Split: train
user34,3min,train,3204,-42.164413,-38.25206,-9.296488,-1.6806687,User: user34<br>Type: 3min<br>Split: train
user35,3min,train,3205,-9.899128,-6.2469883,5.579,-16.951178,User: user35<br>Type: 3min<br>Split: train
user36,3min,train,3206,-196.6053,-46.669827,1.9371535,-7.886626,User: user36<br>Type: 3min<br>Split: train
user42,3min,train,3207,11.140395,147.74826,23.119444,25.925283,User: user42<br>Type: 3min<br>Split: train
user44,3min,train,3208,-126.801575,-63.609825,-17.90678,31.56464,User: user44<br>Type: 3min<br>Split: train
user46,3min,train,3209,-9.6432085,-35.762337,-2.1338577,21.796587,User: user46<br>Type: 3min<br>Split: train
user47,3min,train,3210,53.44146,-4.4149036,1.1811073,28.86819,User: user47<br>Type: 3min<br>Split: train
user48,3min,train,3211,63.466167,45.12324,14.253263,-18.648758,User: user48<br>Type: 3min<br>Split: train
user57,3min,train,3212,-92.59654,180.8146,-14.072777,-18.612698,User: user57<br>Type: 3min<br>Split: train
user58,3min,train,3213,-194.49309,-81.73398,-10.293782,-18.90474,User: user58<br>Type: 3min<br>Split: train
user6,3min,train,3214,-143.42564,-76.430695,-25.470058,8.593843,User: user6<br>Type: 3min<br>Split: train
user61,3min,train,3215,13.136969,-132.71332,-1.301793,18.336388,User: user61<br>Type: 3min<br>Split: train
user62,3min,train,3216,-105.7373,29.50931,15.844838,34.664684,User: user62<br>Type: 3min<br>Split: train
user65,3min,train,3217,31.86232,-94.33745,-5.667245,-18.45725,User: user65<br>Type: 3min<br>Split: train
user67,3min,train,3218,-122.12124,97.05209,19.199978,16.339943,User: user67<br>Type: 3min<br>Split: train
user69,3min,train,3219,-101.18627,-143.4123,-2.2291555,-14.21023,User: user69<br>Type: 3min<br>Split: train
user73,3min,train,3220,-28.42152,-53.697807,14.782476,2.0859444,User: user73<br>Type: 3min<br>Split: train
user75,3min,train,3221,98.249374,175.8584,-13.850291,26.558,User: user75<br>Type: 3min<br>Split: train
user79,3min,train,3222,-30.512867,11.3816,8.345576,33.237827,User: user79<br>Type: 3min<br>Split: train
user81,3min,train,3223,-113.86219,54.042454,14.998539,15.264047,User: user81<br>Type: 3min<br>Split: train
user82,3min,train,3224,29.121454,-13.748628,15.151364,29.818586,User: user82<br>Type: 3min<br>Split: train
user84,3min,train,3225,-97.5791,146.49004,20.330912,30.36229,User: user84<br>Type: 3min<br>Split: train
user85,3min,train,3226,136.38219,-81.04708,-11.00185,16.749384,User: user85<br>Type: 3min<br>Split: train
user87,3min,train,3227,12.871375,46.512875,-2.8584921,24.22708,User: user87<br>Type: 3min<br>Split: train
user88,3min,train,3228,15.223314,-78.70015,-17.12477,2.6659954,User: user88<br>Type: 3min<br>Split: train
user89,3min,train,3229,140.6399,-112.28211,36.157482,5.235207,User: user89<br>Type: 3min<br>Split: train
user9,3min,train,3230,85.470345,69.392166,-0.32822457,-26.639006,User: user9<br>Type: 3min<br>Split: train
user1,3min,train,3231,15.5723505,67.43697,35.082413,22.508642,User: user1<br>Type: 3min<br>Split: train
user11,3min,train,3232,-137.4076,-103.33537,30.588957,5.0431166,User: user11<br>Type: 3min<br>Split: train
user17,3min,train,3233,-195.68074,-15.931047,-12.422828,-6.0036488,User: user17<br>Type: 3min<br>Split: train
user19,3min,train,3234,-166.4242,-96.49441,14.730865,-14.416162,User: user19<br>Type: 3min<br>Split: train
user2,3min,train,3235,60.334183,-131.87576,-20.240614,8.403451,User: user2<br>Type: 3min<br>Split: train
user21,3min,train,3236,-60.06158,-23.163872,20.214556,6.0515704,User: user21<br>Type: 3min<br>Split: train
user22,3min,train,3237,-94.92357,6.672643,-13.167434,14.046508,User: user22<br>Type: 3min<br>Split: train
user23,3min,train,3238,-98.451775,-20.052794,15.455477,6.332525,User: user23<br>Type: 3min<br>Split: train
user24,3min,train,3239,-52.40137,0.21165341,20.27058,12.146193,User: user24<br>Type: 3min<br>Split: train
user25,3min,train,3240,-132.98659,73.275345,19.351282,-5.6195307,User: user25<br>Type: 3min<br>Split: train
user30,3min,train,3241,-133.4254,-133.25356,2.6545303,-12.042525,User: user30<br>Type: 3min<br>Split: train
user32,3min,train,3242,-52.54509,200.63278,-5.848727,-7.7975545,User: user32<br>Type: 3min<br>Split: train
user35,3min,train,3243,167.05638,-2.6472218,28.626255,-10.355098,User: user35<br>Type: 3min<br>Split: train
user36,3min,train,3244,-196.6053,-46.669827,1.9575907,-7.8662753,User: user36<br>Type: 3min<br>Split: train
user37,3min,train,3245,22.970564,107.643776,8.341746,7.840006,User: user37<br>Type: 3min<br>Split: train
user40,3min,train,3246,-70.77144,-8.9134865,-8.4874935,-16.197248,User: user40<br>Type: 3min<br>Split: train
user42,3min,train,3247,11.140395,147.74826,23.127369,25.932999,User: user42<br>Type: 3min<br>Split: train
user43,3min,train,3248,-38.40839,81.84102,21.058662,0.50406086,User: user43<br>Type: 3min<br>Split: train
user44,3min,train,3249,-126.801575,-63.609825,-17.891436,31.549852,User: user44<br>Type: 3min<br>Split: train
user47,3min,train,3250,53.44146,-4.4149036,1.1500582,28.899118,User: user47<br>Type: 3min<br>Split: train
user5,3min,train,3251,-144.17363,2.538802,-16.974134,-0.8439516,User: user5<br>Type: 3min<br>Split: train
user52,3min,train,3252,-137.88318,-23.181454,-4.096398,-17.235535,User: user52<br>Type: 3min<br>Split: train
user55,3min,train,3253,-12.099864,53.11249,-2.7116003,-2.3119726,User: user55<br>Type: 3min<br>Split: train
user59,3min,train,3254,-42.905766,122.347595,3.311029,26.380358,User: user59<br>Type: 3min<br>Split: train
user61,3min,train,3255,13.136969,-132.71332,-1.2405628,18.275057,User: user61<br>Type: 3min<br>Split: train
user62,3min,train,3256,-105.7373,29.50931,15.82961,34.651043,User: user62<br>Type: 3min<br>Split: train
user66,3min,train,3257,-30.797297,-98.508545,13.306635,20.411945,User: user66<br>Type: 3min<br>Split: train
user74,3min,train,3258,-152.19351,138.6777,17.199553,-0.5226427,User: user74<br>Type: 3min<br>Split: train
user75,3min,train,3259,98.249374,175.8584,-13.801805,26.509394,User: user75<br>Type: 3min<br>Split: train
user77,3min,train,3260,-142.63501,-48.656788,4.1498537,2.7308965,User: user77<br>Type: 3min<br>Split: train
user79,3min,train,3261,-30.512867,11.3816,8.366701,33.259026,User: user79<br>Type: 3min<br>Split: train
user80,3min,train,3262,84.20569,-148.9275,20.808134,21.366179,User: user80<br>Type: 3min<br>Split: train
user83,3min,train,3263,-25.770061,-124.25772,24.135351,18.653044,User: user83<br>Type: 3min<br>Split: train
user87,3min,train,3264,12.871375,46.512875,-2.8584635,24.226921,User: user87<br>Type: 3min<br>Split: train
user11,3min,train,3265,-137.4076,-103.33537,30.585503,5.039769,User: user11<br>Type: 3min<br>Split: train
user13,3min,train,3266,-138.71892,46.876972,18.886515,13.902892,User: user13<br>Type: 3min<br>Split: train
user14,3min,train,3267,-145.96432,107.237465,-13.72526,-14.911782,User: user14<br>Type: 3min<br>Split: train
user15,3min,train,3268,-108.41618,-112.25345,19.089237,27.051504,User: user15<br>Type: 3min<br>Split: train
user16,3min,train,3269,-14.740286,205.85985,11.5744,7.480598,User: user16<br>Type: 3min<br>Split: train
user2,3min,train,3270,60.334183,-131.87576,-20.219498,8.424641,User: user2<br>Type: 3min<br>Split: train
user23,3min,train,3271,-98.451775,-20.052794,15.4257345,6.366274,User: user23<br>Type: 3min<br>Split: train
user24,3min,train,3272,-52.51017,5.934216,20.270483,12.146127,User: user24<br>Type: 3min<br>Split: train
user26,3min,train,3273,-73.31034,115.66984,-18.51839,14.729131,User: user26<br>Type: 3min<br>Split: train
user27,3min,train,3274,154.21333,-52.922832,-19.611643,17.861734,User: user27<br>Type: 3min<br>Split: train
user30,3min,train,3275,-133.4254,-133.25356,2.6584768,-12.040009,User: user30<br>Type: 3min<br>Split: train
user32,3min,train,3276,-52.54509,200.63278,-5.6810946,-7.6284294,User: user32<br>Type: 3min<br>Split: train
user35,3min,train,3277,167.05638,-2.6472218,28.639883,-10.341577,User: user35<br>Type: 3min<br>Split: train
user36,3min,train,3278,-196.6053,-46.669827,1.9567682,-7.8667846,User: user36<br>Type: 3min<br>Split: train
user37,3min,train,3279,22.970564,107.643776,8.968749,7.3177266,User: user37<br>Type: 3min<br>Split: train
user39,3min,train,3280,-83.50522,-99.28785,-5.203003,-14.270688,User: user39<br>Type: 3min<br>Split: train
user46,3min,train,3281,-9.6432085,-35.762337,-2.1372528,21.800516,User: user46<br>Type: 3min<br>Split: train
user47,3min,train,3282,53.44146,-4.4149036,1.1822658,28.866985,User: user47<br>Type: 3min<br>Split: train
user48,3min,train,3283,63.466167,45.12324,14.290024,-18.685349,User: user48<br>Type: 3min<br>Split: train
user49,3min,train,3284,142.51956,109.82349,9.282623,24.950827,User: user49<br>Type: 3min<br>Split: train
user55,3min,train,3285,-12.099864,53.11249,-2.7922463,-2.3925023,User: user55<br>Type: 3min<br>Split: train
user56,3min,train,3286,-116.01288,-83.58743,-6.635594,32.580246,User: user56<br>Type: 3min<br>Split: train
user57,3min,train,3287,-92.59654,180.8146,-3.4042792,1.2870347,User: user57<br>Type: 3min<br>Split: train
user64,3min,train,3288,-165.83238,-130.14728,6.998459,5.06845,User: user64<br>Type: 3min<br>Split: train
user66,3min,train,3289,-30.797297,-98.508545,13.3199415,20.40058,User: user66<br>Type: 3min<br>Split: train
user68,3min,train,3290,-61.284966,-85.49953,0.3689097,3.936483,User: user68<br>Type: 3min<br>Split: train
user7,3min,train,3291,-7.1419573,-177.19244,-5.607347,9.460881,User: user7<br>Type: 3min<br>Split: train
user73,3min,train,3292,-28.42152,-53.697807,14.9288025,1.9393578,User: user73<br>Type: 3min<br>Split: train
user76,3min,train,3293,155.25519,-24.52458,23.260763,0.043759186,User: user76<br>Type: 3min<br>Split: train
user77,3min,train,3294,-142.63501,-48.656788,4.294155,2.8778312,User: user77<br>Type: 3min<br>Split: train
user78,3min,train,3295,-170.96631,-1.9590068,-18.4954,24.986145,User: user78<br>Type: 3min<br>Split: train
user79,3min,train,3296,-30.512867,11.3816,8.375573,33.268013,User: user79<br>Type: 3min<br>Split: train
user80,3min,train,3297,84.20569,-148.9275,20.808186,21.36629,User: user80<br>Type: 3min<br>Split: train
user81,3min,train,3298,-113.86219,54.042454,14.997909,15.263218,User: user81<br>Type: 3min<br>Split: train
user85,3min,train,3299,136.38219,-81.04708,-11.031733,16.72392,User: user85<br>Type: 3min<br>Split: train
user86,3min,train,3300,-46.58125,-171.89458,26.843897,-18.521557,User: user86<br>Type: 3min<br>Split: train
user9,3min,train,3301,75.78509,66.43162,-0.33148634,-26.637035,User: user9<br>Type: 3min<br>Split: train
user10,3min,train,3302,-1.3907136,97.334656,-6.137659,-4.1766634,User: user10<br>Type: 3min<br>Split: train
user11,3min,train,3303,-137.4076,-103.33537,30.585674,5.0398145,User: user11<br>Type: 3min<br>Split: train
user14,3min,train,3304,-145.96432,107.237465,-13.725717,-14.911539,User: user14<br>Type: 3min<br>Split: train
user17,3min,train,3305,-195.68074,-15.931047,-12.423328,-6.0029325,User: user17<br>Type: 3min<br>Split: train
user18,3min,train,3306,-63.888412,73.953804,6.9304056,1.263084,User: user18<br>Type: 3min<br>Split: train
user19,3min,train,3307,-166.4242,-96.49441,3.1619987,-25.809914,User: user19<br>Type: 3min<br>Split: train
user21,3min,train,3308,-60.06158,-23.163872,20.191792,6.0743055,User: user21<br>Type: 3min<br>Split: train
user24,3min,train,3309,-52.51017,5.934216,5.4928174,18.383385,User: user24<br>Type: 3min<br>Split: train
user25,3min,train,3310,-132.98659,73.275345,8.290867,-6.318524,User: user25<br>Type: 3min<br>Split: train
user27,3min,train,3311,154.21333,-52.922832,-19.615889,17.857811,User: user27<br>Type: 3min<br>Split: train
user28,3min,train,3312,-16.752575,142.8599,26.766289,-13.162396,User: user28<br>Type: 3min<br>Split: train
user30,3min,train,3313,-133.4254,-133.25356,2.6546988,-12.042555,User: user30<br>Type: 3min<br>Split: train
user31,3min,train,3314,12.347404,-1.844164,-20.360798,-1.8572989,User: user31<br>Type: 3min<br>Split: train
user33,3min,train,3315,-121.60412,127.08609,25.527512,29.831617,User: user33<br>Type: 3min<br>Split: train
user34,3min,train,3316,-42.164413,-38.25206,8.06628,-15.745563,User: user34<br>Type: 3min<br>Split: train
user36,3min,train,3317,-196.6053,-46.669827,1.9217296,-7.9017453,User: user36<br>Type: 3min<br>Split: train
user4,3min,train,3318,-89.33292,51.406857,-3.4367065,17.716042,User: user4<br>Type: 3min<br>Split: train
user42,3min,train,3319,11.140395,147.74826,23.121813,25.927544,User: user42<br>Type: 3min<br>Split: train
user43,3min,train,3320,-38.40839,81.84102,-8.526013,-11.876984,User: user43<br>Type: 3min<br>Split: train
user45,3min,train,3321,-23.608673,32.238403,25.998255,8.991835,User: user45<br>Type: 3min<br>Split: train
user46,3min,train,3322,-9.6432085,-35.762337,-2.133512,21.79968,User: user46<br>Type: 3min<br>Split: train
user47,3min,train,3323,53.44146,-4.4149036,1.1803937,28.868887,User: user47<br>Type: 3min<br>Split: train
user5,3min,train,3324,-144.17363,2.538802,-16.974375,-0.8438485,User: user5<br>Type: 3min<br>Split: train
user52,3min,train,3325,-137.88318,-23.181454,14.368991,-24.73237,User: user52<br>Type: 3min<br>Split: train
user57,3min,train,3326,-92.59654,180.8146,-3.3846946,1.2646123,User: user57<br>Type: 3min<br>Split: train
user59,3min,train,3327,-52.860874,116.49881,3.314967,26.385113,User: user59<br>Type: 3min<br>Split: train
user62,3min,train,3328,-161.29836,25.327385,-13.757241,-2.8288076,User: user62<br>Type: 3min<br>Split: train
user64,3min,train,3329,-165.83238,-130.14728,7.0606565,5.131255,User: user64<br>Type: 3min<br>Split: train
user69,3min,train,3330,-101.18627,-143.4123,-2.2331114,-14.214393,User: user69<br>Type: 3min<br>Split: train
user70,3min,train,3331,-53.917717,-110.53692,15.038806,23.53429,User: user70<br>Type: 3min<br>Split: train
user71,3min,train,3332,131.66515,-36.84476,-6.5447054,26.99963,User: user71<br>Type: 3min<br>Split: train
user73,3min,train,3333,-22.528036,-53.160408,15.012615,1.8562721,User: user73<br>Type: 3min<br>Split: train
user74,3min,train,3334,-152.19351,138.6777,17.215044,-0.50775194,User: user74<br>Type: 3min<br>Split: train
user76,3min,train,3335,138.65271,-15.393615,23.26476,0.0465498,User: user76<br>Type: 3min<br>Split: train
user79,3min,train,3336,-30.512867,11.3816,8.371228,33.263462,User: user79<br>Type: 3min<br>Split: train
user84,3min,train,3337,-97.5791,146.49004,20.334404,30.358791,User: user84<br>Type: 3min<br>Split: train
user85,3min,train,3338,136.38219,-81.04708,-11.004707,16.749569,User: user85<br>Type: 3min<br>Split: train
user86,3min,train,3339,-46.58125,-171.89458,26.836716,-18.535856,User: user86<br>Type: 3min<br>Split: train
user87,3min,train,3340,12.871375,46.512875,-2.8591177,24.227678,User: user87<br>Type: 3min<br>Split: train
user1,3min,train,3341,13.863741,76.31855,35.0724,22.498621,User: user1<br>Type: 3min<br>Split: train
user12,3min,train,3342,-72.13619,-156.55666,-10.8693495,-8.456736,User: user12<br>Type: 3min<br>Split: train
user13,3min,train,3343,-138.71892,46.876972,18.86531,13.881653,User: user13<br>Type: 3min<br>Split: train
user17,3min,train,3344,-195.68074,-15.931047,-12.423107,-6.0037093,User: user17<br>Type: 3min<br>Split: train
user19,3min,train,3345,-166.4242,-96.49441,14.730635,-14.416696,User: user19<br>Type: 3min<br>Split: train
user21,3min,train,3346,-60.06158,-23.163872,20.224913,6.0412884,User: user21<br>Type: 3min<br>Split: train
user22,3min,train,3347,-94.92357,6.672643,-13.171719,14.042211,User: user22<br>Type: 3min<br>Split: train
user23,3min,train,3348,-98.451775,-20.052794,15.425946,6.3678,User: user23<br>Type: 3min<br>Split: train
user26,3min,train,3349,-73.31034,115.66984,-18.512083,14.722603,User: user26<br>Type: 3min<br>Split: train
user27,3min,train,3350,154.21333,-52.922832,-19.6089,17.864403,User: user27<br>Type: 3min<br>Split: train
user30,3min,train,3351,-133.4254,-133.25356,0.7006809,-10.846829,User: user30<br>Type: 3min<br>Split: train
user32,3min,train,3352,-52.54509,200.63278,-5.850528,-7.799276,User: user32<br>Type: 3min<br>Split: train
user33,3min,train,3353,-121.60412,127.08609,25.532204,29.804483,User: user33<br>Type: 3min<br>Split: train
user35,3min,train,3354,167.05638,-2.6472218,28.650852,-10.33012,User: user35<br>Type: 3min<br>Split: train
user35,3min,train,3355,-9.899128,-6.2469883,5.5770555,-16.954163,User: user35<br>Type: 3min<br>Split: train
user36,3min,train,3356,-196.6053,-46.669827,1.9522619,-7.871564,User: user36<br>Type: 3min<br>Split: train
user39,3min,train,3357,-83.50522,-99.28785,17.818806,7.758764,User: user39<br>Type: 3min<br>Split: train
user4,3min,train,3358,-93.08352,58.8252,-3.4364204,17.716082,User: user4<br>Type: 3min<br>Split: train
user40,3min,train,3359,-83.30343,-6.816241,-8.48974,-16.197096,User: user40<br>Type: 3min<br>Split: train
user41,3min,train,3360,-126.0254,163.50269,9.224377,1.9024005,User: user41<br>Type: 3min<br>Split: train
user45,3min,train,3361,-23.608673,32.238403,26.00421,8.985457,User: user45<br>Type: 3min<br>Split: train
user47,3min,train,3362,53.44146,-4.4149036,1.1838707,28.871542,User: user47<br>Type: 3min<br>Split: train
user50,3min,train,3363,-165.25569,-29.547632,11.510014,-0.32262385,User: user50<br>Type: 3min<br>Split: train
user52,3min,train,3364,-137.88318,-23.181454,14.36903,-24.732328,User: user52<br>Type: 3min<br>Split: train
user53,3min,train,3365,91.53717,-59.223194,27.721226,18.529913,User: user53<br>Type: 3min<br>Split: train
user54,3min,train,3366,50.826115,-46.471756,2.652895,-21.19138,User: user54<br>Type: 3min<br>Split: train
user55,3min,train,3367,-12.099864,53.11249,-2.719398,-2.3197625,User: user55<br>Type: 3min<br>Split: train
user60,3min,train,3368,104.54602,92.16839,11.126997,18.475904,User: user60<br>Type: 3min<br>Split: train
user65,3min,train,3369,31.86232,-94.33745,3.031972,5.317271,User: user65<br>Type: 3min<br>Split: train
user67,3min,train,3370,-122.12124,97.05209,19.183865,16.32305,User: user67<br>Type: 3min<br>Split: train
user68,3min,train,3371,-61.284966,-85.49953,0.70544654,4.274035,User: user68<br>Type: 3min<br>Split: train
user69,3min,train,3372,-101.18627,-143.4123,-1.1729465,-16.929031,User: user69<br>Type: 3min<br>Split: train
user70,3min,train,3373,-53.917717,-110.53692,15.03917,23.535212,User: user70<br>Type: 3min<br>Split: train
user74,3min,train,3374,-152.19351,138.6777,17.213427,-0.5086486,User: user74<br>Type: 3min<br>Split: train
user75,3min,train,3375,98.249374,175.8584,-13.828671,26.536343,User: user75<br>Type: 3min<br>Split: train
user78,3min,train,3376,-170.96631,-1.9590068,-18.4971,24.9864,User: user78<br>Type: 3min<br>Split: train
user8,3min,train,3377,-129.58746,24.109426,-12.994662,1.900545,User: user8<br>Type: 3min<br>Split: train
user80,3min,train,3378,84.20569,-148.9275,20.808222,21.36701,User: user80<br>Type: 3min<br>Split: train
user81,3min,train,3379,-113.86219,54.042454,14.998511,15.263481,User: user81<br>Type: 3min<br>Split: train
user85,3min,train,3380,136.38219,-81.04708,-11.039739,16.714054,User: user85<br>Type: 3min<br>Split: train
user87,3min,train,3381,12.871375,46.512875,-2.8478675,24.21642,User: user87<br>Type: 3min<br>Split: train
user89,3min,train,3382,140.6399,-112.28211,36.1569,5.234694,User: user89<br>Type: 3min<br>Split: train
user1,3min,train,3383,13.863741,76.31855,35.067505,22.493837,User: user1<br>Type: 3min<br>Split: train
user10,3min,train,3384,-1.3907136,97.334656,-6.092939,-4.1319423,User: user10<br>Type: 3min<br>Split: train
user11,3min,train,3385,-137.4076,-103.33537,30.585371,5.0396724,User: user11<br>Type: 3min<br>Split: train
user13,3min,train,3386,-138.71892,46.876972,18.85529,13.871629,User: user13<br>Type: 3min<br>Split: train
user19,3min,train,3387,-166.4242,-96.49441,3.1620266,-25.809956,User: user19<br>Type: 3min<br>Split: train
user20,3min,train,3388,-105.06311,77.88808,-13.448735,7.302492,User: user20<br>Type: 3min<br>Split: train
user23,3min,train,3389,-98.451775,-20.052794,15.442948,6.349848,User: user23<br>Type: 3min<br>Split: train
user24,3min,train,3390,-45.174473,2.6013658,5.485207,18.376959,User: user24<br>Type: 3min<br>Split: train
user25,3min,train,3391,-132.98659,73.275345,8.290379,-6.3184147,User: user25<br>Type: 3min<br>Split: train
user29,3min,train,3392,-164.6717,54.795074,0.453299,31.137493,User: user29<br>Type: 3min<br>Split: train
user3,3min,train,3393,-33.07321,53.066944,5.6341166,-6.4274774,User: user3<br>Type: 3min<br>Split: train
user30,3min,train,3394,-133.4254,-133.25356,0.70025116,-10.846572,User: user30<br>Type: 3min<br>Split: train
user33,3min,train,3395,-121.60412,127.08609,25.52173,29.837732,User: user33<br>Type: 3min<br>Split: train
user34,3min,train,3396,-42.164413,-38.25206,-9.302812,-1.6840662,User: user34<br>Type: 3min<br>Split: train
user35,3min,train,3397,167.05638,-2.6472218,28.627062,-10.35485,User: user35<br>Type: 3min<br>Split: train
user36,3min,train,3398,-196.6053,-46.669827,1.9378452,-7.8860765,User: user36<br>Type: 3min<br>Split: train
user37,3min,train,3399,22.970564,107.643776,8.336575,7.844724,User: user37<br>Type: 3min<br>Split: train
user39,3min,train,3400,-83.50522,-99.28785,-5.2038517,-14.269931,User: user39<br>Type: 3min<br>Split: train
user4,3min,train,3401,-89.33292,51.406857,2.1498497,11.390129,User: user4<br>Type: 3min<br>Split: train
user41,3min,train,3402,-126.0254,163.50269,9.229386,1.9118649,User: user41<br>Type: 3min<br>Split: train
user44,3min,train,3403,-97.63191,-53.365215,-17.900167,31.558022,User: user44<br>Type: 3min<br>Split: train
user45,3min,train,3404,-23.608673,32.238403,25.992237,8.997011,User: user45<br>Type: 3min<br>Split: train
user47,3min,train,3405,53.44146,-4.4149036,1.1879519,28.861805,User: user47<br>Type: 3min<br>Split: train
user48,3min,train,3406,63.466167,45.12324,14.280622,-18.67583,User: user48<br>Type: 3min<br>Split: train
user50,3min,train,3407,-165.25569,-29.547632,11.510262,-0.3226008,User: user50<br>Type: 3min<br>Split: train
user51,3min,train,3408,-39.53016,-13.958741,-23.97267,5.0890527,User: user51<br>Type: 3min<br>Split: train
user54,3min,train,3409,50.826115,-46.471756,2.6675787,-21.176533,User: user54<br>Type: 3min<br>Split: train
user55,3min,train,3410,-12.099864,53.11249,-2.8174303,-2.4179544,User: user55<br>Type: 3min<br>Split: train
user57,3min,train,3411,-92.59654,180.8146,-14.073117,-18.612629,User: user57<br>Type: 3min<br>Split: train
user6,3min,train,3412,-143.42564,-76.430695,-25.470058,8.593855,User: user6<br>Type: 3min<br>Split: train
user60,3min,train,3413,104.54602,92.16839,11.127023,18.475817,User: user60<br>Type: 3min<br>Split: train
user61,3min,train,3414,13.136969,-132.71332,-0.60299915,6.842505,User: user61<br>Type: 3min<br>Split: train
user62,3min,train,3415,-161.29836,25.327385,-13.763783,-2.83458,User: user62<br>Type: 3min<br>Split: train
user62,3min,train,3416,-105.7373,29.50931,15.868483,34.68396,User: user62<br>Type: 3min<br>Split: train
user63,3min,train,3417,-76.3527,-55.018288,11.355395,-7.2176533,User: user63<br>Type: 3min<br>Split: train
user65,3min,train,3418,31.86232,-94.33745,-5.667248,-18.457382,User: user65<br>Type: 3min<br>Split: train
user68,3min,train,3419,-61.284966,-85.49953,0.6054932,4.1742864,User: user68<br>Type: 3min<br>Split: train
user69,3min,train,3420,-101.18627,-143.4123,-2.2294178,-14.210588,User: user69<br>Type: 3min<br>Split: train
user8,3min,train,3421,-129.58746,24.109426,-12.994977,1.9011558,User: user8<br>Type: 3min<br>Split: train
user83,3min,train,3422,-25.770061,-124.25772,24.099817,18.688927,User: user83<br>Type: 3min<br>Split: train
user84,3min,train,3423,-97.5791,146.49004,20.316273,30.374664,User: user84<br>Type: 3min<br>Split: train
user85,3min,train,3424,136.38219,-81.04708,-10.96984,16.784071,User: user85<br>Type: 3min<br>Split: train
user86,3min,train,3425,-46.58125,-171.89458,26.858276,-18.512856,User: user86<br>Type: 3min<br>Split: train
user87,3min,train,3426,12.871375,46.512875,-2.8592238,24.227552,User: user87<br>Type: 3min<br>Split: train
user88,3min,train,3427,15.223314,-78.70015,22.940168,5.093389,User: user88<br>Type: 3min<br>Split: train
user89,3min,train,3428,140.6399,-112.28211,36.157463,5.235253,User: user89<br>Type: 3min<br>Split: train
user9,3min,train,3429,75.78509,66.43162,-0.3359204,-26.633745,User: user9<br>Type: 3min<br>Split: train
user10,3min,train,3430,-1.3907136,97.334656,-6.0966473,-4.1358433,User: user10<br>Type: 3min<br>Split: train
user12,3min,train,3431,-72.13619,-156.55666,-10.869323,-8.456845,User: user12<br>Type: 3min<br>Split: train
user14,3min,train,3432,-145.96432,107.237465,-13.711111,-14.896925,User: user14<br>Type: 3min<br>Split: train
user15,3min,train,3433,-108.41618,-112.25345,0.16659816,23.529966,User: user15<br>Type: 3min<br>Split: train
user17,3min,train,3434,-195.68074,-15.931047,18.25988,-9.523123,User: user17<br>Type: 3min<br>Split: train
user18,3min,train,3435,-63.888412,73.953804,6.9173403,1.2665565,User: user18<br>Type: 3min<br>Split: train
user19,3min,train,3436,-166.4242,-96.49441,14.7306,-14.416882,User: user19<br>Type: 3min<br>Split: train
user2,3min,train,3437,60.334183,-131.87576,-20.230844,8.41346,User: user2<br>Type: 3min<br>Split: train
user21,3min,train,3438,-60.06158,-23.163872,20.197886,6.068597,User: user21<br>Type: 3min<br>Split: train
user22,3min,train,3439,-94.92357,6.672643,-13.147773,14.066217,User: user22<br>Type: 3min<br>Split: train
user23,3min,train,3440,-98.451775,-20.052794,15.431108,6.3577867,User: user23<br>Type: 3min<br>Split: train
user24,3min,train,3441,-52.51017,5.934216,20.26975,12.144384,User: user24<br>Type: 3min<br>Split: train
user25,3min,train,3442,-132.98659,73.275345,8.290324,-6.318015,User: user25<br>Type: 3min<br>Split: train
user27,3min,train,3443,154.21333,-52.922832,-19.616192,17.85723,User: user27<br>Type: 3min<br>Split: train
user28,3min,train,3444,-16.752575,142.8599,26.758352,-13.166724,User: user28<br>Type: 3min<br>Split: train
user3,3min,train,3445,-36.397167,58.08161,5.715936,-6.3466883,User: user3<br>Type: 3min<br>Split: train
user35,3min,train,3446,-11.778402,-11.859678,5.586177,-16.95106,User: user35<br>Type: 3min<br>Split: train
user39,3min,train,3447,-83.50522,-99.28785,-5.20384,-14.269832,User: user39<br>Type: 3min<br>Split: train
user4,3min,train,3448,-89.33292,51.406857,2.1467028,11.392308,User: user4<br>Type: 3min<br>Split: train
user40,3min,train,3449,-75.781364,-8.141219,-8.487073,-16.204006,User: user40<br>Type: 3min<br>Split: train
user42,3min,train,3450,11.140395,147.74826,23.122463,25.928104,User: user42<br>Type: 3min<br>Split: train
user43,3min,train,3451,-38.40839,81.84102,-8.525558,-11.876574,User: user43<br>Type: 3min<br>Split: train
user46,3min,train,3452,-11.69883,-30.652655,-2.1583261,21.821438,User: user46<br>Type: 3min<br>Split: train
user47,3min,train,3453,53.44146,-4.4149036,1.1969453,28.852768,User: user47<br>Type: 3min<br>Split: train
user49,3min,train,3454,142.51956,109.82349,9.282607,24.95072,User: user49<br>Type: 3min<br>Split: train
user5,3min,train,3455,-144.17363,2.538802,0.95191383,-13.786866,User: user5<br>Type: 3min<br>Split: train
user51,3min,train,3456,-34.59145,-16.559484,-23.961563,5.1001887,User: user51<br>Type: 3min<br>Split: train
user53,3min,train,3457,91.53717,-59.223194,7.265967,26.732327,User: user53<br>Type: 3min<br>Split: train
user55,3min,train,3458,-12.099864,53.11249,-2.7049122,-2.3053281,User: user55<br>Type: 3min<br>Split: train
user58,3min,train,3459,-194.49309,-81.73398,-10.308354,-18.890354,User: user58<br>Type: 3min<br>Split: train
user60,3min,train,3460,104.54602,92.16839,29.856653,15.617411,User: user60<br>Type: 3min<br>Split: train
user61,3min,train,3461,13.136969,-132.71332,-1.2458912,18.280281,User: user61<br>Type: 3min<br>Split: train
user62,3min,train,3462,-105.7373,29.50931,15.85832,34.678032,User: user62<br>Type: 3min<br>Split: train
user63,3min,train,3463,-76.3527,-55.018288,-1.6573801,34.797955,User: user63<br>Type: 3min<br>Split: train
user66,3min,train,3464,-30.797297,-98.508545,13.317343,20.403416,User: user66<br>Type: 3min<br>Split: train
user68,3min,train,3465,-61.284966,-85.49953,0.38322884,3.9508922,User: user68<br>Type: 3min<br>Split: train
user7,3min,train,3466,-7.1419573,-177.19244,-5.607643,9.460894,User: user7<br>Type: 3min<br>Split: train
user70,3min,train,3467,-53.917717,-110.53692,4.8788633,23.32433,User: user70<br>Type: 3min<br>Split: train
user72,3min,train,3468,13.62859,22.772324,32.826267,1.2109318,User: user72<br>Type: 3min<br>Split: train
user73,3min,train,3469,-28.42152,-53.697807,14.77925,2.0890248,User: user73<br>Type: 3min<br>Split: train
user76,3min,train,3470,138.65271,-15.393615,23.290686,0.07342751,User: user76<br>Type: 3min<br>Split: train
user78,3min,train,3471,-170.96631,-1.9590068,-18.487432,24.994066,User: user78<br>Type: 3min<br>Split: train
user79,3min,train,3472,-30.512867,11.3816,8.362661,33.255013,User: user79<br>Type: 3min<br>Split: train
user8,3min,train,3473,-129.58746,24.109426,15.683584,19.512785,User: user8<br>Type: 3min<br>Split: train
user84,3min,train,3474,-97.5791,146.49004,20.3273,30.364164,User: user84<br>Type: 3min<br>Split: train
user86,3min,train,3475,-46.58125,-171.89458,26.852324,-18.520489,User: user86<br>Type: 3min<br>Split: train
user88,3min,train,3476,15.223314,-78.70015,-17.132526,2.6582341,User: user88<br>Type: 3min<br>Split: train
user89,3min,train,3477,140.6399,-112.28211,36.18683,5.207279,User: user89<br>Type: 3min<br>Split: train
user10,3min,train,3478,-1.3907136,97.334656,-6.0844564,-4.123529,User: user10<br>Type: 3min<br>Split: train
user12,3min,train,3479,-72.13619,-156.55666,-10.869336,-8.456709,User: user12<br>Type: 3min<br>Split: train
user15,3min,train,3480,-108.41618,-112.25345,19.089363,27.051718,User: user15<br>Type: 3min<br>Split: train
user17,3min,train,3481,-195.68074,-15.931047,18.266447,-9.525257,User: user17<br>Type: 3min<br>Split: train
user18,3min,train,3482,-63.888412,73.953804,6.916123,1.2664678,User: user18<br>Type: 3min<br>Split: train
user19,3min,train,3483,-166.4242,-96.49441,3.1717105,-25.800035,User: user19<br>Type: 3min<br>Split: train
user2,3min,train,3484,60.334183,-131.87576,-20.231314,8.413129,User: user2<br>Type: 3min<br>Split: train
user21,3min,train,3485,-60.06158,-23.163872,20.214233,6.0518823,User: user21<br>Type: 3min<br>Split: train
user22,3min,train,3486,-94.92357,6.672643,-13.162225,14.051702,User: user22<br>Type: 3min<br>Split: train
user23,3min,train,3487,-91.27516,-27.560137,15.442114,6.3506227,User: user23<br>Type: 3min<br>Split: train
user24,3min,train,3488,-52.40137,0.21165341,20.270742,12.145787,User: user24<br>Type: 3min<br>Split: train
user27,3min,train,3489,154.21333,-52.922832,-19.606022,17.868282,User: user27<br>Type: 3min<br>Split: train
user3,3min,train,3490,-36.397167,58.08161,5.6507187,-6.4104557,User: user3<br>Type: 3min<br>Split: train
user30,3min,train,3491,-133.4254,-133.25356,2.654876,-12.042601,User: user30<br>Type: 3min<br>Split: train
user32,3min,train,3492,-52.54509,200.63278,-5.859928,-7.8085375,User: user32<br>Type: 3min<br>Split: train
user34,3min,train,3493,-42.164413,-38.25206,8.066151,-15.745538,User: user34<br>Type: 3min<br>Split: train
user35,3min,train,3494,167.05638,-2.6472218,28.626432,-10.354303,User: user35<br>Type: 3min<br>Split: train
user35,3min,train,3495,-11.778402,-11.859678,5.562294,-16.972294,User: user35<br>Type: 3min<br>Split: train
user36,3min,train,3496,-196.6053,-46.669827,1.9335201,-7.8901043,User: user36<br>Type: 3min<br>Split: train
user41,3min,train,3497,-126.0254,163.50269,9.23184,1.9147326,User: user41<br>Type: 3min<br>Split: train
user43,3min,train,3498,-38.40839,81.84102,-8.525584,-11.87679,User: user43<br>Type: 3min<br>Split: train
user46,3min,train,3499,-11.69883,-30.652655,-2.1424322,21.805565,User: user46<br>Type: 3min<br>Split: train
user47,3min,train,3500,58.35414,-1.0038519,1.1699699,28.879873,User: user47<br>Type: 3min<br>Split: train
user49,3min,train,3501,142.51956,109.82349,9.299687,24.967243,User: user49<br>Type: 3min<br>Split: train
user50,3min,train,3502,-165.25569,-29.547632,-3.8524463,11.546652,User: user50<br>Type: 3min<br>Split: train
user51,3min,train,3503,-34.59145,-16.559484,-23.98896,5.0728874,User: user51<br>Type: 3min<br>Split: train
user52,3min,train,3504,-137.88318,-23.181454,14.368903,-24.732363,User: user52<br>Type: 3min<br>Split: train
user53,3min,train,3505,91.53717,-59.223194,27.721296,18.530094,User: user53<br>Type: 3min<br>Split: train
user56,3min,train,3506,-116.01288,-83.58743,-6.594818,32.53954,User: user56<br>Type: 3min<br>Split: train
user6,3min,train,3507,-143.42564,-76.430695,-25.470346,8.593665,User: user6<br>Type: 3min<br>Split: train
user60,3min,train,3508,104.54602,92.16839,11.126942,18.47658,User: user60<br>Type: 3min<br>Split: train
user61,3min,train,3509,13.136969,-132.71332,-0.6030781,6.842612,User: user61<br>Type: 3min<br>Split: train
user65,3min,train,3510,31.86232,-94.33745,3.0324519,5.3174863,User: user65<br>Type: 3min<br>Split: train
user66,3min,train,3511,-30.797297,-98.508545,13.315135,20.407717,User: user66<br>Type: 3min<br>Split: train
user7,3min,train,3512,-7.1419573,-177.19244,-5.5848374,9.483321,User: user7<br>Type: 3min<br>Split: train
user71,3min,train,3513,131.66515,-36.84476,-6.555408,27.010271,User: user71<br>Type: 3min<br>Split: train
user75,3min,train,3514,120.81089,188.34229,-13.832614,26.540154,User: user75<br>Type: 3min<br>Split: train
user77,3min,train,3515,-142.63501,-48.656788,4.1351705,2.7203872,User: user77<br>Type: 3min<br>Split: train
user79,3min,train,3516,-30.512867,11.3816,8.370361,33.26214,User: user79<br>Type: 3min<br>Split: train
user80,3min,train,3517,84.20569,-148.9275,10.493597,-5.8956866,User: user80<br>Type: 3min<br>Split: train
user82,3min,train,3518,27.51096,-4.6638694,15.151407,29.81862,User: user82<br>Type: 3min<br>Split: train
user83,3min,train,3519,-25.770061,-124.25772,24.141485,18.646988,User: user83<br>Type: 3min<br>Split: train
user84,3min,train,3520,-97.5791,146.49004,20.346256,30.346384,User: user84<br>Type: 3min<br>Split: train
user85,3min,train,3521,136.38219,-81.04708,-11.00431,16.749195,User: user85<br>Type: 3min<br>Split: train
user86,3min,train,3522,-46.58125,-171.89458,26.813526,-18.558893,User: user86<br>Type: 3min<br>Split: train
user1,3min,train,3523,13.863741,76.31855,35.06854,22.494774,User: user1<br>Type: 3min<br>Split: train
user10,3min,train,3524,-1.3907136,97.334656,-6.071679,-4.110521,User: user10<br>Type: 3min<br>Split: train
user12,3min,train,3525,-72.13619,-156.55666,-10.869264,-8.456258,User: user12<br>Type: 3min<br>Split: train
user14,3min,train,3526,-145.96432,107.237465,-13.712736,-14.89847,User: user14<br>Type: 3min<br>Split: train
user17,3min,train,3527,-195.68074,-15.931047,18.276848,-9.530001,User: user17<br>Type: 3min<br>Split: train
user18,3min,train,3528,-63.888412,73.953804,6.9221106,1.271719,User: user18<br>Type: 3min<br>Split: train
user2,3min,train,3529,60.334183,-131.87576,-20.232988,8.411345,User: user2<br>Type: 3min<br>Split: train
user20,3min,train,3530,-105.06311,77.88808,-13.448844,7.302137,User: user20<br>Type: 3min<br>Split: train
user24,3min,train,3531,-52.51017,5.934216,5.492114,18.382977,User: user24<br>Type: 3min<br>Split: train
user27,3min,train,3532,154.21333,-52.922832,-19.637691,17.835852,User: user27<br>Type: 3min<br>Split: train
user29,3min,train,3533,-164.6717,54.795074,0.4586587,31.13437,User: user29<br>Type: 3min<br>Split: train
user3,3min,train,3534,-36.397167,58.08161,5.722376,-6.3397307,User: user3<br>Type: 3min<br>Split: train
user30,3min,train,3535,-133.4254,-133.25356,0.7005387,-10.846706,User: user30<br>Type: 3min<br>Split: train
user35,3min,train,3536,167.05638,-2.6472218,28.637226,-10.344111,User: user35<br>Type: 3min<br>Split: train
user36,3min,train,3537,-196.6053,-46.669827,1.9229796,-7.900818,User: user36<br>Type: 3min<br>Split: train
user37,3min,train,3538,22.970564,107.643776,8.968751,7.318133,User: user37<br>Type: 3min<br>Split: train
user38,3min,train,3539,-62.84318,171.02867,16.079088,-22.251898,User: user38<br>Type: 3min<br>Split: train
user39,3min,train,3540,-83.50522,-99.28785,-5.20803,-14.265921,User: user39<br>Type: 3min<br>Split: train
user42,3min,train,3541,11.140395,147.74826,23.12064,25.928766,User: user42<br>Type: 3min<br>Split: train
user43,3min,train,3542,-38.40839,81.84102,-8.525575,-11.876747,User: user43<br>Type: 3min<br>Split: train
user45,3min,train,3543,-23.608673,32.238403,25.98305,9.006456,User: user45<br>Type: 3min<br>Split: train
user48,3min,train,3544,63.466167,45.12324,14.267739,-18.66341,User: user48<br>Type: 3min<br>Split: train
user50,3min,train,3545,-165.25569,-29.547632,-3.8537345,11.537144,User: user50<br>Type: 3min<br>Split: train
user51,3min,train,3546,-34.59145,-16.559484,-23.962528,5.09927,User: user51<br>Type: 3min<br>Split: train
user52,3min,train,3547,-137.88318,-23.181454,-4.0963235,-17.235481,User: user52<br>Type: 3min<br>Split: train
user54,3min,train,3548,50.826115,-46.471756,2.6530242,-21.191532,User: user54<br>Type: 3min<br>Split: train
user55,3min,train,3549,-12.099864,53.11249,-2.8261387,-2.4268684,User: user55<br>Type: 3min<br>Split: train
user57,3min,train,3550,-92.59654,180.8146,-14.088781,-18.628656,User: user57<br>Type: 3min<br>Split: train
user59,3min,train,3551,-52.860874,116.49881,27.512358,4.744751,User: user59<br>Type: 3min<br>Split: train
user6,3min,train,3552,-143.42564,-76.430695,-25.46943,8.594473,User: user6<br>Type: 3min<br>Split: train
user60,3min,train,3553,104.54602,92.16839,11.127019,18.475813,User: user60<br>Type: 3min<br>Split: train
user62,3min,train,3554,-161.29836,25.327385,-13.75987,-2.8303874,User: user62<br>Type: 3min<br>Split: train
user64,3min,train,3555,-165.83238,-130.14728,6.9975896,5.0678215,User: user64<br>Type: 3min<br>Split: train
user66,3min,train,3556,-30.797297,-98.508545,13.333743,20.396898,User: user66<br>Type: 3min<br>Split: train
user67,3min,train,3557,-122.12124,97.05209,19.200354,16.340576,User: user67<br>Type: 3min<br>Split: train
user7,3min,train,3558,-7.1419573,-177.19244,9.890842,-13.248267,User: user7<br>Type: 3min<br>Split: train
user72,3min,train,3559,13.62859,22.772324,32.79793,1.1826032,User: user72<br>Type: 3min<br>Split: train
user73,3min,train,3560,-28.42152,-53.697807,15.039115,1.8299553,User: user73<br>Type: 3min<br>Split: train
user75,3min,train,3561,120.81089,188.34229,-13.857399,26.508257,User: user75<br>Type: 3min<br>Split: train
user76,3min,train,3562,138.65271,-15.393615,23.37237,0.15670177,User: user76<br>Type: 3min<br>Split: train
user8,3min,train,3563,-129.58746,24.109426,15.683746,19.512838,User: user8<br>Type: 3min<br>Split: train
user80,3min,train,3564,84.20569,-148.9275,20.808146,21.366226,User: user80<br>Type: 3min<br>Split: train
user81,3min,train,3565,-113.86219,54.042454,10.695264,4.23177,User: user81<br>Type: 3min<br>Split: train
user84,3min,train,3566,-97.5791,146.49004,20.319973,30.372791,User: user84<br>Type: 3min<br>Split: train
user85,3min,train,3567,136.38219,-81.04708,-10.966945,16.786377,User: user85<br>Type: 3min<br>Split: train
user86,3min,train,3568,-46.58125,-171.89458,26.826052,-18.546515,User: user86<br>Type: 3min<br>Split: train
user87,3min,train,3569,12.871375,46.512875,-2.8460848,24.214506,User: user87<br>Type: 3min<br>Split: train
user10,3min,train,3570,-1.3907136,97.334656,-6.0748863,-4.1137543,User: user10<br>Type: 3min<br>Split: train
user13,3min,train,3571,-138.71892,46.876972,18.86515,13.8816805,User: user13<br>Type: 3min<br>Split: train
user14,3min,train,3572,-145.96432,107.237465,-13.722136,-14.907416,User: user14<br>Type: 3min<br>Split: train
user16,3min,train,3573,-14.740286,205.85985,11.440846,7.6126494,User: user16<br>Type: 3min<br>Split: train
user17,3min,train,3574,-195.68074,-15.931047,18.265968,-9.525074,User: user17<br>Type: 3min<br>Split: train
user18,3min,train,3575,-63.888412,73.953804,6.89931,1.2553596,User: user18<br>Type: 3min<br>Split: train
user2,3min,train,3576,60.334183,-131.87576,-20.225843,8.418311,User: user2<br>Type: 3min<br>Split: train
user25,3min,train,3577,-132.98659,73.275345,8.290502,-6.318383,User: user25<br>Type: 3min<br>Split: train
user27,3min,train,3578,154.21333,-52.922832,-19.61574,17.857918,User: user27<br>Type: 3min<br>Split: train
user28,3min,train,3579,-16.752575,142.8599,26.742651,-13.183471,User: user28<br>Type: 3min<br>Split: train
user29,3min,train,3580,-164.6717,54.795074,-6.5380263,22.491394,User: user29<br>Type: 3min<br>Split: train
user3,3min,train,3581,-31.38292,57.521156,5.7169156,-6.3455977,User: user3<br>Type: 3min<br>Split: train
user31,3min,train,3582,6.9227357,-8.480797,-20.360712,-1.8575484,User: user31<br>Type: 3min<br>Split: train
user33,3min,train,3583,-121.60412,127.08609,25.529573,29.829464,User: user33<br>Type: 3min<br>Split: train
user34,3min,train,3584,-42.164413,-38.25206,-9.296351,-1.6807537,User: user34<br>Type: 3min<br>Split: train
user35,3min,train,3585,167.05638,-2.6472218,28.621317,-10.36043,User: user35<br>Type: 3min<br>Split: train
user36,3min,train,3586,-196.6053,-46.669827,1.9365151,-7.8872886,User: user36<br>Type: 3min<br>Split: train
user39,3min,train,3587,-83.50522,-99.28785,17.792286,7.786227,User: user39<br>Type: 3min<br>Split: train
user4,3min,train,3588,-89.33292,51.406857,2.1504383,11.390525,User: user4<br>Type: 3min<br>Split: train
user40,3min,train,3589,-75.781364,-8.141219,-8.489685,-16.197535,User: user40<br>Type: 3min<br>Split: train
user44,3min,train,3590,-155.97665,-14.097156,-17.902351,31.56022,User: user44<br>Type: 3min<br>Split: train
user45,3min,train,3591,-22.06412,36.96605,25.99121,8.998726,User: user45<br>Type: 3min<br>Split: train
user46,3min,train,3592,-11.69883,-30.652655,-2.1324925,21.794918,User: user46<br>Type: 3min<br>Split: train
user47,3min,train,3593,53.44146,-4.4149036,1.1721278,28.883133,User: user47<br>Type: 3min<br>Split: train
user49,3min,train,3594,142.51956,109.82349,9.252723,24.983154,User: user49<br>Type: 3min<br>Split: train
user5,3min,train,3595,-144.17363,2.538802,-16.974228,-0.844023,User: user5<br>Type: 3min<br>Split: train
user51,3min,train,3596,-34.59145,-16.559484,-23.96271,5.099088,User: user51<br>Type: 3min<br>Split: train
user52,3min,train,3597,-137.88318,-23.181454,-4.096327,-17.235558,User: user52<br>Type: 3min<br>Split: train
user53,3min,train,3598,91.53717,-59.223194,27.721266,18.529926,User: user53<br>Type: 3min<br>Split: train
user54,3min,train,3599,50.826115,-46.471756,2.6539223,-21.209694,User: user54<br>Type: 3min<br>Split: train
user56,3min,train,3600,-116.01288,-83.58743,-6.6169424,32.56157,User: user56<br>Type: 3min<br>Split: train
user59,3min,train,3601,-42.905766,122.347595,27.511986,4.746394,User: user59<br>Type: 3min<br>Split: train
user62,3min,train,3602,-161.29836,25.327385,-13.749972,-2.8186796,User: user62<br>Type: 3min<br>Split: train
user62,3min,train,3603,-105.7373,29.50931,15.845646,34.665546,User: user62<br>Type: 3min<br>Split: train
user63,3min,train,3604,-76.3527,-55.018288,-1.6571023,34.79781,User: user63<br>Type: 3min<br>Split: train
user64,3min,train,3605,-165.83238,-130.14728,6.99098,5.061322,User: user64<br>Type: 3min<br>Split: train
user68,3min,train,3606,-61.284966,-85.49953,0.37636018,3.9435618,User: user68<br>Type: 3min<br>Split: train
user69,3min,train,3607,-101.18627,-143.4123,-1.1678073,-16.92788,User: user69<br>Type: 3min<br>Split: train
user7,3min,train,3608,-7.1419573,-177.19244,-5.609585,9.460884,User: user7<br>Type: 3min<br>Split: train
user70,3min,train,3609,-53.917717,-110.53692,4.8866906,23.339993,User: user70<br>Type: 3min<br>Split: train
user72,3min,train,3610,13.62859,22.772324,32.811066,1.2038267,User: user72<br>Type: 3min<br>Split: train
user73,3min,train,3611,-28.42152,-53.697807,14.771355,2.0966883,User: user73<br>Type: 3min<br>Split: train
user74,3min,train,3612,-152.19351,138.6777,17.210955,-0.5115462,User: user74<br>Type: 3min<br>Split: train
user75,3min,train,3613,117.40484,166.2063,-13.815987,26.546717,User: user75<br>Type: 3min<br>Split: train
user82,3min,train,3614,27.51096,-4.6638694,15.154584,29.814396,User: user82<br>Type: 3min<br>Split: train
user84,3min,train,3615,-97.5791,146.49004,20.358059,30.334522,User: user84<br>Type: 3min<br>Split: train
user85,3min,train,3616,136.38219,-81.04708,-10.976906,16.77708,User: user85<br>Type: 3min<br>Split: train
user88,3min,train,3617,15.223314,-78.70015,22.940218,5.093663,User: user88<br>Type: 3min<br>Split: train
user89,3min,train,3618,140.6399,-112.28211,36.16139,5.237262,User: user89<br>Type: 3min<br>Split: train
user9,3min,train,3619,75.78509,66.43162,-0.32770813,-26.640963,User: user9<br>Type: 3min<br>Split: train
user11,3min,train,3620,-137.4076,-103.33537,30.576948,5.03116,User: user11<br>Type: 3min<br>Split: train
user12,3min,train,3621,-72.13619,-156.55666,-3.9387002,13.999304,User: user12<br>Type: 3min<br>Split: train
user13,3min,train,3622,-138.71892,46.876972,18.86526,13.8819685,User: user13<br>Type: 3min<br>Split: train
user15,3min,train,3623,-108.41618,-112.25345,19.089296,27.051676,User: user15<br>Type: 3min<br>Split: train
user16,3min,train,3624,-14.740286,205.85985,11.583631,7.4714837,User: user16<br>Type: 3min<br>Split: train
user17,3min,train,3625,-195.68074,-15.931047,18.267244,-9.524093,User: user17<br>Type: 3min<br>Split: train
user2,3min,train,3626,60.334183,-131.87576,-20.239851,8.404453,User: user2<br>Type: 3min<br>Split: train
user20,3min,train,3627,-105.06311,77.88808,5.098224,6.013922,User: user20<br>Type: 3min<br>Split: train
user21,3min,train,3628,-60.06158,-23.163872,20.21376,6.0522413,User: user21<br>Type: 3min<br>Split: train
user23,3min,train,3629,-98.451775,-20.052794,15.442161,6.3506517,User: user23<br>Type: 3min<br>Split: train
user24,3min,train,3630,-52.51017,5.934216,20.274487,12.156959,User: user24<br>Type: 3min<br>Split: train
user25,3min,train,3631,-132.98659,73.275345,8.294459,-6.321879,User: user25<br>Type: 3min<br>Split: train
user3,3min,train,3632,-31.38292,57.521156,5.653144,-6.4080906,User: user3<br>Type: 3min<br>Split: train
user33,3min,train,3633,-121.60412,127.08609,25.530155,29.828854,User: user33<br>Type: 3min<br>Split: train
user34,3min,train,3634,-42.164413,-38.25206,8.068603,-15.741921,User: user34<br>Type: 3min<br>Split: train
user35,3min,train,3635,-11.778402,-11.859678,5.58962,-16.943832,User: user35<br>Type: 3min<br>Split: train
user37,3min,train,3636,22.970564,107.643776,8.341435,7.836658,User: user37<br>Type: 3min<br>Split: train
user38,3min,train,3637,-62.84318,171.02867,16.08898,-22.241943,User: user38<br>Type: 3min<br>Split: train
user4,3min,train,3638,-89.33292,51.406857,-3.429385,17.724854,User: user4<br>Type: 3min<br>Split: train
user42,3min,train,3639,11.140395,147.74826,23.122326,25.92934,User: user42<br>Type: 3min<br>Split: train
user43,3min,train,3640,-38.40839,81.84102,21.055754,0.5044281,User: user43<br>Type: 3min<br>Split: train
user44,3min,train,3641,-97.63191,-53.365215,-17.892492,31.550406,User: user44<br>Type: 3min<br>Split: train
user45,3min,train,3642,-23.608673,32.238403,25.983875,9.005913,User: user45<br>Type: 3min<br>Split: train
user46,3min,train,3643,-11.69883,-30.652655,-2.1240525,21.787249,User: user46<br>Type: 3min<br>Split: train
user47,3min,train,3644,53.44146,-4.4149036,1.1794869,28.872341,User: user47<br>Type: 3min<br>Split: train
user49,3min,train,3645,142.51956,109.82349,9.282276,24.951565,User: user49<br>Type: 3min<br>Split: train
user5,3min,train,3646,-144.17363,2.538802,-16.974571,-0.84384525,User: user5<br>Type: 3min<br>Split: train
user50,3min,train,3647,-165.25569,-29.547632,-3.8522213,11.547085,User: user50<br>Type: 3min<br>Split: train
user51,3min,train,3648,-34.59145,-16.559484,-23.937944,5.123558,User: user51<br>Type: 3min<br>Split: train
user53,3min,train,3649,91.53717,-59.223194,7.2741227,26.735895,User: user53<br>Type: 3min<br>Split: train
user54,3min,train,3650,50.826115,-46.471756,2.6756973,-21.213352,User: user54<br>Type: 3min<br>Split: train
user56,3min,train,3651,-116.01288,-83.58743,-6.6051316,32.549812,User: user56<br>Type: 3min<br>Split: train
user61,3min,train,3652,13.136969,-132.71332,-1.2736142,18.308058,User: user61<br>Type: 3min<br>Split: train
user62,3min,train,3653,-161.29836,25.327385,-13.768086,-2.8224628,User: user62<br>Type: 3min<br>Split: train
user62,3min,train,3654,-105.7373,29.50931,15.8455,34.66541,User: user62<br>Type: 3min<br>Split: train
user68,3min,train,3655,-61.284966,-85.49953,0.38143793,3.9491007,User: user68<br>Type: 3min<br>Split: train
user69,3min,train,3656,-101.18627,-143.4123,-2.229366,-14.210468,User: user69<br>Type: 3min<br>Split: train
user7,3min,train,3657,-7.1419573,-177.19244,-5.606935,9.4613285,User: user7<br>Type: 3min<br>Split: train
user70,3min,train,3658,-53.917717,-110.53692,15.038969,23.534222,User: user70<br>Type: 3min<br>Split: train
user71,3min,train,3659,131.66515,-36.84476,-6.55258,27.007366,User: user71<br>Type: 3min<br>Split: train
user72,3min,train,3660,13.62859,22.772324,32.82461,1.2036381,User: user72<br>Type: 3min<br>Split: train
user73,3min,train,3661,-28.42152,-53.697807,15.0262165,1.8428124,User: user73<br>Type: 3min<br>Split: train
user74,3min,train,3662,-152.19351,138.6777,17.214962,-0.50689614,User: user74<br>Type: 3min<br>Split: train
user75,3min,train,3663,117.40484,166.2063,-13.836806,26.544228,User: user75<br>Type: 3min<br>Split: train
user76,3min,train,3664,138.65271,-15.393615,23.362778,0.1470652,User: user76<br>Type: 3min<br>Split: train
user80,3min,train,3665,84.20569,-148.9275,20.80819,21.366272,User: user80<br>Type: 3min<br>Split: train
user84,3min,train,3666,-97.5791,146.49004,20.309347,30.38393,User: user84<br>Type: 3min<br>Split: train
user85,3min,train,3667,136.38219,-81.04708,-11.011405,16.74208,User: user85<br>Type: 3min<br>Split: train
user89,3min,train,3668,140.6399,-112.28211,36.143326,5.2198257,User: user89<br>Type: 3min<br>Split: train
user12,3min,train,3669,-72.13619,-156.55666,-3.9391067,13.999783,User: user12<br>Type: 3min<br>Split: train
user13,3min,train,3670,-138.71892,46.876972,18.901754,13.918158,User: user13<br>Type: 3min<br>Split: train
user17,3min,train,3671,-195.68074,-15.931047,18.266752,-9.526103,User: user17<br>Type: 3min<br>Split: train
user18,3min,train,3672,-63.888412,73.953804,6.9190545,1.2702557,User: user18<br>Type: 3min<br>Split: train
user19,3min,train,3673,-166.4242,-96.49441,3.1463716,-25.825638,User: user19<br>Type: 3min<br>Split: train
user2,3min,train,3674,60.334183,-131.87576,-20.263315,8.3809185,User: user2<br>Type: 3min<br>Split: train
user23,3min,train,3675,-98.451775,-20.052794,15.496693,6.2967467,User: user23<br>Type: 3min<br>Split: train
user25,3min,train,3676,-132.98659,73.275345,8.290548,-6.318584,User: user25<br>Type: 3min<br>Split: train
user27,3min,train,3677,154.21333,-52.922832,-19.634295,17.836815,User: user27<br>Type: 3min<br>Split: train
user28,3min,train,3678,-25.982513,138.95264,26.761726,-13.166253,User: user28<br>Type: 3min<br>Split: train
user3,3min,train,3679,-32.380524,65.15644,5.7128263,-6.3494163,User: user3<br>Type: 3min<br>Split: train
user32,3min,train,3680,-52.54509,200.63278,-5.847013,-7.7957788,User: user32<br>Type: 3min<br>Split: train
user35,3min,train,3681,167.05638,-2.6472218,28.632195,-10.349148,User: user35<br>Type: 3min<br>Split: train
user37,3min,train,3682,22.970564,107.643776,8.335637,7.8439517,User: user37<br>Type: 3min<br>Split: train
user38,3min,train,3683,-62.84318,171.02867,16.07898,-22.251978,User: user38<br>Type: 3min<br>Split: train
user39,3min,train,3684,-83.50522,-99.28785,-5.20396,-14.269872,User: user39<br>Type: 3min<br>Split: train
user40,3min,train,3685,-75.781364,-8.141219,-8.484359,-16.210613,User: user40<br>Type: 3min<br>Split: train
user41,3min,train,3686,-126.0254,163.50269,9.229844,1.911183,User: user41<br>Type: 3min<br>Split: train
user42,3min,train,3687,11.140395,147.74826,23.121761,25.927624,User: user42<br>Type: 3min<br>Split: train
user43,3min,train,3688,-38.40839,81.84102,21.05848,0.5040569,User: user43<br>Type: 3min<br>Split: train
user46,3min,train,3689,-11.69883,-30.652655,-2.1339424,21.797039,User: user46<br>Type: 3min<br>Split: train
user47,3min,train,3690,53.44146,-4.4149036,1.193463,28.87459,User: user47<br>Type: 3min<br>Split: train
user48,3min,train,3691,63.466167,45.12324,14.304051,-18.69994,User: user48<br>Type: 3min<br>Split: train
user49,3min,train,3692,142.51956,109.82349,9.282619,24.951855,User: user49<br>Type: 3min<br>Split: train
user5,3min,train,3693,-144.17363,2.538802,-16.974398,-0.843976,User: user5<br>Type: 3min<br>Split: train
user50,3min,train,3694,-165.25569,-29.547632,11.510542,-0.32329094,User: user50<br>Type: 3min<br>Split: train
user53,3min,train,3695,91.53717,-59.223194,7.26547,26.731134,User: user53<br>Type: 3min<br>Split: train
user56,3min,train,3696,-116.01288,-83.58743,-6.574293,32.518887,User: user56<br>Type: 3min<br>Split: train
user57,3min,train,3697,-92.59654,180.8146,-3.3847418,1.2645005,User: user57<br>Type: 3min<br>Split: train
user60,3min,train,3698,104.54602,92.16839,11.127003,18.475695,User: user60<br>Type: 3min<br>Split: train
user62,3min,train,3699,-161.29836,25.327385,-13.751444,-2.8156297,User: user62<br>Type: 3min<br>Split: train
user62,3min,train,3700,-105.7373,29.50931,15.874692,34.64342,User: user62<br>Type: 3min<br>Split: train
user63,3min,train,3701,-76.3527,-55.018288,-1.6625192,34.801846,User: user63<br>Type: 3min<br>Split: train
user65,3min,train,3702,31.86232,-94.33745,3.0272112,5.312174,User: user65<br>Type: 3min<br>Split: train
user66,3min,train,3703,-30.797297,-98.508545,13.3207,20.389898,User: user66<br>Type: 3min<br>Split: train
user68,3min,train,3704,-61.284966,-85.49953,0.59708637,4.1659656,User: user68<br>Type: 3min<br>Split: train
user69,3min,train,3705,-101.18627,-143.4123,-1.1712861,-16.927483,User: user69<br>Type: 3min<br>Split: train
user72,3min,train,3706,13.62859,22.772324,32.826424,1.2105398,User: user72<br>Type: 3min<br>Split: train
user74,3min,train,3707,-152.19351,138.6777,17.211054,-0.51111907,User: user74<br>Type: 3min<br>Split: train
user75,3min,train,3708,117.40484,166.2063,-13.82473,26.54097,User: user75<br>Type: 3min<br>Split: train
user77,3min,train,3709,-142.63501,-48.656788,4.1358294,2.7206807,User: user77<br>Type: 3min<br>Split: train
user82,3min,train,3710,27.51096,-4.6638694,15.136367,29.83408,User: user82<br>Type: 3min<br>Split: train
user84,3min,train,3711,-97.5791,146.49004,20.333614,30.359348,User: user84<br>Type: 3min<br>Split: train
user88,3min,train,3712,15.223314,-78.70015,-17.124819,2.6657925,User: user88<br>Type: 3min<br>Split: train
user89,3min,train,3713,140.6399,-112.28211,36.157322,5.233761,User: user89<br>Type: 3min<br>Split: train
user12,3min,train,3714,-72.13619,-156.55666,-10.857793,-8.468306,User: user12<br>Type: 3min<br>Split: train
user13,3min,train,3715,-138.71892,46.876972,18.865688,13.881952,User: user13<br>Type: 3min<br>Split: train
user14,3min,train,3716,-145.96432,107.237465,-13.726217,-14.911879,User: user14<br>Type: 3min<br>Split: train
user15,3min,train,3717,-108.41618,-112.25345,0.1672452,23.52966,User: user15<br>Type: 3min<br>Split: train
user16,3min,train,3718,-14.740286,205.85985,11.56345,7.4914026,User: user16<br>Type: 3min<br>Split: train
user19,3min,train,3719,-166.4242,-96.49441,3.1615987,-25.810125,User: user19<br>Type: 3min<br>Split: train
user2,3min,train,3720,60.334183,-131.87576,-20.234442,8.409808,User: user2<br>Type: 3min<br>Split: train
user20,3min,train,3721,-105.06311,77.88808,-13.448739,7.3024306,User: user20<br>Type: 3min<br>Split: train
user21,3min,train,3722,-60.06158,-23.163872,20.21512,6.0508785,User: user21<br>Type: 3min<br>Split: train
user22,3min,train,3723,-94.92357,6.672643,-13.16454,14.051424,User: user22<br>Type: 3min<br>Split: train
user23,3min,train,3724,-98.451775,-20.052794,15.44183,6.361702,User: user23<br>Type: 3min<br>Split: train
user25,3min,train,3725,-132.98659,73.275345,19.346077,-5.6195993,User: user25<br>Type: 3min<br>Split: train
user26,3min,train,3726,-73.31034,115.66984,-18.537174,14.747994,User: user26<br>Type: 3min<br>Split: train
user28,3min,train,3727,-16.752575,142.8599,26.786558,-13.1950655,User: user28<br>Type: 3min<br>Split: train
user29,3min,train,3728,-164.6717,54.795074,0.45245242,31.14701,User: user29<br>Type: 3min<br>Split: train
user3,3min,train,3729,-36.397167,58.08161,5.6880403,-6.373708,User: user3<br>Type: 3min<br>Split: train
user30,3min,train,3730,-133.4254,-133.25356,2.658773,-12.036677,User: user30<br>Type: 3min<br>Split: train
user33,3min,train,3731,-121.60412,127.08609,25.534248,29.82524,User: user33<br>Type: 3min<br>Split: train
user35,3min,train,3732,-11.778402,-11.859678,5.578555,-16.958313,User: user35<br>Type: 3min<br>Split: train
user37,3min,train,3733,22.970564,107.643776,8.340484,7.8405137,User: user37<br>Type: 3min<br>Split: train
user38,3min,train,3734,-62.84318,171.02867,16.075314,-22.25586,User: user38<br>Type: 3min<br>Split: train
user39,3min,train,3735,-83.50522,-99.28785,17.793766,7.7845016,User: user39<br>Type: 3min<br>Split: train
user49,3min,train,3736,142.51956,109.82349,9.282416,24.951378,User: user49<br>Type: 3min<br>Split: train
user5,3min,train,3737,-144.17363,2.538802,-16.974262,-0.844202,User: user5<br>Type: 3min<br>Split: train
user52,3min,train,3738,-137.88318,-23.181454,-4.096396,-17.23556,User: user52<br>Type: 3min<br>Split: train
user53,3min,train,3739,91.53717,-59.223194,27.721127,18.52999,User: user53<br>Type: 3min<br>Split: train
user55,3min,train,3740,-7.6376166,56.571766,-2.8128614,-2.4134278,User: user55<br>Type: 3min<br>Split: train
user56,3min,train,3741,-116.01288,-83.58743,-6.618952,32.563572,User: user56<br>Type: 3min<br>Split: train
user59,3min,train,3742,-52.860874,116.49881,27.513168,4.7448983,User: user59<br>Type: 3min<br>Split: train
user6,3min,train,3743,-164.60287,-77.77318,-25.469997,8.594044,User: user6<br>Type: 3min<br>Split: train
user62,3min,train,3744,-161.29836,25.327385,-13.757956,-2.8219728,User: user62<br>Type: 3min<br>Split: train
user66,3min,train,3745,-30.797297,-98.508545,13.308589,20.412271,User: user66<br>Type: 3min<br>Split: train
user67,3min,train,3746,-122.12124,97.05209,19.212181,16.352762,User: user67<br>Type: 3min<br>Split: train
user68,3min,train,3747,-61.284966,-85.49953,0.70466626,4.2733617,User: user68<br>Type: 3min<br>Split: train
user70,3min,train,3748,-53.917717,-110.53692,4.8853025,23.330868,User: user70<br>Type: 3min<br>Split: train
user71,3min,train,3749,131.66515,-36.84476,-6.5786195,27.033295,User: user71<br>Type: 3min<br>Split: train
user72,3min,train,3750,13.62859,22.772324,32.832157,1.213506,User: user72<br>Type: 3min<br>Split: train
user74,3min,train,3751,-152.19351,138.6777,17.209623,-0.5102721,User: user74<br>Type: 3min<br>Split: train
user76,3min,train,3752,138.65271,-15.393615,23.37195,0.156423,User: user76<br>Type: 3min<br>Split: train
user77,3min,train,3753,-142.63501,-48.656788,4.2837205,2.8674052,User: user77<br>Type: 3min<br>Split: train
user78,3min,train,3754,-170.96631,-1.9590068,-18.49607,24.986132,User: user78<br>Type: 3min<br>Split: train
user81,3min,train,3755,-113.86219,54.042454,14.998522,15.263733,User: user81<br>Type: 3min<br>Split: train
user82,3min,train,3756,33.775627,-10.916876,15.15769,29.816261,User: user82<br>Type: 3min<br>Split: train
user84,3min,train,3757,-97.5791,146.49004,20.33452,30.358345,User: user84<br>Type: 3min<br>Split: train
user85,3min,train,3758,136.38219,-81.04708,-10.989987,16.73579,User: user85<br>Type: 3min<br>Split: train
user86,3min,train,3759,-46.58125,-171.89458,26.828554,-18.545101,User: user86<br>Type: 3min<br>Split: train
user88,3min,train,3760,10.523731,-81.482994,-17.138529,2.6524642,User: user88<br>Type: 3min<br>Split: train
user89,3min,train,3761,140.6399,-112.28211,36.15731,5.2337008,User: user89<br>Type: 3min<br>Split: train
user1,3min,train,3762,13.863741,76.31855,35.071594,22.497814,User: user1<br>Type: 3min<br>Split: train
user11,3min,train,3763,-137.4076,-103.33537,30.587616,5.0416646,User: user11<br>Type: 3min<br>Split: train
user13,3min,train,3764,-138.71892,46.876972,18.865858,13.88176,User: user13<br>Type: 3min<br>Split: train
user15,3min,train,3765,-108.41618,-112.25345,0.16742,23.529799,User: user15<br>Type: 3min<br>Split: train
user16,3min,train,3766,-14.740286,205.85985,11.468837,7.5869107,User: user16<br>Type: 3min<br>Split: train
user19,3min,train,3767,-166.4242,-96.49441,3.1622152,-25.809647,User: user19<br>Type: 3min<br>Split: train
user20,3min,train,3768,-105.06311,77.88808,5.0978203,6.0135856,User: user20<br>Type: 3min<br>Split: train
user21,3min,train,3769,-54.6782,-24.618101,20.19875,6.067047,User: user21<br>Type: 3min<br>Split: train
user24,3min,train,3770,-52.51017,5.934216,5.492317,18.38284,User: user24<br>Type: 3min<br>Split: train
user26,3min,train,3771,-73.31034,115.66984,-18.50467,14.71707,User: user26<br>Type: 3min<br>Split: train
user27,3min,train,3772,154.21333,-52.922832,-19.642185,17.83122,User: user27<br>Type: 3min<br>Split: train
user28,3min,train,3773,-16.752575,142.8599,26.758999,-13.167772,User: user28<br>Type: 3min<br>Split: train
user29,3min,train,3774,-164.6717,54.795074,0.45868838,31.134365,User: user29<br>Type: 3min<br>Split: train
user3,3min,train,3775,-32.380524,65.15644,5.686212,-6.376519,User: user3<br>Type: 3min<br>Split: train
user34,3min,train,3776,-46.07739,-41.95224,-9.296726,-1.6808635,User: user34<br>Type: 3min<br>Split: train
user35,3min,train,3777,-11.778402,-11.859678,5.576969,-16.956537,User: user35<br>Type: 3min<br>Split: train
user37,3min,train,3778,22.970564,107.643776,8.967398,7.319041,User: user37<br>Type: 3min<br>Split: train
user39,3min,train,3779,-83.50522,-99.28785,-5.204221,-14.2696705,User: user39<br>Type: 3min<br>Split: train
user40,3min,train,3780,-75.781364,-8.141219,-8.489941,-16.199087,User: user40<br>Type: 3min<br>Split: train
user42,3min,train,3781,11.140395,147.74826,23.121696,25.927834,User: user42<br>Type: 3min<br>Split: train
user43,3min,train,3782,-38.40839,81.84102,-8.531248,-11.881012,User: user43<br>Type: 3min<br>Split: train
user44,3min,train,3783,-126.801575,-63.609825,-17.899189,31.557058,User: user44<br>Type: 3min<br>Split: train
user5,3min,train,3784,-144.17363,2.538802,-16.974356,-0.84401953,User: user5<br>Type: 3min<br>Split: train
user54,3min,train,3785,50.826115,-46.471756,2.6332479,-21.211678,User: user54<br>Type: 3min<br>Split: train
user55,3min,train,3786,-7.6376166,56.571766,-2.8202164,-2.420761,User: user55<br>Type: 3min<br>Split: train
user56,3min,train,3787,-116.01288,-83.58743,-6.6516156,32.596226,User: user56<br>Type: 3min<br>Split: train
user58,3min,train,3788,-194.49309,-81.73398,-10.265555,-18.932243,User: user58<br>Type: 3min<br>Split: train
user6,3min,train,3789,-143.42564,-76.430695,-25.47193,8.590184,User: user6<br>Type: 3min<br>Split: train
user62,3min,train,3790,-161.29836,25.327385,-13.769201,-2.8402627,User: user62<br>Type: 3min<br>Split: train
user63,3min,train,3791,-76.3527,-55.018288,11.3700485,-7.237145,User: user63<br>Type: 3min<br>Split: train
user65,3min,train,3792,31.86232,-94.33745,-5.666169,-18.458124,User: user65<br>Type: 3min<br>Split: train
user67,3min,train,3793,-122.12124,97.05209,19.200706,16.341145,User: user67<br>Type: 3min<br>Split: train
user68,3min,train,3794,-61.284966,-85.49953,0.36797664,3.9354036,User: user68<br>Type: 3min<br>Split: train
user71,3min,train,3795,131.66515,-36.84476,-6.5297527,26.984728,User: user71<br>Type: 3min<br>Split: train
user72,3min,train,3796,13.62859,22.772324,32.783146,1.2517922,User: user72<br>Type: 3min<br>Split: train
user73,3min,train,3797,-22.528036,-53.160408,15.042052,1.8269701,User: user73<br>Type: 3min<br>Split: train
user75,3min,train,3798,117.40484,166.2063,-13.829067,26.53718,User: user75<br>Type: 3min<br>Split: train
user77,3min,train,3799,-142.63501,-48.656788,4.147296,2.7325032,User: user77<br>Type: 3min<br>Split: train
user79,3min,train,3800,-30.512867,11.3816,8.376893,33.26908,User: user79<br>Type: 3min<br>Split: train
user8,3min,train,3801,-129.58746,24.109426,-12.995072,1.9007615,User: user8<br>Type: 3min<br>Split: train
user82,3min,train,3802,33.775627,-10.916876,15.151756,29.818253,User: user82<br>Type: 3min<br>Split: train
user85,3min,train,3803,136.38219,-81.04708,-11.003573,16.749945,User: user85<br>Type: 3min<br>Split: train
user86,3min,train,3804,-46.58125,-171.89458,26.844715,-18.528128,User: user86<br>Type: 3min<br>Split: train
user89,3min,train,3805,140.6399,-112.28211,36.1703,5.2473273,User: user89<br>Type: 3min<br>Split: train
user9,3min,train,3806,85.470345,69.392166,-0.34577996,-26.620768,User: user9<br>Type: 3min<br>Split: train
user10,3min,train,3807,5.495733,92.13192,-6.07439,-4.1131725,User: user10<br>Type: 3min<br>Split: train
user13,3min,train,3808,-138.71892,46.876972,18.850117,13.866174,User: user13<br>Type: 3min<br>Split: train
user14,3min,train,3809,-145.96432,107.237465,-13.744314,-14.930526,User: user14<br>Type: 3min<br>Split: train
user15,3min,train,3810,-108.41618,-112.25345,19.089413,27.051624,User: user15<br>Type: 3min<br>Split: train
user17,3min,train,3811,-195.68074,-15.931047,-12.401398,-6.023698,User: user17<br>Type: 3min<br>Split: train
user2,3min,train,3812,60.334183,-131.87576,-20.229134,8.415121,User: user2<br>Type: 3min<br>Split: train
user20,3min,train,3813,-105.06311,77.88808,5.0972624,6.0143776,User: user20<br>Type: 3min<br>Split: train
user21,3min,train,3814,-54.6782,-24.618101,20.229002,6.037012,User: user21<br>Type: 3min<br>Split: train
user22,3min,train,3815,-94.92357,6.672643,-13.174839,14.03924,User: user22<br>Type: 3min<br>Split: train
user25,3min,train,3816,-132.98659,73.275345,8.290907,-6.31943,User: user25<br>Type: 3min<br>Split: train
user27,3min,train,3817,154.21333,-52.922832,-19.622961,17.850262,User: user27<br>Type: 3min<br>Split: train
user28,3min,train,3818,-16.752575,142.8599,26.759872,-13.166769,User: user28<br>Type: 3min<br>Split: train
user3,3min,train,3819,-33.07321,53.066944,5.658975,-6.40339,User: user3<br>Type: 3min<br>Split: train
user31,3min,train,3820,7.127656,-0.07572798,-20.345175,-1.8419037,User: user31<br>Type: 3min<br>Split: train
user32,3min,train,3821,-52.54509,200.63278,-5.6696177,-7.6171656,User: user32<br>Type: 3min<br>Split: train
user33,3min,train,3822,-121.60412,127.08609,25.510872,29.849161,User: user33<br>Type: 3min<br>Split: train
user34,3min,train,3823,-46.07739,-41.95224,8.066119,-15.745644,User: user34<br>Type: 3min<br>Split: train
user35,3min,train,3824,-11.778402,-11.859678,5.558627,-16.956875,User: user35<br>Type: 3min<br>Split: train
user38,3min,train,3825,-62.84318,171.02867,16.075891,-22.25456,User: user38<br>Type: 3min<br>Split: train
user4,3min,train,3826,-89.33292,51.406857,-3.435632,17.718521,User: user4<br>Type: 3min<br>Split: train
user41,3min,train,3827,-126.0254,163.50269,5.990521,-1.0483531,User: user41<br>Type: 3min<br>Split: train
user42,3min,train,3828,11.140395,147.74826,23.121004,25.927006,User: user42<br>Type: 3min<br>Split: train
user44,3min,train,3829,-126.801575,-63.609825,-17.899214,31.55709,User: user44<br>Type: 3min<br>Split: train
user47,3min,train,3830,53.44146,-4.4149036,1.1930932,28.857153,User: user47<br>Type: 3min<br>Split: train
user49,3min,train,3831,142.51956,109.82349,9.323455,24.992725,User: user49<br>Type: 3min<br>Split: train
user52,3min,train,3832,-137.88318,-23.181454,-4.096295,-17.235548,User: user52<br>Type: 3min<br>Split: train
user54,3min,train,3833,50.826115,-46.471756,2.6879823,-21.236078,User: user54<br>Type: 3min<br>Split: train
user55,3min,train,3834,-7.6376166,56.571766,-2.8192475,-2.4201133,User: user55<br>Type: 3min<br>Split: train
user57,3min,train,3835,-92.59654,180.8146,-3.3844452,1.2641665,User: user57<br>Type: 3min<br>Split: train
user58,3min,train,3836,-194.49309,-81.73398,-10.293166,-18.905525,User: user58<br>Type: 3min<br>Split: train
user59,3min,train,3837,-42.905766,122.347595,3.3122988,26.380674,User: user59<br>Type: 3min<br>Split: train
user62,3min,train,3838,-161.29836,25.327385,-13.777114,-2.8098395,User: user62<br>Type: 3min<br>Split: train
user70,3min,train,3839,-53.917717,-110.53692,4.8779707,23.32488,User: user70<br>Type: 3min<br>Split: train
user72,3min,train,3840,13.62859,22.772324,32.8261,1.2110524,User: user72<br>Type: 3min<br>Split: train
user73,3min,train,3841,-22.528036,-53.160408,14.945,1.9231529,User: user73<br>Type: 3min<br>Split: train
user76,3min,train,3842,138.65271,-15.393615,23.36881,0.15307862,User: user76<br>Type: 3min<br>Split: train
user78,3min,train,3843,-170.96631,-1.9590068,-18.496223,24.985971,User: user78<br>Type: 3min<br>Split: train
user80,3min,train,3844,84.20569,-148.9275,20.808191,21.366219,User: user80<br>Type: 3min<br>Split: train
user83,3min,train,3845,-25.770061,-124.25772,24.112309,18.676607,User: user83<br>Type: 3min<br>Split: train
user86,3min,train,3846,-46.58125,-171.89458,26.851875,-18.52052,User: user86<br>Type: 3min<br>Split: train
user88,3min,train,3847,15.223314,-78.70015,-17.1248,2.6660197,User: user88<br>Type: 3min<br>Split: train
user89,3min,train,3848,140.6399,-112.28211,36.159992,5.2316365,User: user89<br>Type: 3min<br>Split: train
user12,3min,train,3849,-72.13619,-156.55666,-10.883556,-8.442667,User: user12<br>Type: 3min<br>Split: train
user13,3min,train,3850,-138.71892,46.876972,18.854588,13.871266,User: user13<br>Type: 3min<br>Split: train
user15,3min,train,3851,-108.41618,-112.25345,19.089148,27.051662,User: user15<br>Type: 3min<br>Split: train
user17,3min,train,3852,-195.68074,-15.931047,18.293333,-9.540898,User: user17<br>Type: 3min<br>Split: train
user18,3min,train,3853,-63.888412,73.953804,6.8877525,1.2406023,User: user18<br>Type: 3min<br>Split: train
user2,3min,train,3854,60.334183,-131.87576,-20.254877,8.3895235,User: user2<br>Type: 3min<br>Split: train
user21,3min,train,3855,-60.06158,-23.163872,20.223782,6.042258,User: user21<br>Type: 3min<br>Split: train
user22,3min,train,3856,-94.92357,6.672643,-13.15176,14.062282,User: user22<br>Type: 3min<br>Split: train
user24,3min,train,3857,-52.51017,5.934216,20.270681,12.145735,User: user24<br>Type: 3min<br>Split: train
user25,3min,train,3858,-132.98659,73.275345,8.292691,-6.3210487,User: user25<br>Type: 3min<br>Split: train
user27,3min,train,3859,154.21333,-52.922832,-19.616764,17.856909,User: user27<br>Type: 3min<br>Split: train
user3,3min,train,3860,-36.397167,58.08161,5.699207,-6.3629165,User: user3<br>Type: 3min<br>Split: train
user31,3min,train,3861,7.127656,-0.07572798,-20.347971,-1.8446889,User: user31<br>Type: 3min<br>Split: train
user33,3min,train,3862,-121.60412,127.08609,25.54558,29.813501,User: user33<br>Type: 3min<br>Split: train
user35,3min,train,3863,-11.778402,-11.859678,5.550148,-16.983034,User: user35<br>Type: 3min<br>Split: train
user4,3min,train,3864,-89.33292,51.406857,2.1494036,11.3902445,User: user4<br>Type: 3min<br>Split: train
user41,3min,train,3865,-126.0254,163.50269,9.229631,1.9117059,User: user41<br>Type: 3min<br>Split: train
user45,3min,train,3866,-22.06412,36.96605,25.990667,8.998937,User: user45<br>Type: 3min<br>Split: train
user49,3min,train,3867,142.51956,109.82349,9.283404,24.951488,User: user49<br>Type: 3min<br>Split: train
user5,3min,train,3868,-144.17363,2.538802,-16.973812,-0.8436912,User: user5<br>Type: 3min<br>Split: train
user53,3min,train,3869,91.53717,-59.223194,7.2656894,26.73115,User: user53<br>Type: 3min<br>Split: train
user54,3min,train,3870,41.798813,-47.438316,2.6682968,-21.202253,User: user54<br>Type: 3min<br>Split: train
user57,3min,train,3871,-92.59654,180.8146,-14.074877,-18.61482,User: user57<br>Type: 3min<br>Split: train
user59,3min,train,3872,-42.905766,122.347595,3.3196852,26.388632,User: user59<br>Type: 3min<br>Split: train
user60,3min,train,3873,104.54602,92.16839,29.853682,15.611572,User: user60<br>Type: 3min<br>Split: train
user61,3min,train,3874,13.136969,-132.71332,-1.2845612,18.319004,User: user61<br>Type: 3min<br>Split: train
user62,3min,train,3875,-161.29836,25.327385,-13.753667,-2.8365798,User: user62<br>Type: 3min<br>Split: train
user62,3min,train,3876,-105.7373,29.50931,15.860713,34.679844,User: user62<br>Type: 3min<br>Split: train
user63,3min,train,3877,-76.3527,-55.018288,-1.6554214,34.795467,User: user63<br>Type: 3min<br>Split: train
user64,3min,train,3878,-165.83238,-130.14728,7.064648,5.134534,User: user64<br>Type: 3min<br>Split: train
user68,3min,train,3879,-61.284966,-85.49953,0.60400677,4.173027,User: user68<br>Type: 3min<br>Split: train
user69,3min,train,3880,-101.18627,-143.4123,-1.1709884,-16.927626,User: user69<br>Type: 3min<br>Split: train
user70,3min,train,3881,-53.917717,-110.53692,15.039019,23.534328,User: user70<br>Type: 3min<br>Split: train
user74,3min,train,3882,-152.19351,138.6777,17.21048,-0.51122075,User: user74<br>Type: 3min<br>Split: train
user77,3min,train,3883,-142.63501,-48.656788,4.2891974,2.8728626,User: user77<br>Type: 3min<br>Split: train
user79,3min,train,3884,-30.512867,11.3816,8.376912,33.269146,User: user79<br>Type: 3min<br>Split: train
user81,3min,train,3885,-113.86219,54.042454,15.002481,15.258217,User: user81<br>Type: 3min<br>Split: train
user82,3min,train,3886,33.775627,-10.916876,15.153505,29.816593,User: user82<br>Type: 3min<br>Split: train
user86,3min,train,3887,-46.58125,-171.89458,26.831734,-18.543615,User: user86<br>Type: 3min<br>Split: train
user1,3min,train,3888,13.863741,76.31855,35.071682,22.497929,User: user1<br>Type: 3min<br>Split: train
user13,3min,train,3889,-138.71892,46.876972,18.852112,13.866955,User: user13<br>Type: 3min<br>Split: train
user15,3min,train,3890,-108.41618,-112.25345,19.089329,27.051552,User: user15<br>Type: 3min<br>Split: train
user17,3min,train,3891,-195.68074,-15.931047,18.266567,-9.525306,User: user17<br>Type: 3min<br>Split: train
user18,3min,train,3892,-63.888412,73.953804,6.9142966,1.2655923,User: user18<br>Type: 3min<br>Split: train
user20,3min,train,3893,-105.06311,77.88808,5.113342,5.9987755,User: user20<br>Type: 3min<br>Split: train
user21,3min,train,3894,-54.6782,-24.618101,20.214565,6.0516987,User: user21<br>Type: 3min<br>Split: train
user23,3min,train,3895,-98.451775,-20.052794,15.474115,6.319076,User: user23<br>Type: 3min<br>Split: train
user25,3min,train,3896,-132.98659,73.275345,8.290718,-6.3187585,User: user25<br>Type: 3min<br>Split: train
user26,3min,train,3897,-73.31034,115.66984,-18.534538,14.745293,User: user26<br>Type: 3min<br>Split: train
user3,3min,train,3898,-33.07321,53.066944,5.6887217,-6.3728456,User: user3<br>Type: 3min<br>Split: train
user30,3min,train,3899,-133.4254,-133.25356,2.6680372,-12.055363,User: user30<br>Type: 3min<br>Split: train
user33,3min,train,3900,-121.60412,127.08609,25.527937,29.83109,User: user33<br>Type: 3min<br>Split: train
user34,3min,train,3901,-46.07739,-41.95224,8.066151,-15.745551,User: user34<br>Type: 3min<br>Split: train
user36,3min,train,3902,-196.6053,-46.669827,1.9393448,-7.8844213,User: user36<br>Type: 3min<br>Split: train
user37,3min,train,3903,22.970564,107.643776,8.955299,7.329071,User: user37<br>Type: 3min<br>Split: train
user4,3min,train,3904,-89.33292,51.406857,-3.4361782,17.714914,User: user4<br>Type: 3min<br>Split: train
user40,3min,train,3905,-75.781364,-8.141219,-8.476877,-16.178026,User: user40<br>Type: 3min<br>Split: train
user41,3min,train,3906,-126.0254,163.50269,9.229513,1.9118282,User: user41<br>Type: 3min<br>Split: train
user46,3min,train,3907,-11.69883,-30.652655,-2.1343784,21.79749,User: user46<br>Type: 3min<br>Split: train
user47,3min,train,3908,58.35414,-1.0038519,1.1654754,28.875418,User: user47<br>Type: 3min<br>Split: train
user48,3min,train,3909,63.466167,45.12324,14.286323,-18.681847,User: user48<br>Type: 3min<br>Split: train
user49,3min,train,3910,142.51956,109.82349,9.282386,24.951725,User: user49<br>Type: 3min<br>Split: train
user56,3min,train,3911,-116.01288,-83.58743,-6.628998,32.57383,User: user56<br>Type: 3min<br>Split: train
user60,3min,train,3912,104.54602,92.16839,29.853632,15.611451,User: user60<br>Type: 3min<br>Split: train
user61,3min,train,3913,13.136969,-132.71332,-0.60289997,6.8425574,User: user61<br>Type: 3min<br>Split: train
user62,3min,train,3914,-105.7373,29.50931,15.815602,34.634686,User: user62<br>Type: 3min<br>Split: train
user65,3min,train,3915,31.86232,-94.33745,3.031829,5.3170996,User: user65<br>Type: 3min<br>Split: train
user67,3min,train,3916,-122.12124,97.05209,19.179497,16.318447,User: user67<br>Type: 3min<br>Split: train
user69,3min,train,3917,-101.18627,-143.4123,-2.2298052,-14.210613,User: user69<br>Type: 3min<br>Split: train
user74,3min,train,3918,-152.19351,138.6777,17.211565,-0.5104615,User: user74<br>Type: 3min<br>Split: train
user76,3min,train,3919,138.65271,-15.393615,23.24262,0.02539121,User: user76<br>Type: 3min<br>Split: train
user78,3min,train,3920,-170.96631,-1.9590068,-18.496294,24.986422,User: user78<br>Type: 3min<br>Split: train
user79,3min,train,3921,-30.512867,11.3816,8.387498,33.27975,User: user79<br>Type: 3min<br>Split: train
user80,3min,train,3922,84.20569,-148.9275,20.80802,21.36635,User: user80<br>Type: 3min<br>Split: train
user81,3min,train,3923,-113.86219,54.042454,15.019944,15.243404,User: user81<br>Type: 3min<br>Split: train
user86,3min,train,3924,-46.58125,-171.89458,26.837667,-18.535505,User: user86<br>Type: 3min<br>Split: train
user9,3min,train,3925,75.78509,66.43162,-0.3316299,-26.636957,User: user9<br>Type: 3min<br>Split: train
user1,3min,train,3926,17.276632,72.5268,35.071793,22.49803,User: user1<br>Type: 3min<br>Split: train
user10,3min,train,3927,-1.3907136,97.334656,-6.090638,-4.1294785,User: user10<br>Type: 3min<br>Split: train
user11,3min,train,3928,-137.4076,-103.33537,30.568707,5.0231304,User: user11<br>Type: 3min<br>Split: train
user13,3min,train,3929,-138.71892,46.876972,18.882364,13.898409,User: user13<br>Type: 3min<br>Split: train
user15,3min,train,3930,-108.41618,-112.25345,19.08926,27.05152,User: user15<br>Type: 3min<br>Split: train
user16,3min,train,3931,-14.740286,205.85985,11.462376,7.5935817,User: user16<br>Type: 3min<br>Split: train
user17,3min,train,3932,-195.68074,-15.931047,18.26667,-9.525296,User: user17<br>Type: 3min<br>Split: train
user20,3min,train,3933,-105.06311,77.88808,5.097438,6.0141754,User: user20<br>Type: 3min<br>Split: train
user22,3min,train,3934,-94.92357,6.672643,-13.16425,14.050173,User: user22<br>Type: 3min<br>Split: train
user23,3min,train,3935,-91.27516,-27.560137,15.442864,6.3500466,User: user23<br>Type: 3min<br>Split: train
user24,3min,train,3936,-52.51017,5.934216,20.27013,12.145806,User: user24<br>Type: 3min<br>Split: train
user25,3min,train,3937,-132.98659,73.275345,19.351196,-5.619383,User: user25<br>Type: 3min<br>Split: train
user26,3min,train,3938,-73.31034,115.66984,-18.512356,14.723019,User: user26<br>Type: 3min<br>Split: train
user29,3min,train,3939,-164.6717,54.795074,0.45956713,31.133099,User: user29<br>Type: 3min<br>Split: train
user32,3min,train,3940,-52.54509,200.63278,-5.659515,-7.607096,User: user32<br>Type: 3min<br>Split: train
user35,3min,train,3941,-11.778402,-11.859678,5.5759892,-16.956707,User: user35<br>Type: 3min<br>Split: train
user39,3min,train,3942,-83.50522,-99.28785,-5.204153,-14.2694845,User: user39<br>Type: 3min<br>Split: train
user45,3min,train,3943,-27.081148,36.82445,25.990675,8.999012,User: user45<br>Type: 3min<br>Split: train
user48,3min,train,3944,63.466167,45.12324,14.268719,-18.66539,User: user48<br>Type: 3min<br>Split: train
user49,3min,train,3945,142.51956,109.82349,9.288878,24.94568,User: user49<br>Type: 3min<br>Split: train
user5,3min,train,3946,-144.17363,2.538802,-16.96582,-0.8525366,User: user5<br>Type: 3min<br>Split: train
user50,3min,train,3947,-165.25569,-29.547632,-3.852524,11.546659,User: user50<br>Type: 3min<br>Split: train
user52,3min,train,3948,-137.88318,-23.181454,14.368989,-24.73197,User: user52<br>Type: 3min<br>Split: train
user53,3min,train,3949,91.53717,-59.223194,7.265516,26.731318,User: user53<br>Type: 3min<br>Split: train
user56,3min,train,3950,-116.01288,-83.58743,-6.643653,32.588276,User: user56<br>Type: 3min<br>Split: train
user59,3min,train,3951,-42.905766,122.347595,3.3155425,26.387257,User: user59<br>Type: 3min<br>Split: train
user6,3min,train,3952,-143.42564,-76.430695,-25.470335,8.59354,User: user6<br>Type: 3min<br>Split: train
user61,3min,train,3953,13.136969,-132.71332,-1.2829627,18.31737,User: user61<br>Type: 3min<br>Split: train
user65,3min,train,3954,31.86232,-94.33745,-5.6671457,-18.457521,User: user65<br>Type: 3min<br>Split: train
user66,3min,train,3955,-30.797297,-98.508545,13.317503,20.403576,User: user66<br>Type: 3min<br>Split: train
user68,3min,train,3956,-61.284966,-85.49953,0.70329386,4.2720017,User: user68<br>Type: 3min<br>Split: train
user7,3min,train,3957,-7.1419573,-177.19244,9.890885,-13.2484255,User: user7<br>Type: 3min<br>Split: train
user75,3min,train,3958,117.40484,166.2063,-13.829107,26.537058,User: user75<br>Type: 3min<br>Split: train
user78,3min,train,3959,-170.96631,-1.9590068,-18.499723,24.967154,User: user78<br>Type: 3min<br>Split: train
user79,3min,train,3960,-30.512867,11.3816,8.3749275,33.267204,User: user79<br>Type: 3min<br>Split: train
user80,3min,train,3961,84.20569,-148.9275,10.50005,-5.8594847,User: user80<br>Type: 3min<br>Split: train
user82,3min,train,3962,33.775627,-10.916876,15.155964,29.813831,User: user82<br>Type: 3min<br>Split: train
user86,3min,train,3963,-46.58125,-171.89458,26.838394,-18.534342,User: user86<br>Type: 3min<br>Split: train
user88,3min,train,3964,15.223314,-78.70015,-17.125631,2.6653833,User: user88<br>Type: 3min<br>Split: train
user1,3min,train,3965,13.863741,76.31855,35.075157,22.501438,User: user1<br>Type: 3min<br>Split: train
user13,3min,train,3966,-138.71892,46.876972,18.877357,13.89356,User: user13<br>Type: 3min<br>Split: train
user16,3min,train,3967,-14.740286,205.85985,11.527681,7.527795,User: user16<br>Type: 3min<br>Split: train
user18,3min,train,3968,-63.888412,73.953804,6.9143205,1.2667503,User: user18<br>Type: 3min<br>Split: train
user20,3min,train,3969,-105.06311,77.88808,5.10557,6.015468,User: user20<br>Type: 3min<br>Split: train
user21,3min,train,3970,-54.6782,-24.618101,20.19762,6.068446,User: user21<br>Type: 3min<br>Split: train
user22,3min,train,3971,-94.92357,6.672643,-13.162354,14.051778,User: user22<br>Type: 3min<br>Split: train
user24,3min,train,3972,-52.51017,5.934216,20.270592,12.146043,User: user24<br>Type: 3min<br>Split: train
user26,3min,train,3973,-73.31034,115.66984,-18.521824,14.732335,User: user26<br>Type: 3min<br>Split: train
user28,3min,train,3974,-16.752575,142.8599,26.759008,-13.167605,User: user28<br>Type: 3min<br>Split: train
user35,3min,train,3975,167.05638,-2.6472218,28.608543,-10.372824,User: user35<br>Type: 3min<br>Split: train
user36,3min,train,3976,-196.6053,-46.669827,1.9249284,-7.898425,User: user36<br>Type: 3min<br>Split: train
user37,3min,train,3977,22.970564,107.643776,8.347763,7.8372993,User: user37<br>Type: 3min<br>Split: train
user40,3min,train,3978,-76.4712,-2.9430878,-8.475509,-16.18207,User: user40<br>Type: 3min<br>Split: train
user41,3min,train,3979,-126.0254,163.50269,9.212315,1.9233657,User: user41<br>Type: 3min<br>Split: train
user43,3min,train,3980,-38.40839,81.84102,-8.533871,-11.884499,User: user43<br>Type: 3min<br>Split: train
user44,3min,train,3981,-81.92371,-38.51104,-17.89914,31.557,User: user44<br>Type: 3min<br>Split: train
user45,3min,train,3982,-27.081148,36.82445,25.990665,8.998733,User: user45<br>Type: 3min<br>Split: train
user47,3min,train,3983,58.35414,-1.0038519,1.1746558,28.871395,User: user47<br>Type: 3min<br>Split: train
user50,3min,train,3984,-165.25569,-29.547632,11.510251,-0.3226793,User: user50<br>Type: 3min<br>Split: train
user52,3min,train,3985,-137.88318,-23.181454,14.369051,-24.732365,User: user52<br>Type: 3min<br>Split: train
user54,3min,train,3986,48.614914,-41.05999,2.6536028,-21.190952,User: user54<br>Type: 3min<br>Split: train
user57,3min,train,3987,-92.59654,180.8146,-3.3828454,1.264398,User: user57<br>Type: 3min<br>Split: train
user58,3min,train,3988,-194.49309,-81.73398,-10.251564,-18.946678,User: user58<br>Type: 3min<br>Split: train
user59,3min,train,3989,-42.905766,122.347595,27.518215,4.750982,User: user59<br>Type: 3min<br>Split: train
user60,3min,train,3990,104.54602,92.16839,11.126082,18.472795,User: user60<br>Type: 3min<br>Split: train
user61,3min,train,3991,13.136969,-132.71332,-0.6030027,6.8427305,User: user61<br>Type: 3min<br>Split: train
user64,3min,train,3992,-165.83238,-130.14728,6.997668,5.067713,User: user64<br>Type: 3min<br>Split: train
user65,3min,train,3993,31.86232,-94.33745,-5.6675663,-18.457724,User: user65<br>Type: 3min<br>Split: train
user67,3min,train,3994,-122.12124,97.05209,19.193075,16.333326,User: user67<br>Type: 3min<br>Split: train
user68,3min,train,3995,-61.284966,-85.49953,0.7089299,4.2774673,User: user68<br>Type: 3min<br>Split: train
user69,3min,train,3996,-101.18627,-143.4123,-1.1712104,-16.927402,User: user69<br>Type: 3min<br>Split: train
user7,3min,train,3997,-7.1419573,-177.19244,-5.6068482,9.460971,User: user7<br>Type: 3min<br>Split: train
user71,3min,train,3998,131.66515,-36.84476,-6.5294213,26.984474,User: user71<br>Type: 3min<br>Split: train
user74,3min,train,3999,-152.19351,138.6777,17.22859,-0.49341115,User: user74<br>Type: 3min<br>Split: train
user79,3min,train,4000,-30.512867,11.3816,8.379456,33.27171,User: user79<br>Type: 3min<br>Split: train
user8,3min,train,4001,-129.58746,24.109426,15.684818,19.51235,User: user8<br>Type: 3min<br>Split: train
user81,3min,train,4002,-113.86219,54.042454,14.976326,15.286191,User: user81<br>Type: 3min<br>Split: train
user82,3min,train,4003,29.121454,-13.748628,15.152175,29.817629,User: user82<br>Type: 3min<br>Split: train
user84,3min,train,4004,-97.5791,146.49004,20.32689,30.362532,User: user84<br>Type: 3min<br>Split: train
user85,3min,train,4005,136.38219,-81.04708,-10.986334,16.727543,User: user85<br>Type: 3min<br>Split: train
user87,3min,train,4006,13.01546,52.540264,-2.8668694,24.234428,User: user87<br>Type: 3min<br>Split: train
user9,3min,train,4007,75.78509,66.43162,-0.3574378,-26.6114,User: user9<br>Type: 3min<br>Split: train
user10,3min,train,4008,-1.3907136,97.334656,-6.0837603,-4.120448,User: user10<br>Type: 3min<br>Split: train
user11,3min,train,4009,-137.4076,-103.33537,30.585075,5.0393643,User: user11<br>Type: 3min<br>Split: train
user15,3min,train,4010,-108.41618,-112.25345,19.089272,27.051723,User: user15<br>Type: 3min<br>Split: train
user18,3min,train,4011,-63.888412,73.953804,6.9154325,1.2662927,User: user18<br>Type: 3min<br>Split: train
user19,3min,train,4012,-166.4242,-96.49441,3.1649578,-25.812796,User: user19<br>Type: 3min<br>Split: train
user2,3min,train,4013,60.334183,-131.87576,-20.23154,8.412538,User: user2<br>Type: 3min<br>Split: train
user21,3min,train,4014,-60.06158,-23.163872,20.21414,6.0519686,User: user21<br>Type: 3min<br>Split: train
user23,3min,train,4015,-98.451775,-20.052794,15.440102,6.353243,User: user23<br>Type: 3min<br>Split: train
user24,3min,train,4016,-52.40137,0.21165341,5.5104675,18.400906,User: user24<br>Type: 3min<br>Split: train
user25,3min,train,4017,-132.98659,73.275345,8.290596,-6.3188205,User: user25<br>Type: 3min<br>Split: train
user29,3min,train,4018,-164.6717,54.795074,0.45872712,31.134256,User: user29<br>Type: 3min<br>Split: train
user3,3min,train,4019,-38.06489,53.211464,5.6993914,-6.3625145,User: user3<br>Type: 3min<br>Split: train
user30,3min,train,4020,-133.4254,-133.25356,2.6549692,-12.042535,User: user30<br>Type: 3min<br>Split: train
user31,3min,train,4021,7.127656,-0.07572798,-20.372175,-1.8688751,User: user31<br>Type: 3min<br>Split: train
user32,3min,train,4022,-52.54509,200.63278,-5.8522124,-7.8012714,User: user32<br>Type: 3min<br>Split: train
user34,3min,train,4023,-42.164413,-38.25206,-9.29662,-1.6803654,User: user34<br>Type: 3min<br>Split: train
user35,3min,train,4024,-11.778402,-11.859678,5.5752463,-16.9575,User: user35<br>Type: 3min<br>Split: train
user36,3min,train,4025,-196.6053,-46.669827,1.9367527,-7.8870373,User: user36<br>Type: 3min<br>Split: train
user37,3min,train,4026,22.970564,107.643776,8.341421,7.8404036,User: user37<br>Type: 3min<br>Split: train
user38,3min,train,4027,-62.84318,171.02867,16.092033,-22.238785,User: user38<br>Type: 3min<br>Split: train
user39,3min,train,4028,-83.50522,-99.28785,17.793488,7.784526,User: user39<br>Type: 3min<br>Split: train
user4,3min,train,4029,-89.33292,51.406857,2.1635203,11.392943,User: user4<br>Type: 3min<br>Split: train
user41,3min,train,4030,-126.0254,163.50269,9.229451,1.9120158,User: user41<br>Type: 3min<br>Split: train
user42,3min,train,4031,11.140395,147.74826,23.136307,25.941206,User: user42<br>Type: 3min<br>Split: train
user43,3min,train,4032,-38.40839,81.84102,-8.510393,-11.863033,User: user43<br>Type: 3min<br>Split: train
user44,3min,train,4033,-97.63191,-53.365215,-17.886732,31.544744,User: user44<br>Type: 3min<br>Split: train
user45,3min,train,4034,-27.081148,36.82445,26.001408,8.988152,User: user45<br>Type: 3min<br>Split: train
user46,3min,train,4035,-11.69883,-30.652655,-2.134529,21.79736,User: user46<br>Type: 3min<br>Split: train
user49,3min,train,4036,142.51956,109.82349,9.288486,24.95653,User: user49<br>Type: 3min<br>Split: train
user5,3min,train,4037,-144.17363,2.538802,-16.987179,-0.8312982,User: user5<br>Type: 3min<br>Split: train
user51,3min,train,4038,-34.59145,-16.559484,-23.961952,5.0998588,User: user51<br>Type: 3min<br>Split: train
user53,3min,train,4039,91.53717,-59.223194,27.721176,18.530005,User: user53<br>Type: 3min<br>Split: train
user54,3min,train,4040,50.826115,-46.471756,2.6540062,-21.192268,User: user54<br>Type: 3min<br>Split: train
user62,3min,train,4041,-161.29836,25.327385,-13.7599325,-2.8302832,User: user62<br>Type: 3min<br>Split: train
user62,3min,train,4042,-105.7373,29.50931,15.829544,34.6486,User: user62<br>Type: 3min<br>Split: train
user64,3min,train,4043,-165.83238,-130.14728,6.975328,5.045443,User: user64<br>Type: 3min<br>Split: train
user67,3min,train,4044,-122.12124,97.05209,19.177774,16.31655,User: user67<br>Type: 3min<br>Split: train
user7,3min,train,4045,-7.1419573,-177.19244,-5.606881,9.460689,User: user7<br>Type: 3min<br>Split: train
user71,3min,train,4046,131.66515,-36.84476,-6.555073,27.009815,User: user71<br>Type: 3min<br>Split: train
user73,3min,train,4047,-22.528036,-53.160408,15.005631,1.8630638,User: user73<br>Type: 3min<br>Split: train
user76,3min,train,4048,138.65271,-15.393615,23.363485,0.14752857,User: user76<br>Type: 3min<br>Split: train
user80,3min,train,4049,84.20569,-148.9275,10.515066,-5.8741984,User: user80<br>Type: 3min<br>Split: train
user81,3min,train,4050,-113.86219,54.042454,14.994459,15.268223,User: user81<br>Type: 3min<br>Split: train
user82,3min,train,4051,29.121454,-13.748628,15.147904,29.812979,User: user82<br>Type: 3min<br>Split: train
user83,3min,train,4052,-25.770061,-124.25772,24.102367,18.686464,User: user83<br>Type: 3min<br>Split: train
user88,3min,train,4053,15.223314,-78.70015,22.939344,5.093706,User: user88<br>Type: 3min<br>Split: train
user89,3min,train,4054,140.6399,-112.28211,36.144,5.2216187,User: user89<br>Type: 3min<br>Split: train
user9,3min,train,4055,75.78509,66.43162,-0.3324494,-26.636192,User: user9<br>Type: 3min<br>Split: train
user11,3min,train,4056,-137.4076,-103.33537,30.598627,5.052972,User: user11<br>Type: 3min<br>Split: train
user12,3min,train,4057,-72.13619,-156.55666,-10.840642,-8.485188,User: user12<br>Type: 3min<br>Split: train
user13,3min,train,4058,-138.71892,46.876972,18.86559,13.881492,User: user13<br>Type: 3min<br>Split: train
user17,3min,train,4059,-195.68074,-15.931047,-12.422772,-6.0038137,User: user17<br>Type: 3min<br>Split: train
user18,3min,train,4060,-63.888412,73.953804,6.9033065,1.2747908,User: user18<br>Type: 3min<br>Split: train
user22,3min,train,4061,-94.92357,6.672643,-13.14953,14.064509,User: user22<br>Type: 3min<br>Split: train
user26,3min,train,4062,-73.31034,115.66984,-18.512487,14.72318,User: user26<br>Type: 3min<br>Split: train
user27,3min,train,4063,154.21333,-52.922832,-19.596626,17.87508,User: user27<br>Type: 3min<br>Split: train
user28,3min,train,4064,-16.752575,142.8599,26.758814,-13.167759,User: user28<br>Type: 3min<br>Split: train
user3,3min,train,4065,-38.06489,53.211464,5.699582,-6.3626404,User: user3<br>Type: 3min<br>Split: train
user30,3min,train,4066,-133.4254,-133.25356,0.701191,-10.8467,User: user30<br>Type: 3min<br>Split: train
user32,3min,train,4067,-52.54509,200.63278,-5.6444016,-7.5921063,User: user32<br>Type: 3min<br>Split: train
user33,3min,train,4068,-121.60412,127.08609,25.528131,29.8304,User: user33<br>Type: 3min<br>Split: train
user35,3min,train,4069,167.05638,-2.6472218,28.647652,-10.333683,User: user35<br>Type: 3min<br>Split: train
user37,3min,train,4070,22.970564,107.643776,8.976407,7.3099384,User: user37<br>Type: 3min<br>Split: train
user38,3min,train,4071,-62.84318,171.02867,16.088549,-22.242453,User: user38<br>Type: 3min<br>Split: train
user4,3min,train,4072,-89.33292,51.406857,-3.436817,17.716629,User: user4<br>Type: 3min<br>Split: train
user40,3min,train,4073,-76.4712,-2.9430878,-8.4778,-16.185448,User: user40<br>Type: 3min<br>Split: train
user41,3min,train,4074,-126.0254,163.50269,5.9903336,-1.0476553,User: user41<br>Type: 3min<br>Split: train
user43,3min,train,4075,-38.40839,81.84102,21.058868,0.50419843,User: user43<br>Type: 3min<br>Split: train
user46,3min,train,4076,-11.69883,-30.652655,-2.1402216,21.803167,User: user46<br>Type: 3min<br>Split: train
user48,3min,train,4077,63.466167,45.12324,14.268808,-18.664375,User: user48<br>Type: 3min<br>Split: train
user5,3min,train,4078,-144.17363,2.538802,-16.97395,-0.84417194,User: user5<br>Type: 3min<br>Split: train
user50,3min,train,4079,-165.25569,-29.547632,-3.8521044,11.546796,User: user50<br>Type: 3min<br>Split: train
user52,3min,train,4080,-137.88318,-23.181454,-4.096348,-17.23554,User: user52<br>Type: 3min<br>Split: train
user54,3min,train,4081,50.826115,-46.471756,2.6601722,-21.198164,User: user54<br>Type: 3min<br>Split: train
user55,3min,train,4082,-12.099864,53.11249,-2.8215585,-2.4220977,User: user55<br>Type: 3min<br>Split: train
user56,3min,train,4083,-116.01288,-83.58743,-6.560721,32.505196,User: user56<br>Type: 3min<br>Split: train
user60,3min,train,4084,104.54602,92.16839,11.1269,18.475908,User: user60<br>Type: 3min<br>Split: train
user61,3min,train,4085,13.136969,-132.71332,-0.6029655,6.8423786,User: user61<br>Type: 3min<br>Split: train
user67,3min,train,4086,-122.12124,97.05209,19.164186,16.302946,User: user67<br>Type: 3min<br>Split: train
user69,3min,train,4087,-101.18627,-143.4123,-2.2276108,-14.2077675,User: user69<br>Type: 3min<br>Split: train
user70,3min,train,4088,-53.917717,-110.53692,4.879194,23.325136,User: user70<br>Type: 3min<br>Split: train
user71,3min,train,4089,131.66515,-36.84476,-6.5281224,26.982925,User: user71<br>Type: 3min<br>Split: train
user72,3min,train,4090,13.62859,22.772324,32.84295,1.1932788,User: user72<br>Type: 3min<br>Split: train
user73,3min,train,4091,-22.528036,-53.160408,14.934477,1.9334811,User: user73<br>Type: 3min<br>Split: train
user75,3min,train,4092,117.40484,166.2063,-13.844759,26.522623,User: user75<br>Type: 3min<br>Split: train
user76,3min,train,4093,138.65271,-15.393615,23.26089,0.04319295,User: user76<br>Type: 3min<br>Split: train
user79,3min,train,4094,-24.637455,17.447674,8.377544,33.269787,User: user79<br>Type: 3min<br>Split: train
user80,3min,train,4095,84.20569,-148.9275,20.808622,21.366072,User: user80<br>Type: 3min<br>Split: train
user82,3min,train,4096,29.121454,-13.748628,15.151983,29.817469,User: user82<br>Type: 3min<br>Split: train
user83,3min,train,4097,-25.770061,-124.25772,24.111961,18.677004,User: user83<br>Type: 3min<br>Split: train
user89,3min,train,4098,140.6399,-112.28211,36.149742,5.2258153,User: user89<br>Type: 3min<br>Split: train
user10,3min,train,4099,-1.3907136,97.334656,-6.083436,-4.122342,User: user10<br>Type: 3min<br>Split: train
user14,3min,train,4100,-145.96432,107.237465,-13.726728,-14.912503,User: user14<br>Type: 3min<br>Split: train
user18,3min,train,4101,-63.888412,73.953804,6.9151325,1.2668192,User: user18<br>Type: 3min<br>Split: train
user24,3min,train,4102,-52.40137,0.21165341,5.4954033,18.386806,User: user24<br>Type: 3min<br>Split: train
user25,3min,train,4103,-132.98659,73.275345,19.351248,-5.6193404,User: user25<br>Type: 3min<br>Split: train
user26,3min,train,4104,-73.31034,115.66984,-18.497547,14.708203,User: user26<br>Type: 3min<br>Split: train
user27,3min,train,4105,154.21333,-52.922832,-19.59414,17.878994,User: user27<br>Type: 3min<br>Split: train
user30,3min,train,4106,-133.4254,-133.25356,2.6597557,-12.037248,User: user30<br>Type: 3min<br>Split: train
user31,3min,train,4107,7.127656,-0.07572798,-20.360735,-1.8575573,User: user31<br>Type: 3min<br>Split: train
user33,3min,train,4108,-121.60412,127.08609,25.527899,29.831167,User: user33<br>Type: 3min<br>Split: train
user35,3min,train,4109,-11.778402,-11.859678,5.5899396,-16.971552,User: user35<br>Type: 3min<br>Split: train
user38,3min,train,4110,-62.84318,171.02867,16.102339,-22.24435,User: user38<br>Type: 3min<br>Split: train
user39,3min,train,4111,-83.50522,-99.28785,17.795494,7.782859,User: user39<br>Type: 3min<br>Split: train
user40,3min,train,4112,-76.4712,-2.9430878,-8.510008,-16.173689,User: user40<br>Type: 3min<br>Split: train
user41,3min,train,4113,-126.0254,163.50269,5.9970345,-1.0532771,User: user41<br>Type: 3min<br>Split: train
user43,3min,train,4114,-38.40839,81.84102,-8.525975,-11.877048,User: user43<br>Type: 3min<br>Split: train
user44,3min,train,4115,-97.63191,-53.365215,-17.899231,31.557074,User: user44<br>Type: 3min<br>Split: train
user45,3min,train,4116,-22.06412,36.96605,25.981337,9.008596,User: user45<br>Type: 3min<br>Split: train
user47,3min,train,4117,58.35414,-1.0038519,1.1810355,28.865646,User: user47<br>Type: 3min<br>Split: train
user5,3min,train,4118,-144.17363,2.538802,-16.96202,-0.8504057,User: user5<br>Type: 3min<br>Split: train
user50,3min,train,4119,-165.25569,-29.547632,-3.8522973,11.546183,User: user50<br>Type: 3min<br>Split: train
user52,3min,train,4120,-137.88318,-23.181454,-4.0963173,-17.235554,User: user52<br>Type: 3min<br>Split: train
user55,3min,train,4121,-12.099864,53.11249,-2.820313,-2.4208775,User: user55<br>Type: 3min<br>Split: train
user56,3min,train,4122,-116.01288,-83.58743,-6.6049647,32.549595,User: user56<br>Type: 3min<br>Split: train
user57,3min,train,4123,-92.59654,180.8146,-14.074595,-18.61455,User: user57<br>Type: 3min<br>Split: train
user58,3min,train,4124,-194.49309,-81.73398,-10.294741,-18.903772,User: user58<br>Type: 3min<br>Split: train
user60,3min,train,4125,104.54602,92.16839,29.853628,15.611433,User: user60<br>Type: 3min<br>Split: train
user62,3min,train,4126,-161.29836,25.327385,-13.749941,-2.819121,User: user62<br>Type: 3min<br>Split: train
user64,3min,train,4127,-165.83238,-130.14728,7.0231323,5.0930314,User: user64<br>Type: 3min<br>Split: train
user65,3min,train,4128,31.86232,-94.33745,-5.6685023,-18.457216,User: user65<br>Type: 3min<br>Split: train
user67,3min,train,4129,-122.12124,97.05209,19.202087,16.342175,User: user67<br>Type: 3min<br>Split: train
user68,3min,train,4130,-61.284966,-85.49953,0.7046846,4.2736435,User: user68<br>Type: 3min<br>Split: train
user69,3min,train,4131,-101.18627,-143.4123,-1.1712137,-16.927427,User: user69<br>Type: 3min<br>Split: train
user7,3min,train,4132,-7.1419573,-177.19244,-5.607859,9.462922,User: user7<br>Type: 3min<br>Split: train
user74,3min,train,4133,-152.19351,138.6777,17.21266,-0.50926566,User: user74<br>Type: 3min<br>Split: train
user76,3min,train,4134,138.65271,-15.393615,23.361012,0.1455538,User: user76<br>Type: 3min<br>Split: train
user77,3min,train,4135,-142.63501,-48.656788,4.1337895,2.7193286,User: user77<br>Type: 3min<br>Split: train
user79,3min,train,4136,-30.512867,11.3816,8.377336,33.269672,User: user79<br>Type: 3min<br>Split: train
user80,3min,train,4137,84.20569,-148.9275,10.514502,-5.8740134,User: user80<br>Type: 3min<br>Split: train
user85,3min,train,4138,136.38219,-81.04708,-11.003718,16.749044,User: user85<br>Type: 3min<br>Split: train
user86,3min,train,4139,-46.58125,-171.89458,26.839926,-18.534626,User: user86<br>Type: 3min<br>Split: train
user88,3min,train,4140,10.523731,-81.482994,-17.121552,2.6692355,User: user88<br>Type: 3min<br>Split: train
user12,3min,train,4141,-72.13619,-156.55666,-3.9387634,13.999259,User: user12<br>Type: 3min<br>Split: train
user13,3min,train,4142,-138.71892,46.876972,18.885412,13.901564,User: user13<br>Type: 3min<br>Split: train
user14,3min,train,4143,-145.96432,107.237465,-13.726753,-14.912593,User: user14<br>Type: 3min<br>Split: train
user15,3min,train,4144,-108.41618,-112.25345,0.16739225,23.529707,User: user15<br>Type: 3min<br>Split: train
user16,3min,train,4145,-14.740286,205.85985,11.5797615,7.475613,User: user16<br>Type: 3min<br>Split: train
user17,3min,train,4146,-195.68074,-15.931047,-12.4242325,-6.003744,User: user17<br>Type: 3min<br>Split: train
user20,3min,train,4147,-105.06311,77.88808,5.0976663,6.0142756,User: user20<br>Type: 3min<br>Split: train
user22,3min,train,4148,-94.92357,6.672643,-13.170383,14.036574,User: user22<br>Type: 3min<br>Split: train
user23,3min,train,4149,-98.451775,-20.052794,15.432825,6.3606367,User: user23<br>Type: 3min<br>Split: train
user29,3min,train,4150,-164.6717,54.795074,-6.5375357,22.491755,User: user29<br>Type: 3min<br>Split: train
user3,3min,train,4151,-38.06489,53.211464,5.6474056,-6.4139557,User: user3<br>Type: 3min<br>Split: train
user35,3min,train,4152,167.05638,-2.6472218,28.644266,-10.337105,User: user35<br>Type: 3min<br>Split: train
user36,3min,train,4153,-196.6053,-46.669827,1.9432849,-7.880441,User: user36<br>Type: 3min<br>Split: train
user37,3min,train,4154,22.970564,107.643776,8.967942,7.3187013,User: user37<br>Type: 3min<br>Split: train
user38,3min,train,4155,-62.84318,171.02867,16.079258,-22.25219,User: user38<br>Type: 3min<br>Split: train
user4,3min,train,4156,-89.33292,51.406857,-3.4507673,17.702301,User: user4<br>Type: 3min<br>Split: train
user40,3min,train,4157,-71.57965,-4.132366,-8.489231,-16.195705,User: user40<br>Type: 3min<br>Split: train
user41,3min,train,4158,-126.0254,163.50269,5.990752,-1.0483499,User: user41<br>Type: 3min<br>Split: train
user42,3min,train,4159,11.140395,147.74826,23.0718,25.876266,User: user42<br>Type: 3min<br>Split: train
user45,3min,train,4160,-22.06412,36.96605,26.00253,8.987732,User: user45<br>Type: 3min<br>Split: train
user47,3min,train,4161,58.35414,-1.0038519,1.1770914,28.872843,User: user47<br>Type: 3min<br>Split: train
user48,3min,train,4162,63.466167,45.12324,14.286266,-18.68156,User: user48<br>Type: 3min<br>Split: train
user5,3min,train,4163,-144.17363,2.538802,0.9519507,-13.787058,User: user5<br>Type: 3min<br>Split: train
user52,3min,train,4164,-137.88318,-23.181454,14.369054,-24.732256,User: user52<br>Type: 3min<br>Split: train
user53,3min,train,4165,91.53717,-59.223194,7.2655115,26.731136,User: user53<br>Type: 3min<br>Split: train
user54,3min,train,4166,48.614914,-41.05999,2.6423688,-21.180326,User: user54<br>Type: 3min<br>Split: train
user56,3min,train,4167,-116.01288,-83.58743,-6.629994,32.574654,User: user56<br>Type: 3min<br>Split: train
user57,3min,train,4168,-92.59654,180.8146,-14.075065,-18.614895,User: user57<br>Type: 3min<br>Split: train
user6,3min,train,4169,-143.42564,-76.430695,-25.46214,8.601762,User: user6<br>Type: 3min<br>Split: train
user60,3min,train,4170,104.54602,92.16839,11.126878,18.475935,User: user60<br>Type: 3min<br>Split: train
user61,3min,train,4171,13.136969,-132.71332,-0.60371894,6.842285,User: user61<br>Type: 3min<br>Split: train
user62,3min,train,4172,-105.7373,29.50931,15.830474,34.65027,User: user62<br>Type: 3min<br>Split: train
user63,3min,train,4173,-76.3527,-55.018288,11.383377,-7.2506404,User: user63<br>Type: 3min<br>Split: train
user64,3min,train,4174,-165.83238,-130.14728,7.0542145,5.1243334,User: user64<br>Type: 3min<br>Split: train
user66,3min,train,4175,-30.797297,-98.508545,13.332765,20.395655,User: user66<br>Type: 3min<br>Split: train
user68,3min,train,4176,-61.284966,-85.49953,0.707415,4.2759714,User: user68<br>Type: 3min<br>Split: train
user69,3min,train,4177,-101.18627,-143.4123,-1.1715499,-16.927574,User: user69<br>Type: 3min<br>Split: train
user7,3min,train,4178,-7.1419573,-177.19244,9.890735,-13.248287,User: user7<br>Type: 3min<br>Split: train
user72,3min,train,4179,13.62859,22.772324,32.811543,1.227574,User: user72<br>Type: 3min<br>Split: train
user74,3min,train,4180,-152.19351,138.6777,17.211483,-0.5104663,User: user74<br>Type: 3min<br>Split: train
user75,3min,train,4181,117.40484,166.2063,-13.829081,26.536919,User: user75<br>Type: 3min<br>Split: train
user77,3min,train,4182,-142.63501,-48.656788,4.1137705,2.6983314,User: user77<br>Type: 3min<br>Split: train
user78,3min,train,4183,-170.96631,-1.9590068,-18.499031,24.982948,User: user78<br>Type: 3min<br>Split: train
user81,3min,train,4184,-113.86219,54.042454,10.696086,4.2316017,User: user81<br>Type: 3min<br>Split: train
user83,3min,train,4185,-25.770061,-124.25772,24.141636,18.646866,User: user83<br>Type: 3min<br>Split: train
user84,3min,train,4186,-97.5791,146.49004,20.335907,30.356827,User: user84<br>Type: 3min<br>Split: train
user89,3min,train,4187,140.6399,-112.28211,36.15634,5.2357154,User: user89<br>Type: 3min<br>Split: train
user100,1min,val,0,-6.4724936,167.51852,18.748796,0.19333859,User: user100<br>Type: 1min<br>Split: val
user101,1min,val,1,88.32552,-16.830685,9.765609,16.956802,User: user101<br>Type: 1min<br>Split: val
user102,1min,val,2,9.888747,195.0075,-0.03053638,10.3839655,User: user102<br>Type: 1min<br>Split: val
user103,1min,val,3,57.67388,131.61772,7.513881,11.580724,User: user103<br>Type: 1min<br>Split: val
user104,1min,val,4,69.44672,-35.409847,9.384168,-3.747121,User: user104<br>Type: 1min<br>Split: val
user90,1min,val,5,51.07683,-106.548065,12.00883,13.897904,User: user90<br>Type: 1min<br>Split: val
user91,1min,val,6,66.86566,192.36058,1.406462,-2.2732344,User: user91<br>Type: 1min<br>Split: val
user92,1min,val,7,119.98148,7.007612,18.09254,10.208936,User: user92<br>Type: 1min<br>Split: val
user93,1min,val,8,-61.950367,38.976505,0.08119219,-3.804436,User: user93<br>Type: 1min<br>Split: val
user94,1min,val,9,104.86624,-79.54059,8.558629,-0.036312524,User: user94<br>Type: 1min<br>Split: val
user95,1min,val,10,-45.701546,-59.674324,-2.9102678,5.2973,User: user95<br>Type: 1min<br>Split: val
user96,1min,val,11,-93.61434,-38.470493,6.383117,9.215371,User: user96<br>Type: 1min<br>Split: val
user97,1min,val,12,77.48225,-81.751915,11.507374,9.819012,User: user97<br>Type: 1min<br>Split: val
user98,1min,val,13,83.375084,50.02451,-5.3783717,14.321923,User: user98<br>Type: 1min<br>Split: val
user99,1min,val,14,95.034515,-19.587454,-8.542152,10.947803,User: user99<br>Type: 1min<br>Split: val
user100,1min,val,15,-6.4724936,167.51852,18.748678,0.19338813,User: user100<br>Type: 1min<br>Split: val
user100,1min,val,16,-6.4724936,167.51852,18.746452,0.1948224,User: user100<br>Type: 1min<br>Split: val
user100,1min,val,17,-6.4724936,167.51852,18.748848,0.19374482,User: user100<br>Type: 1min<br>Split: val
user100,1min,val,18,-6.4724936,167.51852,18.74861,0.19338638,User: user100<br>Type: 1min<br>Split: val
user100,1min,val,19,-6.4724936,167.51852,18.748749,0.19352856,User: user100<br>Type: 1min<br>Split: val
user100,1min,val,20,-6.4724936,167.51852,18.749128,0.19376625,User: user100<br>Type: 1min<br>Split: val
user100,1min,val,21,-6.4724936,167.51852,18.748758,0.19366695,User: user100<br>Type: 1min<br>Split: val
user100,1min,val,22,-6.4724936,167.51852,18.748552,0.19348413,User: user100<br>Type: 1min<br>Split: val
user100,1min,val,23,-6.4724936,167.51852,18.74879,0.19099188,User: user100<br>Type: 1min<br>Split: val
user100,1min,val,24,-6.4724936,167.51852,18.749374,0.19364378,User: user100<br>Type: 1min<br>Split: val
user100,1min,val,25,-6.4724936,167.51852,18.74908,0.19356878,User: user100<br>Type: 1min<br>Split: val
user100,1min,val,26,-6.4724936,167.51852,18.748796,0.19361806,User: user100<br>Type: 1min<br>Split: val
user100,1min,val,27,-6.4724936,167.51852,18.74936,0.19367564,User: user100<br>Type: 1min<br>Split: val
user100,1min,val,28,-6.4724936,167.51852,18.749508,0.19368806,User: user100<br>Type: 1min<br>Split: val
user101,1min,val,29,88.32552,-16.830685,9.765926,16.956345,User: user101<br>Type: 1min<br>Split: val
user101,1min,val,30,87.49932,-20.431849,9.7669115,16.958044,User: user101<br>Type: 1min<br>Split: val
user101,1min,val,31,87.49932,-20.431849,9.765473,16.956255,User: user101<br>Type: 1min<br>Split: val
user101,1min,val,32,88.32552,-16.830685,9.765608,16.956326,User: user101<br>Type: 1min<br>Split: val
user101,1min,val,33,88.32552,-16.830685,9.765692,16.956362,User: user101<br>Type: 1min<br>Split: val
user101,1min,val,34,88.32552,-16.830685,9.765481,16.956474,User: user101<br>Type: 1min<br>Split: val
user101,1min,val,35,88.32552,-16.830685,9.765122,16.956898,User: user101<br>Type: 1min<br>Split: val
user101,1min,val,36,88.32552,-16.830685,9.765318,16.956686,User: user101<br>Type: 1min<br>Split: val
user101,1min,val,37,88.32552,-16.830685,9.765781,16.956533,User: user101<br>Type: 1min<br>Split: val
user101,1min,val,38,88.32552,-16.830685,9.765634,16.956444,User: user101<br>Type: 1min<br>Split: val
user101,1min,val,39,88.32552,-16.830685,9.765651,16.956472,User: user101<br>Type: 1min<br>Split: val
user101,1min,val,40,88.32552,-16.830685,9.7666645,16.95668,User: user101<br>Type: 1min<br>Split: val
user101,1min,val,41,88.32552,-16.830685,9.765678,16.956472,User: user101<br>Type: 1min<br>Split: val
user101,1min,val,42,88.32552,-16.830685,9.766517,16.956783,User: user101<br>Type: 1min<br>Split: val
user102,1min,val,43,9.888747,195.0075,-0.03068844,10.384288,User: user102<br>Type: 1min<br>Split: val
user102,1min,val,44,9.888747,195.0075,-0.030609803,10.383889,User: user102<br>Type: 1min<br>Split: val
user102,1min,val,45,9.888747,195.0075,-0.030443098,10.384009,User: user102<br>Type: 1min<br>Split: val
user102,1min,val,46,9.888747,195.0075,-0.03040052,10.3838215,User: user102<br>Type: 1min<br>Split: val
user102,1min,val,47,9.888747,195.0075,-0.030493058,10.383976,User: user102<br>Type: 1min<br>Split: val
user102,1min,val,48,9.888747,195.0075,-0.030511208,10.383959,User: user102<br>Type: 1min<br>Split: val
user102,1min,val,49,9.888747,195.0075,-0.030248875,10.384006,User: user102<br>Type: 1min<br>Split: val
user102,1min,val,50,9.888747,195.0075,-0.030479105,10.383942,User: user102<br>Type: 1min<br>Split: val
user102,1min,val,51,9.888747,195.0075,-0.030480213,10.383969,User: user102<br>Type: 1min<br>Split: val
user102,1min,val,52,9.888747,195.0075,-0.030417608,10.384037,User: user102<br>Type: 1min<br>Split: val
user102,1min,val,53,9.888747,195.0075,-0.030426951,10.384006,User: user102<br>Type: 1min<br>Split: val
user102,1min,val,54,9.888747,195.0075,-0.030460987,10.384017,User: user102<br>Type: 1min<br>Split: val
user102,1min,val,55,9.888747,195.0075,-0.030345848,10.384082,User: user102<br>Type: 1min<br>Split: val
user102,1min,val,56,9.888747,195.0075,-0.029925875,10.385009,User: user102<br>Type: 1min<br>Split: val
user103,1min,val,57,57.67388,131.61772,7.5185685,11.574163,User: user103<br>Type: 1min<br>Split: val
user103,1min,val,58,57.67388,131.61772,7.518412,11.574103,User: user103<br>Type: 1min<br>Split: val
user103,1min,val,59,57.67388,131.61772,7.5026655,11.589679,User: user103<br>Type: 1min<br>Split: val
user103,1min,val,60,57.67388,131.61772,7.5200357,11.570985,User: user103<br>Type: 1min<br>Split: val
user103,1min,val,61,57.67388,131.61772,7.5183377,11.574146,User: user103<br>Type: 1min<br>Split: val
user103,1min,val,62,54.190845,132.55135,7.5182066,11.574269,User: user103<br>Type: 1min<br>Split: val
user103,1min,val,63,54.190845,132.55135,7.5186505,11.573633,User: user103<br>Type: 1min<br>Split: val
user103,1min,val,64,57.67388,131.61772,7.516315,11.576047,User: user103<br>Type: 1min<br>Split: val
user103,1min,val,65,57.67388,131.61772,7.5182314,11.574149,User: user103<br>Type: 1min<br>Split: val
user103,1min,val,66,57.67388,131.61772,7.5183306,11.574147,User: user103<br>Type: 1min<br>Split: val
user103,1min,val,67,57.67388,131.61772,7.518603,11.573125,User: user103<br>Type: 1min<br>Split: val
user103,1min,val,68,57.67388,131.61772,7.5177574,11.573517,User: user103<br>Type: 1min<br>Split: val
user103,1min,val,69,57.67388,131.61772,7.5216193,11.569315,User: user103<br>Type: 1min<br>Split: val
user103,1min,val,70,57.67388,131.61772,7.5182686,11.573973,User: user103<br>Type: 1min<br>Split: val
user104,1min,val,71,69.44672,-35.409847,9.384077,-3.7469606,User: user104<br>Type: 1min<br>Split: val
user104,1min,val,72,69.44672,-35.409847,9.38449,-3.7468123,User: user104<br>Type: 1min<br>Split: val
user104,1min,val,73,69.44672,-35.409847,9.384241,-3.7473974,User: user104<br>Type: 1min<br>Split: val
user104,1min,val,74,69.44672,-35.409847,9.384453,-3.7466447,User: user104<br>Type: 1min<br>Split: val
user104,1min,val,75,69.44672,-35.409847,9.383976,-3.745558,User: user104<br>Type: 1min<br>Split: val
user104,1min,val,76,69.44672,-35.409847,9.384201,-3.7468984,User: user104<br>Type: 1min<br>Split: val
user104,1min,val,77,69.44672,-35.409847,9.385725,-3.7445014,User: user104<br>Type: 1min<br>Split: val
user104,1min,val,78,69.44672,-35.409847,9.384285,-3.7468357,User: user104<br>Type: 1min<br>Split: val
user104,1min,val,79,69.44672,-35.409847,9.384288,-3.7468898,User: user104<br>Type: 1min<br>Split: val
user104,1min,val,80,69.44672,-35.409847,9.384981,-3.7463307,User: user104<br>Type: 1min<br>Split: val
user104,1min,val,81,69.44672,-35.409847,9.384316,-3.7468138,User: user104<br>Type: 1min<br>Split: val
user104,1min,val,82,69.44672,-35.409847,9.384321,-3.7468297,User: user104<br>Type: 1min<br>Split: val
user104,1min,val,83,69.44672,-35.409847,9.384298,-3.7468033,User: user104<br>Type: 1min<br>Split: val
user104,1min,val,84,69.44672,-35.409847,9.384535,-3.7465525,User: user104<br>Type: 1min<br>Split: val
user90,1min,val,85,51.07683,-106.548065,12.010498,13.895453,User: user90<br>Type: 1min<br>Split: val
user90,1min,val,86,51.07683,-106.548065,12.010705,13.895368,User: user90<br>Type: 1min<br>Split: val
user90,1min,val,87,51.07683,-106.548065,12.010516,13.895429,User: user90<br>Type: 1min<br>Split: val
user90,1min,val,88,51.07683,-106.548065,12.010555,13.895419,User: user90<br>Type: 1min<br>Split: val
user90,1min,val,89,51.07683,-106.548065,12.010465,13.895381,User: user90<br>Type: 1min<br>Split: val
user90,1min,val,90,51.07683,-106.548065,12.01035,13.896308,User: user90<br>Type: 1min<br>Split: val
user90,1min,val,91,51.07683,-106.548065,12.010615,13.895294,User: user90<br>Type: 1min<br>Split: val
user90,1min,val,92,51.07683,-106.548065,12.010547,13.8953905,User: user90<br>Type: 1min<br>Split: val
user90,1min,val,93,51.07683,-106.548065,12.01054,13.895368,User: user90<br>Type: 1min<br>Split: val
user90,1min,val,94,52.41944,-109.786194,12.010511,13.895387,User: user90<br>Type: 1min<br>Split: val
user90,1min,val,95,52.41944,-109.786194,12.010576,13.895403,User: user90<br>Type: 1min<br>Split: val
user90,1min,val,96,51.07683,-106.548065,12.0112505,13.894275,User: user90<br>Type: 1min<br>Split: val
user90,1min,val,97,51.07683,-106.548065,12.010523,13.895529,User: user90<br>Type: 1min<br>Split: val
user90,1min,val,98,51.07683,-106.548065,12.01106,13.894035,User: user90<br>Type: 1min<br>Split: val
user91,1min,val,99,66.86566,192.36058,1.4063966,-2.2731416,User: user91<br>Type: 1min<br>Split: val
user91,1min,val,100,66.86566,192.36058,1.4063933,-2.2730966,User: user91<br>Type: 1min<br>Split: val
user91,1min,val,101,66.86566,192.36058,1.4064379,-2.2732272,User: user91<br>Type: 1min<br>Split: val
user91,1min,val,102,66.86566,192.36058,1.4064631,-2.2732177,User: user91<br>Type: 1min<br>Split: val
user91,1min,val,103,66.86566,192.36058,1.4064046,-2.273132,User: user91<br>Type: 1min<br>Split: val
user91,1min,val,104,66.86566,192.36058,1.4064478,-2.2732606,User: user91<br>Type: 1min<br>Split: val
user91,1min,val,105,66.86566,192.36058,1.4065044,-2.2731156,User: user91<br>Type: 1min<br>Split: val
user91,1min,val,106,66.86566,192.36058,1.4064381,-2.2732117,User: user91<br>Type: 1min<br>Split: val
user91,1min,val,107,66.86566,192.36058,1.4061512,-2.2726476,User: user91<br>Type: 1min<br>Split: val
user91,1min,val,108,66.86566,192.36058,1.4063853,-2.273146,User: user91<br>Type: 1min<br>Split: val
user91,1min,val,109,66.86566,192.36058,1.4064176,-2.2732036,User: user91<br>Type: 1min<br>Split: val
user91,1min,val,110,66.86566,192.36058,1.4063952,-2.2732158,User: user91<br>Type: 1min<br>Split: val
user91,1min,val,111,66.86566,192.36058,1.4064399,-2.273202,User: user91<br>Type: 1min<br>Split: val
user91,1min,val,112,66.86566,192.36058,1.4063536,-2.273271,User: user91<br>Type: 1min<br>Split: val
user92,1min,val,113,119.98148,7.007612,18.092607,10.209096,User: user92<br>Type: 1min<br>Split: val
user92,1min,val,114,119.98148,7.007612,18.092567,10.208946,User: user92<br>Type: 1min<br>Split: val
user92,1min,val,115,119.98148,7.007612,18.092539,10.209148,User: user92<br>Type: 1min<br>Split: val
user92,1min,val,116,119.98148,7.007612,18.09285,10.209009,User: user92<br>Type: 1min<br>Split: val
user92,1min,val,117,119.98148,7.007612,18.092453,10.209049,User: user92<br>Type: 1min<br>Split: val
user92,1min,val,118,119.98148,7.007612,18.090664,10.208538,User: user92<br>Type: 1min<br>Split: val
user92,1min,val,119,119.98148,7.007612,18.092546,10.208992,User: user92<br>Type: 1min<br>Split: val
user92,1min,val,120,119.98148,7.007612,18.092508,10.209009,User: user92<br>Type: 1min<br>Split: val
user92,1min,val,121,119.98148,7.007612,18.09266,10.208948,User: user92<br>Type: 1min<br>Split: val
user92,1min,val,122,119.98148,7.007612,18.092468,10.208972,User: user92<br>Type: 1min<br>Split: val
user92,1min,val,123,119.98148,7.007612,18.092453,10.208854,User: user92<br>Type: 1min<br>Split: val
user92,1min,val,124,119.98148,7.007612,18.092348,10.208959,User: user92<br>Type: 1min<br>Split: val
user92,1min,val,125,119.98148,7.007612,18.092571,10.208914,User: user92<br>Type: 1min<br>Split: val
user92,1min,val,126,120.85376,10.423625,18.092491,10.209665,User: user92<br>Type: 1min<br>Split: val
user93,1min,val,127,-62.456654,42.435314,0.081242375,-3.8044677,User: user93<br>Type: 1min<br>Split: val
user93,1min,val,128,-61.950367,38.976505,0.08124933,-3.804545,User: user93<br>Type: 1min<br>Split: val
user93,1min,val,129,-61.950367,38.976505,0.08117749,-3.8045428,User: user93<br>Type: 1min<br>Split: val
user93,1min,val,130,-61.950367,38.976505,0.08109533,-3.8045049,User: user93<br>Type: 1min<br>Split: val
user93,1min,val,131,-61.950367,38.976505,0.08110206,-3.8044896,User: user93<br>Type: 1min<br>Split: val
user93,1min,val,132,-61.950367,38.976505,0.08116885,-3.8045247,User: user93<br>Type: 1min<br>Split: val
user93,1min,val,133,-61.950367,38.976505,0.08114337,-3.8045146,User: user93<br>Type: 1min<br>Split: val
user93,1min,val,134,-61.950367,38.976505,0.080882594,-3.804602,User: user93<br>Type: 1min<br>Split: val
user93,1min,val,135,-61.950367,38.976505,0.08124324,-3.804542,User: user93<br>Type: 1min<br>Split: val
user93,1min,val,136,-61.950367,38.976505,0.0808853,-3.8043213,User: user93<br>Type: 1min<br>Split: val
user93,1min,val,137,-61.950367,38.976505,0.08090843,-3.8047047,User: user93<br>Type: 1min<br>Split: val
user93,1min,val,138,-61.950367,38.976505,0.08108383,-3.8046997,User: user93<br>Type: 1min<br>Split: val
user93,1min,val,139,-61.950367,38.976505,0.08116945,-3.8044746,User: user93<br>Type: 1min<br>Split: val
user93,1min,val,140,-61.950367,38.976505,0.08108555,-3.804599,User: user93<br>Type: 1min<br>Split: val
user94,1min,val,141,104.86624,-79.54059,8.5562725,-0.0339788,User: user94<br>Type: 1min<br>Split: val
user94,1min,val,142,104.86624,-79.54059,8.557081,-0.033817198,User: user94<br>Type: 1min<br>Split: val
user94,1min,val,143,104.86624,-79.54059,8.557091,-0.03384327,User: user94<br>Type: 1min<br>Split: val
user94,1min,val,144,104.86624,-79.54059,8.556879,-0.034161285,User: user94<br>Type: 1min<br>Split: val
user94,1min,val,145,104.86624,-79.54059,8.557264,-0.033595446,User: user94<br>Type: 1min<br>Split: val
user94,1min,val,146,104.86624,-79.54059,8.564922,-0.03179039,User: user94<br>Type: 1min<br>Split: val
user94,1min,val,147,104.86624,-79.54059,8.557392,-0.03384305,User: user94<br>Type: 1min<br>Split: val
user94,1min,val,148,104.86624,-79.54059,8.557382,-0.033846907,User: user94<br>Type: 1min<br>Split: val
user94,1min,val,149,104.86624,-79.54059,8.557513,-0.0341061,User: user94<br>Type: 1min<br>Split: val
user94,1min,val,150,104.86624,-79.54059,8.557284,-0.034290425,User: user94<br>Type: 1min<br>Split: val
user94,1min,val,151,104.86624,-79.54059,8.557326,-0.034015145,User: user94<br>Type: 1min<br>Split: val
user94,1min,val,152,104.86624,-79.54059,8.557428,-0.03402024,User: user94<br>Type: 1min<br>Split: val
user94,1min,val,153,104.86624,-79.54059,8.557581,-0.034032814,User: user94<br>Type: 1min<br>Split: val
user94,1min,val,154,104.86624,-79.54059,8.558059,-0.0377484,User: user94<br>Type: 1min<br>Split: val
user95,1min,val,155,-45.701546,-59.674324,-2.9105809,5.2976575,User: user95<br>Type: 1min<br>Split: val
user95,1min,val,156,-45.701546,-59.674324,-2.910421,5.2974067,User: user95<br>Type: 1min<br>Split: val
user95,1min,val,157,-45.701546,-59.674324,-2.9098992,5.297307,User: user95<br>Type: 1min<br>Split: val
user95,1min,val,158,-49.082096,-58.79738,-2.9102893,5.2973475,User: user95<br>Type: 1min<br>Split: val
user95,1min,val,159,-49.082096,-58.79738,-2.9104517,5.297398,User: user95<br>Type: 1min<br>Split: val
user95,1min,val,160,-45.701546,-59.674324,-2.910277,5.2974205,User: user95<br>Type: 1min<br>Split: val
user95,1min,val,161,-45.701546,-59.674324,-2.9104311,5.2973547,User: user95<br>Type: 1min<br>Split: val
user95,1min,val,162,-45.701546,-59.674324,-2.910318,5.2973614,User: user95<br>Type: 1min<br>Split: val
user95,1min,val,163,-45.701546,-59.674324,-2.9105742,5.2974825,User: user95<br>Type: 1min<br>Split: val
user95,1min,val,164,-45.701546,-59.674324,-2.9101489,5.297277,User: user95<br>Type: 1min<br>Split: val
user95,1min,val,165,-45.701546,-59.674324,-2.9103854,5.2973604,User: user95<br>Type: 1min<br>Split: val
user95,1min,val,166,-45.701546,-59.674324,-2.9104526,5.29739,User: user95<br>Type: 1min<br>Split: val
user95,1min,val,167,-45.701546,-59.674324,-2.9103124,5.2973404,User: user95<br>Type: 1min<br>Split: val
user95,1min,val,168,-45.701546,-59.674324,-2.9104133,5.2972455,User: user95<br>Type: 1min<br>Split: val
user96,1min,val,169,-93.61434,-38.470493,6.3833413,9.215762,User: user96<br>Type: 1min<br>Split: val
user96,1min,val,170,-93.61434,-38.470493,6.383031,9.215423,User: user96<br>Type: 1min<br>Split: val
user96,1min,val,171,-93.61434,-38.470493,6.3854375,9.214858,User: user96<br>Type: 1min<br>Split: val
user96,1min,val,172,-93.61434,-38.470493,6.383234,9.215358,User: user96<br>Type: 1min<br>Split: val
user96,1min,val,173,-93.61434,-38.470493,6.3831253,9.215361,User: user96<br>Type: 1min<br>Split: val
user96,1min,val,174,-93.61434,-38.470493,6.382989,9.21548,User: user96<br>Type: 1min<br>Split: val
user96,1min,val,175,-93.61434,-38.470493,6.383045,9.215313,User: user96<br>Type: 1min<br>Split: val
user96,1min,val,176,-93.61434,-38.470493,6.3832374,9.215321,User: user96<br>Type: 1min<br>Split: val
user96,1min,val,177,-93.61434,-38.470493,6.3831015,9.21537,User: user96<br>Type: 1min<br>Split: val
user96,1min,val,178,-93.61434,-38.470493,6.382105,9.215914,User: user96<br>Type: 1min<br>Split: val
user96,1min,val,179,-93.61434,-38.470493,6.382659,9.215322,User: user96<br>Type: 1min<br>Split: val
user96,1min,val,180,-93.61434,-38.470493,6.382952,9.21531,User: user96<br>Type: 1min<br>Split: val
user96,1min,val,181,-93.61434,-38.470493,6.3830733,9.215435,User: user96<br>Type: 1min<br>Split: val
user96,1min,val,182,-93.61434,-38.470493,6.3829064,9.21524,User: user96<br>Type: 1min<br>Split: val
user97,1min,val,183,77.48225,-81.751915,11.50727,9.819222,User: user97<br>Type: 1min<br>Split: val
user97,1min,val,184,77.48225,-81.751915,11.507234,9.819168,User: user97<br>Type: 1min<br>Split: val
user97,1min,val,185,77.48225,-81.751915,11.507389,9.818865,User: user97<br>Type: 1min<br>Split: val
user97,1min,val,186,77.48225,-81.751915,11.507811,9.818595,User: user97<br>Type: 1min<br>Split: val
user97,1min,val,187,77.48225,-81.751915,11.507362,9.819131,User: user97<br>Type: 1min<br>Split: val
user97,1min,val,188,77.48225,-81.751915,11.507377,9.81904,User: user97<br>Type: 1min<br>Split: val
user97,1min,val,189,77.48225,-81.751915,11.507764,9.818883,User: user97<br>Type: 1min<br>Split: val
user97,1min,val,190,79.40254,-78.745186,11.507444,9.818991,User: user97<br>Type: 1min<br>Split: val
user97,1min,val,191,79.40254,-78.745186,11.507685,9.81887,User: user97<br>Type: 1min<br>Split: val
user97,1min,val,192,77.48225,-81.751915,11.507405,9.819016,User: user97<br>Type: 1min<br>Split: val
user97,1min,val,193,77.48225,-81.751915,11.508282,9.819792,User: user97<br>Type: 1min<br>Split: val
user97,1min,val,194,77.48225,-81.751915,11.507805,9.818782,User: user97<br>Type: 1min<br>Split: val
user97,1min,val,195,77.48225,-81.751915,11.508327,9.818578,User: user97<br>Type: 1min<br>Split: val
user97,1min,val,196,77.48225,-81.751915,11.50822,9.818775,User: user97<br>Type: 1min<br>Split: val
user98,1min,val,197,83.375084,50.02451,-5.37845,14.321912,User: user98<br>Type: 1min<br>Split: val
user98,1min,val,198,83.375084,50.02451,-5.3783236,14.321913,User: user98<br>Type: 1min<br>Split: val
user98,1min,val,199,83.375084,50.02451,-5.378388,14.321886,User: user98<br>Type: 1min<br>Split: val
user98,1min,val,200,83.375084,50.02451,-5.37835,14.321941,User: user98<br>Type: 1min<br>Split: val
user98,1min,val,201,83.375084,50.02451,-5.3782587,14.32201,User: user98<br>Type: 1min<br>Split: val
user98,1min,val,202,83.375084,50.02451,-5.3786616,14.321728,User: user98<br>Type: 1min<br>Split: val
user98,1min,val,203,83.375084,50.02451,-5.3784275,14.3219385,User: user98<br>Type: 1min<br>Split: val
user98,1min,val,204,83.375084,50.02451,-5.378596,14.32199,User: user98<br>Type: 1min<br>Split: val
user98,1min,val,205,83.375084,50.02451,-5.3782873,14.321888,User: user98<br>Type: 1min<br>Split: val
user98,1min,val,206,83.375084,50.02451,-5.3781023,14.322248,User: user98<br>Type: 1min<br>Split: val
user98,1min,val,207,83.375084,50.02451,-5.3783703,14.3219185,User: user98<br>Type: 1min<br>Split: val
user98,1min,val,208,83.375084,50.02451,-5.37832,14.321919,User: user98<br>Type: 1min<br>Split: val
user98,1min,val,209,83.375084,50.02451,-5.378277,14.321651,User: user98<br>Type: 1min<br>Split: val
user98,1min,val,210,83.375084,50.02451,-5.375466,14.321303,User: user98<br>Type: 1min<br>Split: val
user99,1min,val,211,95.034515,-19.587454,-8.5425625,10.947009,User: user99<br>Type: 1min<br>Split: val
user99,1min,val,212,95.034515,-19.587454,-8.543543,10.947012,User: user99<br>Type: 1min<br>Split: val
user99,1min,val,213,95.034515,-19.587454,-8.54309,10.947499,User: user99<br>Type: 1min<br>Split: val
user99,1min,val,214,95.034515,-19.587454,-8.542569,10.94698,User: user99<br>Type: 1min<br>Split: val
user99,1min,val,215,95.034515,-19.587454,-8.542708,10.946809,User: user99<br>Type: 1min<br>Split: val
user99,1min,val,216,95.034515,-19.587454,-8.540933,10.946326,User: user99<br>Type: 1min<br>Split: val
user99,1min,val,217,95.034515,-19.587454,-8.552559,10.951174,User: user99<br>Type: 1min<br>Split: val
user99,1min,val,218,95.034515,-19.587454,-8.542944,10.946932,User: user99<br>Type: 1min<br>Split: val
user99,1min,val,219,95.034515,-19.587454,-8.5430765,10.9472065,User: user99<br>Type: 1min<br>Split: val
user99,1min,val,220,95.034515,-19.587454,-8.543075,10.9472,User: user99<br>Type: 1min<br>Split: val
user99,1min,val,221,95.034515,-19.587454,-8.542806,10.947052,User: user99<br>Type: 1min<br>Split: val
user99,1min,val,222,93.138115,-22.655573,-8.542912,10.947095,User: user99<br>Type: 1min<br>Split: val
user99,1min,val,223,93.138115,-22.655573,-8.542986,10.947135,User: user99<br>Type: 1min<br>Split: val
user99,1min,val,224,95.034515,-19.587454,-8.5429735,10.947056,User: user99<br>Type: 1min<br>Split: val
user100,3min,val,0,-19.641407,126.7422,-0.23113292,-1.2024863,User: user100<br>Type: 3min<br>Split: val
user101,3min,val,1,128.26157,20.894764,-1.515087,11.856234,User: user101<br>Type: 3min<br>Split: val
user102,3min,val,2,-41.73936,105.59746,6.6620216,-2.7805321,User: user102<br>Type: 3min<br>Split: val
user103,3min,val,3,20.615808,91.75984,-5.3548365,19.665876,User: user103<br>Type: 3min<br>Split: val
user104,3min,val,4,-75.99085,54.736603,5.713843,7.8168716,User: user104<br>Type: 3min<br>Split: val
user90,3min,val,5,-92.910515,130.49118,13.034665,5.522146,User: user90<br>Type: 3min<br>Split: val
user91,3min,val,6,-16.036194,68.45068,23.023542,14.189361,User: user91<br>Type: 3min<br>Split: val
user92,3min,val,7,-53.109066,62.904095,1.8481495,23.174986,User: user92<br>Type: 3min<br>Split: val
user93,3min,val,8,-24.564049,-32.175446,19.17788,2.120919,User: user93<br>Type: 3min<br>Split: val
user94,3min,val,9,69.08549,-9.440604,9.128532,3.6793413,User: user94<br>Type: 3min<br>Split: val
user95,3min,val,10,-108.41618,-112.25345,0.3844048,12.764884,User: user95<br>Type: 3min<br>Split: val
user96,3min,val,11,-80.81656,-23.287857,-6.6463046,3.2580967,User: user96<br>Type: 3min<br>Split: val
user97,3min,val,12,45.36816,-20.531942,8.31819,15.093272,User: user97<br>Type: 3min<br>Split: val
user98,3min,val,13,-8.272462,27.047142,2.2277613,-0.5030851,User: user98<br>Type: 3min<br>Split: val
user99,3min,val,14,97.21347,79.39696,4.6888933,-4.851343,User: user99<br>Type: 3min<br>Split: val
user101,3min,val,15,128.26157,20.894764,-1.515087,11.856245,User: user101<br>Type: 3min<br>Split: val
user102,3min,val,16,-41.73936,105.59746,6.662025,-2.780401,User: user102<br>Type: 3min<br>Split: val
user103,3min,val,17,20.615808,91.75984,-5.3548384,19.665907,User: user103<br>Type: 3min<br>Split: val
user104,3min,val,18,-75.99085,54.736603,5.713962,7.817247,User: user104<br>Type: 3min<br>Split: val
user90,3min,val,19,-92.910515,130.49118,13.034672,5.5221424,User: user90<br>Type: 3min<br>Split: val
user91,3min,val,20,-16.036194,68.45068,23.02361,14.189039,User: user91<br>Type: 3min<br>Split: val
user92,3min,val,21,-53.109066,62.904095,1.8482109,23.174696,User: user92<br>Type: 3min<br>Split: val
user93,3min,val,22,-24.564049,-32.175446,19.178509,2.120779,User: user93<br>Type: 3min<br>Split: val
user94,3min,val,23,69.08549,-9.440604,9.128602,3.6795628,User: user94<br>Type: 3min<br>Split: val
user95,3min,val,24,-108.41618,-112.25345,0.38602638,12.764541,User: user95<br>Type: 3min<br>Split: val
user96,3min,val,25,-80.81656,-23.287857,-6.6462965,3.2581682,User: user96<br>Type: 3min<br>Split: val
user97,3min,val,26,45.36816,-20.531942,8.318041,15.093558,User: user97<br>Type: 3min<br>Split: val
user98,3min,val,27,-8.272462,27.047142,2.2275772,-0.50428146,User: user98<br>Type: 3min<br>Split: val
user99,3min,val,28,97.21347,79.39696,4.68813,-4.850689,User: user99<br>Type: 3min<br>Split: val
user100,3min,val,29,-19.641407,126.7422,-0.2311244,-1.2024659,User: user100<br>Type: 3min<br>Split: val
user102,3min,val,30,-40.382504,102.37326,6.66199,-2.7804615,User: user102<br>Type: 3min<br>Split: val
user103,3min,val,31,17.225992,92.5814,-5.3548484,19.665916,User: user103<br>Type: 3min<br>Split: val
user104,3min,val,32,-75.99085,54.736603,5.7137995,7.8171372,User: user104<br>Type: 3min<br>Split: val
user90,3min,val,33,-92.910515,130.49118,13.034645,5.5220814,User: user90<br>Type: 3min<br>Split: val
user91,3min,val,34,-16.036194,68.45068,23.02352,14.189341,User: user91<br>Type: 3min<br>Split: val
user92,3min,val,35,-53.109066,62.904095,1.8481447,23.174786,User: user92<br>Type: 3min<br>Split: val
user93,3min,val,36,-24.564049,-32.175446,19.18425,2.1161404,User: user93<br>Type: 3min<br>Split: val
user94,3min,val,37,69.08549,-9.440604,9.128627,3.6793914,User: user94<br>Type: 3min<br>Split: val
user95,3min,val,38,-108.41618,-112.25345,0.38444984,12.764897,User: user95<br>Type: 3min<br>Split: val
user96,3min,val,39,-80.81656,-23.287857,-6.6463265,3.2581508,User: user96<br>Type: 3min<br>Split: val
user97,3min,val,40,45.36816,-20.531942,8.316438,15.091913,User: user97<br>Type: 3min<br>Split: val
user98,3min,val,41,-8.272462,27.047142,2.2278454,-0.5030704,User: user98<br>Type: 3min<br>Split: val
user99,3min,val,42,97.21347,79.39696,4.6883683,-4.851035,User: user99<br>Type: 3min<br>Split: val
user100,3min,val,43,-19.641407,126.7422,-0.23104729,-1.2024134,User: user100<br>Type: 3min<br>Split: val
user101,3min,val,44,128.26157,20.894764,-1.5149323,11.856424,User: user101<br>Type: 3min<br>Split: val
user103,3min,val,45,20.615808,91.75984,-5.354826,19.665884,User: user103<br>Type: 3min<br>Split: val
user104,3min,val,46,-75.99085,54.736603,5.7138405,7.817174,User: user104<br>Type: 3min<br>Split: val
user90,3min,val,47,-92.910515,130.49118,13.037018,5.52166,User: user90<br>Type: 3min<br>Split: val
user91,3min,val,48,-16.036194,68.45068,23.023558,14.189291,User: user91<br>Type: 3min<br>Split: val
user92,3min,val,49,-53.109066,62.904095,1.8482418,23.174898,User: user92<br>Type: 3min<br>Split: val
user93,3min,val,50,-24.564049,-32.175446,19.178753,2.1202397,User: user93<br>Type: 3min<br>Split: val
user94,3min,val,51,69.08549,-9.440604,9.128657,3.679425,User: user94<br>Type: 3min<br>Split: val
user95,3min,val,52,-108.41618,-112.25345,0.38430318,12.7645035,User: user95<br>Type: 3min<br>Split: val
user96,3min,val,53,-80.81656,-23.287857,-6.652462,3.2627351,User: user96<br>Type: 3min<br>Split: val
user97,3min,val,54,45.36816,-20.531942,8.318107,15.093249,User: user97<br>Type: 3min<br>Split: val
user98,3min,val,55,-8.272462,27.047142,2.227825,-0.50315535,User: user98<br>Type: 3min<br>Split: val
user99,3min,val,56,97.21347,79.39696,4.688313,-4.8510118,User: user99<br>Type: 3min<br>Split: val
user100,3min,val,57,-19.641407,126.7422,-0.23115863,-1.2024739,User: user100<br>Type: 3min<br>Split: val
user101,3min,val,58,128.26157,20.894764,-1.5150721,11.856364,User: user101<br>Type: 3min<br>Split: val
user102,3min,val,59,-41.73936,105.59746,6.662048,-2.7804472,User: user102<br>Type: 3min<br>Split: val
user104,3min,val,60,-75.99085,54.736603,5.7140894,7.8174715,User: user104<br>Type: 3min<br>Split: val
user90,3min,val,61,-92.910515,130.49118,13.035736,5.5221157,User: user90<br>Type: 3min<br>Split: val
user91,3min,val,62,-12.817125,69.85752,23.023512,14.189432,User: user91<br>Type: 3min<br>Split: val
user92,3min,val,63,-50.60067,60.458725,1.8488659,23.174702,User: user92<br>Type: 3min<br>Split: val
user93,3min,val,64,-24.564049,-32.175446,19.178484,2.1204174,User: user93<br>Type: 3min<br>Split: val
user94,3min,val,65,69.08549,-9.440604,9.128334,3.6793087,User: user94<br>Type: 3min<br>Split: val
user95,3min,val,66,-108.41618,-112.25345,0.38440174,12.764771,User: user95<br>Type: 3min<br>Split: val
user96,3min,val,67,-80.81656,-23.287857,-6.646072,3.2563317,User: user96<br>Type: 3min<br>Split: val
user97,3min,val,68,45.36816,-20.531942,8.318061,15.093275,User: user97<br>Type: 3min<br>Split: val
user98,3min,val,69,-8.272462,27.047142,2.228236,-0.5030126,User: user98<br>Type: 3min<br>Split: val
user99,3min,val,70,97.21347,79.39696,4.6879005,-4.8504977,User: user99<br>Type: 3min<br>Split: val
user100,3min,val,71,-19.641407,126.7422,-0.23090753,-1.2026274,User: user100<br>Type: 3min<br>Split: val
user101,3min,val,72,128.26157,20.894764,-1.515223,11.856324,User: user101<br>Type: 3min<br>Split: val
user102,3min,val,73,-41.73936,105.59746,6.6619678,-2.780417,User: user102<br>Type: 3min<br>Split: val
user103,3min,val,74,20.615808,91.75984,-5.354842,19.665863,User: user103<br>Type: 3min<br>Split: val
user90,3min,val,75,-92.910515,130.49118,13.034772,5.52201,User: user90<br>Type: 3min<br>Split: val
user91,3min,val,76,-16.036194,68.45068,23.023592,14.189365,User: user91<br>Type: 3min<br>Split: val
user92,3min,val,77,-53.109066,62.904095,1.8495734,23.174051,User: user92<br>Type: 3min<br>Split: val
user93,3min,val,78,-24.564049,-32.175446,19.178812,2.120246,User: user93<br>Type: 3min<br>Split: val
user94,3min,val,79,69.08549,-9.440604,9.12956,3.6790102,User: user94<br>Type: 3min<br>Split: val
user95,3min,val,80,-108.41618,-112.25345,0.38400152,12.763971,User: user95<br>Type: 3min<br>Split: val
user96,3min,val,81,-80.81656,-23.287857,-6.6467304,3.2583106,User: user96<br>Type: 3min<br>Split: val
user97,3min,val,82,45.36816,-20.531942,8.318097,15.093216,User: user97<br>Type: 3min<br>Split: val
user98,3min,val,83,-8.272462,27.047142,2.2276711,-0.5030855,User: user98<br>Type: 3min<br>Split: val
user99,3min,val,84,97.21347,79.39696,4.6883807,-4.8510246,User: user99<br>Type: 3min<br>Split: val
user100,3min,val,85,-19.641407,126.7422,-0.23114848,-1.2024949,User: user100<br>Type: 3min<br>Split: val
user101,3min,val,86,128.26157,20.894764,-1.5131824,11.858168,User: user101<br>Type: 3min<br>Split: val
user102,3min,val,87,-41.73936,105.59746,6.6619325,-2.780253,User: user102<br>Type: 3min<br>Split: val
user103,3min,val,88,20.615808,91.75984,-5.3548346,19.665878,User: user103<br>Type: 3min<br>Split: val
user104,3min,val,89,-75.99085,54.736603,5.714137,7.8171983,User: user104<br>Type: 3min<br>Split: val
user91,3min,val,90,-16.036194,68.45068,23.023388,14.189567,User: user91<br>Type: 3min<br>Split: val
user92,3min,val,91,-53.109066,62.904095,1.8484138,23.174726,User: user92<br>Type: 3min<br>Split: val
user93,3min,val,92,-24.564049,-32.175446,19.178825,2.1202352,User: user93<br>Type: 3min<br>Split: val
user94,3min,val,93,69.08549,-9.440604,9.128655,3.6792963,User: user94<br>Type: 3min<br>Split: val
user95,3min,val,94,-108.41618,-112.25345,0.38433978,12.764707,User: user95<br>Type: 3min<br>Split: val
user96,3min,val,95,-80.35562,-26.74004,-6.646838,3.2584412,User: user96<br>Type: 3min<br>Split: val
user97,3min,val,96,45.36816,-20.531942,8.3180895,15.093261,User: user97<br>Type: 3min<br>Split: val
user98,3min,val,97,-8.272462,27.047142,2.2278626,-0.5032262,User: user98<br>Type: 3min<br>Split: val
user99,3min,val,98,97.21347,79.39696,4.688608,-4.8511233,User: user99<br>Type: 3min<br>Split: val
user100,3min,val,99,-19.641407,126.7422,-0.23114415,-1.2024958,User: user100<br>Type: 3min<br>Split: val
user101,3min,val,100,128.26157,20.894764,-1.5149981,11.856362,User: user101<br>Type: 3min<br>Split: val
user102,3min,val,101,-41.73936,105.59746,6.6608415,-2.7802763,User: user102<br>Type: 3min<br>Split: val
user103,3min,val,102,20.615808,91.75984,-5.3548346,19.665882,User: user103<br>Type: 3min<br>Split: val
user104,3min,val,103,-75.99085,54.736603,5.714188,7.817246,User: user104<br>Type: 3min<br>Split: val
user90,3min,val,104,-92.910515,130.49118,13.035563,5.522425,User: user90<br>Type: 3min<br>Split: val
user92,3min,val,105,-53.109066,62.904095,1.8492059,23.174616,User: user92<br>Type: 3min<br>Split: val
user93,3min,val,106,-24.564049,-32.175446,19.17877,2.1201134,User: user93<br>Type: 3min<br>Split: val
user94,3min,val,107,69.08549,-9.440604,9.128618,3.6793315,User: user94<br>Type: 3min<br>Split: val
user95,3min,val,108,-108.41618,-112.25345,0.38435045,12.764694,User: user95<br>Type: 3min<br>Split: val
user96,3min,val,109,-80.81656,-23.287857,-6.6444287,3.2550209,User: user96<br>Type: 3min<br>Split: val
user97,3min,val,110,45.36816,-20.531942,8.318086,15.093298,User: user97<br>Type: 3min<br>Split: val
user98,3min,val,111,-8.272462,27.047142,2.2272072,-0.5062892,User: user98<br>Type: 3min<br>Split: val
user99,3min,val,112,97.21347,79.39696,4.6888337,-4.8521705,User: user99<br>Type: 3min<br>Split: val
user100,3min,val,113,-19.641407,126.7422,-0.23110723,-1.2025206,User: user100<br>Type: 3min<br>Split: val
user101,3min,val,114,128.26157,20.894764,-1.5150532,11.856588,User: user101<br>Type: 3min<br>Split: val
user102,3min,val,115,-41.73936,105.59746,6.661982,-2.7805693,User: user102<br>Type: 3min<br>Split: val
user103,3min,val,116,20.615808,91.75984,-5.3549395,19.665974,User: user103<br>Type: 3min<br>Split: val
user104,3min,val,117,-75.99085,54.736603,5.713707,7.816541,User: user104<br>Type: 3min<br>Split: val
user90,3min,val,118,-92.910515,130.49118,13.034811,5.5219545,User: user90<br>Type: 3min<br>Split: val
user91,3min,val,119,-16.036194,68.45068,23.023348,14.189738,User: user91<br>Type: 3min<br>Split: val
user93,3min,val,120,-24.564049,-32.175446,19.178854,2.1203125,User: user93<br>Type: 3min<br>Split: val
user94,3min,val,121,69.08549,-9.440604,9.12866,3.679351,User: user94<br>Type: 3min<br>Split: val
user95,3min,val,122,-108.41618,-112.25345,0.38450682,12.764871,User: user95<br>Type: 3min<br>Split: val
user96,3min,val,123,-80.81656,-23.287857,-6.646972,3.258781,User: user96<br>Type: 3min<br>Split: val
user97,3min,val,124,45.36816,-20.531942,8.318285,15.093359,User: user97<br>Type: 3min<br>Split: val
user98,3min,val,125,-8.272462,27.047142,2.2276165,-0.5038662,User: user98<br>Type: 3min<br>Split: val
user99,3min,val,126,94.26719,81.37146,4.6881876,-4.850949,User: user99<br>Type: 3min<br>Split: val
user100,3min,val,127,-23.010412,127.86446,-0.23164779,-1.2030565,User: user100<br>Type: 3min<br>Split: val
user101,3min,val,128,128.26157,20.894764,-1.5149664,11.856417,User: user101<br>Type: 3min<br>Split: val
user102,3min,val,129,-41.73936,105.59746,6.661881,-2.7804449,User: user102<br>Type: 3min<br>Split: val
user103,3min,val,130,20.615808,91.75984,-5.3547564,19.665997,User: user103<br>Type: 3min<br>Split: val
user104,3min,val,131,-75.99085,54.736603,5.713962,7.8173075,User: user104<br>Type: 3min<br>Split: val
user90,3min,val,132,-92.910515,130.49118,13.034841,5.5220385,User: user90<br>Type: 3min<br>Split: val
user91,3min,val,133,-16.036194,68.45068,23.022207,14.192229,User: user91<br>Type: 3min<br>Split: val
user92,3min,val,134,-53.109066,62.904095,1.8383632,23.189034,User: user92<br>Type: 3min<br>Split: val
user94,3min,val,135,69.08549,-9.440604,9.128617,3.6797085,User: user94<br>Type: 3min<br>Split: val
user95,3min,val,136,-108.41618,-112.25345,0.38426414,12.764809,User: user95<br>Type: 3min<br>Split: val
user96,3min,val,137,-80.81656,-23.287857,-6.6333604,3.2444642,User: user96<br>Type: 3min<br>Split: val
user97,3min,val,138,45.36816,-20.531942,8.318085,15.09345,User: user97<br>Type: 3min<br>Split: val
user98,3min,val,139,-8.272462,27.047142,2.2277372,-0.503492,User: user98<br>Type: 3min<br>Split: val
user99,3min,val,140,97.21347,79.39696,4.688056,-4.8503456,User: user99<br>Type: 3min<br>Split: val
user100,3min,val,141,-19.641407,126.7422,-0.23132232,-1.2024714,User: user100<br>Type: 3min<br>Split: val
user101,3min,val,142,128.26157,20.894764,-1.5150144,11.856425,User: user101<br>Type: 3min<br>Split: val
user102,3min,val,143,-41.73936,105.59746,6.6617494,-2.780427,User: user102<br>Type: 3min<br>Split: val
user103,3min,val,144,20.615808,91.75984,-5.3548217,19.66596,User: user103<br>Type: 3min<br>Split: val
user104,3min,val,145,-75.99085,54.736603,5.713905,7.8175216,User: user104<br>Type: 3min<br>Split: val
user90,3min,val,146,-92.910515,130.49118,13.0349245,5.522133,User: user90<br>Type: 3min<br>Split: val
user91,3min,val,147,-16.036194,68.45068,23.023296,14.1898775,User: user91<br>Type: 3min<br>Split: val
user92,3min,val,148,-53.109066,62.904095,1.8388512,23.180717,User: user92<br>Type: 3min<br>Split: val
user93,3min,val,149,-24.564049,-32.175446,19.178734,2.1201754,User: user93<br>Type: 3min<br>Split: val
user95,3min,val,150,-108.41618,-112.25345,0.38444638,12.764043,User: user95<br>Type: 3min<br>Split: val
user96,3min,val,151,-80.81656,-23.287857,-6.6469717,3.2588296,User: user96<br>Type: 3min<br>Split: val
user97,3min,val,152,45.36816,-20.531942,8.318169,15.093251,User: user97<br>Type: 3min<br>Split: val
user98,3min,val,153,-8.272462,27.047142,2.227659,-0.50377923,User: user98<br>Type: 3min<br>Split: val
user99,3min,val,154,97.21347,79.39696,4.6885934,-4.8511467,User: user99<br>Type: 3min<br>Split: val
user100,3min,val,155,-19.641407,126.7422,-0.23092388,-1.2024481,User: user100<br>Type: 3min<br>Split: val
user101,3min,val,156,128.26157,20.894764,-1.5148584,11.856357,User: user101<br>Type: 3min<br>Split: val
user102,3min,val,157,-41.73936,105.59746,6.6617966,-2.7802002,User: user102<br>Type: 3min<br>Split: val
user103,3min,val,158,17.225992,92.5814,-5.3546667,19.66592,User: user103<br>Type: 3min<br>Split: val
user104,3min,val,159,-77.591545,57.947224,5.7102246,7.8144383,User: user104<br>Type: 3min<br>Split: val
user90,3min,val,160,-92.910515,130.49118,13.03483,5.522058,User: user90<br>Type: 3min<br>Split: val
user91,3min,val,161,-16.036194,68.45068,23.023674,14.189327,User: user91<br>Type: 3min<br>Split: val
user92,3min,val,162,-53.109066,62.904095,1.8482745,23.175009,User: user92<br>Type: 3min<br>Split: val
user93,3min,val,163,-24.564049,-32.175446,19.178556,2.1201706,User: user93<br>Type: 3min<br>Split: val
user94,3min,val,164,69.08549,-9.440604,9.128694,3.679347,User: user94<br>Type: 3min<br>Split: val
user96,3min,val,165,-80.81656,-23.287857,-6.67994,3.2922385,User: user96<br>Type: 3min<br>Split: val
user97,3min,val,166,45.36816,-20.531942,8.3179455,15.093026,User: user97<br>Type: 3min<br>Split: val
user98,3min,val,167,-8.272462,27.047142,2.227644,-0.50349957,User: user98<br>Type: 3min<br>Split: val
user99,3min,val,168,97.21347,79.39696,4.6865005,-4.848945,User: user99<br>Type: 3min<br>Split: val
user100,3min,val,169,-19.641407,126.7422,-0.23114309,-1.2025044,User: user100<br>Type: 3min<br>Split: val
user101,3min,val,170,128.26157,20.894764,-1.5147773,11.856599,User: user101<br>Type: 3min<br>Split: val
user102,3min,val,171,-41.73936,105.59746,6.66178,-2.7802136,User: user102<br>Type: 3min<br>Split: val
user103,3min,val,172,20.615808,91.75984,-5.354919,19.666206,User: user103<br>Type: 3min<br>Split: val
user104,3min,val,173,-75.99085,54.736603,5.7139196,7.8176966,User: user104<br>Type: 3min<br>Split: val
user90,3min,val,174,-92.910515,130.49118,13.035069,5.5220733,User: user90<br>Type: 3min<br>Split: val
user91,3min,val,175,-16.036194,68.45068,23.023657,14.189392,User: user91<br>Type: 3min<br>Split: val
user92,3min,val,176,-53.109066,62.904095,1.8482461,23.175295,User: user92<br>Type: 3min<br>Split: val
user93,3min,val,177,-24.564049,-32.175446,19.178898,2.1200516,User: user93<br>Type: 3min<br>Split: val
user94,3min,val,178,69.08549,-9.440604,9.128879,3.6792881,User: user94<br>Type: 3min<br>Split: val
user95,3min,val,179,-108.41618,-112.25345,0.38502267,12.7656,User: user95<br>Type: 3min<br>Split: val
user97,3min,val,180,45.36816,-20.531942,8.3185425,15.092543,User: user97<br>Type: 3min<br>Split: val
user98,3min,val,181,-8.272462,27.047142,2.2269692,-0.50417686,User: user98<br>Type: 3min<br>Split: val
user99,3min,val,182,97.21347,79.39696,4.689116,-4.8515067,User: user99<br>Type: 3min<br>Split: val
user100,3min,val,183,-19.641407,126.7422,-0.23150134,-1.2020689,User: user100<br>Type: 3min<br>Split: val
user101,3min,val,184,128.26157,20.894764,-1.5148988,11.856568,User: user101<br>Type: 3min<br>Split: val
user102,3min,val,185,-41.73936,105.59746,6.662212,-2.7793503,User: user102<br>Type: 3min<br>Split: val
user103,3min,val,186,20.615808,91.75984,-5.3548093,19.665949,User: user103<br>Type: 3min<br>Split: val
user104,3min,val,187,-75.99085,54.736603,5.716787,7.820695,User: user104<br>Type: 3min<br>Split: val
user90,3min,val,188,-92.910515,130.49118,13.035027,5.5219173,User: user90<br>Type: 3min<br>Split: val
user91,3min,val,189,-16.036194,68.45068,23.023703,14.189407,User: user91<br>Type: 3min<br>Split: val
user92,3min,val,190,-50.60067,60.458725,1.8482254,23.175108,User: user92<br>Type: 3min<br>Split: val
user93,3min,val,191,-23.421356,-28.821487,19.179289,2.119798,User: user93<br>Type: 3min<br>Split: val
user94,3min,val,192,69.08549,-9.440604,9.128785,3.6792908,User: user94<br>Type: 3min<br>Split: val
user95,3min,val,193,-108.41618,-112.25345,0.3846433,12.764832,User: user95<br>Type: 3min<br>Split: val
user96,3min,val,194,-80.81656,-23.287857,-6.647442,3.258877,User: user96<br>Type: 3min<br>Split: val
user98,3min,val,195,-8.272462,27.047142,2.2274394,-0.5033762,User: user98<br>Type: 3min<br>Split: val
user99,3min,val,196,97.21347,79.39696,4.688632,-4.851134,User: user99<br>Type: 3min<br>Split: val
user100,3min,val,197,-19.641407,126.7422,-0.2311622,-1.2025455,User: user100<br>Type: 3min<br>Split: val
user101,3min,val,198,128.26157,20.894764,-1.5148541,11.856654,User: user101<br>Type: 3min<br>Split: val
user102,3min,val,199,-41.73936,105.59746,6.661501,-2.7800663,User: user102<br>Type: 3min<br>Split: val
user103,3min,val,200,20.615808,91.75984,-5.3547244,19.66589,User: user103<br>Type: 3min<br>Split: val
user104,3min,val,201,-75.99085,54.736603,5.7139783,7.8177047,User: user104<br>Type: 3min<br>Split: val
user90,3min,val,202,-92.910515,130.49118,13.035056,5.5219083,User: user90<br>Type: 3min<br>Split: val
user91,3min,val,203,-16.036194,68.45068,23.031815,14.180841,User: user91<br>Type: 3min<br>Split: val
user92,3min,val,204,-53.109066,62.904095,1.8508787,23.177485,User: user92<br>Type: 3min<br>Split: val
user93,3min,val,205,-24.564049,-32.175446,19.178885,2.1202462,User: user93<br>Type: 3min<br>Split: val
user94,3min,val,206,69.08549,-9.440604,9.128726,3.679265,User: user94<br>Type: 3min<br>Split: val
user95,3min,val,207,-108.41618,-112.25345,0.38467485,12.764782,User: user95<br>Type: 3min<br>Split: val
user96,3min,val,208,-80.81656,-23.287857,-6.647568,3.258922,User: user96<br>Type: 3min<br>Split: val
user97,3min,val,209,45.36816,-20.531942,8.318066,15.093125,User: user97<br>Type: 3min<br>Split: val
user99,3min,val,210,97.21347,79.39696,4.6878357,-4.850197,User: user99<br>Type: 3min<br>Split: val
user100,3min,val,211,-19.641407,126.7422,-0.23108067,-1.2025204,User: user100<br>Type: 3min<br>Split: val
user101,3min,val,212,128.26157,20.894764,-1.5132667,11.856779,User: user101<br>Type: 3min<br>Split: val
user102,3min,val,213,-41.73936,105.59746,6.6618676,-2.7801685,User: user102<br>Type: 3min<br>Split: val
user103,3min,val,214,20.615808,91.75984,-5.354865,19.665974,User: user103<br>Type: 3min<br>Split: val
user104,3min,val,215,-75.99085,54.736603,5.7182837,7.821126,User: user104<br>Type: 3min<br>Split: val
user90,3min,val,216,-92.910515,130.49118,13.034852,5.522302,User: user90<br>Type: 3min<br>Split: val
user91,3min,val,217,-16.036194,68.45068,23.023546,14.189502,User: user91<br>Type: 3min<br>Split: val
user92,3min,val,218,-53.109066,62.904095,1.8709886,23.155338,User: user92<br>Type: 3min<br>Split: val
user93,3min,val,219,-24.564049,-32.175446,19.181646,2.1188653,User: user93<br>Type: 3min<br>Split: val
user94,3min,val,220,69.08549,-9.440604,9.1287155,3.6793334,User: user94<br>Type: 3min<br>Split: val
user95,3min,val,221,-108.41618,-112.25345,0.3831306,12.762544,User: user95<br>Type: 3min<br>Split: val
user96,3min,val,222,-80.35562,-26.74004,-6.6543245,3.2638469,User: user96<br>Type: 3min<br>Split: val
user97,3min,val,223,46.082516,-17.136776,8.318125,15.093242,User: user97<br>Type: 3min<br>Split: val
user98,3min,val,224,-8.272462,27.047142,2.2277467,-0.5039077,User: user98<br>Type: 3min<br>Split: val
user105,1min,test,0,62.846397,83.26921,-5.792349,-0.6708956,User: user105<br>Type: 1min<br>Split: test
user106,1min,test,1,98.24678,59.000515,9.005126,-2.2659216,User: user106<br>Type: 1min<br>Split: test
user107,1min,test,2,99.23707,0.28839803,0.8404941,1.2020566,User: user107<br>Type: 1min<br>Split: test
user108,1min,test,3,23.399185,-113.5512,12.756387,2.7627542,User: user108<br>Type: 1min<br>Split: test
user109,1min,test,4,-72.08984,38.464844,-11.803673,5.494275,User: user109<br>Type: 1min<br>Split: test
user110,1min,test,5,59.115353,-26.774176,1.331243,9.559558,User: user110<br>Type: 1min<br>Split: test
user111,1min,test,6,155.2622,52.503296,-1.8861092,4.1464314,User: user111<br>Type: 1min<br>Split: test
user112,1min,test,7,9.584982,-99.608444,8.294271,17.06816,User: user112<br>Type: 1min<br>Split: test
user113,1min,test,8,112.43494,26.434328,-10.158638,2.3019447,User: user113<br>Type: 1min<br>Split: test
user114,1min,test,9,14.153958,-45.342384,-1.6602068,15.721092,User: user114<br>Type: 1min<br>Split: test
user115,1min,test,10,82.81681,191.14928,4.8425426,0.65230787,User: user115<br>Type: 1min<br>Split: test
user116,1min,test,11,87.5458,43.28536,14.730035,9.054561,User: user116<br>Type: 1min<br>Split: test
user117,1min,test,12,60.275845,-65.7562,8.824404,13.443317,User: user117<br>Type: 1min<br>Split: test
user118,1min,test,13,96.53414,26.436754,-14.617036,3.6179352,User: user118<br>Type: 1min<br>Split: test
user119,1min,test,14,-8.68782,-94.59654,0.8502339,13.718773,User: user119<br>Type: 1min<br>Split: test
user120,1min,test,15,69.89118,-50.677547,21.209797,-5.8515286,User: user120<br>Type: 1min<br>Split: test
user105,1min,test,16,62.846397,83.26921,-5.787583,-0.67537314,User: user105<br>Type: 1min<br>Split: test
user105,1min,test,17,62.846397,83.26921,-5.7875204,-0.67550516,User: user105<br>Type: 1min<br>Split: test
user105,1min,test,18,62.846397,83.26921,-5.786495,-0.6766021,User: user105<br>Type: 1min<br>Split: test
user105,1min,test,19,62.846397,83.26921,-5.787298,-0.67582214,User: user105<br>Type: 1min<br>Split: test
user105,1min,test,20,62.846397,83.26921,-5.787145,-0.6759568,User: user105<br>Type: 1min<br>Split: test
user105,1min,test,21,62.846397,83.26921,-5.7873387,-0.67591256,User: user105<br>Type: 1min<br>Split: test
user105,1min,test,22,62.846397,83.26921,-5.7873545,-0.67556614,User: user105<br>Type: 1min<br>Split: test
user105,1min,test,23,62.846397,83.26921,-5.78747,-0.67551106,User: user105<br>Type: 1min<br>Split: test
user105,1min,test,24,62.846397,83.26921,-5.788291,-0.6747122,User: user105<br>Type: 1min<br>Split: test
user105,1min,test,25,62.846397,83.26921,-5.7875204,-0.6754807,User: user105<br>Type: 1min<br>Split: test
user105,1min,test,26,62.846397,83.26921,-5.7894945,-0.6732081,User: user105<br>Type: 1min<br>Split: test
user105,1min,test,27,62.846397,83.26921,-5.787607,-0.6755744,User: user105<br>Type: 1min<br>Split: test
user105,1min,test,28,62.846397,83.26921,-5.7848735,-0.6786705,User: user105<br>Type: 1min<br>Split: test
user105,1min,test,29,62.846397,83.26921,-5.7874446,-0.67593324,User: user105<br>Type: 1min<br>Split: test
user105,1min,test,30,59.48508,84.48722,-5.7877474,-0.6757207,User: user105<br>Type: 1min<br>Split: test
user106,1min,test,31,99.53939,55.643814,9.005304,-2.266277,User: user106<br>Type: 1min<br>Split: test
user106,1min,test,32,98.24678,59.000515,9.00512,-2.2659457,User: user106<br>Type: 1min<br>Split: test
user106,1min,test,33,98.24678,59.000515,9.002563,-2.2581506,User: user106<br>Type: 1min<br>Split: test
user106,1min,test,34,98.24678,59.000515,9.0051,-2.2656593,User: user106<br>Type: 1min<br>Split: test
user106,1min,test,35,98.24678,59.000515,9.005181,-2.2652693,User: user106<br>Type: 1min<br>Split: test
user106,1min,test,36,98.24678,59.000515,9.00507,-2.265351,User: user106<br>Type: 1min<br>Split: test
user106,1min,test,37,98.24678,59.000515,9.005168,-2.2653875,User: user106<br>Type: 1min<br>Split: test
user106,1min,test,38,98.24678,59.000515,9.005072,-2.2653446,User: user106<br>Type: 1min<br>Split: test
user106,1min,test,39,98.24678,59.000515,9.005046,-2.2654438,User: user106<br>Type: 1min<br>Split: test
user106,1min,test,40,98.24678,59.000515,9.005137,-2.2653747,User: user106<br>Type: 1min<br>Split: test
user106,1min,test,41,98.24678,59.000515,9.00508,-2.2653964,User: user106<br>Type: 1min<br>Split: test
user106,1min,test,42,98.24678,59.000515,9.004988,-2.265376,User: user106<br>Type: 1min<br>Split: test
user106,1min,test,43,98.24678,59.000515,9.003781,-2.2540958,User: user106<br>Type: 1min<br>Split: test
user106,1min,test,44,98.24678,59.000515,9.003915,-2.2640953,User: user106<br>Type: 1min<br>Split: test
user106,1min,test,45,98.24678,59.000515,9.005189,-2.265205,User: user106<br>Type: 1min<br>Split: test
user107,1min,test,46,99.23707,0.28839803,0.8504122,1.190356,User: user107<br>Type: 1min<br>Split: test
user107,1min,test,47,99.23707,0.28839803,0.8503838,1.1901826,User: user107<br>Type: 1min<br>Split: test
user107,1min,test,48,99.23707,0.28839803,0.85051244,1.1902027,User: user107<br>Type: 1min<br>Split: test
user107,1min,test,49,99.23707,0.28839803,0.85028726,1.1903069,User: user107<br>Type: 1min<br>Split: test
user107,1min,test,50,99.23707,0.28839803,0.8501391,1.1899856,User: user107<br>Type: 1min<br>Split: test
user107,1min,test,51,99.23707,0.28839803,0.84647846,1.1856612,User: user107<br>Type: 1min<br>Split: test
user107,1min,test,52,99.23707,0.28839803,0.8508979,1.1900278,User: user107<br>Type: 1min<br>Split: test
user107,1min,test,53,99.23707,0.28839803,0.8501141,1.1899644,User: user107<br>Type: 1min<br>Split: test
user107,1min,test,54,99.23707,0.28839803,0.84862417,1.1899816,User: user107<br>Type: 1min<br>Split: test
user107,1min,test,55,99.23707,0.28839803,0.84996957,1.1898494,User: user107<br>Type: 1min<br>Split: test
user107,1min,test,56,99.23707,0.28839803,0.8500186,1.1898861,User: user107<br>Type: 1min<br>Split: test
user107,1min,test,57,99.23707,0.28839803,0.8499364,1.1899012,User: user107<br>Type: 1min<br>Split: test
user107,1min,test,58,99.23707,0.28839803,0.85029995,1.1901156,User: user107<br>Type: 1min<br>Split: test
user107,1min,test,59,99.23707,0.28839803,0.85005206,1.1900218,User: user107<br>Type: 1min<br>Split: test
user107,1min,test,60,99.23707,0.28839803,0.8449094,1.1883764,User: user107<br>Type: 1min<br>Split: test
user108,1min,test,61,23.399185,-113.5512,12.755676,2.7626688,User: user108<br>Type: 1min<br>Split: test
user108,1min,test,62,25.78159,-110.73686,12.756379,2.7595556,User: user108<br>Type: 1min<br>Split: test
user108,1min,test,63,25.78159,-110.73686,12.754738,2.7622492,User: user108<br>Type: 1min<br>Split: test
user108,1min,test,64,23.399185,-113.5512,12.7498045,2.7689102,User: user108<br>Type: 1min<br>Split: test
user108,1min,test,65,23.399185,-113.5512,12.755987,2.7627878,User: user108<br>Type: 1min<br>Split: test
user108,1min,test,66,23.399185,-113.5512,12.756098,2.7619195,User: user108<br>Type: 1min<br>Split: test
user108,1min,test,67,23.399185,-113.5512,12.756093,2.7626755,User: user108<br>Type: 1min<br>Split: test
user108,1min,test,68,23.399185,-113.5512,12.756175,2.7627435,User: user108<br>Type: 1min<br>Split: test
user108,1min,test,69,23.399185,-113.5512,12.755685,2.762873,User: user108<br>Type: 1min<br>Split: test
user108,1min,test,70,23.399185,-113.5512,12.756297,2.7626834,User: user108<br>Type: 1min<br>Split: test
user108,1min,test,71,23.399185,-113.5512,12.756147,2.7627869,User: user108<br>Type: 1min<br>Split: test
user108,1min,test,72,23.399185,-113.5512,12.75606,2.7628286,User: user108<br>Type: 1min<br>Split: test
user108,1min,test,73,23.399185,-113.5512,12.756184,2.7627907,User: user108<br>Type: 1min<br>Split: test
user108,1min,test,74,23.399185,-113.5512,12.756797,2.7635486,User: user108<br>Type: 1min<br>Split: test
user108,1min,test,75,23.399185,-113.5512,12.755808,2.7628531,User: user108<br>Type: 1min<br>Split: test
user109,1min,test,76,-72.08984,38.464844,-11.803751,5.4943275,User: user109<br>Type: 1min<br>Split: test
user109,1min,test,77,-72.08984,38.464844,-11.803751,5.4942274,User: user109<br>Type: 1min<br>Split: test
user109,1min,test,78,-72.08984,38.464844,-11.8037405,5.494266,User: user109<br>Type: 1min<br>Split: test
user109,1min,test,79,-72.08984,38.464844,-11.803595,5.494474,User: user109<br>Type: 1min<br>Split: test
user109,1min,test,80,-72.08984,38.464844,-11.803734,5.4942923,User: user109<br>Type: 1min<br>Split: test
user109,1min,test,81,-72.08984,38.464844,-11.803801,5.494226,User: user109<br>Type: 1min<br>Split: test
user109,1min,test,82,-72.08984,38.464844,-11.803371,5.494263,User: user109<br>Type: 1min<br>Split: test
user109,1min,test,83,-72.08984,38.464844,-11.803787,5.494267,User: user109<br>Type: 1min<br>Split: test
user109,1min,test,84,-72.08984,38.464844,-11.807656,5.494686,User: user109<br>Type: 1min<br>Split: test
user109,1min,test,85,-72.08984,38.464844,-11.804196,5.4940553,User: user109<br>Type: 1min<br>Split: test
user109,1min,test,86,-72.08984,38.464844,-11.803677,5.494248,User: user109<br>Type: 1min<br>Split: test
user109,1min,test,87,-72.08984,38.464844,-11.804129,5.4942656,User: user109<br>Type: 1min<br>Split: test
user109,1min,test,88,-72.08984,38.464844,-11.803899,5.494218,User: user109<br>Type: 1min<br>Split: test
user109,1min,test,89,-72.08984,38.464844,-11.803691,5.4943194,User: user109<br>Type: 1min<br>Split: test
user109,1min,test,90,-72.08984,38.464844,-11.803855,5.49448,User: user109<br>Type: 1min<br>Split: test
user110,1min,test,91,59.115353,-26.774176,1.3313277,9.55956,User: user110<br>Type: 1min<br>Split: test
user110,1min,test,92,59.115353,-26.774176,1.3316998,9.559333,User: user110<br>Type: 1min<br>Split: test
user110,1min,test,93,59.115353,-26.774176,1.331316,9.559538,User: user110<br>Type: 1min<br>Split: test
user110,1min,test,94,60.81174,-23.638699,1.3315009,9.559478,User: user110<br>Type: 1min<br>Split: test
user110,1min,test,95,60.81174,-23.638699,1.3312987,9.559516,User: user110<br>Type: 1min<br>Split: test
user110,1min,test,96,59.115353,-26.774176,1.3313923,9.559521,User: user110<br>Type: 1min<br>Split: test
user110,1min,test,97,59.115353,-26.774176,1.331367,9.559195,User: user110<br>Type: 1min<br>Split: test
user110,1min,test,98,59.115353,-26.774176,1.3314444,9.559861,User: user110<br>Type: 1min<br>Split: test
user110,1min,test,99,59.115353,-26.774176,1.331426,9.559496,User: user110<br>Type: 1min<br>Split: test
user110,1min,test,100,59.115353,-26.774176,1.3313937,9.55958,User: user110<br>Type: 1min<br>Split: test
user110,1min,test,101,59.115353,-26.774176,1.3314985,9.558697,User: user110<br>Type: 1min<br>Split: test
user110,1min,test,102,59.115353,-26.774176,1.3314373,9.559738,User: user110<br>Type: 1min<br>Split: test
user110,1min,test,103,59.115353,-26.774176,1.3314515,9.559496,User: user110<br>Type: 1min<br>Split: test
user110,1min,test,104,59.115353,-26.774176,1.3315642,9.559543,User: user110<br>Type: 1min<br>Split: test
user110,1min,test,105,59.115353,-26.774176,1.331273,9.559817,User: user110<br>Type: 1min<br>Split: test
user111,1min,test,106,155.2622,52.503296,-1.8862652,4.1459966,User: user111<br>Type: 1min<br>Split: test
user111,1min,test,107,155.2622,52.503296,-1.8858464,4.1459146,User: user111<br>Type: 1min<br>Split: test
user111,1min,test,108,155.2622,52.503296,-1.8860229,4.1461973,User: user111<br>Type: 1min<br>Split: test
user111,1min,test,109,155.2622,52.503296,-1.8860126,4.146014,User: user111<br>Type: 1min<br>Split: test
user111,1min,test,110,155.2622,52.503296,-1.8862472,4.1459017,User: user111<br>Type: 1min<br>Split: test
user111,1min,test,111,155.2622,52.503296,-1.8860425,4.1459675,User: user111<br>Type: 1min<br>Split: test
user111,1min,test,112,155.2622,52.503296,-1.886013,4.145931,User: user111<br>Type: 1min<br>Split: test
user111,1min,test,113,155.2622,52.503296,-1.8860401,4.145875,User: user111<br>Type: 1min<br>Split: test
user111,1min,test,114,155.2622,52.503296,-1.8856891,4.1456957,User: user111<br>Type: 1min<br>Split: test
user111,1min,test,115,155.2622,52.503296,-1.8863672,4.1459517,User: user111<br>Type: 1min<br>Split: test
user111,1min,test,116,155.2622,52.503296,-1.88613,4.1459317,User: user111<br>Type: 1min<br>Split: test
user111,1min,test,117,155.2622,52.503296,-1.8862188,4.146011,User: user111<br>Type: 1min<br>Split: test
user111,1min,test,118,155.2622,52.503296,-1.88614,4.1459255,User: user111<br>Type: 1min<br>Split: test
user111,1min,test,119,155.2622,52.503296,-1.8860871,4.1459723,User: user111<br>Type: 1min<br>Split: test
user111,1min,test,120,155.2622,52.503296,-1.8856274,4.1460004,User: user111<br>Type: 1min<br>Split: test
user112,1min,test,121,9.584982,-99.608444,8.30217,17.068045,User: user112<br>Type: 1min<br>Split: test
user112,1min,test,122,9.584982,-99.608444,8.294554,17.068052,User: user112<br>Type: 1min<br>Split: test
user112,1min,test,123,9.584982,-99.608444,8.294539,17.068123,User: user112<br>Type: 1min<br>Split: test
user112,1min,test,124,9.584982,-99.608444,8.294654,17.06807,User: user112<br>Type: 1min<br>Split: test
user112,1min,test,125,9.584982,-99.608444,8.295139,17.067938,User: user112<br>Type: 1min<br>Split: test
user112,1min,test,126,6.696522,-97.48945,8.295618,17.06738,User: user112<br>Type: 1min<br>Split: test
user112,1min,test,127,6.696522,-97.48945,8.294407,17.068287,User: user112<br>Type: 1min<br>Split: test
user112,1min,test,128,9.584982,-99.608444,8.294646,17.067997,User: user112<br>Type: 1min<br>Split: test
user112,1min,test,129,9.584982,-99.608444,8.294825,17.06811,User: user112<br>Type: 1min<br>Split: test
user112,1min,test,130,9.584982,-99.608444,8.293966,17.068127,User: user112<br>Type: 1min<br>Split: test
user112,1min,test,131,9.584982,-99.608444,8.294783,17.06799,User: user112<br>Type: 1min<br>Split: test
user112,1min,test,132,9.584982,-99.608444,8.294877,17.06808,User: user112<br>Type: 1min<br>Split: test
user112,1min,test,133,9.584982,-99.608444,8.295013,17.068539,User: user112<br>Type: 1min<br>Split: test
user112,1min,test,134,9.584982,-99.608444,8.313655,17.065851,User: user112<br>Type: 1min<br>Split: test
user112,1min,test,135,9.584982,-99.608444,8.295416,17.068123,User: user112<br>Type: 1min<br>Split: test
user113,1min,test,136,112.43494,26.434328,-10.158618,2.30189,User: user113<br>Type: 1min<br>Split: test
user113,1min,test,137,112.43494,26.434328,-10.158635,2.3018966,User: user113<br>Type: 1min<br>Split: test
user113,1min,test,138,112.43494,26.434328,-10.158647,2.3018732,User: user113<br>Type: 1min<br>Split: test
user113,1min,test,139,112.43494,26.434328,-10.1587305,2.3019965,User: user113<br>Type: 1min<br>Split: test
user113,1min,test,140,112.43494,26.434328,-10.158508,2.3020344,User: user113<br>Type: 1min<br>Split: test
user113,1min,test,141,112.43494,26.434328,-10.158686,2.301962,User: user113<br>Type: 1min<br>Split: test
user113,1min,test,142,112.43494,26.434328,-10.158638,2.304529,User: user113<br>Type: 1min<br>Split: test
user113,1min,test,143,112.43494,26.434328,-10.158607,2.3022244,User: user113<br>Type: 1min<br>Split: test
user113,1min,test,144,112.43494,26.434328,-10.158456,2.301901,User: user113<br>Type: 1min<br>Split: test
user113,1min,test,145,112.43494,26.434328,-10.158596,2.302099,User: user113<br>Type: 1min<br>Split: test
user113,1min,test,146,112.43494,26.434328,-10.158692,2.3020234,User: user113<br>Type: 1min<br>Split: test
user113,1min,test,147,112.43494,26.434328,-10.158647,2.3020227,User: user113<br>Type: 1min<br>Split: test
user113,1min,test,148,112.43494,26.434328,-10.158741,2.3020468,User: user113<br>Type: 1min<br>Split: test
user113,1min,test,149,112.43494,26.434328,-10.15871,2.301908,User: user113<br>Type: 1min<br>Split: test
user113,1min,test,150,112.43494,26.434328,-10.1589,2.3021483,User: user113<br>Type: 1min<br>Split: test
user114,1min,test,151,14.153958,-45.342384,-1.6604366,15.722773,User: user114<br>Type: 1min<br>Split: test
user114,1min,test,152,14.153958,-45.342384,-1.6604726,15.722931,User: user114<br>Type: 1min<br>Split: test
user114,1min,test,153,14.153958,-45.342384,-1.6604646,15.722888,User: user114<br>Type: 1min<br>Split: test
user114,1min,test,154,14.153958,-45.342384,-1.6605897,15.72344,User: user114<br>Type: 1min<br>Split: test
user114,1min,test,155,14.153958,-45.342384,-1.6605321,15.722948,User: user114<br>Type: 1min<br>Split: test
user114,1min,test,156,14.153958,-45.342384,-1.6603607,15.722744,User: user114<br>Type: 1min<br>Split: test
user114,1min,test,157,14.153958,-45.342384,-1.6605695,15.722823,User: user114<br>Type: 1min<br>Split: test
user114,1min,test,158,11.526251,-42.924446,-1.6604885,15.722785,User: user114<br>Type: 1min<br>Split: test
user114,1min,test,159,11.526251,-42.924446,-1.6605026,15.722876,User: user114<br>Type: 1min<br>Split: test
user114,1min,test,160,14.153958,-45.342384,-1.6603916,15.722829,User: user114<br>Type: 1min<br>Split: test
user114,1min,test,161,14.153958,-45.342384,-1.6606,15.722928,User: user114<br>Type: 1min<br>Split: test
user114,1min,test,162,14.153958,-45.342384,-1.6603575,15.722822,User: user114<br>Type: 1min<br>Split: test
user114,1min,test,163,14.153958,-45.342384,-1.6605693,15.722866,User: user114<br>Type: 1min<br>Split: test
user114,1min,test,164,14.153958,-45.342384,-1.6605988,15.722911,User: user114<br>Type: 1min<br>Split: test
user114,1min,test,165,14.153958,-45.342384,-1.6610538,15.724099,User: user114<br>Type: 1min<br>Split: test
user115,1min,test,166,82.81681,191.14928,4.8360147,0.6596326,User: user115<br>Type: 1min<br>Split: test
user115,1min,test,167,82.81681,191.14928,4.8438377,0.6534436,User: user115<br>Type: 1min<br>Split: test
user115,1min,test,168,82.81681,191.14928,4.8426204,0.652654,User: user115<br>Type: 1min<br>Split: test
user115,1min,test,169,82.81681,191.14928,4.842607,0.6528296,User: user115<br>Type: 1min<br>Split: test
user115,1min,test,170,82.81681,191.14928,4.842382,0.6527727,User: user115<br>Type: 1min<br>Split: test
user115,1min,test,171,82.81681,191.14928,4.842418,0.6526787,User: user115<br>Type: 1min<br>Split: test
user115,1min,test,172,82.81681,191.14928,4.8426223,0.65214044,User: user115<br>Type: 1min<br>Split: test
user115,1min,test,173,82.81681,191.14928,4.8425584,0.6526476,User: user115<br>Type: 1min<br>Split: test
user115,1min,test,174,82.81681,191.14928,4.826043,0.66953,User: user115<br>Type: 1min<br>Split: test
user115,1min,test,175,82.81681,191.14928,4.842031,0.65367985,User: user115<br>Type: 1min<br>Split: test
user115,1min,test,176,82.81681,191.14928,4.8417273,0.6529713,User: user115<br>Type: 1min<br>Split: test
user115,1min,test,177,82.81681,191.14928,4.841833,0.6536943,User: user115<br>Type: 1min<br>Split: test
user115,1min,test,178,82.81681,191.14928,4.842122,0.6529862,User: user115<br>Type: 1min<br>Split: test
user115,1min,test,179,82.81681,191.14928,4.840823,0.6529581,User: user115<br>Type: 1min<br>Split: test
user115,1min,test,180,82.81681,191.14928,4.8421245,0.6526385,User: user115<br>Type: 1min<br>Split: test
user116,1min,test,181,87.5458,43.28536,14.730306,9.054561,User: user116<br>Type: 1min<br>Split: test
user116,1min,test,182,87.5458,43.28536,14.730754,9.05284,User: user116<br>Type: 1min<br>Split: test
user116,1min,test,183,87.5458,43.28536,14.730307,9.054336,User: user116<br>Type: 1min<br>Split: test
user116,1min,test,184,87.5458,43.28536,14.730323,9.054559,User: user116<br>Type: 1min<br>Split: test
user116,1min,test,185,87.5458,43.28536,14.729589,9.058754,User: user116<br>Type: 1min<br>Split: test
user116,1min,test,186,87.5458,43.28536,14.730423,9.054637,User: user116<br>Type: 1min<br>Split: test
user116,1min,test,187,87.5458,43.28536,14.730354,9.054611,User: user116<br>Type: 1min<br>Split: test
user116,1min,test,188,87.5458,43.28536,14.730307,9.054656,User: user116<br>Type: 1min<br>Split: test
user116,1min,test,189,87.5458,43.28536,14.730493,9.054717,User: user116<br>Type: 1min<br>Split: test
user116,1min,test,190,90.19101,45.869022,14.730213,9.054811,User: user116<br>Type: 1min<br>Split: test
user116,1min,test,191,90.19101,45.869022,14.729863,9.056277,User: user116<br>Type: 1min<br>Split: test
user116,1min,test,192,87.5458,43.28536,14.730895,9.055005,User: user116<br>Type: 1min<br>Split: test
user116,1min,test,193,87.5458,43.28536,14.730489,9.054672,User: user116<br>Type: 1min<br>Split: test
user116,1min,test,194,87.5458,43.28536,14.736466,9.055817,User: user116<br>Type: 1min<br>Split: test
user116,1min,test,195,87.5458,43.28536,14.730612,9.054866,User: user116<br>Type: 1min<br>Split: test
user117,1min,test,196,60.275845,-65.7562,8.829529,13.447544,User: user117<br>Type: 1min<br>Split: test
user117,1min,test,197,60.275845,-65.7562,8.829996,13.447767,User: user117<br>Type: 1min<br>Split: test
user117,1min,test,198,60.275845,-65.7562,8.8301525,13.447818,User: user117<br>Type: 1min<br>Split: test
user117,1min,test,199,60.275845,-65.7562,8.831907,13.446659,User: user117<br>Type: 1min<br>Split: test
user117,1min,test,200,60.275845,-65.7562,8.830267,13.447804,User: user117<br>Type: 1min<br>Split: test
user117,1min,test,201,60.275845,-65.7562,8.830386,13.447777,User: user117<br>Type: 1min<br>Split: test
user117,1min,test,202,60.275845,-65.7562,8.8302355,13.447799,User: user117<br>Type: 1min<br>Split: test
user117,1min,test,203,60.275845,-65.7562,8.841546,13.444247,User: user117<br>Type: 1min<br>Split: test
user117,1min,test,204,60.275845,-65.7562,8.830606,13.447816,User: user117<br>Type: 1min<br>Split: test
user117,1min,test,205,60.275845,-65.7562,8.830958,13.44761,User: user117<br>Type: 1min<br>Split: test
user117,1min,test,206,60.275845,-65.7562,8.830751,13.4478,User: user117<br>Type: 1min<br>Split: test
user117,1min,test,207,60.275845,-65.7562,8.830508,13.44743,User: user117<br>Type: 1min<br>Split: test
user117,1min,test,208,60.275845,-65.7562,8.830739,13.447035,User: user117<br>Type: 1min<br>Split: test
user117,1min,test,209,60.275845,-65.7562,8.8307295,13.447196,User: user117<br>Type: 1min<br>Split: test
user117,1min,test,210,60.275845,-65.7562,8.830666,13.447353,User: user117<br>Type: 1min<br>Split: test
user118,1min,test,211,96.53414,26.436754,-14.61702,3.6180117,User: user118<br>Type: 1min<br>Split: test
user118,1min,test,212,96.53414,26.436754,-14.617028,3.6179347,User: user118<br>Type: 1min<br>Split: test
user118,1min,test,213,96.53414,26.436754,-14.616935,3.6179893,User: user118<br>Type: 1min<br>Split: test
user118,1min,test,214,96.53414,26.436754,-14.616939,3.6180363,User: user118<br>Type: 1min<br>Split: test
user118,1min,test,215,96.53414,26.436754,-14.617036,3.617963,User: user118<br>Type: 1min<br>Split: test
user118,1min,test,216,96.53414,26.436754,-14.617048,3.6179097,User: user118<br>Type: 1min<br>Split: test
user118,1min,test,217,96.53414,26.436754,-14.613382,3.6183112,User: user118<br>Type: 1min<br>Split: test
user118,1min,test,218,96.53414,26.436754,-14.616866,3.617922,User: user118<br>Type: 1min<br>Split: test
user118,1min,test,219,96.53414,26.436754,-14.616838,3.618019,User: user118<br>Type: 1min<br>Split: test
user118,1min,test,220,96.53414,26.436754,-14.616899,3.6180377,User: user118<br>Type: 1min<br>Split: test
user118,1min,test,221,96.53414,26.436754,-14.616856,3.6179395,User: user118<br>Type: 1min<br>Split: test
user118,1min,test,222,95.91863,22.912622,-14.616292,3.6183558,User: user118<br>Type: 1min<br>Split: test
user118,1min,test,223,95.91863,22.912622,-14.616785,3.617985,User: user118<br>Type: 1min<br>Split: test
user118,1min,test,224,96.53414,26.436754,-14.616604,3.6181562,User: user118<br>Type: 1min<br>Split: test
user118,1min,test,225,96.53414,26.436754,-14.616936,3.618215,User: user118<br>Type: 1min<br>Split: test
user119,1min,test,226,-8.68782,-94.59654,0.8502142,13.718797,User: user119<br>Type: 1min<br>Split: test
user119,1min,test,227,-8.68782,-94.59654,0.8501954,13.718795,User: user119<br>Type: 1min<br>Split: test
user119,1min,test,228,-8.68782,-94.59654,0.8507791,13.719489,User: user119<br>Type: 1min<br>Split: test
user119,1min,test,229,-8.68782,-94.59654,0.8502123,13.718759,User: user119<br>Type: 1min<br>Split: test
user119,1min,test,230,-8.68782,-94.59654,0.8503185,13.719036,User: user119<br>Type: 1min<br>Split: test
user119,1min,test,231,-8.68782,-94.59654,0.8501487,13.7188635,User: user119<br>Type: 1min<br>Split: test
user119,1min,test,232,-8.68782,-94.59654,0.8516451,13.720651,User: user119<br>Type: 1min<br>Split: test
user119,1min,test,233,-8.68782,-94.59654,0.85012424,13.718903,User: user119<br>Type: 1min<br>Split: test
user119,1min,test,234,-8.68782,-94.59654,0.8480524,13.717391,User: user119<br>Type: 1min<br>Split: test
user119,1min,test,235,-8.68782,-94.59654,0.8503559,13.7190275,User: user119<br>Type: 1min<br>Split: test
user119,1min,test,236,-8.68782,-94.59654,0.8501838,13.718908,User: user119<br>Type: 1min<br>Split: test
user119,1min,test,237,-8.68782,-94.59654,0.84997654,13.719049,User: user119<br>Type: 1min<br>Split: test
user119,1min,test,238,-8.68782,-94.59654,0.85001326,13.719047,User: user119<br>Type: 1min<br>Split: test
user119,1min,test,239,-8.68782,-94.59654,0.85033077,13.719014,User: user119<br>Type: 1min<br>Split: test
user119,1min,test,240,-8.68782,-94.59654,0.8500728,13.718728,User: user119<br>Type: 1min<br>Split: test
user120,1min,test,241,66.62388,-51.376266,21.208048,-5.851649,User: user120<br>Type: 1min<br>Split: test
user120,1min,test,242,66.62388,-51.376266,21.207937,-5.8515244,User: user120<br>Type: 1min<br>Split: test
user120,1min,test,243,66.62388,-51.376266,21.207893,-5.85164,User: user120<br>Type: 1min<br>Split: test
user120,1min,test,244,66.62388,-51.376266,21.208078,-5.8515477,User: user120<br>Type: 1min<br>Split: test
user120,1min,test,245,66.62388,-51.376266,21.208002,-5.8515725,User: user120<br>Type: 1min<br>Split: test
user120,1min,test,246,66.62388,-51.376266,21.2083,-5.8515396,User: user120<br>Type: 1min<br>Split: test
user120,1min,test,247,66.62388,-51.376266,21.208042,-5.851585,User: user120<br>Type: 1min<br>Split: test
user120,1min,test,248,69.89118,-50.677547,21.208097,-5.8515697,User: user120<br>Type: 1min<br>Split: test
user120,1min,test,249,67.232704,-54.92547,21.207937,-5.8515487,User: user120<br>Type: 1min<br>Split: test
user120,1min,test,250,69.65706,-53.69093,21.207897,-5.8515754,User: user120<br>Type: 1min<br>Split: test
user120,1min,test,251,69.89118,-50.677547,21.208319,-5.851613,User: user120<br>Type: 1min<br>Split: test
user120,1min,test,252,69.65706,-53.69093,21.208004,-5.851623,User: user120<br>Type: 1min<br>Split: test
user120,1min,test,253,67.232704,-54.92547,21.208015,-5.851585,User: user120<br>Type: 1min<br>Split: test
user120,1min,test,254,64.48838,-53.870934,21.207758,-5.851632,User: user120<br>Type: 1min<br>Split: test
user120,1min,test,255,64.48838,-53.870934,21.207876,-5.851621,User: user120<br>Type: 1min<br>Split: test
user105,3min,test,0,-89.71238,29.864601,-9.461372,14.190231,User: user105<br>Type: 3min<br>Split: test
user106,3min,test,1,3.944769,67.17047,12.201545,-5.259022,User: user106<br>Type: 3min<br>Split: test
user107,3min,test,2,-0.26613307,15.318348,7.8725457,-4.6802363,User: user107<br>Type: 3min<br>Split: test
user108,3min,test,3,-60.420815,-67.59162,-1.1799467,1.171927,User: user108<br>Type: 3min<br>Split: test
user109,3min,test,4,-112.480896,-59.418663,3.5632017,12.737279,User: user109<br>Type: 3min<br>Split: test
user110,3min,test,5,-121.12149,-19.993773,2.4383016,16.216827,User: user110<br>Type: 3min<br>Split: test
user111,3min,test,6,-4.5956135,82.137825,-1.1692388,14.158426,User: user111<br>Type: 3min<br>Split: test
user112,3min,test,7,-68.64826,-36.75767,1.5842078,6.457019,User: user112<br>Type: 3min<br>Split: test
user113,3min,test,8,-57.05763,54.73738,11.696745,-12.516668,User: user113<br>Type: 3min<br>Split: test
user114,3min,test,9,33.612133,-77.509026,-8.057618,13.563389,User: user114<br>Type: 3min<br>Split: test
user115,3min,test,10,-20.34787,77.93882,15.7044935,11.059892,User: user115<br>Type: 3min<br>Split: test
user116,3min,test,11,-2.7754903,33.41405,0.5953796,-6.003128,User: user116<br>Type: 3min<br>Split: test
user117,3min,test,12,72.78474,-65.124756,-6.312789,11.70693,User: user117<br>Type: 3min<br>Split: test
user118,3min,test,13,-14.127958,10.0205,3.4297483,8.2753315,User: user118<br>Type: 3min<br>Split: test
user119,3min,test,14,-62.23544,-48.36796,4.5248575,-1.4428487,User: user119<br>Type: 3min<br>Split: test
user120,3min,test,15,46.839848,-62.915234,0.76616156,7.8148093,User: user120<br>Type: 3min<br>Split: test
user106,3min,test,16,3.944769,67.17047,12.201933,-5.2586465,User: user106<br>Type: 3min<br>Split: test
user107,3min,test,17,-0.26613307,15.318348,7.872613,-4.6802735,User: user107<br>Type: 3min<br>Split: test
user108,3min,test,18,-60.420815,-67.59162,-1.180024,1.171967,User: user108<br>Type: 3min<br>Split: test
user109,3min,test,19,-112.480896,-59.418663,3.563131,12.737525,User: user109<br>Type: 3min<br>Split: test
user110,3min,test,20,-121.12149,-19.993773,2.4367716,16.217249,User: user110<br>Type: 3min<br>Split: test
user111,3min,test,21,-4.5956135,82.137825,-1.1694168,14.158293,User: user111<br>Type: 3min<br>Split: test
user112,3min,test,22,-68.64826,-36.75767,1.5823795,6.4605517,User: user112<br>Type: 3min<br>Split: test
user113,3min,test,23,-57.05763,54.73738,11.698,-12.514979,User: user113<br>Type: 3min<br>Split: test
user114,3min,test,24,33.612133,-77.509026,-8.057645,13.563423,User: user114<br>Type: 3min<br>Split: test
user115,3min,test,25,-20.34787,77.93882,15.705793,11.058314,User: user115<br>Type: 3min<br>Split: test
user116,3min,test,26,-2.7754903,33.41405,0.59535897,-6.0031075,User: user116<br>Type: 3min<br>Split: test
user117,3min,test,27,72.78474,-65.124756,-6.312842,11.707044,User: user117<br>Type: 3min<br>Split: test
user118,3min,test,28,-14.127958,10.0205,3.4297316,8.275298,User: user118<br>Type: 3min<br>Split: test
user119,3min,test,29,-62.23544,-48.36796,4.524812,-1.4429029,User: user119<br>Type: 3min<br>Split: test
user120,3min,test,30,44.301487,-60.400017,0.76609224,7.815382,User: user120<br>Type: 3min<br>Split: test
user105,3min,test,31,-89.106995,33.41394,-9.461262,14.190324,User: user105<br>Type: 3min<br>Split: test
user107,3min,test,32,-0.26613307,15.318348,7.8725147,-4.6800184,User: user107<br>Type: 3min<br>Split: test
user108,3min,test,33,-60.420815,-67.59162,-1.1800395,1.1719491,User: user108<br>Type: 3min<br>Split: test
user109,3min,test,34,-112.480896,-59.418663,3.5632415,12.737335,User: user109<br>Type: 3min<br>Split: test
user110,3min,test,35,-121.12149,-19.993773,2.438105,16.216928,User: user110<br>Type: 3min<br>Split: test
user111,3min,test,36,-4.5956135,82.137825,-1.1692992,14.158321,User: user111<br>Type: 3min<br>Split: test
user112,3min,test,37,-68.64826,-36.75767,1.5824399,6.460038,User: user112<br>Type: 3min<br>Split: test
user113,3min,test,38,-57.05763,54.73738,11.698003,-12.515001,User: user113<br>Type: 3min<br>Split: test
user114,3min,test,39,33.612133,-77.509026,-8.057199,13.563179,User: user114<br>Type: 3min<br>Split: test
user115,3min,test,40,-20.34787,77.93882,15.706452,11.061298,User: user115<br>Type: 3min<br>Split: test
user116,3min,test,41,-2.7754903,33.41405,0.5951528,-6.0028358,User: user116<br>Type: 3min<br>Split: test
user117,3min,test,42,72.78474,-65.124756,-6.3128123,11.70694,User: user117<br>Type: 3min<br>Split: test
user118,3min,test,43,-14.127958,10.0205,3.4296656,8.275369,User: user118<br>Type: 3min<br>Split: test
user119,3min,test,44,-62.23544,-48.36796,4.524519,-1.4430604,User: user119<br>Type: 3min<br>Split: test
user120,3min,test,45,46.839848,-62.915234,0.7659885,7.8147,User: user120<br>Type: 3min<br>Split: test
user105,3min,test,46,-89.71238,29.864601,-9.461209,14.190249,User: user105<br>Type: 3min<br>Split: test
user106,3min,test,47,3.944769,67.17047,12.20158,-5.2589903,User: user106<br>Type: 3min<br>Split: test
user108,3min,test,48,-60.420815,-67.59162,-1.1801038,1.1718762,User: user108<br>Type: 3min<br>Split: test
user109,3min,test,49,-112.480896,-59.418663,3.5633223,12.737434,User: user109<br>Type: 3min<br>Split: test
user110,3min,test,50,-121.12149,-19.993773,2.4382493,16.216702,User: user110<br>Type: 3min<br>Split: test
user111,3min,test,51,-4.5956135,82.137825,-1.169282,14.158201,User: user111<br>Type: 3min<br>Split: test
user112,3min,test,52,-68.64826,-36.75767,1.5824469,6.460097,User: user112<br>Type: 3min<br>Split: test
user113,3min,test,53,-57.05763,54.73738,11.707126,-12.503655,User: user113<br>Type: 3min<br>Split: test
user114,3min,test,54,33.612133,-77.509026,-8.057575,13.563437,User: user114<br>Type: 3min<br>Split: test
user115,3min,test,55,-20.34787,77.93882,15.704761,11.060082,User: user115<br>Type: 3min<br>Split: test
user116,3min,test,56,-2.7754903,33.41405,0.59519297,-6.0030155,User: user116<br>Type: 3min<br>Split: test
user117,3min,test,57,72.78474,-65.124756,-6.312747,11.70687,User: user117<br>Type: 3min<br>Split: test
user118,3min,test,58,-14.127958,10.0205,3.4294403,8.275322,User: user118<br>Type: 3min<br>Split: test
user119,3min,test,59,-62.23544,-48.36796,4.525025,-1.4428161,User: user119<br>Type: 3min<br>Split: test
user120,3min,test,60,46.839848,-62.915234,0.7660109,7.8148565,User: user120<br>Type: 3min<br>Split: test
user105,3min,test,61,-89.71238,29.864601,-9.4609165,14.190289,User: user105<br>Type: 3min<br>Split: test
user106,3min,test,62,1.8734156,70.19465,12.20183,-5.258669,User: user106<br>Type: 3min<br>Split: test
user107,3min,test,63,2.7212398,13.34562,7.8726416,-4.6802864,User: user107<br>Type: 3min<br>Split: test
user109,3min,test,64,-112.480896,-59.418663,3.5632095,12.737284,User: user109<br>Type: 3min<br>Split: test
user110,3min,test,65,-121.12149,-19.993773,2.4578722,16.197449,User: user110<br>Type: 3min<br>Split: test
user111,3min,test,66,-4.5956135,82.137825,-1.1693921,14.158257,User: user111<br>Type: 3min<br>Split: test
user112,3min,test,67,-68.64826,-36.75767,1.5795821,6.4611917,User: user112<br>Type: 3min<br>Split: test
user113,3min,test,68,-57.05763,54.73738,11.698229,-12.514751,User: user113<br>Type: 3min<br>Split: test
user114,3min,test,69,33.612133,-77.509026,-8.057168,13.562543,User: user114<br>Type: 3min<br>Split: test
user115,3min,test,70,-20.34787,77.93882,15.7054205,11.060957,User: user115<br>Type: 3min<br>Split: test
user116,3min,test,71,-2.7754903,33.41405,0.59526765,-6.0030594,User: user116<br>Type: 3min<br>Split: test
user117,3min,test,72,72.78474,-65.124756,-6.3128877,11.7068815,User: user117<br>Type: 3min<br>Split: test
user118,3min,test,73,-14.127958,10.0205,3.429589,8.275256,User: user118<br>Type: 3min<br>Split: test
user119,3min,test,74,-62.23544,-48.36796,4.5250998,-1.4429185,User: user119<br>Type: 3min<br>Split: test
user120,3min,test,75,46.839848,-62.915234,0.7658683,7.8145647,User: user120<br>Type: 3min<br>Split: test
user105,3min,test,76,-89.71238,29.864601,-9.46123,14.190402,User: user105<br>Type: 3min<br>Split: test
user106,3min,test,77,3.944769,67.17047,12.201721,-5.2588854,User: user106<br>Type: 3min<br>Split: test
user107,3min,test,78,-0.26613307,15.318348,7.8726554,-4.6803846,User: user107<br>Type: 3min<br>Split: test
user108,3min,test,79,-60.420815,-67.59162,-1.1800269,1.171896,User: user108<br>Type: 3min<br>Split: test
user110,3min,test,80,-121.12149,-19.993773,2.4386344,16.216227,User: user110<br>Type: 3min<br>Split: test
user111,3min,test,81,-4.5956135,82.137825,-1.1693681,14.158317,User: user111<br>Type: 3min<br>Split: test
user112,3min,test,82,-68.64826,-36.75767,1.5824273,6.460241,User: user112<br>Type: 3min<br>Split: test
user113,3min,test,83,-57.05763,54.73738,11.698416,-12.514064,User: user113<br>Type: 3min<br>Split: test
user114,3min,test,84,33.612133,-77.509026,-8.057594,13.563269,User: user114<br>Type: 3min<br>Split: test
user115,3min,test,85,-20.34787,77.93882,15.70469,11.060185,User: user115<br>Type: 3min<br>Split: test
user116,3min,test,86,-2.7754903,33.41405,0.5951888,-6.00313,User: user116<br>Type: 3min<br>Split: test
user117,3min,test,87,72.78474,-65.124756,-6.3128433,11.706874,User: user117<br>Type: 3min<br>Split: test
user118,3min,test,88,-14.127958,10.0205,3.4296904,8.275084,User: user118<br>Type: 3min<br>Split: test
user119,3min,test,89,-62.23544,-48.36796,4.525056,-1.4429232,User: user119<br>Type: 3min<br>Split: test
user120,3min,test,90,46.839848,-62.915234,0.7660644,7.814679,User: user120<br>Type: 3min<br>Split: test
user105,3min,test,91,-89.71238,29.864601,-9.461932,14.19056,User: user105<br>Type: 3min<br>Split: test
user106,3min,test,92,3.944769,67.17047,12.201894,-5.258867,User: user106<br>Type: 3min<br>Split: test
user107,3min,test,93,-0.26613307,15.318348,7.8726053,-4.680296,User: user107<br>Type: 3min<br>Split: test
user108,3min,test,94,-63.75225,-68.8856,-1.1797718,1.1717371,User: user108<br>Type: 3min<br>Split: test
user109,3min,test,95,-111.07017,-56.142868,3.5631588,12.737486,User: user109<br>Type: 3min<br>Split: test
user111,3min,test,96,-4.5956135,82.137825,-1.1693428,14.158284,User: user111<br>Type: 3min<br>Split: test
user112,3min,test,97,-68.64826,-36.75767,1.5820987,6.460361,User: user112<br>Type: 3min<br>Split: test
user113,3min,test,98,-57.05763,54.73738,11.698249,-12.514735,User: user113<br>Type: 3min<br>Split: test
user114,3min,test,99,33.612133,-77.509026,-8.057592,13.562833,User: user114<br>Type: 3min<br>Split: test
user115,3min,test,100,-20.34787,77.93882,15.70454,11.060052,User: user115<br>Type: 3min<br>Split: test
user116,3min,test,101,-2.7754903,33.41405,0.5952672,-6.003052,User: user116<br>Type: 3min<br>Split: test
user117,3min,test,102,72.78474,-65.124756,-6.3128624,11.706849,User: user117<br>Type: 3min<br>Split: test
user118,3min,test,103,-14.127958,10.0205,3.429675,8.275188,User: user118<br>Type: 3min<br>Split: test
user119,3min,test,104,-62.23544,-48.36796,4.5250225,-1.4429337,User: user119<br>Type: 3min<br>Split: test
user120,3min,test,105,46.839848,-62.915234,0.76492107,7.81193,User: user120<br>Type: 3min<br>Split: test
user105,3min,test,106,-89.71238,29.864601,-9.461341,14.190302,User: user105<br>Type: 3min<br>Split: test
user106,3min,test,107,3.944769,67.17047,12.201912,-5.258758,User: user106<br>Type: 3min<br>Split: test
user107,3min,test,108,-0.26613307,15.318348,7.872582,-4.6803775,User: user107<br>Type: 3min<br>Split: test
user108,3min,test,109,-60.420815,-67.59162,-1.180223,1.1718402,User: user108<br>Type: 3min<br>Split: test
user109,3min,test,110,-112.480896,-59.418663,3.5631492,12.737335,User: user109<br>Type: 3min<br>Split: test
user110,3min,test,111,-121.12149,-19.993773,2.4386568,16.216228,User: user110<br>Type: 3min<br>Split: test
user112,3min,test,112,-68.64826,-36.75767,1.5822343,6.4600687,User: user112<br>Type: 3min<br>Split: test
user113,3min,test,113,-57.05763,54.73738,11.698348,-12.514683,User: user113<br>Type: 3min<br>Split: test
user114,3min,test,114,33.612133,-77.509026,-8.056342,13.575681,User: user114<br>Type: 3min<br>Split: test
user115,3min,test,115,-20.34787,77.93882,15.700753,11.055237,User: user115<br>Type: 3min<br>Split: test
user116,3min,test,116,-2.7754903,33.41405,0.5952199,-6.00313,User: user116<br>Type: 3min<br>Split: test
user117,3min,test,117,72.78474,-65.124756,-6.312794,11.706419,User: user117<br>Type: 3min<br>Split: test
user118,3min,test,118,-14.127958,10.0205,3.4296515,8.275351,User: user118<br>Type: 3min<br>Split: test
user119,3min,test,119,-62.23544,-48.36796,4.522962,-1.4443825,User: user119<br>Type: 3min<br>Split: test
user120,3min,test,120,46.839848,-62.915234,0.7752604,7.821824,User: user120<br>Type: 3min<br>Split: test
user105,3min,test,121,-89.71238,29.864601,-9.461145,14.190312,User: user105<br>Type: 3min<br>Split: test
user106,3min,test,122,3.944769,67.17047,12.201886,-5.258763,User: user106<br>Type: 3min<br>Split: test
user107,3min,test,123,-0.26613307,15.318348,7.87248,-4.6802807,User: user107<br>Type: 3min<br>Split: test
user108,3min,test,124,-60.420815,-67.59162,-1.1799989,1.1719143,User: user108<br>Type: 3min<br>Split: test
user109,3min,test,125,-112.480896,-59.418663,3.5631192,12.737225,User: user109<br>Type: 3min<br>Split: test
user110,3min,test,126,-121.16962,-23.606327,2.4383373,16.216112,User: user110<br>Type: 3min<br>Split: test
user111,3min,test,127,-1.027796,81.85549,-1.1692876,14.157989,User: user111<br>Type: 3min<br>Split: test
user113,3min,test,128,-57.05763,54.73738,11.698254,-12.514762,User: user113<br>Type: 3min<br>Split: test
user114,3min,test,129,33.612133,-77.509026,-8.057659,13.563635,User: user114<br>Type: 3min<br>Split: test
user115,3min,test,130,-20.34787,77.93882,15.698522,11.070092,User: user115<br>Type: 3min<br>Split: test
user116,3min,test,131,-2.7754903,33.41405,0.5951844,-6.003029,User: user116<br>Type: 3min<br>Split: test
user117,3min,test,132,72.78474,-65.124756,-6.3129325,11.706616,User: user117<br>Type: 3min<br>Split: test
user118,3min,test,133,-14.127958,10.0205,3.429565,8.274907,User: user118<br>Type: 3min<br>Split: test
user119,3min,test,134,-62.23544,-48.36796,4.5249357,-1.4429276,User: user119<br>Type: 3min<br>Split: test
user120,3min,test,135,46.839848,-62.915234,0.7663119,7.8149204,User: user120<br>Type: 3min<br>Split: test
user105,3min,test,136,-89.71238,29.864601,-9.461355,14.189951,User: user105<br>Type: 3min<br>Split: test
user106,3min,test,137,3.944769,67.17047,12.202086,-5.258397,User: user106<br>Type: 3min<br>Split: test
user107,3min,test,138,-0.26613307,15.318348,7.8725905,-4.6802926,User: user107<br>Type: 3min<br>Split: test
user108,3min,test,139,-60.420815,-67.59162,-1.1803143,1.1718842,User: user108<br>Type: 3min<br>Split: test
user109,3min,test,140,-112.480896,-59.418663,3.5630522,12.737249,User: user109<br>Type: 3min<br>Split: test
user110,3min,test,141,-121.12149,-19.993773,2.4386296,16.216366,User: user110<br>Type: 3min<br>Split: test
user111,3min,test,142,-4.5956135,82.137825,-1.1693553,14.15824,User: user111<br>Type: 3min<br>Split: test
user112,3min,test,143,-68.64826,-36.75767,1.5823619,6.460194,User: user112<br>Type: 3min<br>Split: test
user114,3min,test,144,33.612133,-77.509026,-8.0575695,13.563354,User: user114<br>Type: 3min<br>Split: test
user115,3min,test,145,-20.34787,77.93882,15.70451,11.060214,User: user115<br>Type: 3min<br>Split: test
user116,3min,test,146,-2.7754903,33.41405,0.59597117,-6.0027456,User: user116<br>Type: 3min<br>Split: test
user117,3min,test,147,72.78474,-65.124756,-6.312643,11.706988,User: user117<br>Type: 3min<br>Split: test
user118,3min,test,148,-14.127958,10.0205,3.4294636,8.275176,User: user118<br>Type: 3min<br>Split: test
user119,3min,test,149,-62.23544,-48.36796,4.5248218,-1.4428185,User: user119<br>Type: 3min<br>Split: test
user120,3min,test,150,46.839848,-62.915234,0.7661506,7.816056,User: user120<br>Type: 3min<br>Split: test
user105,3min,test,151,-89.71238,29.864601,-9.461176,14.190172,User: user105<br>Type: 3min<br>Split: test
user106,3min,test,152,3.944769,67.17047,12.201913,-5.2586813,User: user106<br>Type: 3min<br>Split: test
user107,3min,test,153,-0.26613307,15.318348,7.8725133,-4.680237,User: user107<br>Type: 3min<br>Split: test
user108,3min,test,154,-60.420815,-67.59162,-1.1800089,1.1718489,User: user108<br>Type: 3min<br>Split: test
user109,3min,test,155,-112.480896,-59.418663,3.563115,12.737245,User: user109<br>Type: 3min<br>Split: test
user110,3min,test,156,-121.12149,-19.993773,2.4385808,16.216343,User: user110<br>Type: 3min<br>Split: test
user111,3min,test,157,-4.5956135,82.137825,-1.1696794,14.158296,User: user111<br>Type: 3min<br>Split: test
user112,3min,test,158,-72.01261,-35.5109,1.5824487,6.460513,User: user112<br>Type: 3min<br>Split: test
user113,3min,test,159,-60.052723,56.862926,11.698543,-12.51472,User: user113<br>Type: 3min<br>Split: test
user115,3min,test,160,-20.34787,77.93882,15.703994,11.060739,User: user115<br>Type: 3min<br>Split: test
user116,3min,test,161,-2.7754903,33.41405,0.5950587,-6.0028334,User: user116<br>Type: 3min<br>Split: test
user117,3min,test,162,72.78474,-65.124756,-6.3129406,11.706819,User: user117<br>Type: 3min<br>Split: test
user118,3min,test,163,-14.127958,10.0205,3.4290996,8.275347,User: user118<br>Type: 3min<br>Split: test
user119,3min,test,164,-62.23544,-48.36796,4.524232,-1.4432518,User: user119<br>Type: 3min<br>Split: test
user120,3min,test,165,46.839848,-62.915234,0.76644516,7.817055,User: user120<br>Type: 3min<br>Split: test
user105,3min,test,166,-89.71238,29.864601,-9.461309,14.190257,User: user105<br>Type: 3min<br>Split: test
user106,3min,test,167,3.944769,67.17047,12.201932,-5.2587376,User: user106<br>Type: 3min<br>Split: test
user107,3min,test,168,-0.26613307,15.318348,7.8725204,-4.6803594,User: user107<br>Type: 3min<br>Split: test
user108,3min,test,169,-60.420815,-67.59162,-1.1820315,1.1733967,User: user108<br>Type: 3min<br>Split: test
user109,3min,test,170,-112.480896,-59.418663,3.5614185,12.732981,User: user109<br>Type: 3min<br>Split: test
user110,3min,test,171,-121.12149,-19.993773,2.437065,16.217985,User: user110<br>Type: 3min<br>Split: test
user111,3min,test,172,-4.5956135,82.137825,-1.1693962,14.15834,User: user111<br>Type: 3min<br>Split: test
user112,3min,test,173,-68.64826,-36.75767,1.5826325,6.4600143,User: user112<br>Type: 3min<br>Split: test
user113,3min,test,174,-57.05763,54.73738,11.697925,-12.515548,User: user113<br>Type: 3min<br>Split: test
user114,3min,test,175,33.612133,-77.509026,-8.057551,13.563475,User: user114<br>Type: 3min<br>Split: test
user116,3min,test,176,-2.7754903,33.41405,0.5951497,-6.0028844,User: user116<br>Type: 3min<br>Split: test
user117,3min,test,177,72.78474,-65.124756,-6.3130436,11.706832,User: user117<br>Type: 3min<br>Split: test
user118,3min,test,178,-14.127958,10.0205,3.4292924,8.275323,User: user118<br>Type: 3min<br>Split: test
user119,3min,test,179,-62.23544,-48.36796,4.524929,-1.4428871,User: user119<br>Type: 3min<br>Split: test
user120,3min,test,180,46.839848,-62.915234,0.76629233,7.815137,User: user120<br>Type: 3min<br>Split: test
user105,3min,test,181,-89.71238,29.864601,-9.461565,14.190074,User: user105<br>Type: 3min<br>Split: test
user106,3min,test,182,3.944769,67.17047,12.202029,-5.258762,User: user106<br>Type: 3min<br>Split: test
user107,3min,test,183,-0.26613307,15.318348,7.8726363,-4.6802835,User: user107<br>Type: 3min<br>Split: test
user108,3min,test,184,-60.420815,-67.59162,-1.1800765,1.1718507,User: user108<br>Type: 3min<br>Split: test
user109,3min,test,185,-112.480896,-59.418663,3.5635037,12.737734,User: user109<br>Type: 3min<br>Split: test
user110,3min,test,186,-121.12149,-19.993773,2.438326,16.216663,User: user110<br>Type: 3min<br>Split: test
user111,3min,test,187,-4.5956135,82.137825,-1.169733,14.158624,User: user111<br>Type: 3min<br>Split: test
user112,3min,test,188,-68.64826,-36.75767,1.5827435,6.460279,User: user112<br>Type: 3min<br>Split: test
user113,3min,test,189,-57.05763,54.73738,11.698267,-12.514942,User: user113<br>Type: 3min<br>Split: test
user114,3min,test,190,37.15807,-77.90947,-8.05751,13.563548,User: user114<br>Type: 3min<br>Split: test
user115,3min,test,191,-17.802769,80.55974,15.704285,11.060276,User: user115<br>Type: 3min<br>Split: test
user117,3min,test,192,72.78474,-65.124756,-6.312907,11.706844,User: user117<br>Type: 3min<br>Split: test
user118,3min,test,193,-14.127958,10.0205,3.4292808,8.275599,User: user118<br>Type: 3min<br>Split: test
user119,3min,test,194,-62.23544,-48.36796,4.5239305,-1.4432427,User: user119<br>Type: 3min<br>Split: test
user120,3min,test,195,46.839848,-62.915234,0.7663601,7.8149977,User: user120<br>Type: 3min<br>Split: test
user105,3min,test,196,-89.71238,29.864601,-9.461157,14.190255,User: user105<br>Type: 3min<br>Split: test
user106,3min,test,197,3.944769,67.17047,12.217226,-5.2445498,User: user106<br>Type: 3min<br>Split: test
user107,3min,test,198,-0.26613307,15.318348,7.872687,-4.680285,User: user107<br>Type: 3min<br>Split: test
user108,3min,test,199,-60.420815,-67.59162,-1.1800601,1.1719011,User: user108<br>Type: 3min<br>Split: test
user109,3min,test,200,-112.480896,-59.418663,3.562858,12.735997,User: user109<br>Type: 3min<br>Split: test
user110,3min,test,201,-121.12149,-19.993773,2.438535,16.216326,User: user110<br>Type: 3min<br>Split: test
user111,3min,test,202,-4.5956135,82.137825,-1.1695027,14.158258,User: user111<br>Type: 3min<br>Split: test
user112,3min,test,203,-68.64826,-36.75767,1.5822542,6.460376,User: user112<br>Type: 3min<br>Split: test
user113,3min,test,204,-57.05763,54.73738,11.698122,-12.51521,User: user113<br>Type: 3min<br>Split: test
user114,3min,test,205,33.612133,-77.509026,-8.05776,13.557347,User: user114<br>Type: 3min<br>Split: test
user115,3min,test,206,-20.34787,77.93882,15.704342,11.060026,User: user115<br>Type: 3min<br>Split: test
user116,3min,test,207,-2.7754903,33.41405,0.5950807,-6.0031757,User: user116<br>Type: 3min<br>Split: test
user118,3min,test,208,-14.127958,10.0205,3.429992,8.271058,User: user118<br>Type: 3min<br>Split: test
user119,3min,test,209,-62.23544,-48.36796,4.5250683,-1.4429247,User: user119<br>Type: 3min<br>Split: test
user120,3min,test,210,46.839848,-62.915234,0.7663481,7.8150625,User: user120<br>Type: 3min<br>Split: test
user105,3min,test,211,-89.71238,29.864601,-9.46117,14.190134,User: user105<br>Type: 3min<br>Split: test
user106,3min,test,212,3.944769,67.17047,12.203178,-5.2578607,User: user106<br>Type: 3min<br>Split: test
user107,3min,test,213,-0.26613307,15.318348,7.8727207,-4.680117,User: user107<br>Type: 3min<br>Split: test
user108,3min,test,214,-60.420815,-67.59162,-1.178093,1.1710068,User: user108<br>Type: 3min<br>Split: test
user109,3min,test,215,-112.480896,-59.418663,3.5630038,12.737319,User: user109<br>Type: 3min<br>Split: test
user110,3min,test,216,-121.12149,-19.993773,2.4385004,16.216455,User: user110<br>Type: 3min<br>Split: test
user111,3min,test,217,-4.5956135,82.137825,-1.169456,14.158193,User: user111<br>Type: 3min<br>Split: test
user112,3min,test,218,-68.64826,-36.75767,1.5822875,6.4602394,User: user112<br>Type: 3min<br>Split: test
user113,3min,test,219,-57.05763,54.73738,11.698534,-12.514617,User: user113<br>Type: 3min<br>Split: test
user114,3min,test,220,33.612133,-77.509026,-8.057176,13.56255,User: user114<br>Type: 3min<br>Split: test
user115,3min,test,221,-20.34787,77.93882,15.704347,11.06041,User: user115<br>Type: 3min<br>Split: test
user116,3min,test,222,-6.0202365,35.06612,0.6019502,-6.0102854,User: user116<br>Type: 3min<br>Split: test
user117,3min,test,223,73.93009,-61.732903,-6.3130107,11.706809,User: user117<br>Type: 3min<br>Split: test
user119,3min,test,224,-62.23544,-48.36796,4.529875,-1.4421597,User: user119<br>Type: 3min<br>Split: test
user120,3min,test,225,46.839848,-62.915234,0.7663741,7.8151536,User: user120<br>Type: 3min<br>Split: test
user105,3min,test,226,-89.71238,29.864601,-9.461692,14.190351,User: user105<br>Type: 3min<br>Split: test
user106,3min,test,227,3.944769,67.17047,12.20237,-5.258485,User: user106<br>Type: 3min<br>Split: test
user107,3min,test,228,-0.3810052,11.743507,7.872596,-4.6802764,User: user107<br>Type: 3min<br>Split: test
user108,3min,test,229,-60.420815,-67.59162,-1.1801643,1.1718869,User: user108<br>Type: 3min<br>Split: test
user109,3min,test,230,-112.480896,-59.418663,3.5630686,12.737438,User: user109<br>Type: 3min<br>Split: test
user110,3min,test,231,-121.12149,-19.993773,2.438277,16.216553,User: user110<br>Type: 3min<br>Split: test
user111,3min,test,232,-4.5956135,82.137825,-1.1700404,14.158309,User: user111<br>Type: 3min<br>Split: test
user112,3min,test,233,-68.64826,-36.75767,1.5818089,6.4613557,User: user112<br>Type: 3min<br>Split: test
user113,3min,test,234,-57.05763,54.73738,11.698054,-12.515063,User: user113<br>Type: 3min<br>Split: test
user114,3min,test,235,33.612133,-77.509026,-8.057713,13.563393,User: user114<br>Type: 3min<br>Split: test
user115,3min,test,236,-20.34787,77.93882,15.704455,11.0598345,User: user115<br>Type: 3min<br>Split: test
user116,3min,test,237,-2.7754903,33.41405,0.5954957,-6.0032496,User: user116<br>Type: 3min<br>Split: test
user117,3min,test,238,72.78474,-65.124756,-6.3131795,11.706862,User: user117<br>Type: 3min<br>Split: test
user118,3min,test,239,-14.127958,10.0205,3.4297943,8.273626,User: user118<br>Type: 3min<br>Split: test
user120,3min,test,240,46.839848,-62.915234,0.7664188,7.8152347,User: user120<br>Type: 3min<br>Split: test
user105,3min,test,241,-89.71238,29.864601,-9.459156,14.188994,User: user105<br>Type: 3min<br>Split: test
user106,3min,test,242,3.944769,67.17047,12.201289,-5.2591925,User: user106<br>Type: 3min<br>Split: test
user107,3min,test,243,-0.3810052,11.743507,7.871629,-4.6809826,User: user107<br>Type: 3min<br>Split: test
user108,3min,test,244,-60.420815,-67.59162,-1.1801819,1.1720716,User: user108<br>Type: 3min<br>Split: test
user109,3min,test,245,-112.480896,-59.418663,3.5630386,12.7369795,User: user109<br>Type: 3min<br>Split: test
user110,3min,test,246,-121.12149,-19.993773,2.4378622,16.216238,User: user110<br>Type: 3min<br>Split: test
user111,3min,test,247,-4.5956135,82.137825,-1.1694703,14.158235,User: user111<br>Type: 3min<br>Split: test
user112,3min,test,248,-68.64826,-36.75767,1.5810736,6.4609227,User: user112<br>Type: 3min<br>Split: test
user113,3min,test,249,-57.05763,54.73738,11.698424,-12.514838,User: user113<br>Type: 3min<br>Split: test
user114,3min,test,250,33.612133,-77.509026,-8.057626,13.563633,User: user114<br>Type: 3min<br>Split: test
user115,3min,test,251,-20.34787,77.93882,15.704593,11.060187,User: user115<br>Type: 3min<br>Split: test
user116,3min,test,252,-2.7754903,33.41405,0.59483653,-6.002796,User: user116<br>Type: 3min<br>Split: test
user117,3min,test,253,72.78474,-65.124756,-6.312521,11.705702,User: user117<br>Type: 3min<br>Split: test
user118,3min,test,254,-15.267547,6.6453085,3.4212117,8.283355,User: user118<br>Type: 3min<br>Split: test
user119,3min,test,255,-60.992355,-44.99981,4.525054,-1.4430503,User: user119<br>Type: 3min<br>Split: test
